datetime,open,high,low,close,volume,dma_20,dma_50,dma_100,dma_200,distance_dma_20_pct,distance_dma_50_pct,distance_dma_100_pct,distance_dma_200_pct,return_1d_pct,return_5d_pct,return_10d_pct,return_20d_pct,rsi_14,rsi_21,historical_volatility_20d,historical_volatility_50d,atr_14,atr_14_pct,high_20d,low_20d,high_52w,low_52w,distance_52w_high_pct,distance_52w_low_pct
2021-01-04,31485.15,31489.6,30893.65,31212.45,0,,,,,,,,,,,,,,,,,,,,,,,,
2021-01-05,31041.1,31767.65,30935.55,31722.25,0,,,,,,,,,1.633322600436693,,,,,,,,,,,,,,,
2021-01-06,31839.95,31982.3,31548.15,31797.9,0,,,,,,,,,0.23847614844469955,,,,,,,,,,,,,,,
2021-01-07,32129.8,32177.4,31911.5,31956.0,0,,,,,,,,,0.4972026454577172,,,,,,,,,,,,,,,
2021-01-08,32298.05,32298.05,32002.95,32084.2,0,,,,,,,,,0.4011766178495524,,,,,,,,,,,,,,,
2021-01-11,32280.3,32288.45,31836.95,31998.9,0,,,,,,,,,-0.2658629481177677,2.519667632627365,,,,,,,,,,,,,,
2021-01-12,31835.05,32397.95,31725.85,32339.0,0,,,,,,,,,1.0628490354355868,1.944218963030675,,,,,,,,,,,,,,
2021-01-13,32546.6,32683.5,32148.25,32574.65,0,,,,,,,,,0.7286867250069662,2.4427713779840765,,,,,,,,,,,,,,
2021-01-14,32526.7,32718.95,32442.35,32519.75,0,,,,,,,,,-0.16853596278088023,1.7641444486168556,,,,,,,,,,,,,,
2021-01-15,32508.9,32544.8,32044.35,32246.8,0,,,,,,,,,-0.8393360957571927,0.5067915048528437,,,,,,,,,,,,,,
2021-01-18,32275.15,32441.5,31650.9,31811.75,0,,,,,,,,,-1.3491261148392941,-0.5848638546950058,1.9200671526906632,,,,,,,,,,,,,
2021-01-19,32082.9,32464.95,31863.95,32424.85,0,,,,,,,,,1.9272752992211872,0.2654689384334663,2.2148491989061325,,,,,,,,,,,,,
2021-01-20,32388.95,32607.45,32322.9,32543.7,0,,,,,,,,,0.3665398606315984,-0.09501253275169264,2.345437906276837,,,,,,,,,,,,,
2021-01-21,32732.8,32842.3,31985.55,32186.9,0,,,,,,,,,-1.0963719552478657,-1.0235318537196614,0.7225560145199594,,64.39598753120892,,,,543.1964285714288,1.6876320135565361,,,,,,
2021-01-22,32088.0,32131.4,31119.9,31167.25,0,,,,,,,,,-3.1679037123798826,-3.347774042695706,-2.8579487722929064,,49.48684180649848,,,,576.8428571428576,1.8507980561097228,,,,,,
2021-01-25,31507.15,31697.55,31013.65,31198.4,0,,,,,,,,,0.09994465344231873,-1.9280611723655472,-2.501648494166986,,43.32751659045462,,,,566.257142857143,1.8150198178661179,,,,,,
2021-01-27,31236.25,31287.05,30165.65,30284.55,0,,,,,,,,,-2.9291566234165956,-6.600801545728041,-6.352855685086123,,34.1156466155154,,,,615.3464285714288,2.031882357741584,,,,,,
2021-01-28,29812.3,30464.4,29687.7,30358.3,0,,,,,,,,,0.24352351281429208,-6.715278225893185,-6.803910402721137,,32.92800205158892,,,,643.7178571428574,2.1204015282241016,,,,,,
2021-01-29,30700.65,31111.95,30254.55,30565.5,0,,,,,,,,,0.6825151605985846,-5.03745312533982,-6.00942504170543,,34.04156946808736,,,,680.5285714285718,2.226459804120894,,,,,,
2021-02-01,30976.35,33305.3,30906.45,33089.05,0,31804.107500000002,,,,4.040177829231652,,,,8.25620389000672,6.166087800495723,2.611887070965202,,57.574115374728166,,,,843.978571428572,2.5506279915215817,33305.3,29687.7,,,,
2021-02-02,33589.05,34652.5,33583.15,34267.9,0,31956.880000000005,,,,7.231682191753376,,,,3.5626589460863833,9.838645571567772,7.720889294050148,9.789202705971501,62.002663248416354,66.37003144940502,37.77565285014642,,907.6464285714288,2.6486782924294423,34652.5,29687.7,,,,
2021-02-03,34555.6,34908.05,34011.9,34758.45,0,32108.690000000002,,,,8.252469969967615,,,,1.4315146244736177,14.772879240404757,7.1969492534275314,9.571200025218873,63.17097295602033,68.04947572024837,37.70165974098703,,933.4250000000003,2.6854620962672398,34908.05,29687.7,,,,
2021-02-04,34548.9,35413.15,34238.9,35344.8,0,32286.035000000003,,,,9.473956774190448,,,,1.6869279268782345,16.42549154596933,8.607195862793727,11.154510203504021,66.01202722846634,68.2965387315585,37.92640502391048,,997.5428571428573,2.822318579091853,35413.15,29687.7,,,,
2021-02-05,35634.95,36615.2,35545.0,35654.5,0,32470.960000000003,,,,9.804268183016445,,,,0.8762250741268796,16.64949043856636,10.773327036775825,11.573726373763925,69.23428610132754,69.02877555853792,37.94240035210477,,1052.5392857142854,2.952051734603726,36615.2,29687.7,,,,
2021-02-08,36073.85,36466.45,35872.25,35983.65,0,32665.932499999995,,,,10.15650632352224,,,,0.9231653788441818,8.747909051483793,15.453400604801516,12.153801559646183,73.83261925164237,69.54287627430334,37.95583369570648,,1054.0642857142852,2.929286733597857,36615.2,29687.7,,,,
2021-02-09,36058.8,36477.15,35636.85,36056.5,0,32868.8125,,,,9.698213161792808,,,,0.20245305854185158,5.21946194543581,15.571631878557879,12.680435889983709,72.1111753782459,69.37839657342451,37.85013441370626,,1067.428571428571,2.9604331297507276,36615.2,29687.7,,,,
2021-02-10,36042.35,36227.2,35428.15,35783.1,0,33041.0175,,,,8.29902559750164,,,,-0.7582544062790353,2.94791626208879,18.156287612000167,10.649989177154517,69.35865563895393,68.12807787379995,38.12175783436428,,1104.1785714285709,3.085754368482806,36615.2,29687.7,,,,
2021-02-11,35687.25,36009.45,35573.3,35752.1,0,33199.89,,,,7.687404988390019,,,,-0.08663307539034104,1.1523618750141296,17.767134523342865,9.754364206522537,72.16888446710604,66.84932318355496,38.1763344869016,,1074.135714285713,3.0043989423997837,36615.2,29687.7,,,,
2021-02-12,35736.6,36322.8,35700.25,36108.9,0,33379.3475,,,,8.177369255046097,,,,0.9979833352446565,1.2744534350502823,18.136133876429316,11.036831463956531,83.48840834084422,67.24116903833863,38.1326940563874,,1042.3892857142848,2.8867932440874267,36615.2,29687.7,,,,
2021-02-15,36501.4,37449.9,36405.1,37306.25,0,33632.32,,,,10.9238078134366,,,,3.3159414991871694,3.675558204906948,12.745001745290342,15.689773869035072,85.74204006156111,71.00834803676295,38.96605592333037,,1089.3249999999991,2.9199530909700093,37449.9,29687.7,,,,
2021-02-16,37492.6,37708.75,36762.75,37098.4,0,33896.652500000004,,,,9.445615610568026,,,,-0.5571452504607111,2.8896315504832737,8.259916715059855,16.618545034460542,93.46482359169978,71.4164636084331,38.49626917238679,,1076.796428571428,2.9025414265074176,37708.75,29687.7,,,,
2021-02-17,37041.95,37331.45,36764.25,36910.95,0,34120.957500000004,,,,8.176770830654423,,,,-0.505277855648778,3.15190690577396,6.192738744103954,13.835376262341992,91.20101106004107,73.01249187666976,38.51893937536171,,1061.832142857142,2.876740216269541,37708.75,29687.7,,,,
2021-02-18,37088.75,37108.75,36367.45,36587.0,0,34323.122500000005,,,,6.595779565218737,,,,-0.8776528374371262,2.335247440010524,3.5145198162105817,12.42421728322225,87.31347907991274,69.28698198803527,38.90331701802488,,1053.539285714285,2.879545427923265,37708.75,29687.7,,,,
2021-02-19,36371.55,36656.2,35584.6,35841.6,0,34505.8575,,,,3.8710601526132207,,,,-2.037335665673601,-0.740260711348184,0.5247584456379961,11.354619425915512,71.87810480633954,64.44344200550074,39.58966353440058,,934.3821428571417,2.6069766496393627,37708.75,29687.7,,,,
2021-02-22,35874.3,36128.9,35097.55,35257.2,0,34710.354999999996,,,,1.5754520517004256,,,,-1.6305075666264934,-5.492511308426884,-2.0188335535722635,13.122588614651587,58.68385941504858,63.18381683584957,38.01009969451119,,896.374999999999,2.542388505042939,37708.75,29687.7,,,,
2021-02-23,35540.55,35680.85,34976.0,35116.95,0,34906.2825,,,,0.6035231623418963,,,,-0.3977910894795933,-5.34106592198047,-2.605771497510856,12.560099235858235,53.353036906788375,68.34544069560044,38.14555954474812,,882.710714285713,2.513631492158952,37708.75,29687.7,,,,
2021-02-24,35205.4,36567.65,35060.65,36452.3,0,35214.67,,,,3.5145295980340143,,,,3.8025796659448163,-1.2425851949082745,1.8701565822972332,20.36599520217406,59.085464896880985,71.76609495401439,37.31364513560471,,906.4785714285701,2.486752746544306,37708.75,29687.7,,,,
2021-02-25,36763.15,37232.2,36494.0,36549.0,0,35524.205,,,,2.884779546790697,,,,0.2652781854642905,-0.1038620274961044,2.2289599771761592,20.3921168181354,57.60383549533313,77.83742229055665,37.30821098095323,,871.4428571428559,2.38431381745836,37708.75,30254.55,,,,
2021-02-26,35806.65,35902.9,34658.7,34803.6,0,35736.11,,,,-2.6094334274211772,,,,-4.775506853812694,-2.8960760680326825,-3.614898266078459,13.86563282131814,41.91541692072647,67.19851433435213,42.50988031362845,,948.4678571428564,2.725200430825709,37708.75,30906.45,,,,
2021-03-01,35374.25,35581.1,34983.75,35296.0,0,35846.457500000004,,,,-1.5355980434049976,,,,1.4147961705111012,0.11004844400577252,-5.388507287652877,6.669729109781031,45.073013980849225,67.9067584243718,31.980967168340634,,943.9821428571419,2.6744734328454833,37708.75,33583.15,,,,
2021-03-02,35458.15,35747.05,35002.45,35419.7,0,35904.0475,,,,-1.3490052897239608,,,,0.35046464188575044,0.8621192899725072,-4.5249929916115095,3.3611630709789564,47.599101479915426,60.78121169227065,29.63821479306728,,940.0928571428568,2.654152511576487,37708.75,34011.9,,,,
2021-03-03,35754.45,36455.15,35570.55,36368.05,0,35984.527500000004,,,,1.065798349026534,,,,2.6774648006617996,-0.23112396199965746,-1.4708372447742368,4.630816391409875,53.62949082831,59.92664262384965,30.647657854215794,,982.9000000000004,2.7026469662244756,37708.75,34238.9,,,,
2021-03-04,35575.65,36316.4,35519.25,35802.5,0,36007.4125,,,,-0.5690842128686657,,,,-1.5550737529232417,-2.042463542094175,-2.144204225544588,1.2949571082591982,48.23788546255506,54.90010184589824,30.78398272271428,,999.0607142857147,2.790477520524306,37708.75,34658.7,,,,
2021-03-05,35458.5,35616.05,34893.25,35228.15,0,35986.094999999994,,,,-2.1062163038251094,,,,-1.6042175825710436,1.2198450734981492,-1.7115586357751789,-1.1957817386304637,37.12629009676503,49.45190224924468,31.191917023043597,,968.221428571429,2.748431094370351,37708.75,34658.7,,,,
2021-03-08,35462.45,35827.3,35090.75,35275.75,0,35950.7,,,,-1.8774321501389322,,,,0.13511921574080876,-0.0573719401631867,0.052613366915132964,-1.967282362962075,38.480062193063965,48.17544620276032,30.993380962826112,,953.2607142857149,2.702311685182356,37708.75,34658.7,,,,
2021-03-09,35705.9,36077.8,35544.95,35865.65,0,35941.1575,,,,-0.21008644476739435,,,,1.6722536019786904,1.2590451076660791,2.1320188683812358,-0.5293081691234547,43.71308625936755,49.44548872180451,31.604864462920705,,970.0357142857154,2.7046372065910287,37708.75,34658.7,,,,
2021-03-10,36112.25,36176.9,35764.35,35938.3,0,35948.917499999996,,,,-0.02953496443945222,,,,0.20256150383444194,-1.1816690749160363,-1.4100619165320127,0.4337243000187341,45.97680476308611,49.444538431173534,31.48601969972478,,946.5535714285725,2.6338295674213095,37708.75,34658.7,,,,
2021-03-12,36497.35,36497.35,35188.05,35496.65,0,35936.145000000004,,,,-1.2229887206877714,,,,-1.2289117737900868,-0.8542699532155584,-2.879285342964233,-0.7145034837114372,47.7768826732833,48.67483033479676,31.80657203023883,,963.5321428571436,2.7144312008517524,37708.75,34658.7,,,,
2021-03-15,35544.25,35544.25,34430.65,35182.55,0,35889.8275,,,,-1.9706907200933093,,,,-0.8848722344221183,-0.1294419377685152,1.0888241446287195,-2.565434006574552,49.5015324621559,47.43241232874862,31.711919325828447,,969.4071428571436,2.7553635050817626,37708.75,34430.65,,,,
2021-03-16,35352.0,35405.05,34744.6,34804.6,0,35764.744999999995,34167.864,,,-2.684613017651872,1.863552254832193,,,-1.074254140191666,-1.3356200789494288,-1.3922257479601075,-6.705712849723577,47.97848724702777,44.131277953258994,29.144838690307267,,966.2357142857155,2.7761724435440014,37708.75,34430.65,,,,
2021-03-17,34905.05,35100.5,34126.85,34229.25,0,35621.2875,34228.2,,,-3.9078809265386565,0.003067645976133453,,,-1.65308608632192,-4.562582861317166,-3.360982729949713,-7.733891488581723,34.04276700666844,35.33407052229205,29.515200168453067,31.949224323480934,928.1392857142871,2.7115384816035615,37331.45,34126.85,,,,
2021-03-18,34577.5,34759.85,33597.55,33856.8,0,35468.58,34270.891,,,-4.544247331018041,-1.2082878148688936,,,-1.088104472052398,-5.791871067913624,-6.905099393561109,-8.274373864666163,31.41105311127687,34.78821950464108,29.618972834171498,31.90732746097761,955.4535714285729,2.8220433455866263,37232.2,33597.55,,,,
2021-03-19,33590.4,34355.4,33361.0,34161.6,0,35347.31,34318.165,,,-3.354456109955748,-0.45621611761585246,,,0.9002622811370209,-3.761059142200751,-4.583199497241819,-6.629130565501407,44.466280513032686,37.23873842512012,29.920918641437833,31.951343704999175,891.4607142857157,2.6095402858347256,37232.2,33361.0,,,,
2021-03-22,34088.4,34148.9,33389.15,33603.45,0,35235.402500000004,34351.114,,,-4.631570478015702,-2.176534944398031,,,-1.6338520444007298,-4.4883045714423915,-4.611936760800683,-6.24455939466988,35.57457108522043,36.44635645462434,29.64777187818405,32.19398428491943,891.1000000000012,2.6518110491631104,37232.2,33361.0,,,,
2021-03-23,33747.95,34360.05,33622.0,34184.4,0,35181.7625,34393.117999999995,,,-2.834884977692621,-0.606859779331416,,,1.7288403422862864,-1.7819483631473898,-3.093768381962103,-3.042782750757278,40.23292956766506,42.35749861649145,30.051467674579957,32.39090039025822,891.957142857144,2.6092520063454208,37232.2,33361.0,,,,
2021-03-24,33894.7,33970.65,33203.4,33293.25,0,35090.5775,34419.005,,,-5.121966146040199,-3.2707366177494013,,,-2.6068908624986897,-2.734503385262599,-7.17232226378165,-5.193218659365339,25.466760284683872,41.19206189034647,31.302470966338014,32.965629560686494,888.067857142858,2.667411133316387,37232.2,33203.4,,,,
2021-03-25,33420.75,33550.15,32415.25,33006.45,0,34918.285,34432.354,,,-5.475168668793459,-4.141174896145649,,,-0.8614358766416697,-2.511607712483177,-8.158009699958003,-9.453038628563915,26.652304249438444,40.65761865554701,27.437724775530924,32.95968959801663,908.5035714285722,2.752503136291762,37232.2,32415.25,,,,
2021-03-26,33605.05,33610.65,33166.1,33318.2,0,34756.745,34447.225,,,-4.138894479330575,-3.2775499332674882,,,0.9445123604628902,-2.4688539178492896,-6.137058004065188,-8.839639935429155,33.31994236059559,34.74400537398871,27.78645785004968,32.98570311042166,886.7142857142868,2.661351110547049,36497.35,32415.25,,,,
2021-03-30,33615.9,33990.8,33564.55,33875.1,0,34710.31999999999,34474.331999999995,,,-2.4062584268885856,-1.7381975668157874,,,1.6714588423144106,0.8083991375885446,-3.716188849301727,-2.667827466124195,38.76703210335952,37.54228049087302,23.570081114888158,33.176516934284486,882.1464285714299,2.6041146109426387,36497.35,32415.25,,,,
2021-03-31,33764.8,33773.1,33151.8,33303.9,0,34610.715,34495.474,,,-3.7757526823701713,-3.4542908440684146,,,-1.6861942842973043,-2.5757363007687717,-4.311786373065618,-5.643982320942875,29.393405568023695,42.15449323582036,23.453799666185322,33.354194357744475,876.5214285714293,2.631888243032886,36497.35,32415.25,,,,
2021-04-01,33588.0,33949.15,33208.75,33858.0,0,34532.63,34536.399000000005,,,-1.9536015646650644,-1.9643014895675857,,,1.6637691081224704,1.6962897884706285,-1.0845986984815648,-4.40912825348605,34.46911441924355,42.52552134228746,24.367311153440298,33.37339097075051,899.9392857142864,2.657981232542638,36497.35,32415.25,,,,
2021-04-05,33649.15,33697.75,32330.15,32678.85,0,34348.17,34541.479,,,-4.859996908132223,-5.3924413601397925,,,-3.4826333510544094,-0.9925332775866491,-3.479212447721003,-10.144068763653824,31.04992736859093,37.16211469013618,24.48287903915928,34.09072106531369,915.5500000000009,2.8016591771130286,36497.35,32330.15,,,,
2021-04-06,32915.65,33007.65,32338.4,32501.35,0,34183.1125,34540.632000000005,,,-4.919863572985064,-5.9040089364896575,,,-0.5431647686500618,-2.451663055026976,-4.859988993489761,-9.220445499615948,31.63108711737138,30.479099353796443,24.178177657109064,34.106792205035624,883.8107142857152,2.719304626686938,36497.35,32330.15,,,,
2021-04-07,32529.7,33191.7,32141.55,32991.2,0,34071.265,34556.718,,,-3.1700173151774735,-4.530285543899174,,,1.5071681637839562,-2.609291190284313,-1.821985540175186,-6.349893480072055,37.76399778680449,35.697933518512855,24.76023658720766,34.16940573020802,911.646428571429,2.763301815549083,36497.35,32141.55,,,,
2021-04-08,33154.2,33306.8,32704.75,32782.85,0,33946.62,34589.03,,,-3.4282352705512475,-5.221829001854057,,,-0.6315320449089445,-1.5645314812979927,-4.099969576766016,-7.066894396292078,39.73179423833254,37.078722932056685,24.724551576398255,33.39839808331633,885.103571428572,2.699898182825996,36497.35,32141.55,,,,
2021-04-09,32636.9,32972.15,32329.95,32448.05,0,33775.740000000005,34614.023,,,-3.930898331169075,-6.257501475630272,,,-1.0212656922750751,-4.164303857286312,-2.53865272990772,-9.528894638742091,39.945328280124734,35.49823067849634,23.620505517977143,33.497003069993866,847.9535714285723,2.613265115865429,36497.35,32141.55,,,,
2021-04-12,31637.9,31698.05,30520.3,30792.0,0,33518.425,34624.172,,,-8.134108329970763,-11.067909436216985,,,-5.10369652413627,-5.773917992830224,-6.709143212917468,-14.319820358781588,29.838931635693527,26.544867853527066,28.554758664120644,34.83727733588341,914.6214285714294,2.970321604869542,36497.35,30520.3,,,,
2021-04-13,30901.8,31885.45,30722.85,31771.6,0,33332.1725,34652.437999999995,,,-4.681880546490038,-8.313521836472217,,,3.1813458041049625,-2.2452913494362514,-4.641907425971392,-10.494088878809693,39.56585385303282,32.227918721102796,31.700358322887585,35.535662243325106,942.4892857142869,2.966452069503226,35544.25,30520.3,,,,
2021-04-15,31929.1,32187.05,31406.4,32112.85,0,33178.6875,34683.385,,,-3.212416102957664,-7.411430574034234,,,1.074072442055174,-2.6623766337690036,-5.2021986650961916,-8.725063987687086,37.86928540894423,35.44251518645349,32.171658737664515,35.57864784208582,944.2071428571435,2.9402782464251644,35405.05,30520.3,,,,
2021-04-16,32161.45,32325.15,31911.9,31977.45,0,33037.33,34661.153000000006,,,-3.208128501909812,-7.742682420287647,,,-0.42163806700432627,-2.456772367259097,-3.982866871447488,-8.122920533492694,41.54663548639932,35.99598025079739,32.08314701992939,30.32231101928727,903.653571428572,2.8259087933170783,35100.5,30520.3,,,,
2021-04-19,30993.45,31304.3,30405.65,31208.4,0,32886.2875,34599.962999999996,,,-5.10208852245787,-9.802215684450283,,,-2.404976006529602,-3.8204144779116045,-7.825624667729924,-8.82534674291724,39.12243873223675,34.80641508796241,32.578863270054256,29.61685554354195,934.8607142857147,2.995541951159671,34759.85,30405.65,,,,
2021-04-20,31568.95,31731.65,30891.0,31112.7,0,32749.0825,34527.047999999995,,,-4.996727770923047,-9.888907965720078,,,-0.30664821009728227,1.0415042868277435,-4.792549309415717,-8.105018785000361,36.29937010026215,36.276689901760896,32.49086991674692,29.389757648886444,951.7500000000002,3.059040199018408,34360.05,30405.65,,,,
2021-04-22,30763.5,31834.5,30555.25,31782.6,0,32630.1325,34455.804,,,-2.5973921497254144,-7.758356182894464,,,2.1531400360624398,0.03462211534830395,-2.211446601448863,-6.963959533511311,37.18129357134979,41.09968761800142,33.44700437254715,29.562192469470094,995.0821428571427,3.130902263682464,34360.05,30405.65,,,,
2021-04-23,31490.6,32148.4,31377.15,31722.3,0,32536.075,34377.16,,,-2.501146803970674,-7.722743821770048,,,-0.18972645409752742,-1.2161798158681014,-3.846177162394815,-5.5980859108216485,39.664096196575585,39.308724655721036,33.096470088349676,29.460197885750745,998.507142857143,3.1476505261508247,34360.05,30405.65,,,,
2021-04-26,32316.65,32603.7,32144.8,32275.15,0,32440.6125,34302.99,,,-0.510047398149458,-5.911554648734692,,,1.7427803154248078,0.9309685418943614,-1.5486756032498605,-5.585149951439838,39.65423706657079,44.17545121288129,33.107653369012425,29.6799005246016,1008.5785714285715,3.124938447779705,33990.8,30405.65,,,,
2021-04-27,32228.95,32807.1,32152.95,32735.35,0,32412.717500000006,34236.567,,,0.9953886155950742,-4.384835079989195,,,1.4258647907135824,4.892753233103897,0.8854153023063027,-1.6757150473444393,50.407600854158254,43.577959288591835,32.413353850711836,29.89156059695526,946.1714285714287,2.8903660066913255,33990.8,30405.65,,,,
2021-04-28,32865.5,33777.7,32840.3,33722.8,0,32448.534999999996,34195.361000000004,,,3.9270339939846495,-1.3819447614546354,,,3.016463853296214,8.38917869551663,9.518056638087824,2.1703333742344455,57.8897393663405,51.88760914559926,34.03118501448777,30.70336068826453,972.8214285714286,2.8847587643120636,33990.8,30405.65,,,,
2021-04-29,33901.6,34287.0,33304.6,33714.5,0,32468.35,34154.609000000004,,,3.83804535801789,-1.2885786512736948,,,-0.024612428386738827,6.078483195207451,6.115209810019007,1.1894400057626209,54.98195393431786,53.18951498470674,33.89694053297991,30.70381648356439,967.9821428571431,2.871115225962548,34287.0,30405.65,,,,
2021-04-30,33112.4,33455.25,32663.4,32781.8,0,32413.685000000005,34088.066999999995,,,1.1356777237762319,-3.832036002510769,,,-2.7664654673804967,3.339921758510589,2.083122488349698,-3.2274443470277414,49.9934239780549,47.7117212429398,34.784047410577394,31.171718862188648,1000.0571428571428,3.050647441132405,34287.0,30405.65,,,,
2021-05-03,32368.55,32566.6,31906.55,32465.75,0,32371.777500000004,33991.257,,,0.2902914429088616,-4.487939354522834,,,-0.9641020322252114,0.5905472166666925,1.5270135673732588,-2.5166722215716475,50.11111390116513,43.86158235153206,34.4514223879926,30.172115876945238,1016.7035714285715,3.131618925879031,34287.0,30405.65,,,,
2021-05-04,32610.4,33011.55,32191.4,32270.35,0,32292.395,33894.696,,,-0.06826684734904888,-4.792330929889458,,,-0.6018650423908367,-1.4204827502989903,3.402769767113978,-4.68914289089728,61.36466717403503,45.3460255134434,33.8421167505631,30.174549576014325,937.589285714286,2.905420256409633,34287.0,30405.65,,,,
2021-05-05,32577.1,32862.15,32068.55,32783.7,0,32297.6375,33812.151,,,1.5049475367973784,-3.041660969750197,,,1.5907791517600467,-2.7847628310816552,5.370797134289207,0.32084972390398203,58.381225260438214,45.144714006797294,32.09775499375452,30.45279414610245,911.2321428571431,2.779528066865983,34287.0,30405.65,,,,
2021-05-06,32900.75,32956.35,32564.0,32827.8,0,32313.96,33736.967000000004,,,1.5901486540182752,-2.6948688066713324,,,0.13451806843036707,-2.630025656616586,3.2885918710237716,1.0044198164076423,56.2269738274616,50.75013975413347,32.025746250804964,30.42492781197434,883.4964285714289,2.6913056268511104,34287.0,30405.65,,,,
2021-05-07,33041.65,33259.15,32771.35,32904.5,0,32309.625,33678.225,,,1.841169620507821,-2.2974043317306614,,,0.23364343635576823,0.37429305285248127,3.726715906475886,-0.26279735202113796,58.15770716554763,52.05116333497841,31.5834777610369,30.14492478230751,888.8214285714291,2.7012154221198594,34287.0,30405.65,,,,
2021-05-10,33175.3,33297.6,33028.15,33142.4,0,32327.6025,33635.929,,,2.520438996365414,-1.4672673378517211,,,0.7230014131805795,2.0841964223835996,2.687051803012541,1.0967624840427348,68.77341823758951,50.7895231530798,31.586928818078725,30.014465843861025,804.628571428572,2.427792107477346,34287.0,30405.65,,,,
2021-05-11,32640.95,33154.3,32611.7,32872.2,0,32348.809999999998,33591.03400000001,,,1.6179575075559178,-2.1399579423485733,,,-0.8152698657912683,1.8650247053409563,0.41804960081379683,1.307166378256941,66.51988583017231,50.46356585125423,31.500578359912524,30.049950285170198,783.3392857142862,2.382984058609665,34287.0,30405.65,,,,
2021-05-12,32717.65,32747.7,32352.3,32452.3,0,32431.825,33511.034,,,0.06313243241784433,-3.159359391894623,,,-1.2773711525240095,-1.0108682058461937,-3.7674807548602196,5.391984931150939,56.59750955589707,50.021856855595615,25.49970270633478,28.78189859448944,729.1000000000004,2.246682053352152,34287.0,30405.65,,,,
2021-05-14,32495.15,32622.65,32115.5,32169.55,0,32451.722499999996,33423.445,,,-0.8695147075783018,-3.751543265513176,,,-0.8712787691473323,-2.0051602605109187,-4.5824496878197785,1.2525337093505007,54.221051936162766,58.24974098849569,23.339974360995694,28.797263614474055,710.2357142857147,2.20778877629844,34287.0,30405.65,,,,
2021-05-17,32437.85,33506.9,32318.7,33459.25,0,32519.0425,33396.558,,,2.8912521025180875,0.18771994407328665,,,4.009070689518501,1.6859396131228221,2.06654302082252,4.192714131570385,59.810761098314714,59.7448941293314,27.041993530445644,28.43036856205331,742.8035714285719,2.220024571466999,34287.0,30405.65,,,,
2021-05-18,33893.1,34142.85,33730.45,33922.4,0,32616.289999999997,33369.086,,,4.0044713853108505,1.6581634870071014,,,1.3842211047767172,2.3534807376653477,4.4867283213848586,6.082254838956835,59.83039758846571,60.303722220007856,27.233408774043088,28.422276873802506,744.9071428571434,2.1959152148938266,34287.0,30405.65,,,,
2021-05-19,33717.1,33959.3,33608.25,33685.2,0,32740.130000000005,33334.396,,,2.886579863916216,1.0523784501749978,,,-0.6992429780911857,2.473214448683092,4.384365214508046,7.936324835621167,49.64443771986226,59.61262432665188,25.602627623600583,28.441318487040157,695.5285714285723,2.0647897932283983,34287.0,30555.25,,,,
2021-05-20,33692.55,33833.7,33273.95,33334.55,0,32851.222499999996,33273.726,,,1.4712618381249183,0.18279888462145935,,,-1.0409616092527108,2.7186054609380728,1.680255736844849,7.141295998097252,46.62551623073852,62.55929209812805,25.999092127707215,27.802073670555416,665.3392857142865,1.9959450051501713,34287.0,30555.25,,,,
2021-05-21,33559.8,34694.45,33559.75,34606.9,0,32992.4375,33249.814,,,4.893432017564636,4.081484485898186,,,3.8169106827600663,7.576574742264053,5.419492015913341,8.886308860823222,65.28713103494485,68.1213761915134,28.107858995170627,29.004472409557458,687.396428571429,1.986298768660091,34694.45,31377.15,,,,
2021-05-24,34869.3,35216.1,34528.3,34943.6,0,33153.502499999995,33244.123,,,5.399421976607158,5.1121125980673305,,,0.9729273641961411,4.436291907320089,6.197024723062183,10.154686135620672,70.68304939023879,66.98019961538047,28.064603560051644,28.871702033458845,674.0071428571428,1.9288428864145157,35216.1,31906.55,,,,
2021-05-25,35095.0,35125.85,34410.4,34662.0,0,33272.845,33231.848000000005,,,4.175041238583592,4.303558441889823,,,-0.805870030563538,2.180270263896422,4.585063242251608,7.395318069784329,69.68031269286156,65.42469462284346,28.02516438766773,28.92628974325276,666.528571428571,1.9229374283900844,35216.1,31906.55,,,,
2021-05-26,34757.15,34897.95,34462.5,34684.2,0,33370.2875,33208.219,,,3.937372430489244,4.444625591032148,,,0.06404708326119835,2.965694132734842,5.51225655721248,5.953350124559531,67.01401944459366,63.38576770701943,27.76162766860742,28.666924530049414,640.9464285714278,1.8479492926791674,35216.1,31906.55,,,,
2021-05-27,34664.2,35220.8,34529.7,35095.05,0,33438.9,33191.35400000001,,,4.952764594529131,5.735517749592246,,,1.1845451242929128,5.281307232286014,8.14349060004993,4.069205404058973,69.04659895662694,63.18386000983329,26.099415424450186,28.796065286818923,662.285714285714,1.8871200191642807,35220.8,31906.55,,,,
2021-05-28,35345.65,35436.65,34977.2,35141.45,0,33510.247500000005,33184.25,,,4.867772164320756,5.89797870977948,,,0.13221237752900628,1.5446341625513949,9.238239266635674,4.232451912381907,68.88821339007522,58.85753888226366,26.086465613653154,28.66678381023205,660.2607142857141,1.8788658814184223,35436.65,31906.55,,,,
2021-05-31,35097.45,35584.3,34930.1,35526.65,0,33647.49,33191.132,,,5.584844515891092,7.0365722988899675,,,1.0961414511922563,1.6685458853695767,6.1788593587722485,8.373091166439917,69.64334264316963,60.80583896339318,23.716644098356,28.69872807990692,678.9107142857146,1.9109899590468409,35584.3,31906.55,,,,
2021-06-01,35639.75,35713.9,35241.2,35337.2,0,33791.0625,33201.784,33684.824,,4.575581191032383,6.431630300347709,4.905401910367697,,-0.5332616500570819,1.9479545323408898,4.170695469660157,8.844551565880954,70.58248860239476,66.71988275013734,23.432375943802004,28.616722071712346,673.9178571428575,1.907105987862246,35713.9,32068.55,,,,
2021-06-02,35271.6,35415.85,35070.3,35373.75,0,33946.2325,33224.674,33726.437,,4.205231022323322,6.468313278258203,4.8843374709282275,,0.10343207724439196,1.988081028249189,5.012735563392834,9.616877412237557,76.06226861144565,69.74926313787807,23.150557232453615,28.35072368144069,661.464285714286,1.8699297804566548,35713.9,32068.55,,,,
2021-06-03,35536.45,35723.7,35413.0,35649.0,0,34089.497500000005,33260.518,33765.7045,,4.574730090990619,7.181132897569436,5.577539482405883,,0.778119368175556,1.5784277269871305,6.943096576974939,8.740014092369087,81.08178123185492,72.69942153813076,22.805951307523635,28.264225885620935,650.2357142857143,1.8239942615100404,35723.7,32115.5,,,,
2021-06-04,35657.85,35810.9,35176.15,35291.65,0,34212.69,33283.119,33800.642,,3.1536836185637527,6.034683828760167,4.411182485823795,,-1.0024124098852671,0.4274154879778891,1.9786516561726142,7.505376540614961,69.64029239640722,67.21039231967501,23.351527688583715,28.316397107034554,600.0499999999998,1.7002605432163125,35810.9,32115.5,,,,
2021-06-07,35460.8,35545.85,35338.55,35443.65,0,34339.6475,33319.922999999995,33835.5185,,3.2149500078589988,6.373745221440057,4.752791064809612,,0.4306967795498329,-0.23362743180119772,1.431020272667971,7.716725675819425,67.47057134654034,67.6888849818435,23.346447398217414,28.051574518545845,569.3785714285711,1.6064332297282338,35810.9,32115.5,,,,
2021-06-08,35433.8,35449.5,34962.65,35085.3,0,34436.792499999996,33337.941,33865.529500000004,,1.883182064647882,5.241352487845617,3.6018054877895787,,-1.0110414700517545,-0.7128465186828414,1.2212220875887247,5.862279134884618,65.6439250039108,64.20587047435413,23.81765125844392,27.91850876898329,579.0785714285709,1.6504877297003895,35810.9,32115.5,,,,
2021-06-09,35114.25,35402.45,34641.2,34800.5,0,34533.207500000004,33368.086,33893.5455,,0.7740158512643109,4.292766447557097,2.6758914909034814,,-0.8117359691950821,-1.6205519629668874,0.33531117915361897,5.866050948826063,66.62432950408814,60.735374096806765,23.81546803120851,27.31865385031187,593.471428571428,1.7053531661080386,35810.9,32115.5,,,,
2021-06-10,34903.6,35165.65,34734.4,35131.2,0,34667.1525,33410.581,33921.4675,,1.3385797982686944,5.149922415297114,3.566274071132088,,0.9502737029640329,-1.4524951611545989,0.10300597947572321,8.254884861781742,57.56041991117257,64.51221235754392,23.167496373736007,27.292438484618014,527.1392857142855,1.5004875601012364,35810.9,32115.5,,,,
2021-06-11,35324.65,35344.0,34891.3,35047.4,0,34811.045,33445.165,33946.195,,0.6789655409655275,4.790632666934071,3.2439718207003807,,-0.23853440816139493,-0.6920900552963682,-0.2676326674055707,8.945882053059506,51.61455902939808,67.42379481670474,22.810451100791646,27.242131631086703,510.3464285714285,1.4561605955689394,35810.9,32318.7,,,,
2021-06-14,34936.55,34995.15,34374.35,34950.6,0,34885.6125,33466.675,33970.5035,,0.18628739856580023,4.434037740528438,2.885139750725213,,-0.2761973784075389,-1.3910813361490804,-1.6214588203503633,4.457212878352013,54.7628478067135,69.15046721892838,18.59774236958494,27.02009924610807,507.31785714285746,1.4515283203803582,35810.9,33273.95,,,,
2021-06-15,35038.05,35317.4,34917.9,35247.75,0,34951.88,33505.551999999996,34000.513000000006,,0.8465066829023293,5.199729286656743,3.6682887696429565,,0.8501999965665918,0.46301442484457667,-0.25313267604676337,3.907005400561281,58.5266215786846,64.26577331099944,18.249496838507397,26.767831574393234,504.7500000000005,1.4320062982743595,35810.9,33273.95,,,,
2021-06-16,35196.25,35380.0,34916.2,35003.5,0,35017.795,33528.462,34032.4305,,-0.0408221020198395,4.399360758032982,2.8533651159590194,,-0.69295203239923,0.583324952227704,-1.0466800947029897,3.913588163347703,48.541291566418586,58.93530150753768,18.245407736606488,26.594530625739065,488.514285714286,1.3956155404867685,35810.9,33273.95,,,,
2021-06-17,34619.8,34882.4,34458.1,34605.4,0,35081.3375,33566.993,34054.236000000004,,-1.356668627585821,3.0935359625451087,1.6184888129629365,,-1.1373148399445698,-1.496675319943519,-2.927431344497733,3.8124108470040774,42.319650404756864,57.40842122212386,18.335194957759875,25.47628361790804,494.6535714285715,1.4294115121587136,35810.9,33559.75,,,,
2021-06-18,34735.15,34787.4,33908.95,34558.0,0,35078.8925,33608.126000000004,34074.379,,-1.4849171763333229,2.8263224197623993,1.4193097987200272,,-0.13697284238876062,-1.3963945970314584,-2.0788203441890696,-0.14130130118560347,34.634115388886244,60.35549536586395,12.374497145945103,25.43760239692517,510.6714285714287,1.4777227518126879,35810.9,33908.95,,,,
2021-06-21,34109.45,34927.65,33937.5,34871.3,0,35075.277500000004,33645.727999999996,34101.223,,-0.5815420847347561,3.6425783386229824,2.2582093316711975,,0.906591816656066,-0.22689166995700782,-1.6148167584320472,-0.206904840943678,42.88875999755795,52.671678590194425,12.307081749239169,25.306430656619526,547.6321428571428,1.5704379901441665,35810.9,33908.95,,,,
2021-06-22,35084.9,35281.9,34664.35,34745.0,0,35079.427500000005,33684.971,34137.000499999995,,-0.9533436656000307,3.146890047790162,1.7810571845643128,,-0.36218896341692064,-1.426332177231171,-0.9699218761133666,0.2394553112919029,40.6590304705026,47.90409050614211,12.022829590187031,25.27231128286597,567.0607142857147,1.632064223012562,35810.9,33908.95,,,,
2021-06-23,34911.85,34937.65,34525.45,34574.0,0,35073.917499999996,33727.49,34170.756499999996,,-1.4253255285783117,2.5098517559415243,1.1800836191613264,,-0.4921571449129414,-1.2270201551273452,-0.6508527176333656,-0.3177239204017912,33.51884217949899,49.04910096818811,12.153932609190221,25.176219388343483,571.5071428571438,1.6529968845292526,35810.9,33908.95,,,,
2021-06-24,34687.7,34935.3,34592.35,34827.0,0,35060.515,33808.19,34216.181000000004,,-0.666034141255482,3.0135005748607,1.7851758499874544,,0.7317637531092824,0.6403624867795221,-0.8658969804618,-0.7637829266520568,42.64084005131534,51.46974063400579,11.658319754835118,22.153347596019884,551.9750000000012,1.5849053894966583,35810.9,33908.95,,,,
2021-06-25,34916.65,35491.95,34915.85,35364.65,0,35071.675,33880.051,34266.2445,,0.8353607291354019,4.3819266978081055,3.2055030133226325,,1.5437735090590765,2.3341917935065792,0.9052026683862513,0.6351473829338428,48.88499971772145,52.70422083132721,12.934902966773764,21.331047697428765,581.3142857142868,1.643772201094276,35810.9,33908.95,,,,
2021-06-28,35488.2,35576.95,35236.45,35359.45,0,35063.315,33944.983,34314.184,,0.8445721689463609,4.166939780173102,3.0461630677273166,,-0.014703948717165183,1.3998617774502176,1.1697939377292466,-0.47063260960434894,54.29776293718342,52.20487094425115,12.31202657064578,21.247597053728335,570.8607142857155,1.6144502086025536,35810.9,33908.95,,,,
2021-06-29,35320.45,35337.45,34913.7,35010.3,0,35046.97,34005.64,34333.3965,,-0.10463101375096978,2.954392271399696,1.9715599649455022,,-0.9874305171601816,0.763563102604703,-0.6736600208523846,-0.925087443260908,53.22392279795935,44.73922833185604,12.663319724993416,21.370546651517184,548.3250000000013,1.5661819521683655,35810.9,33908.95,,,,
2021-06-30,35001.9,35214.9,34730.45,34772.2,0,35016.8925,34076.916,34338.4395,,-0.6987841653853342,2.0403372183093085,1.2631922309690184,,-0.6800855748165691,0.5732631457164183,-0.6607910637507763,-1.7005547899219153,44.32177654055425,44.300068600944286,12.846877033253032,20.631351361349225,552.1250000000016,1.5878345344844491,35810.9,33908.95,,,,
2021-07-01,34866.0,34917.65,34650.95,34684.0,0,34968.6425,34148.342000000004,34337.695,,-0.8139935658068561,1.568620813274026,1.0085272176830746,,-0.2536509050333202,-0.4106009705113878,0.22713218168262106,-2.706948301495138,44.26017184735912,43.11331210000301,12.4458054133475,20.624673865852593,538.8392857142878,1.5535673097517237,35810.9,33908.95,,,,
2021-07-02,34728.1,34894.45,34632.6,34809.9,0,34944.555,34208.888,34332.346,,-0.3853390034584754,1.7568884437284322,1.3909739812129462,,0.3629915811325102,-1.568656836699922,0.728919497656122,-1.3650537733429835,47.79791529721106,41.364618709478265,12.12199835457117,20.150425450697913,509.4678571428589,1.4635717343136834,35576.95,33908.95,,,,
2021-07-05,35010.95,35234.3,34926.4,35212.0,0,34932.9725,34278.682,34327.921,,0.7987510939700206,2.722735955834006,2.5753933656512373,,1.155131155217326,-0.41700309252546974,0.9770212180216786,-0.6535726427724042,49.45827587774461,49.18778361290979,12.771019022427438,20.246065973380663,511.24642857143044,1.451909657421988,35576.95,33908.95,,,,
2021-07-06,35173.6,35807.45,35165.55,35579.15,0,34957.665,34344.762,34323.876,,1.7778218310633749,3.5941084698738015,3.6571452478152673,,1.0426843121663198,1.624807556633323,2.4007770902288117,1.4075695519206066,58.40966530803057,51.32365582994686,12.758621686831322,20.034601279488694,523.9678571428584,1.4726823354207685,35807.45,33908.95,,,,
2021-07-07,35550.6,35795.75,35427.65,35771.3,0,35006.205,34405.481,34321.024,,2.185598238940785,3.9697715605254964,4.225619841645766,,0.54006349224196,2.873272326743792,3.4630068837855132,2.7896150917371854,68.12317353727533,56.92621461168771,12.41301803556459,19.85439027306672,511.30357142857247,1.4293681566746872,35807.45,33908.95,,,,
2021-07-08,35603.25,35811.0,35134.65,35274.1,0,35013.35,34436.507,34315.934,,0.7447159440613366,2.4322821127009218,2.7921897739982757,,-1.389941098031111,1.701360858032519,1.2837740833261613,0.40676094184086686,59.76571023347147,54.58505983038374,13.146242243463263,19.071730556511348,496.86785714285776,1.4085911678621361,35811.0,33908.95,,,,
2021-07-09,35163.75,35225.2,34859.9,35071.95,0,35014.5775,34463.655999999995,34309.1325,,0.16385318372040236,1.7650303844722735,2.2233657467148067,,-0.5730833671163893,0.7528030818818587,-0.8276626518288865,0.07004799214775925,52.82188313058145,49.41174134490325,13.28757973293396,19.129378472213926,455.72857142857174,1.2994104160976843,35811.0,33908.95,,,,
2021-07-12,35285.05,35394.3,35060.35,35198.9,0,35026.99250000001,34511.998,34300.0325,,0.49078578470587747,1.9903281171956544,2.620602473190077,,0.36197017844745716,-0.03720322617288829,-0.4540511800947056,0.7104312944556046,56.3823504597992,51.49137659473932,13.300381083209054,17.985324623344525,435.471428571429,1.2371734019285516,35811.0,33908.95,,,,
2021-07-13,35480.05,35727.85,35340.7,35673.4,0,35048.275,34576.151,34283.704000000005,,1.7836113189593494,3.173427256261125,4.05351767125278,,1.3480534903079322,0.264902337464501,1.8940140472946565,1.2075948110163104,64.2431466030989,56.62280782129048,13.810848671841669,17.998709682555198,443.8107142857142,1.2440942390849041,35811.0,33908.95,,,,
2021-07-14,35585.85,35804.05,35434.75,35668.25,0,35081.5125,34644.109,34269.4025,,1.6724977293952277,2.956176474332197,4.0819138880521875,,-0.014436526936045802,-0.28808010891413494,2.576914891781379,1.899095804705242,61.646661405767546,54.07074677147668,13.524905486107421,17.913092881002022,444.38214285714275,1.2458759340790275,35811.0,33908.95,,,,
2021-07-15,35757.45,35985.25,35625.7,35907.65,0,35146.625,34706.588,34259.3695,,2.1652861405611534,3.460616756680311,4.811181653532768,,0.6711851576682415,1.7960770083432331,3.527995617575841,3.7631410126743203,58.194247427036444,58.761058516874805,12.841083469630792,17.66489219440573,422.56785714285746,1.176818469442744,35985.25,33908.95,,,,
2021-07-16,35977.95,35977.95,35674.75,35751.8,0,35206.315,34765.068,34251.0175,,1.5493953286505575,2.838285833354342,4.3817165431654725,,-0.4340300743713388,1.9384436850531817,2.7058394307366562,3.454482319578678,55.6633323229262,61.65561836593595,12.98329096098953,17.71980579852139,419.9035714285715,1.1744963090769456,35985.25,33937.5,,,,
2021-07-19,35070.5,35347.05,34899.2,35079.2,0,35216.71,34808.562000000005,34243.3935,,-0.3904680476966816,0.7775041094774087,2.440781752544469,,-1.8813038784061376,-0.3400674452894936,-0.3771441554015764,0.596192284199315,50.90959497280448,54.70142522099941,14.569002451375649,18.31118659536209,448.96428571428623,1.2798589640421854,35985.25,34525.45,,,,
2021-07-20,34791.15,34894.15,34357.35,34415.45,0,35200.2325,34834.023,34234.975999999995,,-2.2294810126609286,-1.2016211851269776,0.527162630404654,,-1.8921469132705426,-3.526296904696513,-3.270735810158487,-0.948481795941869,45.76613142497717,46.13257090498771,16.056699357544097,18.81326827115036,465.9214285714287,1.3538147215027807,35985.25,34357.35,,,,
2021-07-22,34774.55,34989.1,34557.85,34677.3,0,35205.3975,34870.125,34230.5795,,-1.500046974331127,-0.5529805241592827,1.30503341317959,,0.7608501414335889,-2.778241152846006,-3.058317701621127,0.29877942962921455,49.923632799142894,49.438547022723526,16.206889889541788,18.759248018699832,487.8464285714285,1.4068177988811945,35985.25,34357.35,,,,
2021-07-23,34748.35,35088.0,34404.75,35034.4,0,35215.7675,34921.767,34216.400499999996,,-0.5150178822597017,0.3225294985789282,2.3906649678127465,,1.0297802885461005,-2.4319330281987295,-0.6795354098332651,0.5955149740144217,52.43075856991271,53.70388247976702,16.413712378788496,18.593674726002646,517.9464285714286,1.4783938887819643,35985.25,34357.35,,,,
2021-07-26,34947.85,35138.2,34669.55,34949.7,0,35195.02,34977.37,34200.4075,,-0.6970304321463654,-0.07910829201854093,2.1908876378154147,,-0.2417623821158732,-2.243523403017489,-0.34856915569280167,-1.1733468308042228,46.950354609929065,51.01458622742605,15.430786304402808,18.467408467472353,521.1071428571423,1.4910203602810392,35985.25,34357.35,,,,
2021-07-27,35029.3,35186.1,34713.55,34797.45,0,35166.92,35004.134,34200.346,,-1.0506180239839065,-0.5904559730002208,1.7459004654514296,,-0.4356260568760262,-0.8031825127140846,-1.1405185957515829,-1.589391237703075,40.433473663598996,44.99063835800331,15.488618663717865,16.28543135170726,509.01071428571385,1.462781652924895,35985.25,34357.35,,,,
2021-07-28,34839.45,34841.55,34115.2,34532.9,0,35143.05,35016.344,34192.715,,-1.7361896591217933,-1.3806238595325542,0.9949049088380522,,-0.7602568579019309,0.34127114420994253,-3.197059994281448,-1.3635987123789328,35.10822510822517,43.01988768314831,15.331419963945384,16.11535011063274,534.6000000000001,1.5480889238957634,35985.25,34115.2,,,,
2021-07-29,34740.3,34778.15,34495.2,34691.5,0,35139.015,35036.47,34185.433,,-1.2735559036017357,-0.9846026155032204,1.4803586077145865,,0.459272172334213,0.04094897814996834,-2.7384298360586756,-0.23208195052368819,42.37314761480866,47.21824718159924,15.257604069277544,16.051532517349273,506.5000000000005,1.4600118184569724,35985.25,34115.2,,,,
2021-07-30,34698.75,34738.75,34445.4,34584.35,0,35134.0325,35061.46599999999,34167.596,,-1.56453006070397,-1.3607987754989896,1.219734628096167,,-0.30886528400329016,-1.2845945699084371,-3.685287118483116,-0.2873082689424544,43.45397916442922,48.32254319774972,15.270685520861171,15.875560509168219,497.86785714285776,1.43957558011892,35985.25,34115.2,,,,
2021-08-02,34760.9,34861.75,34588.25,34710.0,0,35129.0375,35063.528,34156.671,,-1.192852209514703,-1.0082499399375853,1.619973445304426,,0.3633146206304394,-0.6858427969338665,-2.913979156294233,-0.28698732257202986,43.43423491176708,50.230631397803684,15.270790207048574,13.39213046416068,493.8285714285718,1.422727085648435,35985.25,34115.2,,,,
2021-08-03,34660.75,35238.45,34649.2,35207.45,0,35128.81,35068.805,34156.464,,0.22386183875855578,0.3953513671195719,3.0769754152537487,,1.4331604724863167,1.178247256623699,0.3656012679878584,-0.012921731227999445,43.7807824241534,53.308367661132564,15.58087462652008,13.600649975880009,498.1357142857149,1.4148588275655152,35985.25,34115.2,,,,
2021-08-04,35388.15,36219.8,35313.0,36028.05,0,35151.255,35096.126,34163.986999999994,,2.4943490637816645,2.6553472027083744,5.456222073846385,,2.3307567006414898,4.329639271535268,4.685686225227359,1.2616939977486918,53.94387811027077,56.34885439763488,17.296247618442333,14.420903380901049,544.067857142858,1.5101229656971664,36219.8,34115.2,,,,
2021-08-05,36093.95,36115.45,35661.3,35834.75,0,35154.427500000005,35119.136999999995,34163.678,,1.9352398783908362,2.037672508866049,4.89137030269399,,-0.5365264009570381,3.2954758370205894,3.3377742788510023,0.1773768356196026,49.19276254595384,52.04385165283306,17.328961791163795,14.487490652903933,550.8250000000002,1.5371252764425598,36219.8,34115.2,,,,
2021-08-06,35875.8,36080.1,35700.45,35809.25,0,35181.185000000005,35133.420999999995,34162.3875,,1.7852298039420642,1.9236071545666027,4.820689127772475,,-0.07115997739624014,3.5417753984099853,2.2116833740552178,1.5171187925418383,50.65506664690251,50.3117683302526,16.52498916159992,14.262923547835483,556.2857142857148,1.5534693250646545,36219.8,34115.2,,,,
2021-08-09,35824.2,36159.85,35612.3,36028.95,0,35229.034999999996,35151.171,34167.7105,,2.2706128623733264,2.4971543622259267,5.447363820294591,,0.613528627379778,3.799913569576474,3.0880093391359553,2.7286763353620236,62.07672647279475,56.49752528513015,16.439146454924963,14.319009787018786,534.4964285714284,1.483519304813014,36219.8,34115.2,,,,
2021-08-10,35954.55,36317.0,35890.5,36034.1,0,35270.795,35161.32,34176.226,,2.1641275735349894,2.482216253542241,5.436159042253513,,0.01429406074837658,2.3479405637159223,3.5538523656187593,2.37280142277172,74.72315987230982,58.57263776896687,16.423139666407533,14.118603881610351,513.3999999999999,1.4247615453140217,36317.0,34115.2,,,,
2021-08-11,36218.25,36227.55,35531.35,35806.4,0,35277.445,35170.704000000005,34186.244,,1.4994141440798838,1.8074588441561936,4.739204458963093,,-0.6319014489053365,-0.6152150893539932,3.687787588068181,0.37282681213453017,67.42761005124402,55.31728665207876,15.960641756136859,14.1406422457023,522.1535714285716,1.45826883302586,36317.0,34115.2,,,,
2021-08-12,35825.4,35998.15,35702.9,35937.05,0,35290.885,35181.97,34203.322,,1.8309685347930518,2.1462129607864533,5.068887753066801,,0.3648789043299461,0.2854770857896316,3.590360751192656,0.7536114051011733,64.97950513616223,52.45545900738548,16.005443043423,14.159767521572425,494.4392857142858,1.3758482839139154,36317.0,34115.2,,,,
2021-08-13,36000.75,36233.3,35937.1,36169.35,0,35303.97,35192.377,34226.4475,,2.451225740334578,2.7760926748426176,5.676611631984291,,0.6464080941535055,1.0056060933976596,4.58299780102851,0.7288140549437161,69.29490120390443,54.47746524178846,15.992768942439579,14.127292297619945,482.1250000000005,1.332965618679906,36317.0,34115.2,,,,
2021-08-16,36100.65,36261.55,36032.4,36094.5,0,35321.104999999996,35208.434,34245.7765,,2.1896115650968566,2.5166299642863947,5.39839854412412,,-0.20694317149740904,0.1819370256418873,3.9887640449438155,0.9585531357861665,71.03449394288317,51.72013808975832,15.923446307636652,13.939115988433942,464.73928571428667,1.2875626084702285,36317.0,34115.2,,,,
2021-08-17,35935.05,35993.7,35611.85,35867.45,0,35360.5175,35216.91,34268.41650000001,,1.433611654580551,1.847237591259408,4.666201894680457,,-0.6290432060286233,-0.4624785966626077,1.8746032444837635,2.247058085703202,71.90911628059683,51.05089551018178,14.459547012603416,13.992715491971278,447.3321428571435,1.247181338113369,36317.0,34115.2,,,,
2021-08-18,36222.5,36248.9,35432.0,35554.5,0,35417.469999999994,35226.294,34282.1175,,0.38689945950404175,0.9317074342251226,3.711504985069839,,-0.8725181187957287,-0.7035055185665162,-1.314392535815856,3.309705379415351,63.484375,54.62102356692855,12.957159616272024,13.943204794547997,485.471428571429,1.3654289290284747,36317.0,34115.2,,,,
2021-08-20,35146.5,35306.5,34926.5,35033.85,0,35435.2975,35230.961,34299.523499999996,,-1.1329028633102403,-0.5594823257872653,2.140923327987349,,-1.4643715985318329,-2.51328364459521,-2.234981407711789,1.028194236575497,56.21973156219731,56.18437106226374,13.9703599526278,14.220141785386502,509.3750000000005,1.4539509645671274,36317.0,34115.2,,,,
2021-08-23,35424.2,35427.4,34817.5,35124.4,0,35439.7975,35230.825,34320.703,,-0.8899528841833793,-0.30207921614096644,2.3417265083410443,,0.25846431379936696,-2.889048324064425,-1.9124946766547746,0.2568903706071657,55.79029733959313,54.62989810289121,13.517367337893194,14.070740600108273,533.1250000000006,1.5178195214722543,36317.0,34115.2,,,,
2021-08-24,35200.75,35795.3,35070.0,35712.1,0,35477.9175,35244.119,34344.642,,0.6600796114935307,1.3278272043060568,3.9815759325719533,,1.6731958410677317,-1.0594411891008404,-0.8794316792468226,2.18142072750267,56.87787060635385,56.69796402451075,14.690737762999156,14.548093615254128,542.8428571428578,1.5200530272452695,36317.0,34115.2,,,,
2021-08-25,35768.85,35910.3,35499.65,35586.25,0,35517.3575,35256.832,34361.7535,,0.19396854059315013,0.9343380596418812,3.563544858093465,,-0.35240156697589065,-0.7839977472610893,-1.242850522144301,2.2668327707921154,42.57204344463493,56.24050273031189,14.6525110508253,14.55765997849655,499.86428571428615,1.404655690650985,36317.0,34115.2,,,,
2021-08-26,35485.95,35785.8,35411.8,35617.55,0,35571.59,35264.228,34384.89,,0.1292042329285995,1.0019275056864994,3.584888594961343,,0.08795531982157545,0.17733338958501044,-0.5274196791634989,3.1409177914394792,46.13784273978454,58.235258676092606,14.284323504124433,14.43963202997988,494.13928571428653,1.3873477701702854,36317.0,34445.4,,,,
2021-08-27,35559.75,35727.9,35359.25,35627.8,0,35618.405,35276.714,34402.587999999996,,0.026376812774193775,0.995234420076663,3.5613948578519934,,0.028777947949820692,1.6953603443526921,-0.8605325144940945,2.6989320150469176,46.75594014267074,61.58648860293341,14.245813648007012,14.34569995373558,493.35357142857225,1.3847432943616285,36317.0,34445.4,,,,
2021-08-30,35781.05,36398.45,35721.9,36347.65,0,35706.57,35311.559,34439.276,,1.7954118807827293,2.9341411972210016,5.5412721219807395,,2.0204727768764696,3.4826217672045745,0.4929588173412158,5.098548910128442,54.83347488473678,65.66499248034961,15.612684641651509,14.759320859129682,509.28928571428645,1.4011615213481103,36398.45,34588.25,,,,
2021-08-31,36367.4,36552.8,36216.2,36424.6,0,35792.3,35348.890999999996,34478.5085,,1.766581080288206,3.0431195139898524,5.64436103725309,,0.2117055710616711,1.9951221014726128,0.9145437670559087,4.939786804955348,55.796176453125945,67.5063499462514,15.6078176449023,14.750979402599349,502.86785714285827,1.3805720780540027,36552.8,34649.2,,,,
2021-09-01,36591.45,36997.7,36487.15,36574.3,0,35860.6425,35382.951,34514.3395,,1.9900856489116197,3.3670142436678105,5.968419300041946,,0.4109859820011774,2.7764937300221337,1.970728334464833,3.882274916246442,61.66808484774816,67.65435606060609,14.985925279432264,14.654896414225421,494.0750000000007,1.3508802629168588,36997.7,34817.5,,,,
2021-09-02,36588.4,36895.55,36469.0,36831.3,0,35900.805,35424.677,34554.824,,2.5918499599103773,3.970743332395097,6.588012139781127,,0.7026792037031493,3.4077301779600333,3.5911066109775236,2.229512837913794,63.085500226810474,66.1110615035073,12.873687772728848,14.677308004822104,503.4535714285724,1.3669177341787349,36997.7,34817.5,,,,
2021-09-03,36883.65,37140.0,36563.2,36761.15,0,35947.125,35468.42,34597.955,,2.2645065495502115,3.6447352320740625,6.252378211371163,,-0.19046300293500407,3.181083311346744,4.9303744806808325,2.585200119995257,59.09118839867277,58.546081928609716,12.699385990788215,14.628047829504762,523.4928571428583,1.4240383044133773,37140.0,34817.5,,,,
2021-09-06,36878.25,36923.65,36554.45,36592.35,0,35986.28,35503.727,34655.9585,,1.6841696335381142,3.066221751874105,5.58747062211538,,-0.4591804119294496,0.6732209647666298,4.179288471831533,2.1868651256309324,57.43337066069425,58.88242742578435,12.854938109490217,14.61912993447071,533.4964285714299,1.457945249680411,37140.0,34817.5,,,,
2021-09-07,36558.85,36685.85,36151.95,36468.8,0,36008.27250000001,35525.81,34702.930499999995,,1.278949163695638,2.654380012728789,5.088531356163158,,-0.33763887807150006,0.12134656248801168,2.1188896760481857,1.220823809741911,59.26507973191597,57.55905241080541,12.805383516885346,14.271631994911601,537.1571428571442,1.4729224511284829,37140.0,34817.5,,,,
2021-09-08,36519.7,36855.9,36393.6,36768.2,0,36044.9775,35553.985,34749.484,,2.006444587182767,3.4151305402193217,5.809340938702861,,0.8209757381652194,0.5301536871519019,3.321367101057282,2.0372369505551546,68.77804251632264,58.32048352786252,13.08122539890954,14.37046093007804,511.8285714285729,1.3920414146696682,37140.0,34817.5,,,,
2021-09-09,36725.5,36857.2,36566.7,36683.2,0,36088.8175,35587.443,34796.54150000001,,1.6469991015915102,3.079055159989994,5.42197131861507,,-0.23117802884013994,-0.40210364554063016,2.9919239251436247,2.4487242504133144,79.49428658285798,57.17681659369334,12.857614471154733,14.180006345228957,487.72142857143,1.329549844537636,37140.0,34817.5,,,,
2021-09-13,36608.45,36724.85,36327.05,36471.8,0,36115.555,35621.435,34849.1755,,0.986403227085954,2.3872283640454275,4.656134547573458,,-0.576285602128479,-0.7871081290982462,2.36893661691151,1.488018632581145,73.09643799924591,57.38365254444177,13.056376462827131,14.152628787584545,472.57142857142964,1.295717317410793,37140.0,34817.5,,,,
2021-09-14,36639.95,36756.0,36529.65,36613.05,0,36137.740000000005,35660.016,34904.179,,1.3152731742494068,2.672556288252926,4.895892265507825,,0.3872855192230684,0.05656920093954909,0.7301710014265161,1.2267292611009228,68.23453217025255,57.48367098416917,12.938379776702789,14.143549847675759,441.0642857142863,1.2046641449272495,37140.0,34817.5,,,,
2021-09-15,36543.55,36949.7,36496.05,36852.25,0,36175.6275,35700.863000000005,34954.875499999995,,1.870382206915409,3.2250957070701483,5.428068253311346,,0.6533189668710859,1.0514467160970487,1.1740691730314223,2.099350316530213,74.49880021673516,57.548525445461415,13.059122440057122,14.184983549028788,444.1357142857144,1.2051793697419138,37140.0,34817.5,,,,
2021-09-16,36946.0,37720.15,36907.75,37668.6,0,36265.685000000005,35749.995,35014.3385,,3.8684365123669755,5.3667280233185926,7.580498771953098,,2.2151971724928554,2.4488552607960123,2.9919916444060224,5.0216840059719825,80.44139691586157,64.94900188037761,14.728482754166691,14.771113234366084,479.41428571428594,1.2727159642627706,37720.15,34817.5,,,,
2021-09-17,37929.5,38112.75,37396.05,37811.95,0,36378.5575,35794.651,35069.7065,,3.9402125826456817,5.635755465250937,7.819408183527275,,0.38055568829209463,3.0770216338814604,2.6625451721769,6.349266618852734,81.18476848612923,68.76495792480513,14.121700594947361,14.63701697323028,504.2749999999999,1.3336392330995888,38112.75,34817.5,,,,
2021-09-20,37388.2,37802.75,37068.45,37145.7,0,36484.15,35822.138999999996,35113.81,,1.8132531523963027,3.6948128641899407,5.786583683171948,,-1.7620091002976568,1.8477289302968103,1.0460771765845145,6.028027179427897,61.571476213261406,64.37528231999278,14.64798667123576,15.20350669540624,502.3357142857146,1.352338801760943,38112.75,34817.5,,,,
2021-09-21,37238.4,37340.7,36525.95,37235.85,0,36589.7225,35861.373999999996,35148.9405,,1.765871550405978,3.832747735767186,5.937332591860064,,0.24269296311552058,1.701032828458704,1.7585642900770138,6.011348236553493,61.71801649550061,71.57131661442013,14.64864566098215,14.828945607404954,536.4892857142856,1.4407869988580513,38112.75,35070.0,,,,
2021-09-22,37277.1,37328.6,36885.6,36944.65,0,36651.35,35898.828,35181.242,,0.8002433743914015,2.913248309944826,5.012352889645008,,-0.7820420374450854,0.2507309594393936,1.3048139779756829,3.451351222694843,55.1393957896782,67.15711686916202,14.172688481198218,14.885945182715968,527.1964285714286,1.4269899121291678,38112.75,35359.25,,,,
2021-09-23,37241.25,37830.75,37216.15,37771.7,0,36760.6225,35950.284,35231.141,,2.7504362854573516,5.0664857056483825,7.211117573512574,,2.2386191234725406,0.27370276569875784,2.7292606110715267,6.141276476167046,61.26740312956793,68.57503607503614,15.78935171100451,15.628052344330193,560.0214285714283,1.482648195795869,38112.75,35359.25,,,,
2021-09-24,37954.0,38112.6,37680.0,37830.3,0,36871.26,35993.422,35284.7865,,2.6010502488930425,5.103371388249787,7.214195557056866,,0.1551426067664563,0.04852963150538958,3.1270445326471163,6.212527251312916,62.84557436532069,70.4870589309354,15.779005991729381,15.383695405034182,549.721428571428,1.453124687278261,38112.75,35359.25,,,,
2021-09-27,38054.75,38355.2,37968.2,38171.25,0,36998.4325,36043.482,35343.7955,,3.16991131989172,5.903336420160506,7.999860965696228,,0.9012616870603729,2.7608848399680364,4.65962743818511,7.138947675691454,68.21653552391733,72.0663970689894,15.878961308113812,15.478968457046626,560.8428571428558,1.469280825602661,38355.2,35721.9,,,,
2021-09-28,38360.0,38377.25,37315.2,37945.0,0,37078.3,36084.229,35395.4085,,2.337485807062344,5.156743130080459,7.203170151292371,,-0.5927235812293263,1.9044818367245586,3.6379105264379596,4.394644495586375,66.63736362816702,69.3022790883647,14.912976767828681,15.516092620746374,598.5678571428559,1.5774617397360808,38377.25,36151.95,,,,
2021-09-29,37601.1,37923.45,37371.05,37743.0,0,37144.22,36124.053,35444.5605,,1.6120408505010977,4.481631670731964,6.484604316083989,,-0.5323494531558781,2.160935345171766,2.4170844385349666,3.619531854845359,61.23300299608212,62.72073369738633,15.150089582114262,15.535545709967028,606.5428571428555,1.6070340384782753,38377.25,36151.95,,,,
2021-09-30,37677.8,37884.85,37354.25,37425.1,0,37186.76,36170.971,35489.7665,,0.6409270396237706,3.4672251402927525,5.453215647389511,,-0.842275388813829,-0.9176182168131097,-0.6464269975523407,2.326223605099753,58.11369452525212,58.73722818967777,15.54706181591029,15.015970799527539,623.6928571428554,1.666509527410362,38377.25,36151.95,,,,
2021-10-01,37140.4,37299.4,36876.35,37225.9,0,37206.490000000005,36227.18,35530.6015,,0.052168317946670636,2.756825124119518,4.771375739304623,,-0.5322631068453987,-1.5976611340644986,-1.5499068416201633,1.0713713607719555,58.2691843761651,55.64155844155845,15.550746142629643,14.36873162553865,634.4749999999985,1.7043912974568742,38377.25,36151.95,,,,
2021-10-04,37392.15,37670.7,37355.6,37579.65,0,37247.41499999999,36285.227,35577.676,,0.8919679392516444,3.5673553868079773,5.627051075511515,,0.9502792410660321,-1.5498575498575473,1.168237507975367,2.2265353504991037,60.127404551359966,56.3724613616043,15.833782391743451,14.415610741371474,645.946428571427,1.7188729234344304,38377.25,36151.95,,,,
2021-10-05,37499.8,37786.6,37364.75,37741.0,0,37304.847499999996,36339.359,35630.563,,1.1691577079895683,3.8570878479171946,5.92310876479835,,0.4293547172472323,-0.5376202398207908,1.3566227170858314,3.1390440898166005,59.46616677495289,58.216151401571395,15.720248091084338,14.29284774475456,643.6749999999987,1.7055059484380348,38377.25,36151.95,,,,
2021-10-06,37768.8,38106.85,37452.0,37521.55,0,37357.485,36390.796,35684.083,,0.43917571003509026,3.107252724012964,5.149262207466573,,-0.5814631302827111,-0.5867313144159114,1.5615251464014435,2.8867141227569837,48.205591282383004,57.72582147133172,15.845798430967847,14.36126923180069,628.4571428571414,1.67492319175818,38377.25,36327.05,,,,
2021-10-07,37894.0,37923.65,37650.25,37753.2,0,37406.735,36449.911,35727.0225,,0.9262102132142687,3.575561542523374,5.671274453391682,,0.6173785464619552,0.8766843642368238,-0.048978468006466436,2.6789453930298412,49.298214179059904,60.49055001061797,15.74713487180263,14.336452499641469,605.9857142857129,1.605124106792836,38377.25,36327.05,,,,
2021-10-08,37906.4,38105.2,37674.35,37775.25,0,37461.3375,36514.758,35765.551,,0.8379639408229845,3.4520069939940403,5.619091398871502,,0.05840564508439172,1.4757198617091793,-0.14551827503350712,2.976975836350171,58.88805748895265,58.615585993309836,15.690801820465477,14.18105676362904,583.65357142857,1.5450687194090575,38377.25,36327.05,,,,
2021-10-11,37782.75,38495.3,37744.65,38293.8,0,37552.4375,36586.804,35811.637,,1.9742060685142022,4.665605664818404,6.931163185866092,,1.3727242043401588,1.9003636276548663,0.32105314863937195,4.995640467429641,63.32447511933408,62.8275378709442,16.013822974368043,14.418682903032693,579.0749999999987,1.512189962866048,38495.3,36496.05,,,,
2021-10-12,38178.35,38609.6,38144.6,38521.5,0,37647.86,36665.547,35863.506499999996,,2.3205568656492015,5.061844570326475,7.411415556925546,,0.5946132272064863,2.068042712169782,1.5193042561602255,5.212485712061676,70.18264664849163,66.28245050999334,16.054452815067723,14.396764600108478,580.6464285714272,1.5073307855909746,38609.6,36496.05,,,,
2021-10-13,38735.3,38779.05,38502.7,38635.75,0,37737.034999999996,36744.062000000005,35903.795,,2.3815199047832025,5.14828219046657,7.60909814686721,,0.2965876199005679,2.969493531050804,2.365339268208677,4.839595954114073,63.527625131119635,66.13719045187646,15.98810926494568,14.394124581832902,537.0928571428564,1.3901447678454704,38779.05,36525.95,,,,
2021-10-14,38684.65,39375.05,38673.0,39340.9,0,37820.65,36826.731,35947.768,,4.0196294881235515,6.827021926002614,9.439061696403531,,1.8251231048963756,4.205471324285104,5.119024398064398,4.439506644791691,69.66824644549766,68.48057744146503,15.39848481462811,14.589792006868999,558.9999999999994,1.420913095531621,39375.05,36525.95,,,,
2021-10-18,39794.25,39947.6,39569.55,39684.8,0,37914.2925,36899.866,35997.996,,4.669762728659646,7.547274019911078,10.241692343095998,,0.8741538703995078,5.055029417409562,6.605347352246693,4.9530637801012745,69.69152908421484,66.10203331895801,15.564728547958348,13.85738533687317,564.8428571428568,1.4233229275260473,39947.6,36525.95,,,,
2021-10-19,39927.3,40011.15,39394.25,39540.5,0,38034.032499999994,36973.981,36046.559,,3.9608408600902525,6.94141915635214,9.692855842356545,,-0.3636152884731736,3.2556184029790547,5.217850618619391,6.4470450146315805,71.20998617462513,63.80267181972806,13.87060867718385,13.8156719563409,533.0464285714281,1.3481023977224065,40011.15,36525.95,,,,
2021-10-20,39545.45,39774.55,39292.8,39518.2,0,38148.15,37048.16,36090.790499999996,,3.591393029544016,6.667105734805705,9.496631834650454,,-0.05639787053780543,2.5873862648131407,4.708937230068089,6.1294424593503205,74.78291218763084,71.11629314488137,13.932204921292666,13.814217692185046,526.4607142857141,1.332198111973,40011.15,36876.35,,,,
2021-10-21,39676.55,40200.45,39428.1,40030.2,0,38302.4275,37128.185,36139.678,,4.510869448157037,7.816204858923213,10.765237033932614,,1.295605569079572,3.609222028820458,6.68589117453835,8.351818192891237,84.49915245259031,73.13375996556036,13.739643066136697,14.00255430037068,543.7285714285712,1.3582959151554856,40200.45,36876.35,,,,
2021-10-22,40192.65,40587.35,40149.55,40323.65,0,38430.025,37213.976,36187.648,,4.9274623162488185,8.3561992945876,11.429319750208691,,0.7330715309941116,2.49803639469357,6.808561923227718,6.756248725897973,90.02416114319671,77.96352080505808,12.005232404492393,14.042585516805653,544.3285714285713,1.3498990578198433,40587.35,36876.35,,,,
2021-10-25,40961.25,41829.6,40508.1,41192.4,0,38598.13,37321.695999999996,36246.2,34965.512,6.721232349857374,10.37118999093719,13.646120145008316,17.80865671293473,2.1544428641752322,3.7989356126274965,9.046002342803817,8.887320481201577,91.19582197794674,78.11457220350127,13.609188590996466,14.548189802644117,620.125,1.5054354686786884,41829.6,36876.35,,,,
2021-10-26,41057.75,41367.25,40829.15,41238.3,0,38751.4825,37427.721,36304.8455,35015.64125,6.417348033072037,10.181167589659026,13.588969824978319,17.7710832298409,0.11142832172925665,4.29382531834448,7.68923428857935,8.034973966008451,90.9577458190846,78.06878829808261,13.535094551530808,14.55213641187633,628.4285714285714,1.5238954356231256,41829.6,36876.35,,,,
2021-10-27,41234.55,41347.0,40750.0,40874.35,0,38897.95,37521.821,36357.099,35061.40175,5.080987558470309,8.934878187281994,12.424673926816867,16.579337846924506,-0.8825533545272379,3.4317099463032186,6.107887802915246,7.719989458426668,87.98001767144683,72.17910006892247,13.849806414357275,14.757349676727957,624.2964285714287,1.5273550003154268,41829.6,36876.35,,,,
2021-10-28,40915.15,40931.05,39350.2,39508.95,0,38986.2475,37590.11,36399.272000000004,35099.957,1.3407356017015986,5.104640555720631,8.543242293417276,12.561249006658311,-3.3404812553594176,-1.302141882878427,2.2600829542586798,4.678880852078526,65.82426793326897,60.81128723411605,18.943245015393593,16.791838750928886,708.4928571428578,1.7932464850188574,41829.6,36876.35,,,,
2021-10-29,39424.55,39775.25,38426.65,39115.6,0,39070.7725,37655.073000000004,36435.9915,35135.755,0.11473410207079836,3.8786991596059166,7.354290056852171,11.32705131852155,-0.9955972001280733,-2.9958845491417585,-0.5726864408287624,4.51702199860522,61.322531867983294,59.243969128402654,19.06638258802385,16.90318205521856,774.0464285714291,1.9788688619666557,41829.6,36876.35,,,,
2021-11-01,39432.15,39862.6,39120.65,39763.75,0,39197.66499999999,37739.258,36482.776,35174.15275,1.4441804122771253,5.364419194463226,8.993213674310315,13.048209810824792,1.6570115248136341,-3.468236859226459,0.19894266822562123,6.817430874740427,62.15125939274696,65.07921155966496,19.487544969661336,17.047148407512857,773.7857142857148,1.9459575977761525,41829.6,37355.6,,,,
2021-11-02,39796.9,40107.6,39590.7,39938.45,0,39315.605,37837.35,36534.1555,35213.8505,1.5842182766868114,5.552978736618708,9.318114661224334,13.416878395618784,0.4393448807016309,-3.152045549889315,1.0064364385882651,6.27680140714455,61.81668070485604,67.54548806281971,19.358424875394377,16.604200704052307,777.4928571428578,1.9467276700594487,41829.6,37364.75,,,,
2021-11-03,40040.65,40160.2,39304.85,39402.05,0,39398.6575,37922.903000000006,36576.864,35249.16575,0.008610699488940063,3.9004055148415118,7.723969993709688,11.781510743981233,-1.3430666437981298,-3.602014466285075,-0.2939152086886443,4.401181738692683,55.97020739517273,61.515664690939886,20.219091856119036,16.993518637729625,818.8500000000001,2.0781913631397355,41829.6,37452.0,,,,
2021-11-04,39669.1,39734.7,39514.15,39573.7,0,39501.265,38000.135,36622.127,35284.161,0.18337387422908527,4.140945815060907,8.059534608680693,12.157123418635338,0.4356372320729385,0.1638869167619017,-1.1403890063002464,5.469257000310468,51.97817885184049,61.565694812570975,20.00332156949596,16.67935568281165,789.8035714285709,1.995778942652749,41829.6,37650.25,,,,
2021-11-08,39674.05,39674.05,38932.15,39438.25,0,39585.5175,38077.175,36667.0035,35318.7535,-0.3720236826511154,3.5745167544598493,7.557875570606694,11.663765257174212,-0.3422727720683083,0.8248627146202558,-2.195733769140451,4.463330260746123,47.82804034709067,62.22541140451586,20.074870078374403,16.677611618954057,799.4607142857141,2.027120154382393,41829.6,37674.35,,,,
2021-11-09,39517.85,39560.6,39223.4,39368.8,0,39665.195,38152.2,36708.214,35354.3635,-0.7472420090207468,3.188806936428321,7.247930939925334,11.354854401494183,-0.17609807737412053,-0.993241331614847,-4.427030228877172,4.218502855705797,48.46721062686356,60.52261358899545,20.118079612686913,16.698167895896034,779.4821428571423,1.9799489515990891,41829.6,37744.65,,,,
2021-11-10,39206.2,39220.3,38873.8,39023.25,0,39701.667499999996,38220.109000000004,36748.4115,35390.420999999995,-1.7087884280930923,2.101357167767355,6.190304307439242,10.265006454712719,-0.8777255085245295,-2.2915260857644615,-5.371341689642883,1.904877551979678,45.82260746267399,57.79970751096834,19.985184617887427,16.870740746152574,780.4285714285709,1.9999066490581152,41829.6,38144.6,,,,
2021-11-11,38913.05,38929.95,38346.05,38560.2,0,39703.6025,38264.36,36787.9595,35421.09775,-2.879845726845577,0.773147649666678,4.8174471323966745,8.862238748656502,-1.1866002959774025,-2.1365639605046116,-5.661619083850877,0.10046337759432866,37.489787581699346,51.67656832141774,20.3986895678148,16.613379469772802,773.6321428571422,2.0062970183171824,41829.6,38346.05,,,,
2021-11-12,38707.15,38822.85,38467.8,38733.35,0,39708.4825,38310.535,36829.712999999996,35452.046,-2.455728445427245,1.103652037226823,5.168753283524101,9.255612496948684,0.4490381273956068,-2.123506268051756,-1.9630995002398177,0.25261577683879377,36.183078767658834,51.34247964259687,20.433956877106453,16.628387720573844,759.1964285714275,1.960058782861352,41829.6,38346.05,,,,
2021-11-15,38849.45,39117.15,38606.6,38702.35,0,39676.555,38353.096,36868.0235,35484.623250000004,-2.4553669037042196,0.9106279190603044,4.975386055072888,9.067946776072912,-0.08003438896970749,-1.8659550056100427,-1.0564838581026526,-1.6231199591265177,24.67994671710234,50.426540284360186,19.289404081822425,16.622006202671017,688.096428571428,1.7779189857241953,41829.6,38346.05,,,,
2021-11-16,38710.9,38724.7,38211.1,38307.1,0,39607.67,38382.612,36903.6445,35520.3225,-3.2836316804295724,-0.1967349173631082,3.8030268257109303,7.845586142974901,-1.0212558152153606,-2.6968055922456435,-3.6632611360850054,-3.471606257307591,22.171271242760767,43.105334062504156,19.22600090176538,16.760430967905645,686.346428571428,1.7916950867369965,41829.6,38211.1,,,,
2021-11-17,38113.4,38456.3,37981.2,38041.55,0,39532.722499999996,38408.22,36938.32,35554.538250000005,-3.7719954652756167,-0.9546654335972826,2.986681581620396,6.994920683578271,-0.6932135296067732,-2.51567975501783,-4.749558382961771,-3.7909232306116425,22.593409570248213,38.92502106149957,19.305569536481478,16.840594301946876,677.6392857142855,1.781313552455895,41829.6,37981.2,,,,
2021-11-18,38071.9,38233.95,37748.45,37976.25,0,39455.625,38435.898,36969.8125,35592.996750000006,-3.749465380411538,-1.1958820371518342,2.7223224353653404,6.6958488118873944,-0.1716544147123411,-1.5143852988314332,-3.6185934488180305,-3.901873061019978,30.187435367114745,39.34398310569161,19.299642511300277,16.806111719248943,599.3999999999994,1.5783548928606679,41829.6,37748.45,,,,
2021-11-22,38232.15,38241.0,36655.4,37128.8,0,39310.555,38449.098,36987.454000000005,35626.84925,-5.5500488354845094,-3.4338854971318065,0.3821457946253822,4.215783269130945,-2.2315262828741522,-4.142554155527456,-6.1780930264291545,-7.248027739056995,27.015802503412658,35.36785508701884,19.750163213678253,17.56855179119836,616.3285714285709,1.6599743903077149,41829.6,36655.4,,,,
2021-11-23,36787.0,37448.75,36647.55,37272.8,0,39158.0125,38459.19,37006.5875,35660.38575,-4.81437228204571,-3.08480235803198,0.7193651670800542,4.521583869854806,0.38783908987094495,-3.6937033539306885,-5.490735516915679,-7.565907352137014,17.378436071713764,32.317331247034105,19.531676517268632,17.496532194364427,620.1999999999991,1.6639479727844408,41829.6,36647.55,,,,
2021-11-24,37384.75,37891.9,37238.05,37441.95,0,38970.49,38474.365,37030.904,35682.15025,-3.9223012079139905,-2.6833841182304137,1.1100080084461206,4.931876968372999,0.4538161876757263,-2.258458614721559,-4.894357968746843,-9.104713490838122,17.258157591018602,31.22083778640871,17.41703095279282,17.510870193461972,629.9821428571419,1.6825569791561121,41367.25,36647.55,,,,
2021-11-25,37362.05,37507.95,37118.4,37364.75,0,38776.8125,38492.224,37056.8295,35697.6345,-3.6415125663049275,-2.929095497313956,0.8309412978787086,4.6701007597576245,-0.20618584235061466,-1.7791073181823602,-4.250030430576645,-9.393088463879462,19.621555529046688,22.18702087617433,17.31248316363761,17.462774943989228,596.710714285713,1.5969883761719614,41347.0,36647.55,,,,
2021-11-26,36830.9,36868.9,35904.1,36025.5,0,38534.369999999995,38480.473,37070.2445,35703.969750000004,-6.510733145501005,-6.379789042613895,-2.8182832729900142,0.9005448196695163,-3.584260566442976,-5.1367631085217695,-6.573358022001951,-11.862818613629322,10.756945673332083,18.11509101585429,20.496141265248067,19.257311653214423,677.2821428571422,1.8800076136546118,40931.05,35904.1,,,,
2021-11-29,36224.45,36347.85,35327.9,35976.45,0,38357.745,38462.956999999995,37081.91,35707.128000000004,-6.208120420009063,-6.46467976968073,-2.9811301521415867,0.7542527643219942,-0.1361535578965012,-3.1036553834220437,-7.117638933890302,-8.941012099790047,10.96653436767086,18.840893186589383,17.84216302600912,19.195737957231792,697.1428571428561,1.9377755646898351,40160.2,35327.9,,,,
2021-11-30,35958.8,36774.2,35526.35,35695.3,0,38186.729999999996,38423.491,37086.743,35707.332,-6.524334500492693,-7.100320478428154,-3.751860873843786,-0.03369616077728586,-0.781483442640929,-4.23230881500719,-7.76968323628926,-8.744081645174806,10.46684315877826,21.856020073059966,17.77315222824721,18.552537848764704,762.1892857142848,2.1352651069308415,40160.2,35327.9,,,,
2021-12-01,35902.9,36445.35,35805.0,36364.9,0,38016.7875,38394.55,37094.6005,35709.238249999995,-4.345152782833103,-5.286297143735247,-1.9671340037750211,1.8361123959288228,1.8758772163282034,-2.876586288908556,-5.070078392778354,-8.547609317531668,23.256843354828277,30.495639225696593,18.130740547408987,19.049143308350022,780.4071428571416,2.1460450677910337,40160.2,35327.9,,,,
2021-12-02,36281.85,36563.5,36166.7,36508.25,0,37845.2775,38381.801,37101.97,35711.496999999996,-3.5328780453518847,-4.881352493073473,-1.6002384779029284,2.231082611854676,0.39419880159163867,-2.2922674445834623,-4.030592864906934,-8.588715886570453,27.93815652248702,25.13632822643457,18.10240222412035,18.67610021462606,760.3785714285706,2.08275820240239,40160.2,35327.9,,,,
2021-12-03,36497.3,36844.0,36062.85,36197.15,0,37685.0325,38361.027,37111.2005,35713.56725,-3.948205431426919,-5.640821347144851,-2.4630043967453914,1.354058939603692,-0.8521361610047018,0.47646805734826714,-4.684770086567259,-8.13384075194058,23.517250020883708,22.009247205638005,17.860468707131975,18.75611769801154,790.8142857142853,2.1847418531964125,39734.7,35327.9,,,,
2021-12-06,36252.75,36344.55,35696.75,35735.9,0,37493.1425,38336.852,37117.84,35713.48625,-4.6868370662715195,-6.784469418615795,-3.7231153536951376,0.06275990488046992,-1.2742715932055448,-0.668631841107159,-3.751535196397404,-9.6978548884739,21.578377549749376,22.25955099539179,17.808789948703403,18.887057579005823,800.6178571428567,2.240374125579198,39674.05,35327.9,,,,
2021-12-07,36086.95,36820.7,36013.95,36618.4,0,37352.15,38313.786,37132.035,35716.03375,-1.9644116871451844,-4.42500253042077,-1.3832664975135405,2.5265018403674206,2.4695054552984486,2.586054746703348,-1.7557038913094791,-7.1500383510931576,35.202159168579854,29.810214789309697,20.70593747233259,19.038049897777796,841.4178571428565,2.297800715331245,39560.6,35327.9,,,,
2021-12-08,37052.75,37384.8,36905.15,37284.7,0,37247.945,38302.873999999996,37148.148,35715.926,0.09867658470822317,-2.658218284090116,0.36758763855467586,4.392365467438805,1.8195770432350766,2.5293621046668546,-0.4199834677413916,-5.293785942167418,43.80306714810896,36.28250941124758,22.108041982433345,19.493744001279474,862.2249999999991,2.312543751190164,39220.3,35327.9,,,,
2021-12-09,37331.75,37397.55,36884.45,37082.45,0,37150.905,38281.098,37162.29,35715.84625,-0.18426199846276087,-3.1311745551290118,-0.21484144276362888,3.826323308803007,-0.5424477064318589,1.572795190128251,-0.755524926568496,-4.973445317855385,42.84227048497657,35.678895577172355,22.016102964931797,19.41150148330016,864.1964285714281,2.330472847860452,39117.15,35327.9,,,,
2021-12-10,37083.15,37153.25,36824.4,37105.65,0,37078.1775,38264.311,37174.27,35716.819749999995,0.07409344755416712,-3.0280461602980386,-0.18459004036930746,3.888448802892107,0.06256328802440869,2.5098661082433305,2.9982928758795824,-3.772153671402112,49.78641349977394,37.48319212542916,21.752889456812664,19.373072679987395,774.4285714285709,2.0870907029753445,39117.15,35327.9,,,,
2021-12-13,37358.2,37581.05,36861.9,36925.25,0,36987.7725,38247.956,37186.0045,35718.511,-0.16903559142416358,-3.4582397030575915,-0.7012167709494112,3.378469500030395,-0.48617932848501466,3.328165794061433,2.637280776730333,-4.668070280520531,46.81482839206338,38.91927427498661,21.645468305275035,19.367282695228784,768.567857142857,2.0814154464569823,39117.15,35327.9,,,,
2021-12-14,36778.95,37039.05,36545.4,36893.95,0,36897.3525,38237.333000000006,37204.151999999995,35723.77275,-0.009221528834633279,-3.513275886683856,-0.8337832831131256,3.27562617249042,-0.08476584451020397,0.7524905511983038,3.3580051155194024,-4.67258448130411,44.84759021418228,37.289236552601,21.645040413128765,19.279659286637962,757.125,2.0521657344903432,38724.7,35327.9,,,,
2021-12-15,36929.5,37083.5,36743.2,36789.55,0,36821.475,38228.606,37227.893000000004,35731.434499999996,-0.0867021215201065,-3.764343382021298,-1.1774585255201004,2.961301483711792,-0.2829732246072747,-1.3280246320876765,1.1677469207945101,-3.96153715629739,44.61937101270325,36.91476262142564,21.44485414280149,19.253788197606262,753.6071428571433,2.0484271834179633,38456.3,35327.9,,,,
2021-12-16,37092.95,37159.3,36385.75,36548.65,0,36746.83,38207.986000000004,37246.6065,35738.593,-0.5393118263534576,-4.342903601357064,-1.8738794365065183,2.2666169314499895,-0.6548055086294968,-1.439494963250798,0.11065991933330022,-3.9243931963865886,56.15941602401839,37.711138909660136,21.433406742655134,19.17640753458031,704.528571428572,1.9276459497917762,38241.0,35327.9,,,,
2021-12-17,36491.8,36550.75,35535.05,35618.65,0,36628.95,38165.539,37252.449,35734.42475,-2.7582008220273737,-6.673268783129188,-4.38574924295581,-0.3239866062206496,-2.5445536292038162,-4.00747595042803,-1.5981921228604978,-6.208090582930115,46.511106343974916,34.50652888439842,23.002222185450872,19.94226468046751,704.2250000000006,1.977124343567206,38241.0,35327.9,,,,
2021-12-20,35124.35,35231.1,34018.45,34439.85,0,36494.5025,38103.905,37247.3505,35723.879,-5.630032907011142,-9.61595668475449,-7.537450214076305,-3.5943157236648413,-3.3095021849508743,-6.7308955254196,-3.626745093869199,-7.24222167158649,39.58193299974271,30.20509146273197,24.46817708142362,21.177587912296563,729.3928571428581,2.1178746630512566,37891.9,34018.45,,,,
2021-12-21,34863.35,35050.0,34389.95,34607.85,0,36361.255,38040.998,37245.4545,35722.90025,-4.822179542482786,-9.024863122676226,-7.081681604932492,-3.1213877994130677,0.48780700264374754,-6.196408896309558,-5.490545736569596,-7.1498519027280105,34.09549671871463,34.727346528295215,24.511442959259274,21.15503494002677,722.9642857142873,2.089018201692065,37891.9,34018.45,,,,
2021-12-22,34865.25,35112.1,34687.6,35029.5,0,36240.6325,37986.083000000006,37250.4205,35721.56775,-3.341918770319474,-7.783332121924773,-5.962135380458323,-1.9373946710387648,1.2183651974913223,-4.784103094492876,-6.048593659061218,-6.443174033403698,37.256659284218514,36.85176067895153,24.99313421029285,21.377163765546822,730.6392857142871,2.085782799395615,37581.05,34018.45,,,,
2021-12-23,35350.5,35477.3,35046.25,35191.15,0,36131.9525,37924.03,37255.417,35720.425,-2.603796459657136,-7.206196176935831,-5.540850609724754,-1.481715293141113,0.4614681910960705,-3.7142274748862114,-5.100256320712349,-5.817247539458981,41.1014400452889,36.79619396243241,25.145566668140866,21.141715132545002,706.8285714285729,2.0085407025021143,37581.05,34018.45,,,,
2021-12-24,35282.2,35327.95,34583.4,34857.05,0,36073.530000000006,37850.741,37258.144,35712.87,-3.3722233449291017,-7.909200509443128,-6.444480970388641,-2.3963909929389593,-0.9493864224385917,-2.138205687189154,-6.059993558932398,-3.2433970382090394,42.04725406980429,35.71957358602312,22.120878883885755,21.14241066543931,713.7392857142867,2.0476181596385428,37581.05,34018.45,,,,
2021-12-27,34573.65,35143.7,34233.0,35057.9,0,36027.6025,37779.184,37261.623,35709.147000000004,-2.691554343645263,-7.203130697582033,-5.914189513430475,-1.8237540090218423,0.5762105513805738,1.7945780832378855,-5.057108618086536,-2.553197994799361,33.89177918163426,43.66903085660447,22.273127865456107,21.18485047784916,701.3035714285725,2.000415231455884,37581.05,34018.45,,,,
2021-12-28,35308.3,35352.4,35037.9,35183.8,0,36002.027500000004,37696.042,37261.3865,35708.92525,-2.272726167991513,-6.664471564415167,-5.575709052050431,-1.4705714224765063,0.3591201983005332,1.6642178002967745,-4.63531283584434,-1.4329617624729285,25.59023098015534,44.865358579544385,22.19157585337169,20.719881654436357,669.0250000000009,1.9015143333011237,37581.05,34018.45,,,,
2021-12-29,35168.85,35378.3,34890.8,35045.4,0,35936.052500000005,37603.254,37251.56,35707.7735,-2.4784372184451913,-6.802214510478268,-5.922329158832533,-1.8549840415000993,-0.3933628544955381,0.04539031387831294,-4.740884300025416,-3.6284989096628917,25.97563420646071,45.710740638076,20.991671387946763,20.572189772940565,667.1964285714291,1.903806001847401,37581.05,34018.45,,,,
2021-12-30,34977.65,35179.05,34751.25,35063.6,0,35863.82,37513.716,37243.8485,35703.76325,-2.2312737460761323,-6.53125379527851,-5.853982839609074,-1.7929853654852617,0.051932635952223194,-0.36244908165832257,-4.063214373171109,-3.9570508035854934,25.888228973562704,40.603653693407445,20.90327513995595,20.58050454446679,674.2642857142865,1.922975067347011,37581.05,34018.45,,,,
2021-12-31,35114.4,35596.95,35113.75,35481.7,0,35828.0475,37432.986000000004,37240.573000000004,35701.48025,-0.9666937613611333,-5.212744716651798,-4.723001979588249,-0.6156054271727387,1.1924046589625759,1.7920334623842127,-0.38448958621397633,-1.976536826794384,33.86103191905637,42.870437892836044,21.304702109162566,20.82472922329832,660.9928571428578,1.8629120282930578,37581.05,34018.45,,,,
2022-01-03,35585.2,36492.1,35526.6,36421.9,0,35862.347499999996,37360.82,37244.5025,35706.1065,1.5602785065869023,-2.5131140055277115,-2.208654820936327,2.0046809080121903,2.6498166660560374,3.8907065169334176,5.755106366607299,1.919638234940213,45.61385577432337,51.43548768258956,22.907630670006842,21.536915109640816,697.903571428572,1.9161646466235205,37581.05,34018.45,,,,
2022-01-04,36551.25,36887.8,36374.4,36840.15,0,35873.435,37291.15,37252.562999999995,35714.3945,2.6947935150341857,-1.2094022308242036,-1.1070728207344909,3.152105798685735,1.1483475601217874,4.707706387598831,6.450270675583725,0.605569877438672,50.444249341527645,57.091845581765746,21.538072019596488,21.647323716880692,710.2678571428577,1.9279722181990508,37581.05,34018.45,,,,
2022-01-05,36943.55,37862.4,36756.35,37695.9,0,35893.995,37221.22,37271.458,35728.851,5.020073691992208,1.275294039260401,1.1387856090845783,5.5054919062468555,2.3228732782032635,7.563046790734296,7.611869995289688,1.1028652503573877,59.09094510963018,56.9439074059753,22.155184975524097,21.743479812595613,734.0178571428577,1.947208733954774,37862.4,34018.45,,,,
2022-01-06,37242.55,37752.5,37058.45,37490.25,0,35914.385,37146.259,37286.99,35745.156,4.387837909517309,0.9260448003660391,0.5451231113050478,4.882043317981315,-0.5455500465567864,6.9207097959137265,6.533176665155871,1.099711588635599,66.75409542565569,51.40827218602486,22.15631425649585,21.75008041919843,711.0428571428581,1.8966074036392344,37862.4,34018.45,,,,
2022-01-07,37667.05,38134.85,37427.8,37739.6,0,35946.082500000004,37083.564,37302.6925,35764.57,4.989465820093175,1.7690748386535882,1.1712492335506375,5.522308810087746,0.6651062609611902,6.363562061569761,8.269632685496898,1.7084999184760141,85.43507909064549,54.47342087528335,22.258795229177807,21.770909963956804,647.2464285714289,1.7150325614776756,38134.85,34018.45,41829.6,29687.7,-9.777765027635933,27.1220067570071
2022-01-10,37930.55,38400.35,37929.35,38347.9,0,36017.215000000004,37060.343,37325.2265,35785.501500000006,6.471030589122445,3.4742177102894076,2.7398989795815556,7.160437586713702,1.6118347836225233,5.288027258325356,9.384475396415649,3.8527836642947566,86.69341783825678,57.8324495753548,22.773226355176302,20.858415454825433,647.2964285714287,1.6879579548591415,38400.35,34018.45,41829.6,29687.7,-8.323531661789731,29.17100347955551
2022-01-11,38370.0,38504.6,38031.75,38442.2,0,36094.627499999995,37046.875,37350.974,35809.69525,6.503938847962906,3.766377056094467,2.921546302915675,7.351374346029934,0.24590655550889018,4.348652217756976,9.261080383585618,4.19648749998307,85.78003774376177,59.66943096997085,22.7488098200402,20.75527439167553,645.0535714285714,1.6779829755543947,38504.6,34018.45,41829.6,29687.7,-8.098093216287035,29.488643444928357
2022-01-12,38719.6,38851.45,38604.6,38727.55,0,36191.527500000004,37026.151,37382.7045,35832.411,7.00722703676986,4.595127913781816,3.5975072376050345,8.079665641254234,0.742283220003026,2.736769781329018,10.506799751179896,5.267800231315678,86.13955484701697,61.3211741025673,22.741917060045573,20.473414445898584,642.2999999999998,1.6585092524572294,38851.45,34018.45,41829.6,29687.7,-7.415920783368706,30.449815917029614
2022-01-13,38717.55,38717.55,38376.15,38469.95,0,36287.5925,36996.781,37417.065500000004,35858.294499999996,6.014059764367113,3.9818842617685966,2.8139152173758597,7.283267473861595,-0.6651595569562407,2.6132127686531836,9.714775436635147,5.256828911601374,87.50778622150227,60.18263788736315,22.74751129337976,20.489292317103466,614.2178571428574,1.5966172483792087,38851.45,34018.45,41829.6,29687.7,-8.031752634498062,29.582116499425677
2022-01-14,38302.35,38448.05,38007.75,38370.4,0,36425.18,36976.148,37449.525499999996,35885.11425,5.34031678086423,3.7706794120361065,2.458975081006048,6.925673226747503,-0.25877340625604095,1.6714538574865712,8.141379922608017,7.725587578417481,85.1279984729262,61.23157356087273,20.318719063980744,20.28550306848095,582.182142857143,1.5172688917945683,38851.45,34018.45,41829.6,29687.7,-8.269742000879752,29.24679244266144
2022-01-17,38212.55,38617.5,38138.25,38216.15,0,36613.995,36948.996999999996,37474.566,35909.60400000001,4.3757994723056,3.4294652166065718,1.978899502131666,6.42320087963096,-0.4020025853261888,-0.343565097436882,4.926294344885895,10.964914190973541,81.96489748590095,67.70813449319624,15.322077362920854,20.270587724439533,593.9500000000002,1.5541858612131263,38851.45,34233.0,41829.6,29687.7,-8.6385000095626,28.72721699559077
2022-01-18,38337.4,38855.55,38095.4,38210.3,0,36794.11750000001,36924.437999999995,37500.806500000006,35931.28,3.8489372655832685,3.4824145461604816,1.8919419773011994,6.342718656279443,-0.015307664429820012,-0.6032433107366231,3.719175953409537,10.409343544889404,84.32125273819592,80.59809291945628,15.44230006054105,20.260606595552535,613.4250000000003,1.6053917399235291,38855.55,34233.0,41829.6,29687.7,-8.65248532139919,28.707511865183232
2022-01-19,38145.75,38330.5,37769.25,38041.35,0,36944.71000000001,36897.888999999996,37525.044499999996,35954.96725,2.968327535931374,3.098987587067659,1.3758957700902987,5.802766375764108,-0.44215826622665544,-1.7718652483826203,0.9164126602627887,8.598038795872043,81.26936122399681,77.85936840738691,15.543499259550996,20.277566973915377,622.9571428571429,1.637578957784471,38855.55,34233.0,41829.6,29687.7,-9.056385908543232,28.138420962216664
2022-01-20,38106.1,38167.95,37591.85,37850.85,0,37077.695,36874.441,37547.275,35974.931500000006,2.0852294081387712,2.6479289543670634,0.8085140666000319,5.2145158358397214,-0.5007708716961989,-1.609308044330704,0.961850081021054,7.5578661112239764,76.12735313254734,73.78457440082273,15.879283311902338,20.217009947806037,626.0107142857144,1.6538881274415618,38855.55,34233.0,41829.6,29687.7,-9.511805037581043,27.49674107458644
2022-01-21,37522.35,37741.0,37224.25,37574.3,0,37213.5575,36854.723,37559.54150000001,35999.40875,0.969384612046296,1.952468887094891,0.03929361065282512,4.374769766184008,-0.7306308841148801,-2.074776390134059,-0.4380014626546025,7.795410110723644,64.88811947702962,69.70864793787577,15.655683208516322,20.111162327029998,598.5964285714284,1.5931006793777354,38855.55,34233.0,41829.6,29687.7,-10.172939736454557,26.565210508055532
2022-01-24,37601.95,37694.7,36375.35,36947.55,0,37308.03999999999,36819.007000000005,37564.771,36021.63975,-0.9662528505919655,0.34912131117495326,-1.6430846869797173,2.5704278217928733,-1.6680284130376366,-3.3195389907146544,-3.6516993107836404,5.390083262260426,51.31659597420747,66.49023443662637,17.231281837595457,20.4037779897386,656.1642857142854,1.7759344955600178,38855.55,34751.25,41829.6,29687.7,-11.671280624246934,24.454066835760273
2022-01-25,36598.05,37788.8,36415.6,37706.75,0,37434.1875,36799.095,37576.095499999996,36045.2175,0.7281111684339349,2.466514461836626,0.3477064294772303,4.609578233228864,2.0548047164155703,-1.3178383838912566,-1.9131319227307375,7.170771775646734,50.136232939492466,69.20305352365898,18.36375012314783,20.962353691451945,675.2464285714284,1.7907839539908064,38855.55,34751.25,41829.6,29687.7,-9.856297932564496,27.011354870872445
2022-01-27,37058.2,38147.65,37012.25,37982.1,0,37581.0225,36792.595,37587.6035,36071.21375,1.0672341339302287,3.2330010970957535,1.0495388459655353,5.297537984842542,0.7302406067879019,-0.15575157033070886,-1.9248571107648327,8.379701758290658,56.06944975751816,69.8562386466848,18.190215021438977,20.91094664842022,706.7714285714283,1.8608013474016134,38855.55,34751.25,41829.6,29687.7,-9.198032015606174,27.938843359371045
2022-01-28,38246.6,38421.7,37581.5,37689.4,0,37712.3125,36785.552,37596.886,36097.4205,-0.06075601966863885,2.4570733640207383,0.24606825150360287,4.410230642380669,-0.7706261633769529,-0.42654260076060435,-2.028986260704768,7.4886777170627195,49.38708732174257,68.35932617662172,18.633517021720166,20.924700397668975,716.2821428571426,1.900486988004963,38855.55,35113.75,41829.6,29687.7,-9.897775737755076,26.952913159321877
2022-01-31,38091.8,38217.25,37647.85,37975.35,0,37836.995,36785.53400000001,37610.716,36133.33725,0.3656606450908586,3.2344671141650174,0.9694949705291391,5.097820711260214,0.758701385535443,1.0673518867949428,-1.029569668285979,7.027989076058927,45.06275097075151,69.49367003862918,18.44169855286906,20.991882120103096,709.7571428571428,1.8689943420064403,38855.55,35526.6,41829.6,29687.7,-9.214168913879167,27.916106670439266
2022-02-01,38460.45,38802.7,37690.6,38505.5,0,37941.175,36813.068,37631.083000000006,36167.00675,1.487368274704189,4.597367434846779,2.323656217919622,6.465819154359517,1.3960371662144144,4.216653066306142,0.7571406329522912,5.720733954022172,50.75201368593631,69.94459468372801,16.83153097448505,20.57667574747153,755.4178571428571,1.9618440408327567,38855.55,36374.4,41829.6,29687.7,-7.946764970260291,29.70186306113306
2022-02-02,38841.55,39386.6,38752.65,39330.5,0,38065.6925,36854.222,37656.706,36203.095,3.3226966775923037,6.719116197867366,4.444876299058133,8.638501763454197,2.142551064133702,4.306258163326193,2.9316702564491592,6.759880185069811,56.3490475638906,69.48079782460182,17.84807072627197,21.082075977258317,789.1214285714284,2.0063854478621637,39386.6,36375.35,41829.6,29687.7,-5.974477403561111,32.480791708350594
2022-02-03,39255.7,39424.85,38861.15,39010.0,0,38131.3975,36885.583000000006,37679.974,36238.25775,2.3041445045385522,5.759477896824875,3.529795429264357,7.648663103843625,-0.814889208120928,2.7062747978653157,2.546308162039468,3.4860555126684734,55.61236684853214,64.72572293367537,16.644250700984838,21.169804196155418,804.2857142857138,2.061742410370966,39424.85,36375.35,41829.6,30254.55,-6.740681240078793,28.939283512727844
2022-02-04,39128.0,39278.6,38562.6,38789.35,0,38196.3525,36914.075,37703.1495,36276.1625,1.552497715586842,5.080108332661733,2.880927759098743,6.9279309794689565,-0.5656241989233535,2.918459832207465,2.4794687569763996,3.4651676102453344,54.24696138757386,58.12074356289313,16.655952109385666,21.2110778626813,822.4142857142854,2.120206411590515,39424.85,36375.35,41829.6,30405.65,-7.268178514735976,27.57283596963063
2022-02-07,38592.05,38837.55,37802.7,37995.45,0,38209.145000000004,36953.474,37716.9735,36310.57625,-0.5592771049967409,2.8196970060243727,0.7383320403478212,4.640173536215909,-2.0466958069676355,0.052929071094798275,1.1208458973287483,0.6779351132497391,48.01956209619522,53.45048970726841,18.29952684335344,20.09520663951291,862.1000000000001,2.268955888139238,39424.85,36375.35,41829.6,30405.65,-9.16611681679959,24.9618080850105
2022-02-08,38176.1,38222.1,37319.05,38028.45,0,38193.1725,36994.514,37728.7355,36341.805499999995,-0.4312878172139366,2.794836012712572,0.7943931754616971,4.6410586287464515,0.0868525047077906,-1.238913921387863,2.9254984430632014,-0.8330312742027668,48.37609279979991,52.03290941465439,17.3376522446938,20.08714255729243,872.3071428571426,2.293827760156258,39424.85,36375.35,41829.6,30405.65,-9.087225314131624,25.07034054526049
2022-02-09,38283.6,38648.15,38192.0,38610.25,0,38201.575,37052.813,37738.152,36376.24525,1.0697857352740114,4.203289504632207,2.3109186692554475,6.14138357229159,1.5299072142041181,-1.8312759817444513,2.3961227101248372,0.43714979891891215,54.731370592149055,51.853317038366164,18.19270616584727,20.22411740371741,876.4821428571429,2.270076321332141,39424.85,36375.35,41829.6,30405.65,-7.696344215579395,26.983800708092076
2022-02-10,38801.45,39197.2,38520.0,39010.95,0,38215.745,37105.734,37750.142,36409.92425,2.080830819862322,5.134559526568052,3.339876178479004,7.1437274412895855,1.0378073180049352,0.002435273006917704,2.7087759760518804,0.7317787982973112,59.32226543666228,53.85110200765142,18.375910263898582,19.945110865414684,883.7035714285713,2.26527057512973,39424.85,36375.35,41829.6,30405.65,-6.738410121062601,28.301647884521447
2022-02-11,38567.65,38790.25,38396.4,38517.25,0,38218.11,37145.914,37763.8575,36438.83375,0.7827179313681378,3.69175463013241,1.9950093816554673,5.703849536622456,-1.2655421106125275,-0.70148120553708,2.1965061794562812,0.12295311015482202,57.32177937214159,48.6150989120986,18.801355552879297,20.186472146212648,882.8428571428568,2.29207136320183,39424.85,36375.35,41829.6,30405.65,-7.918674814007303,26.677936501933026
2022-02-14,37664.0,37796.55,36828.05,36908.55,0,38145.0175,37160.142,37760.584500000004,36454.7625,-3.2414915001677445,-0.6770480048219324,-2.256412370947281,1.244796204611142,-4.176570238010235,-2.8606056777850886,-2.8091906987032234,-3.8098377916310433,49.73724280112649,41.270950501470324,23.98150237454,22.27710687611219,909.2607142857139,2.463550354282988,39424.85,36375.35,41829.6,30405.65,-11.764516036490896,21.387143507867783
2022-02-15,36989.8,38231.6,36651.85,38170.1,0,38142.715000000004,37208.826,37772.83900000001,36477.0405,0.07179614770473146,2.58345694647823,1.0517107279121678,4.641438770231361,3.418042702842561,0.37248428479204065,-0.8710443962550829,-0.12049879435789279,52.92384191628857,49.008975132845805,27.144041650123636,23.310749847774954,924.0142857142849,2.4207803639872174,39424.85,36375.35,41829.6,30405.65,-8.748589515558361,25.536207908727476
2022-02-16,38296.5,38461.7,37762.8,37953.8,0,38129.89,37235.534,37774.66,36502.900499999996,-0.4618161762333868,1.9289799899203894,0.47423325583870085,3.974751266683608,-0.5666739149229216,-1.70019619142584,-3.5003368886741715,-0.6712849676657862,49.82007985148643,48.709891568931184,27.220745017356368,22.741597482666194,892.835714285713,2.352427726039851,39424.85,36375.35,41829.6,30405.65,-9.265687455772936,24.82482696472531
2022-02-17,38042.1,38124.5,37425.6,37531.65,0,38104.405,37240.473,37771.673500000004,36528.23,-1.5031201773128262,0.7818831946629767,-0.6354590034248891,2.7469713150623454,-1.1122733428536868,-3.792012242716458,-3.789669315560107,-1.3398578126170513,49.013328663193256,46.79399662700005,27.461558222829364,22.540999346231523,882.7428571428562,2.3519958678684687,39424.85,36375.35,41829.6,30405.65,-10.274901027023919,23.43643368913343
2022-02-18,37344.45,37817.55,37304.45,37599.15,0,38091.82,37250.807,37765.9525,36554.873999999996,-1.2933747980537507,0.9351287342580277,-0.44167428320521757,2.856735328919491,0.17984820811234314,-2.3836073447611072,-3.06836799276089,-0.6649784615140653,47.58089407891354,47.89079045275028,27.42066534408788,22.506095353232666,878.721428571428,2.337077908866099,39424.85,36375.35,41829.6,30405.65,-10.113532044293986,23.658431903281134
2022-02-21,37400.0,38054.4,37156.8,37685.6,0,38097.384999999995,37262.405999999995,37763.3585,36579.3835,-1.080874710954561,1.1357130293733668,-0.20590991661931643,3.0241529357650188,0.22992541054782656,2.1053387358755504,-0.8154923813246007,0.29621310310503635,44.40867987833983,49.20388686280838,27.30182519231073,22.51018746141985,863.3999999999994,2.291060776530026,39424.85,36375.35,41829.6,30405.65,-9.90686021381988,23.94275406051177
2022-02-22,36833.0,37659.4,36818.1,37371.65,0,38118.590000000004,37271.334,37759.645,36602.10275,-1.9595163409769412,0.26915054878368155,-1.0275387917444545,2.1024673234108207,-0.8330768251002985,-2.091820561119817,-1.7271279791839955,1.1478433617384542,35.64071926519419,49.027213072259364,26.769198909557936,22.565365849589707,862.4285714285709,2.3077080391916622,39424.85,36415.6,41829.6,30405.65,-10.65740528238376,22.910215700042592
2022-02-23,37628.55,37774.6,37318.0,37392.05,0,38102.854999999996,37281.296,37759.3145,36624.540499999996,-1.8654901319074202,0.29707658231623923,-0.9726461003416721,2.095615370246099,0.054586832532144136,-1.4800889502500358,-3.1551207257140224,-0.8345985798298594,37.59383506498486,52.265637742619475,25.724000908900003,22.563763420949886,854.778571428571,2.2859901273895677,39424.85,36651.85,41829.6,30405.65,-10.608635989825377,22.977308493651677
2022-02-24,36085.2,36709.15,34991.35,35228.1,0,37965.155000000006,37250.066999999995,37739.336500000005,36634.969,-7.209387134070722,-5.428089565583861,-6.654161765668578,-3.840235268112275,-5.787192732144941,-6.137619848847575,-9.696892795484347,-7.25078392190005,28.962494314187623,38.948757618586875,32.6436652274236,26.075254646000662,975.1142857142856,2.7680013560603203,39424.85,34991.35,41829.6,30405.65,-15.781886510987436,15.8603746343196
2022-02-25,35901.7,36684.65,35768.2,36430.75,0,37902.2225,37247.709,37727.8475,36652.761750000005,-3.882285530881476,-2.1933134196253588,-3.4380373807437685,-0.605716293670572,3.4138940221016822,-3.1075170582313683,-5.417053398152771,-3.3395331313313625,41.18260301145073,43.611453138576714,35.21548341643831,27.18488741913078,1005.2357142857139,2.7593055709413448,39424.85,34991.35,41829.6,30405.65,-12.906769369059228,19.815725037945246
2022-02-28,35938.95,36270.25,35611.9,36205.3,0,37813.72,37259.442,37712.4905,36671.52675,-4.253535489235119,-2.8291942751048174,-3.9965286832488482,-1.2713589842560737,-0.6188453435627794,-3.928025558834136,-1.9053850666038041,-4.661049865241518,39.94429276633299,43.85435301132975,35.08533683026275,26.59225679472563,999.2214285714284,2.759876119163295,39424.85,34991.35,41829.6,30405.65,-13.445741771377195,19.074251002691938
2022-03-02,35381.9,35553.7,34897.45,35372.8,0,37657.08500000001,37278.101,37691.003,36687.543,-6.066016527832685,-5.111046294981601,-6.150547386600442,-3.5836223755839822,-2.2993871063076377,-5.348573049356931,-7.328511059703791,-8.135720871044395,32.624155346475646,39.68956378085644,35.28647202221963,26.027330367933963,1048.375,2.963788560702008,39424.85,34897.45,41829.6,30405.65,-15.43595922504637,16.336273028203642
2022-03-03,35621.15,35804.15,34721.15,34944.3,0,37437.775,37284.83,37662.914,36694.96825,-6.660318354923598,-6.277432403473473,-7.218278436979131,-4.770867324568391,-1.211382757372892,-6.546177596574676,-7.929377295554064,-11.152159265709816,28.238662207357848,35.77716006485986,34.068989149020865,26.165146630713775,1077.3607142857145,3.083079970941511,39424.85,34721.15,41829.6,30405.65,-16.460353433931942,14.92699547616973
2022-03-04,34526.1,35097.75,34094.1,34407.8,0,37207.665,37272.396,37629.239499999996,36697.39525,-7.524968309621144,-7.685569771259132,-8.561000814273681,-6.239121971470165,-1.5353004638810952,-2.328538865280827,-8.323241850544804,-11.797487823634956,28.109901934150443,29.875805343885915,34.233981478006385,26.253604114129924,1105.1535714285721,3.21192744502285,39278.6,34094.1,41829.6,30405.65,-17.74293801518541,13.162520781499495
2022-03-07,33278.15,33543.3,32376.5,32871.25,0,36911.759999999995,37225.998,37575.013999999996,36693.325500000006,-10.946402989182838,-11.69813634009221,-12.518329334488062,-10.416269029635936,-4.465702544190564,-9.770592150861567,-12.574486391314698,-15.257022868390413,28.327643219101574,27.1740221687607,36.874281711287736,28.055142977465735,1129.5892857142867,3.4364050217569657,39197.2,32376.5,41829.6,30405.65,-21.416293725017688,8.10901921188989
2022-03-08,32531.9,33263.55,32155.35,33158.1,0,36669.8925,37192.019,37521.38,36692.443250000004,-9.576773370688237,-10.846195254955108,-11.628783376304387,-9.63234643689203,0.8726470700079814,-8.416447315724508,-12.013872672851168,-12.731392837826627,19.950957468494067,29.163660313548732,37.01930301210859,28.07659355183446,1095.9071428571442,3.30509631992528,39197.2,32155.35,41829.6,30405.65,-20.730535314705374,9.052429400456813
2022-03-09,33278.9,33969.5,32948.9,33815.45,0,36459.24250000001,37167.17,37473.177,36688.486000000004,-7.25136431454935,-9.017958590874692,-9.760920457851775,-7.830892776551224,1.9824718545393027,-4.402676632893088,-9.515769306412757,-11.078547771471092,26.435099507445244,34.37558404664897,38.116647431748824,28.422127897376676,1118.885714285716,3.3088003095795444,39197.2,32155.35,41829.6,30405.65,-19.159040488075433,11.21436312001222
2022-03-10,35153.95,35374.15,34218.05,34475.6,0,36252.51,37153.006,37424.524,36686.146,-4.901481304329006,-7.206431694921274,-7.879656665773489,-6.0255607116648395,1.9522141506323365,-1.3412774043263243,-7.799652599951068,-10.708684869950336,33.057241857241834,37.31455727613871,38.45141303425137,28.764826965390178,1180.3000000000018,3.4235807353606664,39197.2,32155.35,41829.6,30405.65,-17.580851836976688,13.385505654376725
2022-03-11,34331.0,34880.05,34094.3,34546.25,0,36029.275,37143.023,37373.138499999994,36685.56725,-4.116166645040739,-6.991280704319627,-7.563958001547004,-5.831495627207454,0.20492754295793336,0.4023796929765844,-1.9355287398411969,-11.444735388397353,33.0806149480708,34.939781360014806,38.11127841373892,28.75671861954076,1199.7750000000015,3.4729529254260636,38790.25,32155.35,41829.6,30405.65,-17.411952301719356,13.617863785184655
2022-03-14,34660.25,35435.1,34625.05,35312.15,0,35869.020000000004,37147.994,37330.855,36688.707,-1.5525096587528808,-4.941973448149037,-5.407604513746072,-3.751991041821127,2.2170278973839386,7.4256379054645105,-3.0704830397397798,-8.321206732048624,37.76742412138518,36.65435101062947,39.265592213773424,29.189179452233162,1199.1500000000015,3.3958566668979415,38461.7,32155.35,41829.6,30405.65,-15.580952244343713,16.13680352171389
2022-03-15,35467.95,35643.8,34706.05,35022.65,0,35774.725,37138.813,37285.8995,36688.345,-2.1022523583339834,-5.6979823237754,-6.069987663835221,-4.540120302510238,-0.8198311346094722,5.623211221390867,-3.266510704233916,-5.109656163680231,37.862848639543664,37.20254879701175,36.71302854801798,29.12687357758611,1204.1678571428586,3.4382545499636907,38461.7,32155.35,41829.6,30405.65,-16.27304588138542,15.184677847702647
2022-03-16,35555.75,35806.35,35461.55,35748.25,0,35653.63249999999,37125.34,37243.08,36691.379,0.2653796916765987,-3.7092993626455586,-4.013712077518835,-2.570437595163705,2.071802105209053,5.715730531458263,1.0614087660575366,-6.344887752455453,42.08348985272728,45.45707260539997,35.21627695545548,28.883367010992604,1227.5321428571442,3.4338244329642547,38461.7,32155.35,41829.6,30405.65,-14.538389083328548,17.571076428229617
2022-03-17,36302.0,36611.95,36261.65,36428.55,0,35577.37,37117.108,37204.129,36695.8885,2.3924758912758315,-1.8550960381934853,-2.084658399071775,-0.7285243958597651,1.903030218262436,5.664730998155232,4.247473836934779,-4.018701684679793,56.74527586265026,42.85614665501698,36.05272597218278,29.089448133910544,1117.7464285714293,3.068325334309022,38124.5,32155.35,41829.6,30405.65,-12.912028802570418,19.808489540595257
2022-03-21,36545.85,36600.2,35900.2,36018.5,0,35501.7125,37083.560000000005,37152.39,36699.295,1.4556692159568316,-2.8720543550835056,-3.0519974623436052,-1.8550628833605611,-1.125628113114585,4.261678185041795,4.681206005614991,-4.031663942299368,47.45708346441151,42.185594650687634,36.057336934360606,28.69724470093776,1063.7071428571435,2.953224434268899,38054.4,32155.35,41829.6,30405.65,-13.892315489509818,18.45989150042837
2022-03-22,35975.6,36468.8,35384.75,36348.55,0,35439.1825,37060.726,37103.4925,36704.169,2.5659945739436854,-1.9216461113039163,-2.0346939038151124,-0.9688790393265647,0.9163346613545897,2.9349671430371815,10.578545081187984,-3.3261390217597997,50.87236387774117,45.18705047677939,36.249271469039584,28.761515580110576,1082.650000000001,2.9785232148187504,38054.4,32155.35,41829.6,30405.65,-13.103280930250339,19.545380546049834
2022-03-23,36627.7,36827.6,36064.75,36147.35,0,35362.270000000004,37028.881,37056.2225,36706.660749999995,2.220106344982928,-2.380657951829553,-2.452685240650217,-1.5237309484764205,-0.5535296456117389,3.2113503689755074,9.015142604672754,-4.081797821979749,55.109741857596134,44.15751136866674,36.24879603997569,28.736759570678693,1043.721428571429,2.8874078696541488,37774.6,32155.35,41829.6,30405.65,-13.584280031365351,18.883661424768082
2022-03-24,35633.7,35957.7,35421.7,35527.1,0,35270.042499999996,36972.465000000004,37016.404,36707.838,0.7288267373083054,-3.9093011515461713,-4.023362182885197,-3.216582790847025,-1.7158934195729447,-0.6186316812711201,5.061739530303466,-4.935693232704475,53.74988740042977,41.67136121250474,36.592588454924105,28.706247634386617,1018.1964285714291,2.8659711278754223,37774.6,32155.35,41829.6,30405.65,-15.067081683783732,16.84374450143311
2022-03-25,35700.4,35717.4,35203.85,35410.1,0,35170.945,36911.823,36979.349,36707.670249999996,0.6799788859810245,-4.068406483201868,-4.243582005729748,-3.534874976163864,-0.3293260637654116,-2.795746742596139,2.7106127232013444,-5.3004582524895145,56.81706885763252,42.314488670869466,36.57875199026217,28.6958829450784,983.1892857142864,2.7765786758983633,36827.6,32155.35,41829.6,30405.65,-15.346787920515617,16.45894759691043
2022-03-28,35488.7,35770.8,35016.3,35710.5,0,35195.064999999995,36851.482,36938.8165,36710.79625,1.46450929981236,-3.0961631339548394,-3.3252730227564293,-2.7248012905740215,0.8483455285356545,-0.8551161208823266,3.3701197669790517,1.3693613904808943,73.214504721802,43.553006398877415,30.29050231567699,28.71378844715715,891.9892857142861,2.4978347704856727,36827.6,32155.35,41829.6,30405.65,-14.628636181077512,17.446921871428493
2022-03-29,35931.75,35977.2,35506.55,35847.4,0,35165.8975,36799.031,36897.906,36716.030750000005,1.937964188174075,-2.5860218982396606,-2.847061293939014,-2.365807883522387,0.38336063622743666,-1.3787345024767195,1.5157672359230379,-1.6012571797176745,72.5411965869277,52.811345251173485,27.670564638866274,28.71275775421513,846.4499999999997,2.3612591150264723,36827.6,32155.35,41829.6,30405.65,-14.301355977585246,17.897167138344354
2022-03-30,36241.55,36421.1,36070.55,36334.3,0,35172.3475,36758.309,36867.2285,36722.04625,3.3035966678084234,-1.1535051843652497,-1.4455344805753287,-1.055894999315286,1.3582575026361843,0.5171886735819031,3.7451477829347546,0.3563014254819086,71.73352200660929,49.53173019502748,28.0343648087735,28.902851111944443,814.528571428571,2.2417621130132437,36827.6,32155.35,41829.6,30405.65,-13.137347715493325,19.49851425639643
2022-03-31,36457.2,36590.85,36278.15,36373.6,0,35222.3875,36721.458000000006,36835.2275,36728.67725,3.268411319363293,-0.9472880951513619,-1.2532228829046932,-0.9667575218761848,0.10816225990315509,2.3826881451061377,1.7493164001034955,2.8292925637777966,68.34170854271352,50.8321466714133,26.646246818586445,28.897455170790405,725.5285714285704,1.994657035400869,36827.6,32155.35,41829.6,30405.65,-13.043395107770575,19.627766549966854
2022-04-01,36298.35,37209.8,36242.35,37148.5,0,35332.5975,36700.222,36812.33,36739.66675,5.139453729661388,1.2214585513951344,0.9131994633319821,1.11278431778373,2.1303912727912655,4.909333777651015,1.9763344958830364,6.3077526234607495,72.1345638582911,58.830110991765096,27.014402305022706,29.32145174736623,738.5071428571422,1.9879864405215344,37209.8,32155.35,41829.6,30405.65,-11.19087918603094,22.17630604838245
2022-04-04,37824.95,38765.85,37665.55,38635.2,0,35543.9675,36712.099,36804.994,36756.604,8.69692585668721,5.238330284520084,4.9727110402463275,5.110907416800523,4.0020458430353845,8.190028142983152,7.264877771145373,12.28616767128381,75.17824535349779,66.60622694141992,29.0444062593177,30.673842700756936,790.5428571428565,2.046172550272437,38765.85,32155.35,41829.6,30405.65,-7.636697458259227,27.06585782576592
2022-04-05,38731.3,38759.25,37935.95,38067.9,0,35803.8,36716.44,36795.4405,36771.926,6.323630452633515,3.6808034765897757,3.4581988493927787,3.5243571413692116,-1.4683501056031667,6.194312558232951,4.730174931324638,15.809103700041828,72.1413147007714,66.42213607566538,23.542388980279608,30.83956412321384,782.3678571428567,2.055190481068976,38765.85,32155.35,41829.6,30405.65,-8.992914108669451,25.20008616819571
2022-04-06,37711.3,37868.5,37513.85,37632.8,0,36027.535,36717.61,36786.16650000001,36787.063,4.455661482252392,2.492509724897678,2.301499668360377,2.299006582830494,-1.1429577150302461,3.573758129370863,4.109429875219073,13.495043443381881,64.30648234606423,73.7073493753952,24.468583812254057,30.905691210145243,765.9642857142857,2.03536352786475,38765.85,32948.9,41829.6,30405.65,-10.033086618088616,23.769102124111804
2022-04-07,37421.75,37975.9,37346.8,37557.35,0,36214.63,36729.806000000004,36774.4065,36802.05975,3.707672838297675,2.2530584561214244,2.1290445571161056,2.0523042871262067,-0.20048999808678358,3.2544207887039045,5.714651632134338,11.065651943120681,59.435760260804095,72.37449076640607,24.111683279429396,30.667711873902064,749.2071428571429,1.994834946707217,38765.85,34094.3,41829.6,30405.65,-10.21346128100675,23.520957453631137
2022-04-08,37619.7,37884.2,37405.2,37752.05,0,36378.4525,36730.712,36764.9035,36816.4635,3.7758546766111163,2.7806104058097305,2.685024047458747,2.541217735375384,0.5184071826153991,1.6246954789560952,6.613790980539469,9.503677963545254,65.03212715590126,71.01021530053477,23.525527969729502,30.343734201854517,733.4214285714287,1.942732721988418,38765.85,34094.3,41829.6,30405.65,-9.748001415265735,24.161298969106074
2022-04-11,37591.75,37941.75,37524.45,37613.8,0,36531.83,36723.346,36757.970499999996,36830.8075,2.961718588967487,2.424762710892426,2.3282827869944756,2.125917277268494,-0.36620527891862986,-2.6437031515301967,5.32980495932569,8.879545536780409,61.348856817386775,67.73715861819497,23.696101270122462,30.31165335364338,685.7964285714287,1.8232574974382503,38765.85,34625.05,41829.6,30405.65,-10.078508998412596,23.70661373790727
2022-04-12,37407.4,37920.6,37264.45,37747.4,0,36653.5925,36724.506,36755.029,36846.674499999994,2.9841754256421185,2.785317248379053,2.6999597796535517,2.444523182139566,0.3551887870940851,-0.8419166804578104,5.300244927107678,6.896351539059498,64.5280791755573,67.96511530021829,22.74331590346322,30.270081810482395,678.1750000000003,1.7966138065138268,38765.85,34706.05,41829.6,30405.65,-9.759117945187134,24.14600575879812
2022-04-13,37887.3,37988.6,37408.2,37463.4,0,36775.630000000005,36714.267,36749.9005,36859.8565,1.8701787025810208,2.040441117890224,1.9415004946748033,1.6374005688274986,-0.7523696996349472,-0.45013924023724616,3.1075320014421592,6.969061450232927,68.7244947297167,62.76335071700216,22.698759830554742,30.27078818103628,667.8000000000003,1.7825397588045941,38765.85,35016.3,41829.6,30405.65,-10.438062998450851,23.21196882816187
2022-04-18,36833.15,36965.85,36441.35,36729.0,0,36824.6675,36678.736999999994,36745.9025,36866.678250000004,-0.2597918908568643,0.13703579815195463,-0.04599832593578702,-0.3734490237129093,-1.960313265747371,-2.2055602964532905,0.9770822794554324,2.7434909401159446,61.393596986817336,59.61611072601958,23.143186006660237,30.40698345676119,704.1214285714289,1.917072146182659,38765.85,35016.3,41829.6,30405.65,-12.193757530552524,20.796628258234897
2022-04-19,36806.8,37123.55,35926.3,36341.6,0,36820.32,36618.959,36736.5905,36871.589,-1.3001516553902877,-0.7574191281625564,-1.0751964039776634,-1.4373912662131307,-1.0547523755070953,-3.7360885038031144,-2.172093085858118,-0.23868641491359144,55.37115525370643,53.47632746084845,22.537472024677754,30.052225739777462,735.7464285714289,2.024529543474775,38765.85,35016.3,41829.6,30405.65,-13.119895958842543,19.522522952148684
2022-04-20,36482.6,36513.85,36114.05,36314.9,0,36835.14,36565.057,36725.32,36878.112,-1.4123470142912393,-0.6841422399532954,-1.1175396157201578,-1.527225688777125,-0.07346952253064476,-3.453253858956029,-6.005663229386659,0.8229104487971428,54.05485107637866,49.2789208875015,22.148114838259595,30.012698679435225,730.6857142857147,2.012082407732679,38765.85,35016.3,41829.6,30405.65,-13.183726356455708,19.43471032521916
2022-04-21,36513.1,36913.35,36395.7,36816.1,0,36858.5175,36525.592000000004,36719.83349999999,36888.3315,-0.11508194815486868,0.7953546652987701,0.2621648597617013,-0.19581124182860288,1.3801497456966683,-2.467189793204305,-3.288334791254577,1.2862961521161065,54.16854127011592,55.002697040781754,22.44786390021936,30.183339166291418,732.4535714285719,1.9894925628422673,38765.85,35016.3,41829.6,30405.65,-11.985531776541015,21.083088176046218
2022-04-22,36514.15,36578.95,35991.5,36044.75,0,36853.3875,36486.578,36720.026,36895.13525,-2.194201279326079,-1.2109329628007355,-1.8389856259905646,-2.3048709382356836,-2.095143157477297,-3.786762546912459,-4.219856082991436,-0.283838234338063,47.474677663356914,48.194460953286566,23.653453990289048,30.199711550436987,769.0178571428577,2.133508644512329,38765.85,35016.3,41829.6,30405.65,-13.829560885114844,18.546224139263582
2022-04-25,35792.35,36270.15,35511.4,36082.35,0,36881.15,36447.656,36721.085,36901.4975,-2.1658760640598325,-1.002275701899744,-1.7394230045217907,-2.219821837853597,0.10431477538337397,-1.7605978926733656,-3.9273271410256605,1.562891426544799,40.76726564191381,49.606031953839064,22.771988218171984,30.200255443558387,754.1107142857145,2.0899711750640257,38765.85,35016.3,41829.6,30555.25,-13.739672385105283,18.088871797808885
2022-04-26,36515.35,36604.55,36265.9,36404.8,0,36930.885,36403.547,36728.18,36907.4615,-1.4245123018308363,0.0034419722891405316,-0.8804683488264252,-1.36195088898215,0.8936502195671991,0.1739053866643303,-3.5686803762974506,2.8090855433901663,25.806486603753186,55.51901504099807,22.888738175058386,30.058496071315016,675.8857142857149,1.8565840611285185,38765.85,35016.3,41829.6,30555.25,-12.968806777975395,19.144173259914428
2022-04-27,36067.55,36175.9,35747.15,36028.85,0,36946.802500000005,36343.905,36724.8195,36909.71,-2.4845248787090752,-0.8668716253798272,-1.8950930446370178,-2.3865264723022768,-1.0326934909682395,-0.7876932058191066,-4.213746018748454,0.891474496296607,26.92416509172392,53.76801797687122,23.098752397305983,30.014845515521056,664.0535714285719,1.8431162011237436,38765.85,35506.55,41829.6,31377.15,-13.86757224549123,14.825119553560462
2022-04-28,36189.95,36501.1,35951.1,36422.2,0,36975.542499999996,36302.004,36723.959,36912.9645,-1.4965094832618044,0.3311001783813265,-0.821695177254733,-1.3295179800582118,1.0917639613809538,-1.0699123481303086,-3.51070537308531,1.6034635705797218,36.16899734941958,54.28554224122356,23.367880985435427,30.027289553143866,663.7642857142861,1.8224167834844853,38765.85,35511.4,41829.6,31906.55,-12.927209440205026,14.152736663788462
2022-04-29,36474.05,36718.8,35978.95,36088.15,0,36963.235,36285.596,36722.869,36917.03475,-2.367447005111969,-0.5441442935097339,-1.7284025384835737,-2.245263617766585,-0.9171604131546052,0.12040588435209276,-3.670916147493286,-0.6774590400805858,34.15102481121902,51.4160681830213,23.124258202581473,28.606233660442705,671.6750000000009,1.8612065179290176,38765.85,35511.4,41829.6,31906.55,-13.725806605848485,13.105772952575576
2022-05-02,35627.6,36235.25,35618.2,36163.75,0,36952.7425,36245.469000000005,36727.1475,36922.49375,-2.13513922545803,-0.22545990507118172,-1.534008324496203,-2.0549634462325597,0.20948704768739557,0.22559506240587002,-1.5389746521822012,-0.5769294213385456,32.414358156735034,48.94583619203024,23.134733140442034,27.503529382925997,681.5357142857154,1.8845825288741223,38765.85,35511.4,41829.6,31906.55,-13.54507334519096,13.342714897097935
2022-05-04,36266.15,36309.3,35127.85,35264.55,0,36858.545,36191.684,36713.609000000004,36922.822,-4.3246281154071475,-2.5617321371395656,-3.9469260567654922,-4.491184341218548,-2.486467802702974,-3.132141915351816,-2.9636834921962563,-5.071402613833664,27.740034300766524,43.80367069866192,23.250090256400128,28.006619184816227,736.1178571428583,2.0874159946542865,38765.85,35127.85,41829.6,31906.55,-15.69474726031326,10.524484784472165
2022-05-05,35705.35,35934.85,35133.8,35232.85,0,36688.427500000005,36145.708000000006,36693.0905,36920.619249999996,-3.96740225511166,-2.525494866499799,-3.979606187709918,-4.571345996586983,-0.0898919736676218,-2.209340570126439,-2.9796309503812513,-8.806347579409445,25.70459617967319,38.32781910907195,17.030310425442828,27.916396923113957,746.4678571428578,2.118670096636684,38759.25,35127.85,41829.6,31906.55,-15.77053091590644,10.425132143713437
2022-05-06,34569.1,34797.95,34353.2,34591.2,0,36514.5925,36085.549,36668.178,36915.234,-5.267462590469829,-4.141128627418144,-5.664251984377306,-6.295596013288172,-1.821169732224337,-5.027153768855264,-6.043279978053084,-9.132891491256423,24.042945450601835,22.530906126884943,17.351940310229047,28.16945595518353,767.8428571428578,2.2197635732291965,37988.6,34353.2,41829.6,31906.55,-17.304492512479204,8.414103060343404
2022-05-09,34091.75,34554.35,33927.2,34275.4,0,36346.722499999996,36017.345,36639.875499999995,36907.07275000001,-5.6987875591808725,-4.836405903877701,-6.453284755293433,-7.130537736835292,-0.9129489581164996,-5.023117006552013,-4.908759250653693,-8.921472757807026,26.01095033242079,23.3279414867431,17.252905741649453,28.20678013386342,742.2678571428577,2.165599401153182,37988.6,33927.2,41829.6,32068.55,-18.059460286495682,6.881664434469292
2022-05-10,34181.2,34781.8,34176.8,34482.65,0,36192.9875,35959.565,36615.449499999995,36900.727,-4.725604649243175,-4.107154800120638,-5.82486226203503,-6.552925095486595,0.6046610688715592,-4.648577650271335,-4.433469549516589,-8.18667983763497,31.161263516320915,27.111957161436564,17.64608374241406,28.218666946679306,699.9642857142862,2.0299028227653215,37988.6,33927.2,41829.6,32068.55,-17.56399774322489,7.527936249066459
2022-05-11,34686.3,34793.2,34143.2,34693.15,0,36040.042499999996,35905.587,36593.4415,36898.79675,-3.737211186696005,-3.376736327970346,-5.192983830176233,-5.977557384713364,0.6104519229235494,-1.620324093175729,-4.701715158440645,-8.102606348529417,34.15532519808896,29.590120712015633,17.713916839816186,28.266457976602304,717.8357142857151,2.069099272581807,37988.6,33927.2,41829.6,32115.5,-17.060765582267095,8.026186732263243
2022-05-12,34289.1,34341.2,33297.65,33532.15,0,35835.96000000001,35871.668000000005,36560.8675,36894.38025,-6.428765965806427,-6.521910271917111,-8.284041673792338,-9.113122993846739,-3.3464819424007364,-4.82702932064819,-6.929724373661649,-10.851469407504698,21.57958961133373,23.56946010271824,20.53748038736628,26.21254802629933,774.7678571428581,2.3105224602146244,37988.6,33297.65,41829.6,32115.5,-19.83631208522194,4.4111099002039555
2022-05-13,33925.95,34002.2,33007.9,33121.35,0,35604.6575,35805.48,36526.5945,36886.6005,-6.974670378446985,-7.4964223353520305,-9.322644354375825,-10.207637594578557,-1.2250929331999338,-4.249202109206962,-9.062741954082941,-12.255281158437414,23.015931621407063,22.791334314491422,20.364056089904572,25.071828799322287,786.8892857142865,2.3757766084845167,37988.6,33007.9,41829.6,32115.5,-20.81839176085834,3.1319767713409363
2022-05-16,33256.0,33821.65,33001.75,33597.6,0,35411.3675,35753.326,36506.384,36879.4165,-5.121992252911446,-6.029441848291268,-7.967877618336562,-8.89877555410889,1.4378942887291801,-1.977511568063406,-6.901295854733491,-10.318871218309077,28.782949509439774,25.868204973133885,21.65236753379324,25.309905424264983,791.2571428571438,2.355100194231564,37123.55,33001.75,41829.6,32115.5,-19.679843938263815,4.614905575189546
2022-05-17,33796.2,34366.05,33680.6,34301.9,0,35290.0125,35731.907999999996,36505.0045,36876.1775,-2.799977755746036,-4.002047693618809,-6.035075273035512,-6.9808686109073985,2.0962806867157235,-0.5241766511564494,-5.14838754277418,-6.608129815676977,33.14281591688844,32.47214059987803,22.86278118751749,25.30221322297456,808.8464285714296,2.3580222336705243,37123.55,33001.75,41829.6,32115.5,-17.996108019201706,6.807927636188138
2022-05-18,34448.2,34655.8,34134.7,34163.7,0,35181.1175,35716.296,36500.562999999995,36873.00875,-2.8919419629009884,-4.347024114706645,-6.40226563080684,-7.347674740537694,-0.40289313419957784,-1.5260937677899045,-3.1216901959616794,-5.992856671142722,34.45617661030225,34.77078707716419,22.705765226848325,25.175981561211007,799.0928571428584,2.3390114570226834,36913.35,33001.75,41829.6,32115.5,-18.32649606976878,6.377605828961085
2022-05-19,33461.0,33633.95,33180.6,33315.65,0,35031.155,35694.453,36483.424499999994,36866.9225,-4.8970837530192695,-6.664349219751315,-8.682777297947984,-9.63267953814154,-2.4823130984056085,-0.6456490263821446,-5.4415126792183965,-8.259006633640741,25.934447310728444,32.96765151216658,23.963920249368726,25.55357781358973,830.0285714285726,2.4914074059145555,36913.35,33001.75,41829.6,32155.35,-20.353888155755726,3.6084197497461634
2022-05-20,33765.15,34358.05,33658.05,34276.4,0,34904.17,35722.556,36474.277,36864.847,-1.7985530095687616,-4.04829934341763,-6.025827461912406,-7.021450543386224,2.88377984520789,3.4873276602554126,-0.9100580494460941,-6.898340671608338,37.20705262637604,39.617500254660285,25.97160969334772,24.321791541698786,851.6392857142865,2.4846229058894354,36718.8,33001.75,41829.6,32155.35,-18.05706963489968,6.596258476427727
2022-05-23,34321.4,34819.95,34117.35,34247.6,0,34814.3125,35744.346,36468.1825,36863.16325,-1.627814709826602,-4.1873643456786125,-6.089095610947993,-7.095330458381103,-0.08402282620112445,1.9346619996666536,-0.08110773324309095,-4.98588560053822,36.37985570600988,36.256768615029,25.14094574453415,24.259275826120692,857.7500000000006,2.504555063712495,36718.8,33001.75,41829.6,32155.35,-18.12592040086446,6.506693287431174
2022-05-24,34223.2,34586.45,34115.8,34290.15,0,34724.7025,35753.84,36460.505,36861.064,-1.2514218084373738,-4.093798036798272,-5.9526191422746235,-6.974606050438472,0.12424228267091664,-0.034254662278188075,-0.5582517584930446,-4.966971386287189,42.11344211344212,39.8175445112468,25.144700876853776,23.86375432077964,806.9785714285712,2.3533830310703543,36718.8,33001.75,41829.6,32155.35,-18.024198175454696,6.639019634368784
2022-05-25,34491.8,34722.6,34285.8,34339.5,0,34621.4375,35751.117999999995,36452.062000000005,36856.72425,-0.8143437140644435,-3.948458339121017,-5.795452668768107,-6.82975576702262,0.14391888049483104,0.5145812660806826,-1.0193654943411068,-5.673152990814401,42.79004075703162,39.89950797155626,24.834334330138724,23.46002968604048,780.9607142857141,2.2742343781526055,36718.8,33001.75,41829.6,32155.35,-17.90621951919215,6.792493317597232
2022-05-26,34670.6,35222.05,34424.75,35094.9,0,34574.740000000005,35762.091,36452.557,36852.0585,1.5044509373027712,-1.8656375545825856,-3.7244492889758027,-4.768142056433558,2.1997990652164567,5.340583179376668,4.6604527296937315,-2.5922281727004837,53.99191631003331,42.77137023343082,26.150628254338155,23.970351457768075,781.1678571428571,2.2258728679747115,36718.8,33001.75,41829.6,32155.35,-16.100321303574496,9.141713587319071
2022-05-27,35326.6,35694.85,35291.95,35613.3,0,34534.295,35768.114,36458.054,36850.95125,3.124444845334195,-0.43282684683905476,-2.317057295488107,-3.3585327054481273,1.4771377037689382,3.9003512620928715,7.523696950758363,-2.2208982433790214,60.273204742306035,47.742300023362105,26.42151847677875,23.680990212272878,776.5928571428568,2.1806259379020103,36718.8,33001.75,41829.6,32155.35,-14.861007516208607,10.753886989256856
2022-05-30,35958.8,36083.7,35748.45,35826.95,0,34521.235,35784.2,36461.506499999996,36851.039749999996,3.7823530936827625,0.11946613309784766,-1.7403463567804003,-2.7789982506531565,0.5999163233960214,4.611564022004466,6.635444198395124,-0.7237832917453613,60.31221233507207,46.70157648297454,26.347155791835608,23.6340701436273,766.9785714285707,2.1407866743570714,36309.3,33001.75,41829.6,32155.35,-14.350244802723433,11.418317636100987
2022-05-31,35615.3,35881.95,35288.95,35487.4,0,34487.417499999996,35778.983,36452.1615,36848.332,2.8995574980353505,-0.8149560874885649,-2.646651008610286,-3.6933340700469173,-0.9477502271334703,3.4915274503027893,3.456076777088146,-1.870242991946347,55.974454833347124,46.67312750934514,26.531191154999373,23.279247732888,762.9071428571422,2.149797231854523,36309.3,33001.75,41829.6,32155.35,-15.161990552144886,10.362350277636546
2022-06-01,35358.95,35768.7,35285.45,35620.8,0,34505.229999999996,35762.828,36439.968,36846.2655,3.233046120834456,-0.3971386155479606,-2.247993192529691,-3.325887938358362,0.37590806877934035,3.731271567728145,4.265053258282925,1.010221312904891,68.58411410369342,47.01234241818954,24.9899765867839,22.88493869810673,697.7464285714278,1.9588174004273564,36083.7,33001.75,41829.6,32155.35,-14.843077629238616,10.777211257224707
2022-06-02,35470.95,35676.2,35385.0,35613.65,0,34524.270000000004,35754.731,36419.145500000006,36845.301750000006,3.1554034306880268,-0.39457995083223624,-2.2117364066106506,-3.342764725763182,-0.02007254188564067,1.4781349996723092,6.89765920820995,1.0808095286075403,73.89182867441238,52.130087253645726,24.985573994415613,22.748072767342663,647.5249999999994,1.8181933050950954,36083.7,33001.75,41829.6,32155.35,-14.860170788150013,10.754975455095352
2022-06-03,35929.55,35958.45,35175.1,35275.05,0,34558.4625,35733.261,36396.993500000004,36841.99175,2.0735514492289737,-1.28230949870485,-3.082516966682979,-4.253140711373179,-0.9507590488478379,-0.9497856138015903,2.91352067311621,1.9769478942621488,66.51634945797193,50.24819441503755,24.295318439787412,22.742155303290275,644.9142857142849,1.8282448521385084,36083.7,33001.75,41829.6,32155.35,-15.669645418555273,9.70196250390683
2022-06-06,35159.15,35424.5,35072.3,35310.2,0,34610.2025,35716.518,36372.6995,36837.696,2.022517782148191,-1.1376192942436307,-2.921145569632535,-4.146556831350164,0.09964550014811557,-1.4423499628073322,3.1026991672409077,3.019074905033925,61.43456566114762,54.553572559500445,23.994367997838744,22.71502390257843,615.1821428571415,1.7422221988466264,36083.7,33001.75,41829.6,32155.35,-15.58561401495592,9.811275573116134
2022-06-07,35080.8,35154.3,34834.4,34996.0,0,34635.87,35705.89599999999,36339.1805,36832.2035,1.039760225454124,-1.9881758463644028,-3.6962322251598443,-4.985320794070882,-0.8898278684346117,-1.3847168290717304,2.058462853035059,1.4887196894670218,59.076335877862654,54.56463076279883,24.21223939985237,22.475433891896355,611.9464285714265,1.7486182094280105,36083.7,33001.75,41829.6,32155.35,-16.3367567464188,8.83414424038302
2022-06-08,35165.65,35449.9,34831.75,34946.15,0,34648.520000000004,35696.617,36304.22,36827.596999999994,0.8589977291959292,-2.1023476818545492,-3.7408047879833246,-5.108796536466914,-0.1424448508400955,-1.8939776759646088,1.766624441241138,0.7292505869314292,71.52873138269786,52.99577295466592,24.14291923018598,22.46613375474697,585.8785714285696,1.6765182185407248,36083.7,33001.75,41829.6,32155.35,-16.45593072847935,8.679115605956717
2022-06-09,34802.25,35149.1,34659.1,35085.45,0,34726.185,35684.116,36267.799000000006,36825.251749999996,1.0345651271511669,-1.677682025246204,-3.2600517059224052,-4.724480261020887,0.3986132950267729,-1.4831391896084956,-0.026926989391629075,4.6322708206899765,63.641728632370544,52.55913473456231,20.55359129779554,22.399678015066133,546.4214285714266,1.5574017963897477,36083.7,33001.75,41829.6,32155.35,-16.122912961156697,9.112325009679568
2022-06-10,34686.95,34752.45,34346.65,34483.8,0,34794.3075,35656.844,36227.9375,36822.5015,-0.8924089091297468,-3.2898144322587677,-4.814343902409561,-6.351283603043632,-1.714813405556992,-2.243086827658647,-3.1715679254660456,4.113509865992793,53.33785540670405,56.69671444756418,21.081603590735455,22.69599236611049,549.0071428571407,1.5920726336921704,36083.7,33001.75,41829.6,32155.35,-17.561248493889483,7.241252233298671
2022-06-13,33728.65,33774.05,33210.35,33405.85,0,34784.72,35598.275,36178.292,36813.90875,-3.96401063455449,-6.158795615798807,-7.663274982688521,-9.25753028058995,-3.1259605959900183,-5.393200831487777,-6.757761964108022,-0.5707252899016635,40.332560783627706,51.830170472820846,23.627069849399554,23.466807295807936,606.3499999999985,1.8151012472366324,36083.7,33180.6,41829.6,32155.35,-20.138251381796625,3.888932945839495
2022-06-14,33180.6,33618.15,33123.9,33311.35,0,34735.1925,35537.03,36129.244000000006,36801.905,-4.099135192643596,-6.262988212577135,-7.799482325176821,-9.484712815817552,-0.28288458458622934,-4.813835866956229,-6.131894700654328,-2.8877409123109876,38.869824086603444,48.063457700504,22.273783399812988,23.460484427324264,610.4535714285703,1.832569293734929,36083.7,33123.9,41829.6,32155.35,-20.364167957618527,3.5950471694445874
2022-06-15,33317.8,33554.55,33249.55,33339.0,0,34693.957500000004,35460.84,36080.530999999995,36790.66875,-3.9054567355136807,-5.983614601346152,-7.598366553973376,-9.381913586444382,0.08300474162710181,-4.598932929664645,-6.405807842608824,-2.4139657004364157,27.436391673091606,42.8292697457589,22.263639221537197,22.873168417397746,569.1999999999987,1.707309757341248,36083.7,33123.9,41829.6,32155.35,-20.298066440989153,3.681035970686065
2022-06-16,33648.8,33756.5,32537.95,32617.1,0,34659.03,35340.478,36026.2885,36775.66650000001,-5.891480517487074,-7.706115350222496,-9.46305778903648,-11.30792966049985,-2.165331893578093,-7.035252504955758,-8.41404910757534,-2.0967623324173568,13.411894004151648,39.403655896297494,21.84059278121599,21.16472617506169,613.3857142857131,1.88056483956487,36083.7,32537.95,41829.6,32155.35,-22.02387782814084,1.4359974312206212
2022-06-17,32393.45,32889.8,32290.55,32743.05,0,34582.3625,35233.981,35975.2105,36761.24275,-5.318643282395769,-7.069683667025877,-8.984410251053296,-10.930513903804295,0.3861471436761743,-5.048022549719011,-7.177877848507663,-4.473486130398763,11.516671658180982,45.64609091047338,18.92442297202315,21.060686315668136,622.5892857142852,1.9014394985020797,36083.7,32290.55,41829.6,32155.35,-21.722775259624765,1.8276896379607148
2022-06-20,32873.4,32926.1,32426.4,32684.8,0,34504.222499999996,35135.021,35926.3155,36742.9285,-5.273043031182625,-6.973728576965989,-9.02267726285485,-11.044651762039061,-0.177900348318194,-2.1584542827079667,-7.435245339873465,-4.563239467875125,12.386256878271226,35.97264330536552,18.91829247766885,20.971457285074546,615.9249999999993,1.884438638143722,36083.7,32290.55,41829.6,32155.35,-21.862030715091706,1.6465378234104144
2022-06-21,32978.05,33593.8,32797.55,33191.75,0,34449.3025,35047.709,35888.7575,36726.76425,-3.650444011166839,-5.295521598858294,-7.514909090959752,-9.62517205691487,1.551026776972786,-0.3590367847595477,-5.155589210195455,-3.203252245907362,20.370573669508673,41.417737569801744,19.920475285430243,21.367477929304865,646.3357142857138,1.9472782070415504,36083.7,32290.55,41829.6,32155.35,-20.650089888500005,3.2231028429172794
2022-06-22,33051.65,33106.95,32758.15,32845.3,0,34374.5925,34949.574,35840.143,36708.119249999996,-4.448903648821425,-6.020885977036508,-8.356113422873324,-10.52306500284673,-1.0437834702900495,-1.4808482557965075,-6.011677967386964,-4.351257298446387,18.813297734518372,38.808721583207436,20.129025594833877,21.37091852948713,656.5071428571425,1.9987856492622764,36083.7,32290.55,41829.6,32155.35,-21.478331133933857,2.145677157922412
2022-06-23,32927.4,33431.75,32652.15,33135.0,0,34276.597499999996,34859.998,35791.672,36689.63775,-3.3305449877281323,-4.948359434788262,-7.422598195468484,-9.688396964344522,0.8820135605398516,1.5878174331869,-5.559142037511267,-5.5845721173162,25.622800123022117,41.00528705418481,18.511172528032002,21.52493365171369,656.2392857142853,1.9805018431093564,36083.7,32290.55,41829.6,32155.35,-20.78575936657295,3.0466158819605496
2022-06-24,33434.8,33721.9,33390.85,33627.45,0,34177.305,34777.599,35751.0525,36673.969249999995,-1.6088307723502577,-3.307154700357563,-5.93997197704879,-8.307034423332833,1.4861928474422692,2.7010312112035972,-2.4833400031319175,-5.576147113578367,32.640429153556454,38.593736640420275,18.522599783825175,21.834434298283707,673.0035714285714,2.0013517867949293,36083.7,32290.55,41829.6,32155.35,-19.608482988123246,4.57808731672956
2022-06-27,34126.2,34147.5,33735.5,33811.25,0,34076.52,34704.556000000004,35709.4115,36660.06375,-0.7784539031567684,-2.5740309139814497,-5.315577659407806,-7.770891424049968,0.5465772754104314,3.4464032210691276,1.2135599004366115,-5.626211553034787,37.439969467914786,35.224375005124514,18.489933300731977,21.86674607215024,676.1642857142862,1.9998204317033124,35958.45,32290.55,41829.6,32155.35,-19.169081224778623,5.149687377061675
2022-06-28,33578.2,33745.3,33503.3,33642.45,0,33984.27250000001,34642.825,35660.781,36645.932,-1.0058255623980452,-2.8876830916647243,-5.659805936387106,-8.195949280263914,-0.4992421161595706,1.3578675423862707,0.9939555136612599,-5.198887492462124,36.518933675263106,31.95582501817215,18.34390936635266,21.50332888762853,654.007142857143,1.9439938020481358,35958.45,32290.55,41829.6,32155.35,-19.572623214183263,4.6247358526652596
2022-06-29,33273.55,33422.8,33185.25,33269.9,0,33866.7275,34581.391,35600.175,36628.4405,-1.7622827596790962,-3.792476132611328,-6.545684115316853,-9.169215107588311,-1.1073807050318685,1.2927268132731262,-0.20726476498994506,-6.599795625028082,32.09004547651698,31.78255726068805,18.417183063560614,21.514832319657515,651.6642857142857,1.9587203018773296,35958.45,32290.55,41829.6,32155.35,-20.463260466272683,3.46614171514228
2022-06-30,33180.7,33659.3,33179.6,33425.1,0,33757.3,34523.595,35544.326,36612.15,-0.9840834426924082,-3.1818673576723473,-5.96220617602934,-8.7048971448003,0.46648772614283907,0.8755092802172904,2.4772282023846293,-6.145256102646046,38.547413513338036,32.026031434184574,18.607309133303566,21.561058959997524,633.1571428571434,1.8942565403159406,35958.45,32290.55,41829.6,32155.35,-20.092231338573644,3.9487985669569765
2022-07-01,33264.75,33666.5,33080.45,33539.45,0,33670.520000000004,34458.062000000005,35491.827,36597.48825,-0.38927227735124664,-2.6658841115324714,-5.500919972364343,-8.355869203674121,0.34210817619093614,-0.26169096972860073,2.432271886705717,-4.920191466773272,51.8258849255159,33.3134895095893,18.58276495499846,21.304972398851675,584.0571428571433,1.7414034602748207,35449.9,32290.55,41829.6,32155.35,-19.81886032857116,4.304415905906788
2022-07-04,33558.85,33978.5,33515.6,33940.9,0,33602.055,34415.985,35451.2815,36584.1275,1.0084055870987687,-1.3804195928142087,-4.26044260205374,-7.225066389788852,1.196948667911979,0.38345225331806176,3.8430707851967894,-3.8779162961410485,57.937938947660456,39.374487300993096,19.24924699847275,21.061496033640918,581.8178571428577,1.7142086896424602,35449.9,32290.55,41829.6,32155.35,-18.85913324535735,5.552886222665911
2022-07-05,34084.7,34361.05,33757.0,33815.9,0,33543.05,34370.655999999995,35409.156,36568.94575,0.8134322907427873,-1.6140396040156872,-4.499559379500605,-7.528370571087621,-0.3682872286827954,0.5155688720649199,1.8804371568236222,-3.372099668533546,55.86910505070397,38.26693258374033,19.086282820979587,21.063309358694465,603.1785714285722,1.783712902594851,35449.9,32290.55,41829.6,32155.35,-19.157964694857224,5.1641484232017465
2022-07-06,33929.4,34388.5,33876.15,34324.25,0,33511.955,34329.045,35366.296,36552.224,2.423896188688479,-0.013967764031881031,-2.946438043723895,-6.095317209699749,1.503286915326818,3.1690807606875815,4.502775130688397,-1.7795951771511387,72.17509904526861,44.88155378273557,19.984316071519164,21.257905716208757,557.0392857142864,1.622873874051979,35149.1,32290.55,41829.6,32155.35,-17.942676956031136,6.745067306062603
2022-07-07,34627.4,34965.75,34553.1,34920.3,0,33503.697499999995,34306.873999999996,35325.389500000005,36537.76575,4.228197499693902,1.7880556532198382,-1.1467375327878602,-4.42683266696458,1.736527382244346,4.473285046267628,5.387958352195565,-0.4707079430361971,75.20344496278382,49.81816902894525,20.952079550520665,21.546060867573658,560.0571428571433,1.6038153820475287,34965.75,32290.55,41829.6,32155.35,-16.517729072235916,8.598724629027533
2022-07-08,35258.9,35262.1,34977.75,35124.05,0,33535.71,34280.911,35291.4575,36527.6575,4.736264716029581,2.459499982366288,-0.47435700268257236,-3.842588318180541,0.5834715051130646,4.724585525403691,4.450530741997993,1.8566689285983484,77.31614723898906,50.26907580130221,20.04822021619144,21.437063196347562,548.7785714285718,1.5624011793303214,35262.1,32290.55,41829.6,32155.35,-16.03063380955112,9.232367242154119
2022-07-11,35017.6,35543.1,35006.55,35469.65,0,33638.9,34268.541,35277.0685,36518.826499999996,5.442359886916635,3.5049901891066915,0.5459112907865352,-2.87297429998194,0.9839412026802163,4.504152806790618,4.904876335539221,6.177959848349923,76.46566747995823,57.126643678659455,16.22046403439967,21.472592970731,522.1749999999998,1.4721740981374212,35543.1,32290.55,41829.6,32155.35,-15.204424617973869,10.307149510112634
2022-07-12,35298.7,35419.65,35047.5,35132.25,0,33729.945,34247.91099999999,35246.69,36509.764500000005,4.157448225901347,2.582169172303699,-0.3246829702306864,-3.773002972944415,-0.9512357748102995,3.892695447999306,4.428333846078392,5.466305028166074,76.62680902094563,63.97645763507717,16.707989847434636,21.565163406250004,521.3571428571429,1.483984495320234,35543.1,32290.55,41829.6,32155.35,-16.011030466463936,9.25786844179896
2022-07-13,35259.8,35308.15,34757.6,34827.8,0,33804.384999999995,34239.176,35215.43,36495.045,3.0274622656202985,1.7191535216852283,-1.1007390794319347,-4.568414698488509,-0.8665826982330982,1.4670386097292765,4.682611008749649,4.465640841057028,69.64169683467934,61.8731453715521,17.18348994164381,20.920454134977465,504.9964285714289,1.4499808445306015,35543.1,32290.55,41829.6,32155.35,-16.738864344865828,8.31105865742405
2022-07-14,34817.95,35027.6,34558.45,34651.2,0,33906.090000000004,34227.543,35186.6255,36479.1495,2.197569817103633,1.2377663217017922,-1.5216733414802872,-5.010943306120671,-0.507066194247141,-0.7706119363235842,3.66820144143174,6.236299364443809,62.818185232949766,60.039785768936476,14.993606824223422,20.94893700598488,496.5857142857146,1.4330981734708022,35543.1,32290.55,41829.6,32155.35,-17.161053416719266,7.761849894341062
2022-07-15,34734.45,34899.95,34463.9,34682.65,0,34003.07,34229.372,35157.4605,36461.7065,1.9985842454813691,1.3242369740233575,-1.3505255875918558,-4.879246395118667,0.09076164750427829,-1.2566887930065107,3.408523395583418,5.923699838591712,61.34340015620933,67.67073598480637,15.00962175405557,20.541505951642762,490.58571428571406,1.4144989332871452,35543.1,32426.4,41829.6,32155.35,-17.085867424025086,7.859656324686259
2022-07-18,34841.85,35382.5,34804.4,35358.7,0,34136.765,34251.038,35134.1915,36448.775,3.57952781993255,3.2339516250573097,0.6390028926665248,-2.9907040771603555,1.949245516129805,-0.312802635492615,4.177261062611759,8.180866947327182,69.73495084229287,70.45186210347711,15.99262677863645,20.87982645601234,518.5785714285713,1.4666222780491684,35543.1,32652.15,41829.6,32155.35,-15.46966741254997,9.96210583930823
2022-07-19,35113.25,35761.65,35110.5,35720.35,0,34263.195,34275.792,35117.6785,36438.66175,4.252828727735399,4.214513846973973,1.7161484635153108,-1.9712901503579527,1.0228034401717379,1.6739605348362163,5.631818168376412,7.618158126642904,78.24823913218893,72.65995326998156,15.592763577127771,20.955777841508453,532.432142857143,1.4905569034377968,35761.65,32652.15,41829.6,32155.35,-14.605088262856924,11.086802040717952
2022-07-20,36061.3,36182.7,35876.55,35972.1,0,34419.534999999996,34301.371,35103.479,36431.39675,4.510708816955263,4.870735341744793,2.4744584432785115,-1.2607168293650486,0.7047803283002585,3.285593692395139,4.800833230150681,9.51977908559214,78.72189269040794,71.57701948671783,14.696070976904746,20.96914368409497,531.192857142857,1.476680141395295,36182.7,32652.15,41829.6,32155.35,-14.003241723564175,11.869719968838778
2022-07-21,36026.55,36331.7,35887.35,36201.0,0,34572.835,34354.748,35113.208,36426.27225,4.709376595815764,5.3740810440524855,3.097956757468589,-0.6184334440096373,0.6363264863602724,4.472572378445783,3.6674942655131826,9.253055681303767,79.25776913014319,76.52601457638369,14.628165127361278,19.474154991550538,521.0714285714281,1.439384073841684,36331.7,33080.45,41829.6,32155.35,-13.45602157324,12.581576627217562
2022-07-22,36322.9,36823.45,36286.35,36738.95,0,34728.41,34427.1,35116.29,36422.06875,5.789323496238364,6.715204010793818,4.62081842928167,0.8700254018382703,1.4860086737935374,5.928901049948587,4.597704421898929,9.252857412619742,79.86211165540713,77.41250922256616,14.62799168917207,19.433075443231367,532.4678571428564,1.4493279125910141,36823.45,33080.45,41829.6,32155.35,-12.169970547172342,14.254548620991525
2022-07-25,36766.7,37011.2,36464.65,36726.4,0,34874.1675,34489.676,35121.501000000004,36416.995749999995,5.311187715090254,6.485198643211383,4.569562673303733,0.8496149768202856,-0.03415993108130122,3.8680720727855,3.5431700059064486,8.621834448593301,81.82613449972663,75.42769932634795,14.720764073819778,19.236633631910127,528.3607142857129,1.4386400907404835,37011.2,33080.45,41829.6,32155.35,-12.199973224702118,14.215519345925337
2022-07-26,36688.55,36695.75,36334.1,36408.5,0,35012.47,34531.808000000005,35131.858,36411.430499999995,3.9872365474358102,5.434676342460827,3.6338584768274993,-0.008048296811615067,-0.8655898754029834,1.9264928815087234,3.632702146887823,8.221904171664086,73.78167752535913,70.85223395287223,15.076797564064565,18.869255619822336,515.4821428571419,1.4158291136881274,37011.2,33080.45,41829.6,32155.35,-12.959961367070205,13.226881374328073
2022-07-27,36370.55,36808.3,36248.6,36783.75,0,35188.1625,34584.209,35150.2525,36406.583249999996,4.534443934092898,6.359957517027488,4.647185678111409,1.0359850233954706,1.030665915926221,2.2563319906260704,5.616059584584709,10.561648817700075,72.3905076599579,74.41096018152999,14.121273171573453,18.936863580020372,509.639285714285,1.3855011675380704,37011.2,33080.45,41829.6,32155.35,-12.06286935567158,14.393872248319491
2022-07-28,37102.45,37414.4,37028.5,37378.15,0,35385.814999999995,34665.459,35179.956,36404.59775,5.63032107639744,7.825342800163121,6.248427371540781,2.674256303244006,1.615930947769062,3.2517057539847016,7.86971302581152,11.826591393892617,74.75999033370678,80.86102117622312,14.656800863690528,18.223286792143618,530.2714285714283,1.418666864388495,37414.4,33080.45,41829.6,32155.35,-10.641866047009767,16.242398232331485
2022-07-29,37717.3,37754.65,37221.15,37491.4,0,35583.4125,34729.759000000005,35226.1575,36400.58575,5.362013831585161,7.951800068638529,6.430569385832105,2.9966942221527386,0.30298449762762303,2.048098816106614,8.098429618267344,11.782989882064276,73.40232200113437,80.73963199830663,14.665329581806441,17.187010058111156,530.0535714285714,1.413800422039645,37754.65,33515.6,41829.6,32155.35,-10.37112475376288,16.594594678646022
2022-08-01,37594.15,37939.6,37407.2,37903.2,0,35781.527500000004,34802.871,35273.6085,36397.494249999996,5.929519079362929,8.908256448153367,7.454841202311339,4.136839035286066,1.0983852296793328,3.2042345560686414,7.196248730863974,11.674115889678816,81.53142388966646,81.56853383105091,14.612857876402053,17.296389668549956,537.9285714285714,1.4192167717463737,37939.6,33757.0,41829.6,32155.35,-9.3866544265305,17.87525248520075
2022-08-02,37767.7,38179.85,37632.3,38024.0,0,35991.9325,34877.548,35315.693999999996,36394.4355,5.645897174318154,9.021425474061415,7.66884547136467,4.4775100303451625,0.31870659997046413,4.437150665366607,6.449124938585427,12.44414609695439,87.95691518419109,80.78842992655595,14.234089715844672,17.29700575145866,537.7142857142852,1.4141444501217264,38179.85,33876.15,41829.6,32155.35,-9.097863713733814,18.250928694602926
2022-08-03,37954.55,38068.6,37692.95,37989.25,0,36175.1825,34950.543000000005,35350.830500000004,36387.67724999999,5.014674079391298,8.694305550560385,7.463529039296533,4.401415179640264,-0.09138964864295884,3.2772623780881416,5.607540288167789,10.677582175866917,91.0236084995515,81.90317476091823,14.003609017140267,17.309884464972008,531.0357142857138,1.3978578526444028,38179.85,34463.9,41829.6,32155.35,-9.180938856694777,18.142859586351886
2022-08-04,38111.05,38231.85,37249.5,37755.55,0,36316.945,35003.756,35382.923500000004,36378.031,3.9612500445728656,7.8614249282277076,6.705569425318962,3.7866782839346094,-0.6151740294951802,1.0096807894451665,4.294218391757143,8.119202870536624,85.97653780410715,77.38030641557614,13.762667162246553,16.789893876160363,570.0571428571426,1.5098631667586424,38231.85,34463.9,41829.6,32155.35,-9.739634134679738,17.416075396473694
2022-08-05,37868.25,38150.45,37779.9,37920.6,0,36456.7725,35049.901999999995,35409.008,36369.9315,4.0152416125152035,8.190316766078274,7.093087725021826,4.263600276508631,0.4371542726830713,1.144795873186899,3.216341240019105,7.961923525333758,84.07053754288917,75.70951156812339,13.745830513710574,16.527978708011975,548.2749999999994,1.4458500129217349,38231.85,34463.9,41829.6,32155.35,-9.345057088760113,17.929364786886165
2022-08-08,37847.35,38302.35,37681.45,38237.4,0,36595.159999999996,35098.111000000004,35441.1555,36363.5275,4.487587976114889,8.944324667501327,7.889823174642261,5.153164802287141,0.8354298191484366,0.8817197492560158,4.114206674218002,7.803150016986349,83.8782185014201,76.1711821521339,13.670238154959899,16.570746705748125,546.1142857142851,1.4282202391226522,38302.35,34463.9,41829.6,32155.35,-8.58769866314762,18.914581865848152
2022-08-10,38298.85,38402.95,38155.3,38287.85,0,36752.939999999995,35154.12,35466.5515,36354.81575,4.176291747000386,8.914260974247103,7.954814834478613,5.31713394806573,0.13193888705820278,0.6939038501998729,5.161844074872612,8.982060642287347,82.9545616257063,74.92702860478693,12.783253308793341,16.383929432343695,530.7785714285704,1.386284608377254,38402.95,34463.9,41829.6,32155.35,-8.467090290129478,19.071476441711877
2022-08-11,38712.95,38932.1,38648.9,38879.85,0,36955.5425,35219.301,35491.0645,36347.59675,5.207087678390854,10.393587879555017,9.548277989802187,6.966769405462829,1.5461824051232975,2.3443474140710796,5.698440207972277,11.634527590028632,84.55109437271881,81.7190012695726,12.390252076683524,16.67235715002855,545.057142857142,1.4019013521326396,38932.1,34463.9,41829.6,32155.35,-7.051824545298066,20.91253865997416
2022-08-12,38942.45,39088.9,38739.95,39042.3,0,37175.097499999996,35287.874,35521.3025,36336.84625,5.02272388122185,10.63942248263525,9.91235470602466,7.4454831093108425,0.417825686055906,3.4081082119052697,4.452200015249552,12.672288405596355,82.8941919083731,86.54930188188362,11.75786754136837,16.674225073044873,525.5214285714283,1.3460309166504747,39088.9,34463.9,41829.6,32155.35,-6.663463193528017,21.417742304157798
2022-08-16,39284.1,39444.6,39119.9,39239.65,0,37402.947499999995,35367.166,35550.2135,36326.852999999996,4.910582247562193,10.949376039912286,10.37809941704008,8.018302603861684,0.5054773924692002,3.47845234516333,4.663069397248432,13.139134408702912,84.09229642290322,89.6496003456471,11.610430305169258,16.481490915964173,515.2178571428568,1.313003192288557,39444.6,34804.4,41829.6,32155.35,-6.191668101057617,22.031481541951816
2022-08-17,39351.3,39504.5,39202.8,39461.7,0,37608.097499999996,35450.196,35583.357,36319.78975,4.928732435880335,11.31588665969574,10.899317340969244,8.650684025504287,0.5658817038378228,3.2018390371730154,4.111790033559171,11.603933402528943,92.52249240968224,89.97967156612604,10.497561152763577,16.497420991607132,508.7464285714278,1.289215691598253,39504.5,35110.5,41829.6,32155.35,-5.660823914166048,22.722035368919943
2022-08-18,39324.4,39703.7,39291.15,39656.15,0,37804.8875,35543.399000000005,35624.6475,36320.52575,4.896886679004148,11.571068371935942,11.316610220494118,9.183854531621147,0.4927562674694741,3.5737185556253603,4.292420576478029,11.018369080930057,92.1259496084241,89.10149674719085,10.350184494972424,16.306573656152946,498.23571428571296,1.2563895241613543,39703.7,35876.55,41829.6,32155.35,-5.195961711324032,23.32675588976641
2022-08-19,39732.65,39759.15,38848.4,38985.95,0,37955.58,35624.195,35660.406,36319.8775,2.7146733102220946,9.436718499884691,9.325592086640837,7.340532742710915,-1.6900279023556397,0.2728919993261192,2.623636949926622,8.378298737076783,73.0667699635591,78.13329198111583,12.96271375576709,16.861498485341748,518.2428571428557,1.3293067300985502,39759.15,35887.35,41829.6,32155.35,-6.798176410962576,21.242499304159335
2022-08-22,38693.65,38732.85,38247.25,38297.75,0,38060.4175,35688.441,35686.2785,36312.5475,0.6235677787822396,7.311356077448162,7.3178588795690755,5.466987685179618,-1.7652513277219062,-1.9070341655076706,1.4360802583990973,5.791967072732795,59.930296424920876,68.6342694603582,15.034872081978005,17.43661196528896,532.8999999999984,1.3914655560705222,39759.15,36248.6,41829.6,32155.35,-8.443422839329084,19.102264475429447
2022-08-23,37955.45,38869.9,37950.85,38697.65,0,38158.35249999999,35772.718,35714.781,36306.3435,1.413314424410771,8.17643210672446,8.351917375609831,6.586470212843104,1.0441866689296475,-1.3812559490209542,2.0491500661909523,5.331398964858836,59.8125069476181,69.47085201793726,14.643946807141559,16.9879935339582,560.5178571428556,1.448454511172786,39759.15,36248.6,41829.6,32155.35,-7.487401266089079,20.345914443475202
2022-08-24,38552.7,39120.8,38552.2,39038.5,0,38273.9575,35885.371,35741.823,36304.52575,1.9975527746248956,8.786669643181343,9.223583811044007,7.530670607920004,0.8808028394489131,-1.07243225709992,2.0950692254180447,6.295471377537676,61.88440091841995,68.50253051503428,14.756507535010567,15.196400790125667,562.0214285714277,1.4396593838683036,39759.15,36248.6,41829.6,32155.35,-6.672547669592821,21.405924675054077
2022-08-25,39190.05,39471.75,38803.7,38950.75,0,38401.06999999999,35998.159,35767.5945,36301.411,1.4314184474547393,8.20206111095848,8.899551520021848,7.298170861733171,-0.22477810366688944,-1.7787909315453043,1.73135864249363,6.982572750868621,61.12538183837823,67.68346490495837,14.245985820471374,15.185167557493138,582.9071428571422,1.4965235402582548,39759.15,36248.6,41829.6,32155.35,-6.882327347141734,21.133030739830236
2022-08-26,39129.65,39337.1,38846.8,38987.15,0,38511.24,36111.122,35785.981,36299.1555,1.2357690897514686,7.96438282920148,8.945315764852168,7.405115802211984,0.09345134560951873,0.003078031957670646,0.27597843098674524,5.990145104835709,64.93246683964206,71.46067228709109,14.031817235687463,15.184355022270527,547.7607142857133,1.4049775741127866,39759.15,37028.5,41829.6,32155.35,-6.795307629047366,21.246231187034205
2022-08-29,38111.6,38397.1,37943.85,38276.7,0,38556.1675,36224.314,35782.396,36293.695,-0.7248321555818692,5.665769129541,6.970757352302502,5.463772702118088,-1.8222670803072383,-0.054964064468543405,-1.9609500464880525,2.4039445504927315,53.813205405521146,61.76839217726485,15.012286362349458,14.912914406630643,594.0749999999997,1.552053860442514,39759.15,37221.15,41829.6,32155.35,-8.493746055424872,19.03680102999967
2022-08-30,38516.95,39606.55,38472.7,39536.75,0,38658.435000000005,36360.188,35797.084500000004,36296.2625,2.2719879891671635,8.736373970343601,10.446843792544042,8.927882037441192,3.2919504554990375,2.168348724018121,0.7571423292511481,5.45551779874851,61.575397992000035,65.39943213434728,18.766922447770334,16.333505849656376,644.7142857142857,1.6306709218999682,39759.15,37249.5,41829.6,32155.35,-5.481405511886316,22.955433543718236
2022-09-01,38806.7,39667.65,38803.3,39301.25,0,38728.3375,36492.517,35813.769,36299.967749999996,1.4793108534545243,7.696736840596663,9.737821785805341,8.268002524602805,-0.595648352482181,0.6730535240851987,-0.4065967761145539,3.6884748517275634,58.73982337518973,62.69010440404152,18.741575389967373,16.433894698188116,688.7642857142861,1.7525251377864217,39759.15,37249.5,41829.6,32155.35,-6.044403962744082,22.22305152952775
2022-09-02,39422.3,39595.85,39200.45,39421.0,0,38798.1875,36617.102,35832.4055,36303.405999999995,1.6052618437394788,7.657345466607382,10.014941642698252,8.58760745479365,0.3046976877325802,1.2072938261779242,-0.5929723384645258,3.6739953713444073,55.08088670228248,61.09681381508723,18.740344120674624,16.21174674833005,670.9892857142861,1.702111274991213,39759.15,37249.5,41829.6,32155.35,-5.758123434123202,22.59546234141442
2022-09-05,39412.05,39865.2,39407.4,39805.75,0,38889.0125,36756.311,35852.9425,36308.922999999995,2.3573175070979313,8.29636847941568,11.025057427294852,9.630764867357826,0.9760026381877784,2.0996661720592558,2.102808832412717,4.781615851852816,56.88084143736533,62.54250054555565,18.912143187983403,15.95093913060501,678.7642857142855,1.7051915507540631,39865.2,37249.5,41829.6,32155.35,-4.838320232562584,23.791997288165117
2022-09-06,39892.95,40073.75,39564.3,39666.5,0,38984.560000000005,36886.941,35873.4695,36315.72,1.7492566287781495,7.535346994482414,10.57335839791019,9.22680315852198,-0.3498238319840752,3.630929521092474,3.5739697501811385,5.061375082603736,53.8878414441985,61.63569134286526,18.775868561051617,15.995226345895855,686.4178571428571,1.7304724569671062,40073.75,37681.45,41829.6,32155.35,-5.1712184673054455,23.35894337956204
2022-09-07,39337.75,39572.05,39258.25,39455.9,0,39061.325,37003.51,35890.5545,36322.79175,1.0101423850829545,6.627452368707723,9.933938189781948,8.625736346380933,-0.5309266005319335,-0.2044932878903727,1.9594213085290635,4.0487228577607,49.94706193753312,61.83387270765909,18.96399674348346,15.909149084399798,694.0285714285716,1.7589982016088128,40073.75,37681.45,41829.6,32155.35,-5.674689693422833,22.70399793502482
2022-09-08,39763.9,40265.75,39706.4,40208.95,0,39159.902500000004,37131.464,35918.01,36333.95525,2.6788817975223336,8.288081504138908,11.946485899413679,10.664940613642656,1.9085865485263254,2.309595750771276,2.998194090449169,5.156077557574501,54.578660526446534,64.72128405545368,19.800993580582595,16.29580750554832,722.4071428571432,1.7966326970914266,40265.75,37943.85,41829.6,32155.35,-3.874409509055792,25.045909934116718
2022-09-09,40520.75,40685.95,40280.3,40415.7,0,39266.295,37266.929000000004,35954.877,36350.38975,2.9272051259228786,8.449236587216493,12.406725796892578,11.183677198399213,0.5141890051841624,2.523274396895059,3.761031559084227,5.557507146522989,62.82689633517248,64.21458588917017,19.81493179337251,16.181869181555307,691.4250000000003,1.7107831857421751,40685.95,37943.85,41829.6,32155.35,-3.380142291582997,25.68888225443044
2022-09-12,40540.45,40684.9,40377.9,40574.0,0,39351.002499999995,37413.011,35997.201,36366.89575,3.107919550461275,8.44890297656075,12.7143190938651,11.568499766714337,0.3916794710966398,1.9299975506051226,4.070187228356015,4.357398498193787,72.56684544994891,64.71129529411007,19.25079370004193,15.822734026991156,660.5892857142862,1.6281098381088537,40685.95,37943.85,41829.6,32155.35,-3.0017021439363476,26.181179803671867
2022-09-13,40802.1,40904.3,40693.95,40873.1,0,39442.542499999996,37561.971,36042.782999999996,36384.0515,3.626940377892735,8.815109835423709,13.401620513044188,12.33795664564733,0.7371715877162677,3.0418615204265587,6.783238889454957,4.689272916810738,72.00736461947776,63.32894217716642,19.32744452493831,15.840015854398171,618.5357142857148,1.5133075648426835,40904.3,37943.85,41829.6,32155.35,-2.286658251573049,27.11135161022971
2022-09-14,40308.8,41626.9,40288.9,41405.4,0,39550.83,37719.29,36088.676,36404.25475,4.68907984990454,9.772479810728147,14.732388630716189,13.737804232896709,1.3023235330816618,4.940959400241796,4.726362182020538,5.519289799985483,73.05122711336188,65.0573467567223,19.67836713545642,15.965658835931837,673.4928571428572,1.6265821780319891,41626.9,37943.85,41829.6,32155.35,-1.0141144070227712,28.76675265546792
2022-09-15,41533.7,41840.15,41153.5,41209.2,0,39638.205,37864.656,36140.3205,36430.17325,3.9633353730321423,8.83289154931183,14.025552153030837,13.118320127670536,-0.4738512367952086,2.487630241525829,4.854680194650296,4.428344445373611,71.54002422531443,62.55153998610725,19.82097652162944,15.991981054919274,674.8214285714286,1.637550422166479,41840.15,37943.85,41840.15,32155.35,-1.5080012858462608,28.156589805428954
2022-09-16,40977.2,41162.5,40502.05,40776.8,0,39694.2375,38003.874,36187.265,36454.175,2.727253546563276,7.296429832390243,12.682735210853883,11.857695311991012,-1.0492802578064953,0.8934646684333192,3.439283630552259,2.8259172915171993,65.87005294008105,58.162036692237066,20.294080069821987,16.23017957519039,690.3107142857142,1.6929006549942962,41840.15,37943.85,41840.15,32155.35,-2.5414583838729032,26.811868009522538
2022-09-19,40685.6,41184.25,40509.9,40904.4,0,39790.159999999996,38135.477,36232.261,36480.220499999996,2.800290323034653,7.260753549772048,12.894969485895466,12.127611728662677,0.31292303466676774,0.8143145856952749,2.7600283878585374,4.92087534098824,75.98801329219089,57.811962174645,19.099400350606103,16.02526363364532,663.9571428571425,1.6231924752768467,41840.15,37943.85,41840.15,32155.35,-2.2364881579057436,27.208691555215548
2022-09-20,41304.15,41677.65,41207.3,41468.3,0,39948.6875,38266.437000000005,36286.6555,36505.7375,3.803910954521354,8.367288023183338,14.279752235639359,13.593924790589423,1.378580299429899,1.456214478471174,4.542372026773234,8.27868477913194,72.15359735746486,65.74485763758955,17.930019585265196,15.886265071453378,624.1999999999991,1.5052461759946731,41840.15,37943.85,41840.15,32155.35,-0.888739643619821,28.96236551615829
2022-09-21,41282.6,41501.7,40889.15,41203.45,0,40073.9775,38388.025,36334.468,36529.2135,2.818468668352165,7.334123076141571,13.4004494024792,12.795885955770714,-0.6386806307468684,-0.4877383143261582,4.429122133825358,6.475328605225372,71.67107181917603,69.47598428891237,18.127699328136764,16.029863463161117,606.2142857142846,1.4712706962991806,41840.15,37943.85,41840.15,32155.35,-1.521744066405126,28.1387078666536
2022-09-22,40889.05,41159.2,40360.2,40630.6,0,40153.582500000004,38491.244000000006,36379.8925,36551.380750000004,1.187982417260015,5.558032886648174,11.684222266462157,11.160232982443473,-1.3902962009249231,-1.4040554051037102,1.04864712955699,4.0782816962741775,62.490964290877535,62.66237807314625,18.969432162370673,16.4094281966323,638.2035714285703,1.570746116051868,41840.15,37943.85,41840.15,32155.35,-2.8908835173870147,26.35720027926924
2022-09-23,40429.35,40528.4,39412.7,39546.25,0,40183.3575,38579.524000000005,36413.7175,36570.4325,-1.5855009129090276,2.505800745493892,8.602616582610665,8.137222604627379,-2.6688013467681904,-3.0177699083792864,-2.1512679478519425,1.5288537447931017,47.658576197780384,53.030927096577784,21.5193383554961,17.488305959430907,692.4964285714278,1.7511051707087975,41840.15,37943.85,41840.15,32155.35,-5.482532925909686,22.98497761647751
2022-09-26,39027.85,39229.4,38492.2,38616.25,0,40164.8125,38655.293000000005,36447.2345,36580.42175,-3.855520301507694,-0.10100298554199322,5.95111132505815,5.565349311479709,-2.351676834086669,-5.593896989076974,-4.825134322472524,-0.9513390950608103,41.707134115046,48.18569382973184,23.191351212688854,18.27305622281747,731.3964285714283,1.894012050811325,41840.15,37943.85,41840.15,32155.35,-7.705278303256565,20.092768388464133
2022-09-27,38811.7,39050.5,38184.9,38359.15,0,40168.935,38729.452000000005,36478.4975,36585.794,-4.505434361154948,-0.9561250698822262,5.155509762977502,4.847116342479815,-0.6657818923380687,-7.497654835139134,-6.150622291923047,0.21540519428269178,41.40309621791104,46.673411660009954,22.359421971328192,18.308670578487842,764.0642857142853,1.9918696991833378,41840.15,38184.9,41840.15,32155.35,-8.319759847897295,19.293212482526243
2022-09-28,38081.25,38368.8,37626.2,37759.85,0,40080.09,38790.996,36510.184,36589.181000000004,-5.78900895681621,-2.6582096525698917,3.4227874611642535,3.199494954533129,-1.5623391029259026,-8.357552583582194,-8.804527911818273,-4.494299607327368,30.328514056224932,47.229562765666635,19.379264653051294,18.73522612370988,759.2607142857144,2.0107619979573923,41840.15,37626.2,41840.15,32155.35,-9.752116089449974,17.42944797677525
2022-09-29,38092.85,38283.4,37536.65,37647.75,0,39997.41499999999,38836.777,36543.9075,36591.891500000005,-5.8745421422859305,-3.061600606044116,3.0205924202276364,2.885498553689127,-0.2968761793280428,-7.341388017897832,-8.64236626772662,-4.207245316624785,27.424209058210423,38.45354523227383,19.3319344759322,18.316423108049253,778.5285714285716,2.0679285519813844,41840.15,37536.65,41840.15,32155.35,-10.020040559128018,17.08082791821579
2022-09-30,37660.0,38811.0,37386.35,38631.95,0,39957.9625,38895.009,36585.4005,36600.425,-3.318518805857542,-0.6763309914647433,5.593896669246503,5.5505503009869255,2.614233254311338,-2.3119764832316703,-5.259976261011179,-2.0015981329748134,36.040970350404294,46.25197397157479,21.73286000326298,19.048265664124923,858.3607142857145,2.2218933144345923,41840.15,37386.35,41840.15,32155.35,-7.6677545372088876,20.141593856076824
2022-10-03,38444.9,38641.6,37963.25,38029.65,0,39869.157499999994,38936.16,36618.7655,36606.1035,-4.6138609776241015,-2.3281956926414984,3.8529002295284913,3.8888228024597162,-1.559072218720503,-1.5190496228919104,-7.027972540851346,-4.461918190211211,30.415527347113084,42.608048877673006,21.942297363873877,19.392570629627954,883.2214285714284,2.3224547913836395,41840.15,37386.35,41840.15,32155.35,-9.107280925140087,18.26849964313871
2022-10-04,38700.4,39177.5,38596.9,39110.05,0,39841.335,38994.341,36674.544499999996,36617.706,-1.835493213267066,0.2967328002799241,6.640860938300152,6.806390329312285,2.8409412129746237,1.9575511970416404,-5.6868740700728,-1.402821020256384,35.30044636281548,46.55829186001643,24.467576524325384,20.30535614873073,869.6392857142855,2.223569864304151,41840.15,37386.35,41840.15,32155.35,-6.52507220934915,21.628438191467374
2022-10-06,39343.7,39608.35,39232.9,39282.85,0,39832.6825,39045.219000000005,36736.159499999994,36631.377,-1.3803551894854282,0.6086046027811853,6.932380887555774,7.238256426996993,0.44183016897190175,4.033384666517481,-4.661260161467062,-0.4385909331684257,37.626458894034656,48.10831866435907,24.462556397238828,20.08955510849728,856.1857142857136,2.179540726514786,41840.15,37386.35,41840.15,32155.35,-6.112071777945354,22.165829325446623
2022-10-07,39093.5,39235.05,38807.5,39178.05,0,39781.1375,39094.252,36791.96400000001,36649.174,-1.5160137137858218,0.21434864644552476,6.485345549914093,6.900226455308389,-0.2667830872759902,4.064784748092531,-3.5750148902551127,-2.5638570517260373,39.27955958184414,48.61554712919733,23.394244595679652,20.10681554798038,839.6285714285711,2.143109653054634,41840.15,37386.35,41840.15,32155.35,-6.362548891435615,21.83991155437588
2022-10-10,38641.55,39315.7,38518.3,39093.1,0,39715.0075,39147.943999999996,36839.876,36672.44025,-1.565925676836398,-0.1400942026482855,6.1162638006707795,6.600759953518498,-0.21683059774543212,1.1937010686750238,-1.1458735025444922,-3.2724906410132704,37.78443194539983,44.04343114593954,23.275231106835616,19.992847065393267,848.4178571428565,2.170249627537485,41840.15,37386.35,41840.15,32155.35,-6.565583536387902,21.57572534586002
2022-10-11,39058.85,39174.95,38622.75,38712.45,0,39621.93,39186.518,36885.3635,36692.96325,-2.295395504459281,-1.209773218431909,4.95341871851147,5.5037439637693915,-0.9737012413955415,1.7954411886514698,0.2491179231540963,-4.5880366737319545,30.943276192320127,41.073534267251546,23.3535631701918,20.045173289262838,832.6285714285706,2.150803091585706,41840.15,37386.35,41840.15,32155.35,-7.475355609384776,20.391940998931744
2022-10-12,38784.2,39164.1,38606.4,39118.55,0,39534.2025,39221.326,36943.3925,36713.4085,-1.0513744396386813,-0.2620411150811118,5.887812008602082,6.551125592166157,1.0490165308576493,0.021733544191326892,1.97971018648746,-4.29267660148116,35.859140791383524,42.56532066508315,23.549259046558014,19.86574608603445,828.7107142857136,2.118459693126953,41840.15,37386.35,41840.15,32155.35,-6.504756794609959,21.654872361830936
2022-10-13,38957.65,39061.3,38437.95,38624.0,0,39395.1325,39243.977999999996,36986.8685,36730.57275,-1.9574309085011954,-1.5798041676610757,4.426250630004006,5.154908045913879,-1.264233975952589,-1.677195010036181,2.2885419301188925,-6.717481294710359,36.24410442031371,38.736139908050134,23.123443826337482,20.093139563098035,817.0928571428568,2.1155055331991943,41840.15,37386.35,41840.15,32155.35,-7.686755425112008,20.11687013203091
2022-10-14,39446.05,39570.85,39196.3,39305.6,0,39299.9525,39272.026,37037.4485,36752.815500000004,0.014370246376249758,0.0854908784181405,6.123941016077282,6.945820246070655,1.764705882352935,0.32556495282434206,4.403583215464391,-4.619356842646782,48.25384386541572,39.63880390802327,24.283939016816323,20.32333730812891,797.7321428571423,2.0295635809074084,41677.65,37386.35,41840.15,32155.35,-6.057698167908105,22.2365796049491
2022-10-17,39295.6,39974.7,39146.7,39920.45,0,39257.134999999995,39309.955,37093.7515,36777.128249999994,1.689667368747114,1.5530289973621068,7.620416878028631,8.546947245670285,1.5642809167141447,2.116358129695528,3.335322187981715,-2.1000912283455464,59.91681493985429,43.89313519686494,24.872436044318096,20.588991979204625,781.5857142857136,1.957857975763584,41677.65,37386.35,41840.15,32155.35,-4.58817666762668,24.148703092953426
2022-10-18,40252.05,40435.35,40139.85,40318.75,0,39227.8525,39356.545,37153.544,36802.803,2.780925874032995,2.444841131252761,8.519257274622303,9.553476130608857,0.9977342439777104,4.149311138923006,6.019250768808027,-1.4317530632401487,64.58708630469411,47.82244914452509,25.138551984150958,20.680378957057403,756.5357142857138,1.876386828177247,41677.65,37386.35,41840.15,32155.35,-3.636220233436069,25.387377217166048
2022-10-19,40556.65,40643.6,40195.2,40373.2,0,39173.097499999996,39408.898,37206.327,36829.441999999995,3.063588474207333,2.4469143998900855,8.511651795136887,9.622078987783746,0.13504882963881748,3.207301906640181,3.2297325112087494,-2.640812379576707,71.17084275078783,47.45701045536362,24.57583008998666,20.610304569275964,735.5214285714277,1.8218061203259286,41501.7,37386.35,41840.15,32155.35,-3.5060820766656056,25.556711402612624
2022-10-20,40149.5,40208.35,39848.85,40099.55,0,39117.902500000004,39452.477,37251.1895,36854.62175,2.509458425077876,1.6401327602320228,7.646361198747767,8.804671153625405,-0.6778011155915142,3.820293082021542,2.079024307044941,-2.679144586193616,69.35550082101811,43.260144866877084,24.587120632338745,20.68017757153551,719.6357142857133,1.7946229179272917,41159.2,37386.35,41840.15,32155.35,-4.160118928827929,24.705686612025694
2022-10-21,40370.75,41032.25,40355.45,40784.05,0,39125.575,39503.41,37300.7605,36881.1335,4.238851441799913,3.241846716523964,9.338387350038095,10.582420141723677,1.7070016995203163,3.7614233086379567,4.099234137482588,0.37767101642605105,67.83340791196414,48.01679623219659,24.927676093492522,20.92632421594661,684.4964285714274,1.6783434420353724,41032.25,37386.35,41840.15,32155.35,-2.524130530124769,26.83441480189146
2022-10-24,41348.35,41427.25,41201.15,41304.9,0,39213.5075,39563.751000000004,37358.9355,36905.548500000004,5.333347189103147,4.400869371561856,10.562304431827299,11.920569342032666,1.277092392736856,3.468022028809803,5.657775924651665,4.447071466953245,77.511780863342,53.20429964454753,23.1307455739387,21.0820892357764,681.9857142857129,1.6511012356541546,41427.25,37386.35,41840.15,32155.35,-1.2792736163708782,28.454207464698733
2022-10-25,41513.65,41530.65,41021.45,41122.75,0,39338.832500000004,39608.609,37413.955,36926.9615,4.534749474326661,3.8227573202583396,9.912865400089347,11.362398446999228,-0.44098884151759776,1.9941094403968407,6.226162384452549,6.4907907940310094,69.91116299315419,58.19420765936215,21.220075971286725,20.88139766513049,636.3678571428562,1.5474837094864917,41530.65,37386.35,41840.15,32155.35,-1.7146210039877998,27.887738743319545
2022-10-27,41440.7,41511.8,41178.65,41299.3,0,39485.840000000004,39653.748999999996,37470.811499999996,36944.9785,4.592684364825464,4.14979930396999,10.217255369556133,11.785963009830972,0.42932440072709355,2.293848394479525,5.574720944411293,7.6647944493035025,69.9334710702953,65.13086288862701,20.896606268757534,20.88225508550721,628.5642857142853,1.521973219193268,41530.65,37386.35,41840.15,32155.35,-1.2926578896108127,28.43679201128274
2022-10-28,41236.8,41482.4,40839.3,40990.85,0,39647.39,39688.773,37527.9695,36962.4815,3.3885206567191415,3.28071870601794,9.227465663976304,10.89853369287448,-0.7468649589702614,2.2227182100547083,6.127925642087817,8.556707719972412,67.22669910293439,64.75581721334453,20.076649180074337,20.952794169980447,640.5464285714281,1.5626571016981303,41530.65,37386.35,41840.15,32155.35,-2.0298684397642046,27.477542617324957
2022-10-31,41265.7,41353.7,41106.1,41307.9,0,39830.39750000001,39725.697,37587.9465,36980.323,3.7094846969578823,3.982819986770783,9.896665943163464,11.702377504923374,0.7734652977432921,1.2844482095328846,5.094185052511602,9.722094945913096,70.15763510930701,70.54399119886513,19.92948163104335,20.981903919248786,609.5071428571428,1.475521977290404,41530.65,37386.35,41840.15,32155.35,-1.2721034699923397,28.46353717188587
2022-11-01,41552.4,41677.25,41188.55,41289.55,0,39963.2775,39758.365,37650.882,36995.03125,3.3187280497702085,3.8512272826108545,9.664230442197889,11.608366326221182,-0.04442249545486554,-0.03716266108862998,3.429570558448125,6.879279974218244,75.11108079666369,71.31826962477318,18.308378911851936,20.96484462734598,604.9714285714284,1.4651925936984742,41677.25,37963.25,41840.15,32155.35,-1.3159608653410624,28.40647046292454
2022-11-02,41472.6,41474.3,41060.45,41146.65,0,40119.1275,39801.579,37712.887,37008.5535,2.5611785799678697,3.37944130306992,9.105012299906923,11.181459713090378,-0.3460924132135168,0.05811868126524011,2.0533870717718283,8.196236357684072,70.8300809334045,66.32879665463237,17.106944256854373,20.592030949782934,594.6964285714291,1.4453094688666734,41677.25,38437.95,41840.15,32155.35,-1.6574988378387743,27.962065410577097
2022-11-03,40873.7,41478.0,40819.15,41298.35,0,40228.542499999996,39861.591,37775.015999999996,37021.4075,2.6593245330725135,3.6043694292081776,9.327154222780482,11.552619926727521,0.36868128997136207,-0.0023002811185723893,2.2914953483994305,5.595237029868261,79.5485432066028,72.54400242772012,14.477283743551988,20.141673824768468,593.1428571428571,1.4362386321556602,41677.25,38437.95,41840.15,32155.35,-1.2949284359640272,28.4338376040068
2022-11-04,41314.85,41516.2,41051.15,41258.45,0,40327.3225,39912.807,37842.7625,37035.35,2.3089246750760477,3.371456685569613,9.025999357208661,11.40288940161224,-0.09661402937405361,0.6528286190698562,2.8900573697210996,5.029166671970087,75.14194121509402,67.30041390861794,14.521835053315268,20.04638666921222,558.7285714285712,1.3542160973778008,41677.25,38437.95,41840.15,32155.35,-1.39029138279859,28.309752498417833
2022-11-07,41740.65,41779.4,41337.05,41686.7,0,40452.755,39965.771,37925.570999999996,37051.9315,3.0503361266741904,4.3060072580608955,9.9171321639429,12.508844511925101,1.0379691917655753,0.9170158734769673,2.213242676977867,6.403202813820474,73.88728851381505,68.59255477952831,14.64450311715183,20.079494415663472,536.7964285714287,1.2876923061106509,41779.4,38437.95,41840.15,32155.35,-0.3667529872622454,29.641568199382057
2022-11-09,41914.85,41948.9,41667.9,41783.2,0,40587.259999999995,40022.42,38010.2895,37069.766749999995,2.946589644139571,4.399484089168019,9.926024109866352,12.715033471312582,0.2314887002329291,1.195580964190679,1.1579739934002964,6.881265491864297,71.56615860393192,70.1754114230396,14.514516892511281,20.06308315381031,520.0892857142857,1.2447330164139792,41948.9,38437.95,41948.9,32155.35,-0.3950043982083067,29.941673780568394
2022-11-10,41462.85,41643.9,41318.6,41603.75,0,40731.825,40074.752,38092.937000000005,37086.734,2.140648006810407,3.815364846175466,9.216440832587926,12.179600392959928,-0.42947883359818473,1.1109045329328104,1.1696688572627068,7.468656724128819,67.47816206235356,69.16307293058046,13.981337705794566,20.104738449371037,521.2464285714284,1.2528832823277432,41948.9,38437.95,41948.9,32155.35,-0.8227867715244058,29.38360179565765
2022-11-11,42163.4,42345.5,41918.1,42137.05,0,40882.75,40151.959,38188.1365,37107.2125,3.068042144914427,4.943945574361639,10.340681326516162,13.554878313751004,1.28185560195897,2.0308317402511378,2.0284847442934906,7.716288052599096,76.95177121087853,75.54375391592328,14.155879891214518,19.753010518693365,536.7749999999999,1.2738789260282812,42345.5,38437.95,42345.5,32155.35,-0.49226009847562807,31.042112743291568
2022-11-14,42177.55,42231.45,41965.45,42076.75,0,41055.3875,40202.759,38281.47349999999,37128.342,2.4877672875453993,4.661349237250115,9.91413379111441,13.327845342514898,-0.14310446507290742,1.9833512892510674,2.6491277931538493,8.939390016570004,70.48198497956068,73.26506857933808,12.939993771173732,18.450034011575838,489.1535714285715,1.1625269808827239,42345.5,39146.7,42345.5,32155.35,-0.6346601173678431,30.854585628830044
2022-11-15,42234.85,42450.05,42079.55,42372.7,0,41208.7425,40264.187999999995,38378.3525,37152.334,2.8245402052731814,5.2366932123404615,10.407813884142099,14.051246416981487,0.7033575549442395,1.6456087912931405,2.5777151586016123,7.803213791419039,68.21686911423488,80.43270011365479,12.005036766454415,18.417289071020797,469.8750000000005,1.1089097461337147,42450.05,39146.7,42450.05,32155.35,-0.18221415522480142,31.774961242841393
2022-11-16,42371.8,42611.75,42296.3,42535.3,0,41339.485,40326.474,38471.788,37180.27275,2.892670288466347,5.477359612447151,10.562316469408707,14.402872421101339,0.3837376423971195,1.8000057439353734,3.017107234154892,6.5501516140223925,74.26019750966073,78.63209219858156,11.160945809252546,18.421398929300373,456.0357142857143,1.072134707609243,42611.75,39848.85,42611.75,32155.35,-0.17941060857626615,32.28063137238439
2022-11-17,42399.65,42622.75,42366.55,42458.05,0,41446.45,40379.52,38567.9155,37204.02925,2.4407397979803,5.147485656094986,10.086452559252262,14.122182075211661,-0.18161385954724718,2.053420665204464,3.18713674138722,5.305968066966371,70.60402923238314,74.8667293822515,10.99507481000426,18.34042798528471,446.5464285714282,1.0517356038994448,42622.75,39848.85,42622.75,32155.35,-0.38641335906293495,32.040391412315536
2022-11-18,42545.75,42590.75,42223.7,42437.45,0,41549.6625,40434.939,38660.939999999995,37226.306000000004,2.1366900392993533,4.952427404428627,9.76828292328123,13.998552528956251,-0.04851847882794136,0.7129117961508724,2.7582215754382355,5.1129214429374015,78.65575848817383,72.42152940927458,11.042194117964597,18.31186441637089,426.8285714285713,1.0057827966302673,42622.75,39848.85,42622.75,32155.35,-0.4347443560070688,31.97632742296383
2022-11-21,42286.95,42386.8,42202.55,42346.55,0,41662.0125,40492.752,38748.131,37249.59175,1.6430735313134617,4.578098322386196,9.286690498697864,13.683259360822401,-0.21419760141100364,0.6412092188678997,2.6372779394281842,5.603554154597745,72.59949085054069,70.72345966835746,10.63976859513058,18.265783925471425,417.6892857142853,0.9863596579043281,42622.75,40355.45,42622.75,32155.35,-0.6480107454352361,31.693637295193504
2022-11-22,42467.4,42508.75,42347.15,42457.05,0,41745.6625,40537.71400000001,38834.589,37272.000250000005,1.7040991983298968,4.734692242389384,9.32792413484794,13.911380433627244,0.26094215467376003,0.1990668520061467,1.8479515049164563,4.102093833250997,74.42366428182915,75.63614615050014,9.199279636279314,17.818077022913286,394.36785714285674,0.9288630678364529,42622.75,40819.15,42622.75,32155.35,-0.3887595239631349,32.03728150991982
2022-11-23,42668.55,42860.55,42556.4,42729.1,0,41816.8725,40583.981999999996,38925.4555,37293.11825,2.1814818886802234,5.285627221104136,9.771612049600813,14.57636691455802,0.640765196828319,0.45562156608744964,2.2638285243830047,3.448017063350828,81.40716483080276,73.23529763113558,8.461396330086878,17.83491767690866,393.6285714285706,0.9212189618516904,42860.55,40819.15,42860.55,32155.35,-0.3066922846300487,32.88333045667362
2022-11-24,42838.35,43163.4,42769.65,43075.4,0,41914.505,40634.01,39023.5105,37311.84275,2.769673648776251,6.008242848786027,10.38320091679093,15.446991692738084,0.8104547018308539,1.4540234419621267,3.5373013250007634,4.748344894249534,82.74038727269375,72.07055597107944,8.42692368084935,17.892704893285046,377.5892857142852,0.8765775494000874,43163.4,40819.15,43163.4,32155.35,-0.20387643234777614,33.96028965630914
2022-11-25,43192.45,43339.15,42864.95,42983.95,0,41998.7375,40676.227,39119.099,37331.7125,2.3458145616877033,5.67339492918062,9.879703517711375,15.140579205949889,-0.2123021492545729,1.2877776586482037,2.009870173635786,4.079124827781566,81.19801836985599,73.7379792362828,8.536293431756016,17.852819319809893,378.24285714285725,0.8799630028018767,43339.15,40819.15,43339.15,32155.35,-0.8195822945304749,33.67588908222115
2022-11-28,42757.2,43159.8,42740.0,43020.45,0,42100.2175,40708.528,39213.909,37352.867999999995,2.1858141231693122,5.679208051934472,9.707119481508455,15.173083898136023,0.08491541610298192,1.5913929233904334,2.242806300391531,4.951348898595653,78.09491711077865,72.76502876793846,7.7885477944466945,17.641556160563237,371.01785714285717,0.8624220740202792,43339.15,40819.15,43339.15,32155.35,-0.7353628301431946,33.78940051966469
2022-11-29,42959.4,43279.6,42959.4,43053.45,0,42187.494999999995,40745.413,39305.0345,37378.157999999996,2.0526343173492565,5.664532103282391,9.536731229685081,15.18344483427996,0.07670770528900306,1.4047137047910718,1.606576876149024,4.225705010421721,77.49280349760828,79.42535950696177,7.548200160051752,17.59548421720984,373.81785714285695,0.8682645807545202,43339.15,40819.15,43339.15,32155.35,-0.6592192048067494,33.89202729872323
2022-11-30,43122.75,43332.3,42880.05,43231.0,0,42284.5675,40794.496999999996,39399.1855,37404.170750000005,2.2382456672874866,5.97262665108974,9.725618566404123,15.578020132955345,0.41239436096294213,1.1746093411749925,1.6355826807381124,4.702037198274134,85.24856493014165,78.57248982260114,7.519521070205491,17.412245563207026,372.9357142857142,0.8626580793544314,43339.15,40819.15,43339.15,32155.35,-0.24954342667080792,34.44419046908214
2022-12-01,43512.1,43515.05,43101.85,43260.65,0,42390.2675,40841.622,39488.549499999994,37427.422750000005,2.053260220639088,5.922947918180131,9.552390624021296,15.585436616791885,0.06858504314033453,0.4300598485446505,1.890336461519082,5.137720810807189,81.13155269865871,79.18764437599938,7.236102564710269,17.407167856759173,349.4678571428573,0.8078192471515276,43515.05,40819.15,43515.05,32155.35,-0.5846253192860894,34.536399075115035
2022-12-02,42976.7,43131.9,42937.8,43103.75,0,42480.5375,40874.331,39570.384,37447.886750000005,1.4670541774571508,5.454325356419905,8.929319462757809,15.10329084190577,-0.3626852578498041,0.2787086807983119,1.5700754875705325,4.371603223857612,77.00925731117172,78.86067362708653,7.53879011967224,17.19630494458474,353.5285714285715,0.8201805444504748,43515.05,41051.15,43515.05,32155.35,-0.9451902272891858,34.04845538922762
2022-12-05,43269.35,43372.15,42985.0,43332.95,0,42584.2625,40916.921,39652.473,37471.96525,1.7581318920340583,5.9047184904259895,9.281834704231434,15.640985763350098,0.531740277818038,0.726398724327626,2.329351505612598,5.028060918430044,76.1726948131591,79.33306421383453,7.523985773265404,17.144312728956894,354.51785714285717,0.8181253691310129,43515.05,41318.6,43515.05,32155.35,-0.418475906611634,34.7612450183251
2022-12-06,43093.9,43306.85,43076.4,43138.55,0,42656.854999999996,40967.08,39729.162,37503.11525,1.129232335576561,5.300524225793005,8.581575418077044,15.026577692102524,-0.44861935317118684,0.19766127917741905,1.6051515590461474,3.482765486354178,66.16208975217683,75.94959421410042,7.297331256251479,16.84929030481602,350.3107142857142,0.8120595483290796,43515.05,41318.6,43515.05,32155.35,-0.8652178958774033,34.15667999259845
2022-12-07,43157.35,43327.35,42948.45,43098.7,0,42722.630000000005,41038.129,39808.826499999996,37527.75825,0.8802594784075616,5.021113413820586,8.264181060448998,14.844856207204964,-0.09237677205192751,-0.30603039485554984,0.8649842847146205,3.1483945700664373,67.51510512070405,71.82920042050577,7.3528455414240605,15.598306260981746,359.0750000000002,0.8331457793390525,43515.05,41318.6,43515.05,32155.35,-0.9567954075659014,34.03275038212926
2022-12-08,43142.25,43640.9,43095.3,43596.85,0,42822.285,41137.740999999995,39896.517,37555.9735,1.808789512283137,5.977744378331335,9.274827173509905,16.084995107369533,1.1558353268195987,0.7771496729706895,1.2105517302218871,4.790673917615607,75.13440860215056,74.94121044597543,7.816947433385446,14.631750259078085,371.8285714285713,0.8528794429610655,43640.9,41918.1,43640.9,32155.35,-0.10093742338036775,35.581948260553844
2022-12-09,43765.3,43853.4,43361.7,43633.45,0,42897.104999999996,41243.227,39986.339499999995,37586.4825,1.7165377477104837,5.795431574740741,9.120891148338304,16.088144188539054,0.08395101939704386,1.2288953977322103,1.5110291166819279,3.5512690138488345,78.57111140713091,79.05382192957327,6.777387929139539,14.487294823722552,390.1714285714292,0.894202563793212,43853.4,41965.45,43853.4,32155.35,-0.5015574619071825,35.69577068823694
2022-12-12,43455.85,43767.05,43378.8,43708.75,0,42978.705,41362.205,40076.6005,37617.0305,1.6986202818349185,5.673162250416771,9.063017957323998,16.19404673635788,0.1725740229113315,0.8672384409554423,1.5999367742550508,3.8786265574218604,78.23086291668528,75.89291598023047,6.672383455224116,13.874286130753113,406.317857142858,0.9296030134535029,43853.4,42079.55,43853.4,32155.35,-0.3298489968850795,35.92994633863417
2022-12-13,43793.7,43983.8,43767.75,43946.55,0,43057.39750000001,41488.181,40162.479,37648.33525,2.065040043351427,5.925468267697748,9.42190595356428,16.729065729407004,0.5440558240626947,1.8730346754816773,2.0743982189580734,3.7143018972121356,77.88926305179473,79.10194552529174,6.532731559398918,13.817572973534103,397.1428571428582,0.9036951868641752,43983.8,42202.55,43983.8,32155.35,-0.08469027232753877,36.6694811283348
2022-12-14,44078.6,44151.8,43987.95,44049.1,0,43133.0875,41596.524,40245.7665,37681.7225,2.1236886879475,5.896108049797625,9.4502697569445,16.89778778026932,0.233351651039726,2.2051709216287296,1.8923920334944722,3.558926350584102,75.10959822579795,77.76324070087102,6.493229420917325,12.773170998575853,380.7821428571437,0.8644493141906274,44151.8,42202.55,44151.8,32155.35,-0.23260659814549883,36.988401619015185
2022-12-15,43940.1,44120.6,43379.1,43498.2,0,43185.094999999994,41705.895,40321.0275,37712.25325,0.7250302448101671,4.297486002878012,7.879691309949879,15.34235228970307,-1.250649843016094,-0.22627781594313223,0.5491133397209635,2.4498298909158445,60.72091229386867,64.12954158595986,8.166830643697962,12.563587262494208,399.8750000000005,0.9192909131872136,44151.8,42202.55,44151.8,32155.35,-1.4803473471070394,35.27515638921672
2022-12-16,43261.75,43598.2,43080.55,43219.5,0,43224.197499999995,41788.084,40391.2125,37752.21025,-0.010867755266005256,3.4254166809849362,7.0022347063733195,14.482038836388405,-0.6407161675655471,-0.9486987620735854,0.2685381202331527,1.842829859004258,53.76910113423345,60.54975961871505,8.59069271024961,11.26700169456925,406.8642857142856,0.941390542959279,44151.8,42202.55,44151.8,32155.35,-2.1115786898835442,34.40842659153143
2022-12-19,43346.35,43451.45,43110.3,43413.75,0,43277.557499999995,41870.702,40457.9605,37787.12525,0.31469544000953537,3.685268997878284,7.305829219938061,14.890322332736872,0.44944990108630734,-0.674922069379702,0.1864631879435974,2.520158076631973,56.42979513170109,62.90548578982159,8.599191375097192,11.267847101953148,408.360714285714,0.9406252956395473,44151.8,42347.15,44151.8,32155.35,-1.6716192771302707,35.01252513189874
2022-12-20,43152.65,43426.2,42955.4,43359.5,0,43322.68,41954.331000000006,40524.2915,37822.89625,0.08499012526464131,3.349282342268774,6.996318492082707,14.638233183954025,-0.12496041000834568,-1.3358272719929176,0.5121868954797826,2.1255598304639634,52.39873063281687,63.52096319927381,8.62788017304734,11.241929760317795,409.6857142857137,0.9448580225457252,44151.8,42556.4,44151.8,32155.35,-1.79449082483614,34.84381292693129
2022-12-21,43525.75,43614.65,42363.8,42617.95,0,43317.122500000005,42024.828,40586.386,37859.122,-1.6140788206788386,1.4113609221672383,5.005530672280106,12.569831915277893,-1.7102365110298834,-3.248988061050062,-1.115462879390794,-0.2601271732847188,40.5217673430863,51.83805890013473,10.524839760194213,12.004516576181057,469.5178571428561,1.1016903843165993,44151.8,42363.8,44151.8,32155.35,-3.4740372985925956,32.53766480539008
2022-12-22,42864.0,42933.5,42231.35,42408.8,0,43283.792499999996,42098.755,40642.6365,37896.444500000005,-2.0215245695025295,0.7364707103571246,4.345592835740375,11.907068221136146,-0.49075565577413327,-2.5044714493932974,-2.725082202039819,-1.54751900156469,39.90675787547386,46.28766805748731,10.186013245455941,11.81417853099966,496.61071428571347,1.1710086451060002,44151.8,42231.35,44151.8,32155.35,-3.9477439198401876,31.88722871932666
2022-12-23,41951.35,42226.65,41597.65,41668.05,0,43217.9975,42149.745,40685.5355,37932.745749999995,-3.586347331340363,-1.1428183017477322,2.414898778953038,9.847176037869627,-1.746689366357923,-3.5896990941588824,-4.504342425364016,-3.061375234244401,28.947701178493816,35.055060582569666,11.788462529763088,12.414886883021529,526.8964285714277,1.2645094468577907,44151.8,41597.65,44151.8,32155.35,-5.625478462939223,29.583568519702023
2022-12-26,41716.35,42846.15,41569.45,42630.15,0,43198.4825,42229.867999999995,40736.923,37981.54025,-1.315630705314699,0.9478646724635904,4.647447231102847,12.239129112200771,2.3089633424170364,-1.8049581065906484,-2.4676981153659128,-0.907242950736209,44.61657383680298,46.829237690667,14.673480955935512,12.932925236213567,599.7642857142855,1.4069016546136606,44151.8,41569.45,44151.8,32155.35,-3.446405356067026,32.5756056146178
2022-12-27,42827.75,42927.2,42394.15,42859.5,0,43188.785,42300.945999999996,40786.486000000004,38030.04725,-0.7624317285147139,1.3204290986778495,5.082600153393934,12.69904483224116,0.5379995144281668,-1.1531498287572495,-2.4735730108506826,-0.45048654637432906,47.564849126522,48.605757153128515,14.813462863014909,12.45440944017327,610.7749999999994,1.425063288185815,44151.8,41569.45,44151.8,32155.35,-2.9269474857197277,33.28886172907464
2022-12-28,42733.6,43034.95,42694.85,42827.7,0,43168.62,42359.09099999999,40834.523,38075.1085,-0.7897403252640588,1.1062772805960452,4.881107586343046,12.482148278054138,-0.07419591922445123,0.49216351326142327,-2.772814881575336,-0.9328953760033398,41.34824130212256,48.04401507602998,14.726201834232178,12.052007928622707,596.096428571428,1.391847866150711,44151.8,41569.45,44151.8,32155.35,-2.9989717293519305,33.189966832890946
2022-12-29,42684.9,43498.05,42489.8,43252.35,0,43168.205,42417.763,40887.154,38118.99225,0.19492355542695555,1.9675412868896447,5.784692179846991,13.46666699983391,0.9915311819219896,1.9890918865895557,-0.5651958012055647,-0.019186027024564734,46.0573958742836,50.177388934586254,15.176306604226179,12.049754649362935,632.9928571428562,1.463487780763025,44151.8,41569.45,44151.8,32155.35,-2.037176287263496,34.51058688523061
2022-12-30,43401.7,43422.95,42833.1,42986.45,0,43162.340000000004,42470.028,40939.463,38161.193250000004,-0.40750802667326813,1.2159681175628108,5.000033830438844,12.644407417737108,-0.6147642844839707,3.164054953375528,-0.5392241927833608,-0.27213409506133823,42.81107550211992,47.807838058233756,15.282954627190001,12.16940763393508,647.3928571428561,1.5060393615729053,44151.8,41569.45,44151.8,32155.35,-2.639416739521392,33.683663838210435
2023-01-02,43038.25,43382.75,42961.75,43203.1,0,43155.8475,42532.098999999995,40992.288,38200.648,0.10949269389274546,1.5776343415357985,5.393238845316461,13.095201945265424,0.5039960266549182,1.3440018390739716,-0.48521493766375823,-0.29965649696132024,42.56928966227219,50.78676243496439,15.2702415030467,12.055446949450001,657.8178571428559,1.5226172592773572,44151.8,41569.45,44151.8,32155.35,-2.1487232683605297,34.35742419224172
2023-01-04,43417.5,43578.4,42858.65,42958.8,0,43146.86,42575.594,41039.502,38240.32875,-0.4358602225051781,0.9000602551781324,4.676708796320195,12.338992378563173,-0.5654686816455201,0.23168725720086325,-0.9241342727660529,-0.41668067192800473,39.40283420484811,47.044138443185716,15.320246415913166,11.619596367923112,694.5678571428559,1.616823228635008,44151.8,41569.45,44151.8,32155.35,-2.7020415928682406,33.59767503696898
2023-01-05,43073.05,43137.55,42298.6,42608.7,0,43122.36,42601.67,41082.7105,38274.631,-1.1911685724065277,0.016501700520188144,3.7144323766076632,11.32360753523658,-0.8149668985167335,-0.5113512983419555,-0.021704469595562603,-1.1369252436848498,41.00333771619298,45.914582899616754,15.580247325344079,11.48416853377279,701.5285714285704,1.6464444384094574,44151.8,41569.45,44151.8,32155.35,-3.4949877468189423,32.50889820822973
2023-01-06,42649.7,42685.9,41877.0,42188.8,0,43051.9575,42622.990999999995,41115.8,38303.43225,-2.004920449900551,-1.0186779243155217,2.6097023528667807,10.143654293539203,-0.9854794912775855,-2.4589415372806234,-0.5187602573050842,-3.229705815901829,39.86469211556239,43.37261642897727,15.22755033767802,11.671016945111734,722.3321428571425,1.7121419496575925,44151.8,41569.45,44151.8,32155.35,-4.446024850628967,31.203050192269732
2023-01-09,42404.85,42716.8,42186.55,42582.75,0,42999.4225,42648.66,41151.2045,38336.2535,-0.9690188281017044,-0.154541783962271,3.4787450753719744,11.076973131972851,0.9337786331917508,-0.9391331454446594,2.1952071191236433,-2.408014951831672,42.13723412307924,42.49981510243325,15.699348943824454,11.808616271545063,735.8392857142857,1.7280219941508843,44151.8,41569.45,44151.8,32155.35,-3.5537622475187938,32.42819624106098
2023-01-10,42642.0,42674.25,41835.75,42014.75,0,42914.722499999996,42669.138,41178.9555,38364.5845,-2.0971183024660043,-1.5336330440985215,2.029664156974559,9.514414264019992,-1.3338734581491374,-2.7506128032479094,-1.4435792508353917,-3.875654188234623,38.403628743650984,38.90069803480576,16.23224915541771,12.086171784842627,762.1035714285717,1.8138952901744547,44151.8,41569.45,44151.8,32155.35,-4.84023301428255,30.661771680295818
2023-01-11,42071.85,42318.0,41729.0,42232.7,0,42829.03,42687.63399999999,41206.665499999996,38395.01125,-1.3923500018562218,-1.0657278405263546,2.4899721623920326,9.995279660192816,0.5187463926359159,-1.6902241217166325,-1.4624528984239271,-3.8998510690827937,46.348029689736556,40.07303737280666,16.217259252902902,12.021349735230304,714.8285714285719,1.6925950067804614,44151.8,41569.45,44151.8,32155.35,-4.3465951558034,31.339574907441524
2023-01-12,42238.5,42343.5,41742.95,42082.25,0,42730.6875,42703.488,41230.9265,38427.787,-1.5174984020558995,-1.4547710950449706,2.0647692697373623,9.509949141749964,-0.356240543465125,-1.2355457922912372,-1.7405791111827051,-4.465130956137575,46.869637738815314,37.312853876306576,16.1462007289707,12.05389694388937,707.5714285714291,1.6814011336642625,44120.6,41569.45,44151.8,32155.35,-4.687351365063265,30.87169009200647
2023-01-13,42171.25,42453.95,41885.6,42371.25,0,42674.340000000004,42727.98,41264.7795,38462.592749999996,-0.7102394553729565,-0.8348861799691986,2.68139200889224,10.162230288024471,0.6867503519892626,0.4324607478762177,-2.0371147463663752,-2.590796860559741,57.38019772884699,38.86429552740039,15.974752497278974,12.106282494946132,690.2285714285717,1.6290021451540178,43614.65,41569.45,44151.8,32155.35,-4.032791415072552,31.770451884367617
2023-01-16,42622.5,42715.65,42066.55,42167.55,0,42621.7425,42745.363999999994,41303.4775,38494.878,-1.065635690516401,-1.3517582865828242,2.092009080833453,9.540677073973338,-0.4807505088945896,-0.9750427109568971,-1.9050189071207146,-2.433970777079786,44.22572833711961,40.74195186775113,15.916424132745108,12.14557323636154,645.3999999999999,1.5305608222436442,43614.65,41569.45,44151.8,32155.35,-4.494154258716518,31.136964766360826
2023-01-17,42241.2,42383.8,41861.1,42235.05,0,42562.8075,42764.89599999999,41338.8515,38526.81625,-0.7700561106078345,-1.2389741342992873,2.167932749655626,9.62507186147259,0.16007569801896882,0.5243396664266875,-2.2406956908184728,-2.715038438282791,41.877284493411565,42.9432636823053,15.812309603704842,12.14390266312304,644.6607142857148,1.526364273951883,43614.65,41569.45,44151.8,32155.35,-4.341272609497234,31.346883178071472
2023-01-18,42271.8,42555.9,42119.65,42458.0,0,42517.7325,42780.322,41373.0465,38557.43475,-0.14048844208707098,-0.753435189197501,2.6223679225555783,10.116246776505275,0.527879095679995,0.5334728776516862,-1.1657681313258395,-2.079129141249325,45.418835192069416,43.1770643708193,15.985477074631627,11.983341353464793,651.528571428572,1.5345248750025249,43614.65,41569.45,44151.8,32155.35,-3.836310184409249,32.040235917195744
2023-01-19,42416.3,42506.25,42234.9,42328.85,0,42503.2775,42791.235,41406.8275,38587.211,-0.4103859990561857,-1.0805600726410491,2.226740264030127,9.696577967244108,-0.304182957275434,0.5859952830468806,-0.6567907493070679,-0.6783526659541295,37.65209252573869,42.72021585427009,14.84569776273906,11.99952755148629,598.8928571428577,1.414857377752662,43578.4,41569.45,44151.8,32155.35,-4.128823739915483,31.638592022789364
2023-01-20,42516.05,42709.2,42366.15,42506.8,0,42508.177500000005,42809.295999999995,41442.024,38614.0025,-0.003240552950081965,-0.7066128814638577,2.569314664747082,10.08131052977479,0.4203988532643921,0.3199103165471895,0.7537545509708643,0.23108411461771894,43.43224110309326,49.14700126625997,14.822826452442882,11.98429594274434,583.9285714285719,1.373729783066643,43578.4,41569.45,44151.8,32155.35,-3.7257824143070044,32.19199915410657
2023-01-23,42891.45,43005.85,42727.7,42821.25,0,42565.8375,42822.98,41487.4695,38634.93275,0.6000410540495028,-0.004039886995260958,3.214899621679748,10.835575351169727,0.7397639907026576,1.5502442043704212,0.5600859502967737,2.7675881160745375,44.90778401589609,53.1149224762293,13.467581183338648,11.756365815130621,589.5035714285716,1.3766612871613313,43578.4,41569.45,44151.8,32155.35,-3.0135804202773224,33.16990796243861
2023-01-24,42994.45,43078.9,42615.65,42733.45,0,42571.002499999995,42836.114,41519.436499999996,38658.2605,0.3815919063686651,-0.23966693150551496,2.923964298022207,10.541574937134072,-0.20503838631521498,1.1800625310020907,1.7105897333674402,0.2423167640742463,46.86391026622311,58.92653663114146,10.7874042038299,11.762009571453257,571.182142857143,1.3366160299651515,43578.4,41729.0,44151.8,32155.35,-3.212439809928487,32.89685853209497
2023-01-25,42703.6,42733.05,41540.3,41647.65,0,42510.409999999996,42821.613,41542.900499999996,38678.33475,-2.0295264148240273,-2.741519802161577,0.2521477767302391,7.676946976110442,-2.540866698101829,-1.90859202034952,-1.3853009634714253,-2.8274944878031727,38.89870741934366,41.93521908295436,13.893794491169995,13.001686645646435,596.4821428571423,1.432210803868027,43578.4,41540.3,44151.8,32155.35,-5.671682694703277,29.52012651082947
2023-01-27,41382.35,41417.9,40148.8,40345.3,0,42386.29,42777.812999999995,41552.1435,38692.2745,-4.815212654846645,-5.68638934393395,-2.9044073261828127,4.272236567534956,-3.1270671934670924,-4.686047459356901,-4.127512193383187,-5.796248689516348,32.31145653425442,32.45327526764652,17.469104859815072,14.703101277069273,645.7642857142849,1.6005935901190098,43578.4,40148.8,44151.8,32155.35,-8.621392559306756,25.46994512577224
2023-01-30,39856.15,40789.55,39419.8,40387.45,0,42243.045,42736.401,41557.9605,38705.4515,-4.39266392846444,-5.496370646653192,-2.8165734937834688,4.345637203069428,0.10447313565642435,-4.985908137051032,-4.681948255007828,-6.6236863430541915,27.410890681593557,32.99394395545423,16.878253278136267,14.709104208042953,705.7285714285707,1.7473957168094811,43578.4,39419.8,44151.8,32155.35,-8.525926462794281,25.60102751175154
2023-01-31,40563.85,40811.65,40167.7,40655.05,0,42126.475,42700.753,41567.846,38720.65775,-3.492874730202315,-4.790789052361663,-2.195918451006566,4.995762888351256,0.6625820644779568,-5.058703330706127,-3.5868813815362777,-5.423569520162741,35.087084320435196,31.49438554491563,17.204942961782663,14.8071423202564,691.8321428571425,1.701712684788587,43578.4,39419.8,44151.8,32155.35,-7.919835657889372,26.43323739284444
2023-02-01,41115.0,42015.65,39490.5,40513.0,0,41991.97,42664.082,41578.417,38734.48575,-3.522030521549718,-5.041903866582673,-2.5624280020088337,4.591552503056015,-0.34940308768529604,-5.1960466566588925,-4.077300725345423,-6.2266365145093765,30.819335697874152,32.060199456029,16.958842730495068,14.816482515669552,830.1285714285711,2.049042459034313,43578.4,39419.8,44151.8,32155.35,-8.241566595246406,25.991475757533355
2023-02-02,39943.35,40757.6,39761.45,40669.3,0,41877.495,42628.327000000005,41583.0205,38750.51525,-2.885069892552073,-4.5955990719504465,-2.197340378388328,4.95163673984956,0.38580208821861195,-2.3491121347783084,-4.212869188374391,-5.329525033287707,34.26120857699809,31.460180876284127,17.108338655169202,14.83408154129581,858.3857142857139,2.1106478702257325,43137.55,39419.8,44151.8,32155.35,-7.887560643054189,26.47755350198335
2023-02-03,41019.35,41539.95,40609.75,41499.7,0,41822.045,42603.739,41593.8605,38774.36875,-0.7707537974290859,-2.591413396838255,-0.22638076597868428,7.028692762406339,2.0418349959305804,2.8612998292242064,-1.9588294980846466,-2.6027548364535913,41.33673946104983,40.167127164903235,18.81673293253065,15.503382208119682,884.2321428571423,2.13069526492274,43078.9,39419.8,44151.8,32155.35,-6.00677662065874,29.060016451383667
2023-02-06,41530.15,41724.5,41261.2,41374.65,0,41781.3375,42569.723999999995,41601.867,38799.534,-0.9733711851613175,-2.807333211744557,-0.5461701995249322,6.6369766193583715,-0.3013274794757437,2.444323669852899,-2.663456199949188,-1.929777571298552,41.993335352923324,41.42359735629548,18.556717815918226,15.38515126402734,870.9607142857141,2.105058808438776,43078.9,39419.8,44151.8,32155.35,-6.290004031545715,28.671123156799734
2023-02-07,41513.1,41630.75,41095.1,41490.95,0,41726.747500000005,42539.863999999994,41608.0455,38825.41425,-0.5650991609159277,-2.465720153689248,-0.28142513927986135,6.865440592176027,0.2810899910935749,2.056079134080502,-3.106635140263314,-2.5639490169141355,42.55944643321393,44.936401169666965,18.220314654298996,15.402519882260963,871.8857142857139,2.1013876864369556,43078.9,39419.8,44151.8,32155.35,-6.026594612224203,29.03280480542118
2023-02-08,41542.05,41791.95,41403.05,41537.65,0,41702.8925,42510.208,41609.368,38849.022000000004,-0.39623750318997725,-2.2878222567153688,-0.1723602242648837,6.920709612715596,0.11255466553550253,2.5291881618246137,-2.7982762917573845,-1.1355535853480037,40.460816119235915,42.01433461703037,17.660681369554464,15.40403792696465,868.5035714285706,2.0908827808712593,43078.9,39419.8,44151.8,32155.35,-5.920823160097665,29.178037247301003
2023-02-09,41634.0,41634.0,41252.95,41554.3,0,41668.972499999996,42480.225,41612.818999999996,38876.56975,-0.2751987705000245,-2.179661242378061,-0.14062733889764345,6.887773965705914,0.04008411645819443,2.1760885975416366,-0.2241422985450492,-1.6063382165951823,41.78030584414899,46.15795402394762,17.53711883566736,15.40251859530071,876.3392857142852,2.108901571472231,43078.9,39419.8,44151.8,32155.35,-5.883112353290239,29.229817122189633
2023-02-10,41452.4,41678.9,41424.9,41559.4,0,41642.83,42446.793,41620.645,38903.955,-0.20034661429110434,-2.0906008140591363,-0.1471505307041622,6.825642791330598,0.012273098090931356,0.14385646161299004,3.009272455527645,-1.2424478253895588,39.56309075285871,44.17500086514173,17.50751863835702,15.364722869434816,867.3142857142853,2.0869268702490538,43078.9,39419.8,44151.8,32155.35,-5.87156129534923,29.24567762440777
2023-02-13,41563.5,41662.55,41157.9,41282.2,0,41588.3775,42407.223999999995,41624.423,38928.342,-0.7362092930891695,-2.6529064953650296,-0.8221687541470674,6.046643342786087,-0.6669971173789868,-0.22344599893897588,2.2154159274725194,-2.570256954892769,32.90495284852655,43.226975271538954,17.404274900928133,15.418212185257133,867.7142857142857,2.1019090206294377,43078.9,39419.8,44151.8,32155.35,-6.4993952681431,28.383612680316023
2023-02-14,41410.45,41718.0,41195.75,41648.35,0,41562.4175,42378.115999999995,41626.2235,38956.4395,0.2067552976195269,-1.722035023926019,0.05315519434521483,6.9100527012998665,0.8869440097669212,0.3793598363016626,2.443238908819434,-1.231278554243731,38.649106657182315,43.95901927030233,17.70727816917611,15.558695351613549,871.9285714285714,2.0935488955230435,43078.9,39419.8,44151.8,32155.35,-5.670097255378046,29.52230344250646
2023-02-15,41674.6,41795.45,41455.6,41731.05,0,41537.2175,42346.078,41631.499500000005,38982.98375,0.4666477719649952,-1.4523847993667758,0.23912302270062974,7.04939947035225,0.19856729018077335,0.46560168907003874,3.006565793695848,-1.1933216605639174,51.10413853364051,46.2770584924006,17.71403245312346,15.510999399085895,810.9785714285717,1.943345713631868,43078.9,39419.8,44151.8,32155.35,-5.482788923667891,29.77949237063196
2023-02-16,41925.7,41979.1,41521.95,41631.35,0,41495.884999999995,42315.933999999994,41641.507000000005,39010.69975,0.3264540568299816,-1.6177924845047622,-0.024391528385383648,6.717772987396871,-0.2389108349778013,0.18542004076593788,2.3655435426722216,-1.9469829007489836,74.98106097395137,44.8791246076851,17.588609813844183,15.49184866763477,736.5714285714291,1.769271062724195,43078.9,39419.8,44151.8,32155.35,-5.708600781848088,29.469435101779336
2023-02-17,41514.0,41516.3,40882.7,41131.75,0,41436.030000000006,42276.595,41657.362,39035.539749999996,-0.7343367595785746,-2.707987717553888,-1.2617505640419597,5.3700045226094355,-1.2000571684559813,-1.0290090809780716,-0.8866329154186614,-2.8280947864163575,62.27610094012864,39.254433938569,18.014032889685897,15.699587700679965,692.2071428571435,1.6829022418378587,43078.9,39419.8,44151.8,32155.35,-6.840151477402966,27.915727864880967
2023-02-20,41221.55,41292.6,40580.1,40701.7,0,41345.775,42218.692,41678.2165,39062.7255,-1.5577770642828785,-3.593176216828332,-2.342990132507242,4.1957504987715115,-1.0455426768858689,-1.4061750584997923,-1.626479015532467,-4.246614659301584,50.73028694876241,37.42940799283071,18.16318098771918,15.579620131962294,697.1035714285717,1.7127136493772295,43078.9,39419.8,44151.8,32155.35,-7.814177451428947,26.578314339604447
2023-02-21,40784.9,40946.2,40508.25,40673.6,0,41238.3925,42159.495,41701.361000000004,39089.92925,-1.3695793307171302,-3.5244610970790893,-2.464574237756906,4.051352305786017,-0.0690388853536783,-2.3404288525235684,-1.9699476632856094,-5.015383717196487,52.607142857142826,35.50188225617663,17.825737114194034,15.572468419436591,548.0178571428571,1.3473551815990155,43078.9,39419.8,44151.8,32155.35,-7.877821515770601,26.49092608228491
2023-02-22,40494.15,40529.25,39899.0,39995.9,0,41101.515,42085.238,41723.7215,39116.95275,-2.6899616717291273,-4.964538872276298,-4.141101123973321,2.2469727016248853,-1.6661913378702597,-4.15793515859294,-3.7116928858517473,-6.406105755561498,40.65085799966678,28.869410436096317,18.51701552357243,15.92836460574994,532.192857142857,1.3306185312565961,42733.05,39419.8,44151.8,32155.35,-9.412753273932209,24.383345228710006
2023-02-23,39983.7,40147.8,39600.25,40001.55,0,41019.21,42006.337999999996,41747.2595,39145.58349999999,-2.4809351520909257,-4.772584556168627,-4.181614603947828,2.186623428413092,0.014126447960927102,-3.914838216872607,-3.7366770707243258,-3.9524438953938534,23.0223470729118,29.31413081338124,16.57958571578249,15.850009937480944,504.8607142857145,1.262102879227716,42015.65,39419.8,44151.8,32155.35,-9.399956513664222,24.40091617724579
2023-02-24,40259.1,40348.1,39818.9,39909.4,0,40997.41499999999,41923.544,41760.034,39172.71725,-2.653862444741924,-4.804326657116584,-4.431591219489904,1.8806016067215758,-0.23036607331465841,-2.97179186394938,-3.970220936779645,-1.0804232463260899,23.29840546697052,34.50660914673823,12.466120378334319,15.821523270735097,509.56785714285695,1.2768116211791132,42015.65,39419.8,44151.8,32155.35,-9.60866827626507,24.114338671480805
2023-02-27,39820.4,40371.45,39745.4,40307.1,0,40993.3975,41859.722,41782.8085,39200.787,-1.6741659434302818,-3.709107289341298,-3.5318556913185972,2.8221703814262757,0.9965070885555649,-0.9694926747531363,-2.362034969066573,-0.19894794051121822,30.433201659421982,49.59404888416574,13.004538711389662,15.85272538943601,516.0249999999994,1.2802335072481013,42015.65,39490.5,44151.8,32155.35,-8.707912248198271,25.35114685425598
2023-02-28,40302.7,40391.45,40073.0,40269.05,0,40974.097499999996,41800.713,41794.3985,39234.47150000001,-1.7207151420479567,-3.6642030484025487,-3.6496481699575125,2.63691203282806,-0.09440024214095732,-0.9946255064710141,-3.3117758566665767,-0.949451544150115,28.972318912647196,48.74066668084841,12.763129740014968,15.812679889903302,510.99285714285674,1.268946888846041,42015.65,39490.5,44151.8,32155.35,-8.794092200091502,25.2328150680991
2023-03-01,40473.85,40725.35,40341.95,40698.15,0,40983.354999999996,41746.401,41808.5515,39272.3555,-0.6959044714616324,-2.510997295311748,-2.6559195670770848,3.6305296228030013,1.0655826248694655,1.7558049700094225,-2.475135420747865,0.457013798040129,37.51585762405401,50.443196775255004,13.292300957478616,15.989592717832569,516.3678571428562,1.2687747652973322,41979.1,39600.25,44151.8,32155.35,-7.82221789372121,26.56727418609968
2023-03-02,40604.55,40773.25,40312.9,40389.8,0,40969.380000000005,41687.007000000005,41820.669,39306.3165,-1.4146662702730715,-3.111777729689258,-3.421439767020462,2.756512429751595,-0.7576511463051716,0.970587389738653,-2.9822477531955993,-0.6872505796755801,34.330957612132295,48.775031320221956,13.500001846392973,16.05272916016908,531.1071428571419,1.314953633979722,41979.1,39600.25,44151.8,32155.35,-8.520603916488115,25.608335782381488
2023-03-03,40671.4,41390.15,40605.35,41251.35,0,40956.9625,41659.675,41842.251500000006,39341.06375,0.718772784969093,-0.9801444682417815,-1.4122124857454363,4.8557056365818205,2.1330880568856347,3.3624910422106025,0.290772943042783,-0.59843806099803,49.642654434675855,55.07547153358503,13.688411256352651,16.429703902184396,566.5142857142845,1.373323020250936,41979.1,39600.25,44151.8,32155.35,-6.569267844119615,28.287672191408276
2023-03-06,41418.4,41671.2,41259.15,41350.4,0,40955.75000000001,41638.507000000005,41868.631,39376.99724999999,0.9636009595722068,-0.6919244246677806,-1.237754824130743,5.0115623024048865,0.24011335386600052,2.5883777299781086,1.593790922737881,-0.05861076770438123,46.32110533529248,48.50777595650267,13.679143430807805,16.41305571677599,559.1999999999987,1.352344838260328,41979.1,39600.25,44151.8,32155.35,-6.344928179598569,28.595708023703686
2023-03-08,41178.35,41625.35,41100.35,41577.1,0,40960.0575,41636.687999999995,41893.2165,39418.3045,1.5064493012491398,-0.14311416892716372,-0.7545768179437922,5.476632055546682,0.5482413713047363,3.248276281660467,2.2213425907714024,0.20763564102532772,48.16439924167446,51.98315129548903,13.784266717335958,15.992836320637055,572.4249999999987,1.376779525267512,41979.1,39600.25,44151.8,32155.35,-5.831472329553958,29.300722896811887
2023-03-09,41532.65,41659.0,41208.1,41256.75,0,40946.0125,41609.22,41919.544,39453.20625,0.7588956311679994,-0.8470959080703775,-1.5811097563465901,4.5713490015782865,-0.7704962587578246,1.3725439608434309,3.152448125932894,-0.6762539527392697,45.756779411431545,47.79402068458831,14.054231151683267,15.180579235093242,571.9785714285701,1.3863878551475095,41979.1,39600.25,44151.8,32155.35,-6.55703731218207,28.30446566434513
2023-03-10,40805.25,40839.0,40341.7,40485.45,0,40892.57,41561.739,41931.3425,39484.395500000006,-0.9955842834040576,-2.589614934062322,-3.448238033399483,2.535316768367369,-1.8695122616299242,0.2368172162278359,1.2097031240039247,-2.5721766459788853,43.103632250629516,41.27948416184584,15.488948403922706,15.647048587289664,583.8642857142846,1.4421583203701198,41979.1,39600.25,44151.8,32155.35,-8.303964957261098,25.905797946531443
2023-03-13,40356.1,40690.05,39454.6,39564.7,0,40792.835,41496.479,41927.785,39510.768249999994,-3.0106635148059753,-4.6552841266363885,-5.6360835660648565,0.13649886445830722,-2.2742738440600263,-4.088714672368299,-0.8637062947576379,-4.7996361833905326,39.017676035931586,35.65950699149484,17.245762863255994,16.38399051781182,621.2178571428564,1.5701315999940766,41979.1,39454.6,44151.8,32155.35,-10.389383898278226,23.042355315678414
2023-03-14,39522.4,39768.5,39132.6,39411.4,0,40699.295,41419.66,41918.7115,39536.12775,-3.164415992955153,-4.848567081429452,-5.98136586330903,-0.3154779112124813,-0.3874666053325204,-4.689192849404112,-2.222189142855713,-4.531735227289236,38.09627100741271,34.84164173206119,17.182398518367055,16.179729767284755,635.3571428571423,1.6121151312999342,41979.1,39132.6,44151.8,32290.55,-10.736595110505123,22.052427103285645
2023-03-15,39777.9,39914.1,38934.65,39051.5,0,40569.4525,41340.961,41905.4945,39555.91075,-3.741614457330918,-5.537996564714601,-6.810549628521866,-1.2751842656030936,-0.9131875548699098,-6.074497740342633,-3.0235379280117214,-6.23518098556125,40.52549208451209,34.43965457107382,16.820196052316618,16.23468058475064,649.9892857142851,1.6644412780924804,41979.1,38934.65,44151.8,32290.55,-11.551737415009134,20.937859528561763
2023-03-16,39061.7,39381.4,38613.15,39132.6,0,40439.530000000006,41259.551,41895.825,39573.507249999995,-3.231813030467979,-5.155051251042457,-6.59546625469244,-1.1141475210034528,0.20767448113387932,-5.1486120453016815,-3.8467350481533047,-6.226658567181998,41.41243440362885,31.72450365764179,16.82392225574522,16.183396790828244,665.7535714285706,1.7012761008176576,41979.1,38613.15,44151.8,32290.55,-11.368052944613819,21.18901660083213
2023-03-17,39442.4,39705.15,38926.8,39598.1,0,40337.8675,41192.337,41883.965500000006,39592.363000000005,-1.8339281321701046,-3.870227125011142,-5.4576148001077085,0.014490168217526477,1.1895452896050873,-2.191775069809032,-1.9601483542874831,-4.88393962722804,47.13494210981644,35.3216849146325,17.653892608944947,16.45281057722132,683.5499999999993,1.7262191872842367,41671.2,38613.15,44151.8,32290.55,-10.313735793331197,22.630614839326054
2023-03-20,39512.1,39512.1,38941.9,39361.95,0,40249.3775,41127.402,41864.536,39611.73575,-2.204822919311001,-4.292641679627623,-5.977818552676669,-0.6305852174125006,-0.59636699740645,-0.5124517562372533,-4.580213738459471,-4.302758817701657,41.034688825019174,34.67056646086917,17.3477533963842,16.415161374760963,685.7035714285709,1.7420467518214184,41671.2,38613.15,44151.8,32290.55,-10.84859507426652,21.899286323707702
2023-03-21,39599.65,39970.9,39366.3,39894.7,0,40209.0275,41081.52,41852.2555,39633.10525,-0.7817336542148388,-2.8889388708110113,-4.677299888891298,0.6600410145758048,1.353464449804953,1.2262949298933679,-3.520401253675909,-1.9827181665630689,46.75373101971083,41.68118086143704,17.90370226255888,16.64346966279725,706.4535714285713,1.7707955478511463,41671.2,38613.15,44151.8,32290.55,-9.641962502095057,23.549149828665037
2023-03-22,40036.0,40085.6,39837.8,39999.05,0,40175.3,41029.846,41839.253,39655.032250000004,-0.43870238678989326,-2.512307747876984,-4.398269252082474,0.8675260880666641,0.26156356608773024,2.4264112774157187,-3.7954787611449436,-1.6584467566185368,43.575747551046675,45.05840735348935,17.94822767006666,16.49517762704096,691.5607142857142,1.728942848106928,41671.2,38613.15,44151.8,32290.55,-9.40561879696864,23.87230939082798
2023-03-23,39836.15,40201.6,39552.5,39616.9,0,40156.35,40981.888999999996,41825.513499999994,39676.7415,-1.3433740865392325,-3.330712744841982,-5.280541265799385,-0.15082261732605992,-0.9553976906951589,1.2375870757373786,-3.974743526816815,-0.9475971287056906,42.992619993109564,42.92097647247978,17.278610843851908,16.373348318522186,705.0428571428571,1.7796517575652235,41671.2,38613.15,44151.8,32290.55,-10.27115542288197,22.68883620749725
2023-03-24,39555.25,39767.9,39294.9,39395.35,0,40126.03999999999,40925.142,41806.388,39697.16725,-1.820987069743227,-3.738024904104184,-5.767152139524708,-0.7602992125338617,-0.5592310352400154,-0.5120195160878915,-2.6925722697907495,-1.515441276650542,30.963712076145185,45.71491769473915,17.373527859632283,16.338518379275307,667.375,1.6940451093847368,41671.2,38613.15,44151.8,32290.55,-10.772946969319493,22.00272215865013
2023-03-27,39484.7,39695.2,39273.75,39431.3,0,40102.135,40872.123,41787.8055,39719.34375,-1.6728161730042532,-3.5251973576219586,-5.639218120702699,-0.7251976563686229,0.09125442469735123,0.17618537699479742,-0.3371692443010943,-1.19796338707171,30.05839810465943,45.948634151539906,17.371816962963344,16.338069274228285,667.4892857142856,1.6927904626889947,41671.2,38613.15,44151.8,32290.55,-10.691523335401953,22.114055040871104
2023-03-28,39545.05,39645.2,39326.1,39567.9,0,40065.175,40816.056000000004,41772.018000000004,39742.4525,-1.2411651764905594,-3.058002468440367,-5.276541822805885,-0.4392091806614047,0.34642530172730446,-0.8191564293001163,0.3970932268328342,-1.8339200785965626,28.72376474574844,47.5890260088673,16.999417376798277,16.268845104853305,652.7821428571426,1.649777073984575,41671.2,38613.15,44151.8,32290.55,-10.382136175648562,22.537089024497885
2023-03-29,39611.55,40055.0,39609.55,39910.15,0,40047.229999999996,40770.907999999996,41758.136,39766.576,-0.3422958341937619,-2.1112063533144627,-4.42545136593261,0.3610418960888172,0.8649688257400534,-0.2222552785628662,2.1987631717091505,-0.8912551947463432,35.806138797537784,47.17543672394779,17.331765025710546,16.400311984859364,655.3678571428567,1.6421082284653319,41671.2,38613.15,44151.8,32290.55,-9.606969591273746,23.596996644529135
2023-03-31,40231.25,40690.4,40180.2,40608.65,0,40042.755,40738.38,41751.638,39797.20025,1.413226937057663,-0.3184466343531479,-2.737588403118454,2.038961899084848,1.750181344845858,2.5033508426959283,3.7719190649228684,-0.21991171588880976,51.31883189175307,52.20886668748048,18.065325564503162,16.91284759728416,645.7392857142851,1.590152062957732,41671.2,38613.15,44151.8,32290.55,-8.024927636019372,25.760168222591446
2023-04-03,40695.8,40857.6,40535.9,40813.05,0,40063.917499999996,40705.481,41742.90150000001,39834.23625,1.8698433571804531,0.26426170962088164,-2.2275679614652666,2.4572173139129814,0.5033410369465585,3.598648063794352,3.0682027673045065,1.0479130869675002,65.78411662810254,50.76984924623116,17.922348191017242,16.90845386209253,580.4714285714274,1.422269172657832,41671.2,38613.15,44151.8,32290.55,-7.561979353050158,26.393170757388784
2023-04-05,40972.3,41071.15,40802.65,40999.15,0,40051.3075,40678.887,41735.061,39872.67525,2.3665706793717005,0.7872953849499348,-1.763292019628293,2.8251797576587268,0.45598160392326115,3.9761559979001326,4.159346780329742,-0.6113739307925581,69.91033920621976,54.15074418446237,16.258651904337675,16.941186656694775,554.2285714285701,1.3518050287105223,41671.2,38613.15,44151.8,32290.55,-7.14047898386929,26.96950036465778
2023-04-06,40940.7,41274.7,40820.55,41041.0,0,40035.8375,40649.571,41729.4335,39911.18525,2.51065685837095,0.9629351315909248,-1.6497552021644368,2.8308223444704583,0.10207528692667278,3.7229673548507813,2.8733139991026446,-0.7482394366197243,77.11081434645146,48.38702256711475,16.236092079604127,16.909981162560758,516.7071428571414,1.2590023217200883,41659.0,38613.15,44151.8,32290.55,-7.045692361353336,27.09910484646437
2023-04-10,41116.15,41139.85,40727.25,40834.65,0,39998.715,40609.839,41716.4095,39952.273,2.0899046381865145,0.5535875185321506,-2.113699406464979,2.208577719720729,-0.5027898930337948,2.316453333299928,2.089049614928351,-1.7857185806609777,72.42815164253051,46.10922093891684,16.1659126120814,16.83594486253444,491.30357142856985,1.2031536242592256,41659.0,38613.15,44151.8,32290.55,-7.51305722529999,26.460063393159928
2023-04-11,41232.0,41403.25,40990.2,41366.5,0,40004.2025,40582.5,41709.307,39995.39025,3.4053859716363566,1.9318671841310908,-0.8218956982430821,3.428169450103074,1.3024477986220084,1.8662280080721683,4.416297085334797,0.2660170759936298,72.90198922503104,48.48117697966249,16.667110054009775,17.120451463695492,476.321428571427,1.1514665939139812,41403.25,38613.15,44151.8,32290.55,-6.308463075118122,28.107139704960122
2023-04-12,41426.0,41610.15,41332.0,41557.95,0,40057.8275,40580.706,41701.1595,40039.756,3.7448923060043575,2.4081493308667397,-0.34341850854292066,3.791716413057052,0.46281411286910323,1.8251515140377705,5.489480357453358,2.6490998618021955,78.7728309006577,52.21337134962741,15.150036694649623,16.18370955425823,449.31785714285587,1.0811838821281028,41610.15,38613.15,44151.8,32290.55,-5.874845419665802,28.700037627107616
2023-04-13,41680.1,42196.2,41502.65,42132.55,0,40186.22,40616.451,41697.132000000005,40084.46,4.843277123352238,3.7327215024276788,1.0442396853577312,5.109436424988647,1.3826476041287172,2.7644475556200643,6.850522300811801,6.490255202238382,79.0030974999676,62.46405545297699,12.817913638891099,14.809643712023647,455.3607142857124,1.0807812826086063,42196.2,38613.15,44151.8,32290.55,-4.57342622497837,30.47950561387156
2023-04-17,42603.55,42603.55,41799.0,42262.55,0,40328.777500000004,40653.953,41695.177,40131.54625,4.795018891906651,3.956803413434363,1.3607640998861799,5.310046457529664,0.3085500402895125,2.9764138300723664,6.810192100162005,7.234328138558888,79.14177567205681,73.19075412823534,12.545040267541482,14.817683553454373,495.12857142857007,1.171553944162314,42603.55,38613.15,44151.8,32290.55,-4.2789874931486365,30.882100181012724
2023-04-18,42406.95,42500.7,42114.35,42265.2,0,40489.4625,40686.156,41693.4545,40177.19725,4.385678125512276,3.8810351117957524,1.3713075753893151,5.196984590556525,0.006270326802315651,3.5032747923638308,5.900879851366114,8.229389396053932,87.7885905082617,75.18355100600063,11.711231168778559,14.761560345365075,476.36071428571296,1.1270755001412815,42603.55,38613.15,44151.8,32290.55,-4.272985472845967,30.890306916419814
2023-04-19,42280.1,42339.9,42022.15,42154.0,0,40640.532499999994,40718.976,41691.529,40219.83,3.7240346198711998,3.5242143613827555,1.109268503920779,4.808995960450351,-0.2631006123240853,1.90371435823673,3.805470016856005,7.720928330854582,90.64309392265204,78.6351134328909,11.93029181996067,14.749857605032869,465.27142857142724,1.103742061421045,42603.55,38926.8,44151.8,32290.55,-4.524843834226471,30.54593371744985
2023-04-20,42218.5,42378.15,42108.85,42269.5,0,40774.10249999999,40750.98,41689.6535,40262.12125,3.6675178809883224,3.7263398328089203,1.3908642824292115,4.985774936038681,0.2739953503819281,1.712187439467061,3.568588968479447,6.746283281268539,90.8573978637032,78.76992497752994,11.537635790849677,14.740212086761467,454.4035714285705,1.0750152507802802,42603.55,38941.9,44151.8,32290.55,-4.2632463455623615,30.903623505948335
2023-04-21,42252.55,42382.15,41962.35,42118.0,0,40911.905,40763.346,41683.5425,40304.498999999996,2.9480294305532855,3.323215910686042,1.042275857432215,4.499500167462704,-0.3584144595985328,-0.03453386989394902,2.728959015003962,7.001812664260787,86.55323662634032,74.52361951846156,11.313119761521842,14.068100740330674,461.59642857142796,1.0959599899601784,42603.55,39273.75,44151.8,32290.55,-4.606380713810089,30.434445991164598
2023-04-24,42469.95,42714.15,42269.1,42635.75,0,41048.957500000004,40788.568,41679.146,40351.32825,3.865609741733382,4.5286757799391255,2.2951621897435217,5.661329748172544,1.2292843914715856,0.883051306653293,3.8857483979435115,6.870712149734182,87.19736878019496,80.20500802686695,11.173497316408815,14.29855767745243,469.38571428571385,1.1009205051763222,42714.15,39273.75,44151.8,32290.55,-3.433721841465134,32.037856276836415
2023-04-25,42731.6,42865.55,42601.5,42678.5,0,41182.93,40812.318999999996,41676.0915,40397.59525,3.631528888303964,4.572592407699264,2.405236345159665,5.646139914726735,0.10026796760933543,0.977873049222544,4.515405421621099,6.698784096122279,84.40632324340507,78.2372750694825,11.202216932179795,14.29020170085077,432.5142857142855,1.0134242902498578,42865.55,39273.75,44151.8,32290.55,-3.3368967969595866,32.17024795180014
2023-04-26,42559.05,42875.6,42432.25,42829.9,0,41343.58,40838.164000000004,41674.186,40444.0475,3.5950442608017967,4.877143840256866,2.7732131348648292,5.8991437491512215,0.3547453635905695,1.6034065569103806,3.537645195991934,8.110175203006786,84.12663496844287,78.44303555819023,10.126549496573181,14.305081034840466,441.2035714285713,1.0301298191883972,42875.6,39273.75,44151.8,32290.55,-2.9939889200440333,32.63911577845531
2023-04-27,42753.9,43043.4,42736.6,43000.85,0,41523.854999999996,40867.095,41673.66,40489.34725,3.556979476014457,5.221205471051949,3.1847214763473977,6.202872905045412,0.39913705145235845,1.7302073599167134,3.472019192477016,9.152095361508405,84.04483298183558,85.50727679086704,9.482755783095957,14.324526902810305,443.9392857142858,1.0323965356830989,43043.4,39273.75,44151.8,32290.55,-2.606801987687941,33.16852763424593
2023-04-28,43045.5,43302.05,42810.35,43233.9,0,41713.985,40900.585,41673.689,40536.43725,3.643658116097038,5.704845052949738,3.7438754222118495,6.65441497328431,0.5419660309040397,2.649461038036005,2.614012206714289,9.643607996692971,85.01916320664336,90.18035652601726,9.397164569722282,14.362391398129862,446.6214285714294,1.0330352537509442,43302.05,39326.1,44151.8,32290.55,-2.078963938050094,33.89025581787861
2023-05-02,43395.05,43483.85,43269.4,43352.1,0,41903.195,40941.983,41674.6035,40581.576499999996,3.4577434966474487,5.886664063145155,4.025224859067948,6.82704749038028,0.27339657074656465,1.6801627741977132,2.5780507801824504,9.563813090914607,91.36664640057847,90.34658050175972,9.412746873843071,14.264657856214875,435.0035714285722,1.0034198376285628,43483.85,39609.55,44151.8,32290.55,-1.8112511834172205,34.25630718584849
2023-05-03,43154.85,43354.95,43078.15,43312.7,0,42073.3225,40975.27,41676.693,40623.5385,2.945756185525864,5.704489561630711,3.925472205772176,6.619712608245573,-0.09088371728244171,1.485994118818601,2.4783983040421065,8.52552546156804,88.15479924717694,89.32209084990659,9.47777667366168,14.156387034925855,414.1607142857148,0.9562107979546757,43483.85,40180.2,44151.8,32290.55,-1.9004887682948506,34.134290063191855
2023-05-04,43236.1,43739.8,43213.95,43685.45,0,42227.1625,41014.358,41680.218,40666.3455,3.453434741204784,6.512577863586203,4.810992111413611,7.4240860910405475,0.8606020866859021,1.9975531112610412,3.6329885657351513,7.576710873176018,88.94095252040857,89.39005049872713,8.259075107978184,14.261977615835944,431.85357142857225,0.9885524160299877,43739.8,40535.9,44151.8,32290.55,-1.0562423276061357,35.28865256243699
2023-05-05,43110.65,43588.0,42582.2,42661.2,0,42319.56999999999,41034.955,41675.444500000005,40702.30325,0.8072624556440549,3.9630724585904753,2.3653149038398187,4.812741770332125,-2.3446021501438152,-0.7898681072583513,0.9266728965329651,4.528331011771947,58.30857969101161,70.05246241170781,12.653735689479165,15.2641655643491,461.11785714285827,1.0808834658726392,43739.8,40727.25,44151.8,32290.55,-3.3760797974261654,32.1166719055575
2023-05-08,42796.85,43418.55,42780.3,43284.0,0,42433.8125,41078.0,41677.2975,40743.062,2.0035614287544865,5.370271191391986,3.855102409171322,6.236492485518153,1.4598745464262652,0.11588128760069427,2.76841255520206,5.572920414203697,63.90049399180761,72.31569535885558,13.378106442128923,15.3088056558745,457.74642857142993,1.0575418828468486,43739.8,40727.25,44151.8,32290.55,-1.9654917806295618,34.04540957029224
2023-05-09,43438.55,43533.25,43125.85,43198.15,0,42541.67,41127.929,41673.3105,40784.91375,1.5431458144449977,5.033613533032518,3.659031360131569,5.916982599969337,-0.1983411884299069,-0.35511543846779015,1.319080818327345,5.25608537803659,62.414999933463804,70.22589724250845,13.471756601111142,15.097580103666825,459.25000000000153,1.0631242310145261,43739.8,40727.25,44151.8,32290.55,-2.1599345893032704,33.779542311914796
2023-05-10,43275.25,43383.65,42822.15,43331.05,0,42666.490000000005,41181.078,41670.2865,40828.312999999995,1.557568949308925,5.220776396382828,3.985486156904635,6.129905489849675,0.30765206380365395,0.042366326735598925,1.5289900066778328,6.113435525956512,65.5733583837208,70.71637281419905,13.166925041631739,15.09654984697852,476.66071428571587,1.1000442276051836,43739.8,40990.2,44151.8,32290.55,-1.8589276088404094,34.19111783478449
2023-05-11,43535.1,43774.25,43367.25,43475.3,0,42771.93000000001,41250.666,41667.952000000005,40872.27625,1.6444663591285107,5.392965049340066,4.337501396756908,6.368678206416263,0.33290215676748947,-0.48105261591673276,1.5068912138482826,5.097844874475732,65.83328956352753,74.15943129523063,12.627011078574196,14.528985083461258,489.082142857144,1.1249655387246182,43774.25,41332.0,44151.8,32290.55,-1.5322138621754946,34.63784296024689
2023-05-12,43447.15,43905.95,43347.75,43793.55,0,42883.71,41326.506,41666.422,40914.450500000006,2.1216447923932047,5.969640888586133,5.105137177365516,7.0368768609027175,0.7320248508923433,2.654285392815958,1.8434519317641396,5.379476129116112,71.07848687272775,73.10837959039888,12.722440300393032,14.578406031264029,498.9678571428579,1.1393638039000216,43905.95,41502.65,44151.8,32290.55,-0.8114051975230907,35.62342542942131
2023-05-15,43821.05,44151.7,43666.6,44072.1,0,42980.6875,41409.76,41666.652,40956.20925,2.5393090792230777,6.429257257226308,5.773077232123177,7.607859240537499,0.6360525693852148,1.8207651788189505,1.9387563925530538,4.603447928027138,69.22644464374153,73.5471242191232,12.11434348264982,14.58107622745455,491.0357142857148,1.1141645491948757,44151.7,41799.0,44151.8,32290.55,-0.1805135917448538,36.48606171155338
2023-05-16,44144.15,44144.15,43815.7,43903.7,0,43062.745,41481.691999999995,41670.707,40995.86725,1.9528597166761998,5.838739654110546,5.358663581109854,7.092989964738443,-0.38210114789175575,1.6332875366190436,1.2723720419541396,3.8832252194910044,65.86635586635583,67.95442334789703,12.300124313797438,14.523479193918579,495.6357142857149,1.128915590908545,44151.7,41962.35,44151.8,32290.55,-0.5619249951304495,35.96454690304129
2023-05-17,43948.5,43992.75,43446.4,43698.7,0,43134.42,41550.285,41675.498999999996,41033.35575,1.3081896082061584,5.170638420410337,4.854653330005721,6.49555514357364,-0.46693103314754403,0.8484677846486433,0.8911935760181233,3.391679206533982,61.0969192254636,64.34041958321265,12.508599522872043,14.583001335920198,502.99285714285776,1.1510476447648508,44151.7,41962.35,44151.8,32290.55,-1.0262322260927206,35.32968623947254
2023-05-18,44006.9,44079.2,43673.7,43752.3,0,43214.33500000001,41611.367999999995,41678.8845,41068.4225,1.2448762661741675,5.145065165846045,4.974738467388691,6.535136576039663,0.12265811111087377,0.6371433894648115,0.1530257786059419,3.7915737533804617,59.89466060965176,64.69960263329583,12.406027455128374,14.43735559826016,510.04285714285754,1.1657509597046498,44151.7,41962.35,44151.8,32290.55,-0.9048328720459866,35.49567907638614
2023-05-19,43930.0,44020.9,43531.9,43969.4,0,43299.33,41682.96,41684.9835,41104.6375,1.5475297192820296,5.485311023977189,5.48019048634144,6.9694386673523265,0.4962024853550462,0.4015431496190658,3.0664866436012295,4.021575840736236,59.72549123317377,67.57677859106929,12.451171747842114,14.3062719018877,509.8500000000001,1.1595564187821532,44151.7,41962.35,44151.8,32290.55,-0.41312018989033616,36.168012003511876
2023-05-22,43935.3,44026.75,43684.9,43885.1,0,43387.685000000005,41735.635,41697.655,41142.020500000006,1.1464428212751927,5.150191197522204,5.245966469817067,6.6673426989323294,-0.19172424458828718,-0.4243047188584148,1.3887348673874866,4.195593333016756,57.11159737417942,65.73738554451585,12.365736288633235,13.603755037302276,516.4142857142859,1.17674173173648,44151.7,42269.1,44151.8,32290.55,-0.6040523829153157,35.90694491112725
2023-05-23,43978.9,44095.25,43852.2,43954.45,0,43453.62,41787.716,41713.1115,41177.874,1.1525622031029736,5.185097936436624,5.3732229972822765,6.742883326127992,0.15802630049834843,0.11559390210846843,1.7507694195237455,3.0929443014371616,58.49471190120057,68.17961333240935,11.762953187556944,13.601507438600926,514.0035714285722,1.1694005303867347,44151.7,42432.25,44151.8,32290.55,-0.4469806440507654,36.12171362829063
2023-05-24,43751.95,44010.45,43639.8,43677.85,0,43503.5875,41829.731,41733.209500000004,41209.3725,0.40057041272744937,4.418194800248653,4.659695535757905,5.9900875704914,-0.629287819549551,-0.04771308986307732,0.8003498645890117,2.341577140714879,49.89677279148106,60.83331600723536,12.088570256475062,13.670156904117963,502.91785714285703,1.1514253955788967,44151.7,42432.25,44151.8,32290.55,-1.0734556688515628,35.26511626466567
2023-05-25,43630.25,43719.85,43390.3,43681.4,0,43546.1625,41878.224,41743.721999999994,41240.3225,0.31056123487345855,4.305760435304036,4.6418429099350735,5.919152305368124,0.008127689435277752,-0.1620486237294938,0.4740622836415076,1.9880971003901404,69.17308776545765,60.51147678440415,12.06133560525887,13.525491800557518,447.653571428571,1.02481507330024,44151.7,42582.2,44151.8,32290.55,-1.0654152265592827,35.27611019322991
2023-05-26,43765.35,44067.6,43588.8,44018.0,0,43597.020000000004,41948.875,41755.307,41270.8965,0.9656164572716114,4.932492230125361,5.41893513080864,6.656272901656006,0.7705796975371548,0.11053141502954666,0.5125183959738377,2.365418358009208,65.457187381544,61.98720665092719,12.253548024526282,12.810186274691542,427.75714285714173,0.9717777792201865,44151.7,42582.2,44151.8,32290.55,-0.3030454024524547,36.31852043399695
2023-05-29,44276.8,44483.35,44193.95,44311.9,0,43650.92,42043.818999999996,41770.149,41302.336,1.5142407078705402,5.39456465645998,6.085089617468217,7.286667756516238,0.6676814030623923,0.9725396546891751,0.5441084041831523,2.49341373320473,71.56466009642375,62.90746556663681,12.318943401098661,11.564551509674322,431.89642857142724,0.974673684882452,44483.35,42582.2,44483.35,32290.55,-0.38542510849564404,37.22869384386455
2023-05-30,44277.35,44498.6,44207.5,44436.35,0,43705.1325,42144.318,41781.989,41334.571500000005,1.6730700907953977,5.438531476532612,6.352883296197309,7.5040780330818055,0.28085006510665256,1.0963622568363363,1.21322348685875,2.5010322452660994,71.47130813162894,62.09696079516299,12.320153812397056,11.478193038324111,412.5821428571414,0.9284789206519919,44498.6,42582.2,44498.6,32290.55,-0.13989204154737453,37.61410071987005
2023-05-31,44318.0,44339.05,43822.7,44128.15,0,43745.905,42245.850999999995,41793.405999999995,41366.434499999996,0.873784643385484,4.455583105664049,5.586393221935552,6.676223207006168,-0.6935763175868304,1.0309573387884408,0.9827523473238342,1.8827041491294771,61.92267655276949,57.519791474888834,12.642699240145443,11.37456144387252,424.75714285714173,0.9625537051907721,44498.6,42582.2,44498.6,32290.55,-0.8324981010638471,36.659641907616944
2023-06-01,44172.05,44179.95,43706.15,43790.2,0,43751.1425,42339.003,41799.277,41395.7825,0.08927195444095053,3.427565358589101,4.763056069127691,5.784206398320882,-0.7658376795764199,0.24907626587058473,0.08662401748020798,0.2397823531633536,49.93925767438477,54.37383211812553,12.656836754432035,11.59971826255352,418.7285714285702,0.9562152523362994,44498.6,42582.2,44498.6,32290.55,-1.5919601965005674,35.61305087711419
2023-06-02,43997.3,44088.9,43812.55,43937.85,0,43814.975,42425.797999999995,41809.0675,41424.28475,0.28044064843127264,3.563991890028807,5.091676584272063,6.067854315818934,0.337175897803621,-0.18208460175382912,-0.07175444741116532,2.9925318556440095,47.444463480098236,52.41138817235121,9.10804094306912,11.392241766242101,405.41428571428486,0.9226994168223636,44498.6,42780.3,44498.6,32290.55,-1.2601520047821728,36.07030539894799
2023-06-05,44103.25,44266.15,44074.2,44101.65,0,43855.8575,42520.592000000004,41823.997,41453.35375,0.5604553508046289,3.718334871725203,5.4458042353053875,6.388617591646609,0.3727993062928814,-0.4744775105558596,0.49344766219059366,1.8890352093152263,53.7747182548007,66.46962646208026,7.749104791610546,11.245956559864274,405.4035714285705,0.9192480812590242,44498.6,42822.15,44498.6,32290.55,-0.892050536421364,36.57757455354586
2023-06-06,44156.7,44236.2,44009.7,44164.55,0,43904.177500000005,42605.988999999994,41843.754499999995,41479.77725,0.593047210598576,3.6580796188066635,5.5463366701475305,6.472485938916182,0.14262504917617047,-0.6116613988322528,0.4779948332876538,2.237132840179501,59.3923264581948,61.546228184047315,7.672197836405473,10.948527939662126,382.557142857142,0.8662086285428969,44498.6,42822.15,44498.6,32290.55,-0.7506977747614434,36.772368386416474
2023-06-07,44318.7,44346.3,44143.5,44275.3,0,43951.39,42691.513999999996,41860.68,41505.94224999999,0.7369732788883434,3.7098379785734643,5.768229278645265,6.672195834802451,0.25076673485862067,0.3334606141431218,1.3678557896050325,2.179153286153923,60.30704347483344,64.03251651229138,7.655576550842873,10.948272457170791,368.0785714285708,0.831340660432726,44498.6,43347.75,44498.6,32290.55,-0.501813540201255,37.11534798880788
2023-06-08,44208.3,44459.25,43917.9,43995.25,0,43977.3875,42779.081,41880.485,41529.72025,0.04061746505520118,2.8429058585900937,5.049523662393115,5.9367839107945874,-0.6325197118935422,0.468255454416755,0.7184980334879354,1.1959664453149221,50.49710582488795,58.33333333333327,8.038429989363047,10.7950964500933,371.81785714285644,0.8451318202370858,44498.6,43347.75,44498.6,32290.55,-1.1311591825360765,36.24806638474724
2023-06-09,44045.75,44220.1,43932.6,43989.0,0,43987.16,42870.954,41898.048,41552.35675,0.004183038868607356,2.607933567328598,4.990571398457506,5.864031406594046,-0.014206079065348654,0.11641443538998875,-0.06588213912490648,0.4462985987662593,52.05987311657417,56.67628405073815,7.638303749038906,10.663346832128857,367.9357142857137,0.8364266391273129,44498.6,43390.3,44498.6,32290.55,-1.145204568233604,36.22871087671161
2023-06-12,44035.2,44124.95,43874.05,43944.2,0,43980.765,42961.212,41916.6675,41573.797,-0.08313861752973675,2.2880825615441145,4.837055569839835,5.701675504885922,-0.10184364272887159,-0.35701612071205036,-0.829799670066067,-0.2902062756256263,49.794790686500235,52.10772997551582,7.2946408703418575,10.684411026618534,368.4964285714273,0.8385553237319768,44498.6,43390.3,44498.6,32290.55,-1.2458818929134883,36.089970595112185
2023-06-13,43889.7,44138.15,43889.7,44079.85,0,43989.572499999995,43051.45100000001,41933.7535,41599.266500000005,0.20522477230258104,2.38876733794638,5.117825906044875,5.963046247462063,0.3086869256921254,-0.19178277600474525,-0.8022711136265737,0.401219031653377,58.52959898154037,50.11294577145605,7.243657631585414,10.68243530625759,359.7678571428566,0.8161730521833822,44498.6,43390.3,44498.6,32290.55,-0.9410408417343468,36.51006254151756
2023-06-14,44181.65,44212.35,43956.15,43988.0,0,44004.0375,43133.008,41951.958,41627.71775,-0.036445519345806726,1.9822220606547967,4.853270495741823,5.669977547592064,-0.20837185244504397,-0.6488945303589233,-0.31759772390186347,0.6620334243352843,56.27045157068058,51.256596011090274,7.06868447678945,10.619929547109672,354.528571428571,0.8059665623092003,44498.6,43390.3,44498.6,32290.55,-1.1474518299452086,36.22561399542591
2023-06-15,44054.35,44077.45,43397.5,43443.6,0,43988.60249999999,43189.707,41964.04350000001,41651.4475,-1.2389629791034964,0.5878553424777723,3.5257720100304235,4.302737617942321,-1.2376102573429137,-1.253885362624374,-0.7915012948102484,-0.7055629075500169,39.17288697881326,46.54682296883887,8.37133641780782,10.49006453929724,368.89642857142826,0.8491387191011524,44498.6,43390.3,44498.6,32290.55,-2.3708611057426525,34.53967182349015
2023-06-16,43583.35,44077.55,43546.8,43906.65,0,43985.465,43251.579000000005,41978.53,41675.788250000005,-0.17918419186882542,1.514559734339401,4.593109858777815,5.352896354635826,1.0658647073447103,-0.18720589238218066,-0.07100939167482556,-0.14271288668937787,42.81917249933555,51.88087201296562,9.065383284607757,10.665586932227672,380.9392857142858,0.8676118212486851,44498.6,43390.3,44498.6,32290.55,-1.330266570184224,35.97368270283412
2023-06-19,44015.3,44026.7,43502.35,43644.05,0,43973.4125,43304.477,41991.682,41699.25475,-0.749003730379114,0.7841521789998849,3.934988838980068,4.6638609290733255,-0.5980870779255465,-0.6830252911646961,-1.0376029014787402,-0.5492752665483214,36.61610189533445,46.07884492545771,9.288068874157378,10.771271942315963,397.6000000000001,0.9110061967209735,44498.6,43390.3,44498.6,32290.55,-1.920397495651539,35.16044167720898
2023-06-20,43597.55,43822.75,43347.4,43796.5,0,43965.515,43359.587,42004.579000000005,41723.3015,-0.38442629410800583,1.007650280432792,4.2660134743881,4.968922461708833,0.3493030550556053,-0.6428107173685915,-0.8333606931351101,-0.3593492809032872,44.08644330724106,48.94944033390251,9.362824066008244,10.782579866550343,387.7214285714285,0.8852794825418207,44498.6,43347.4,44498.6,32290.55,-1.577802447717453,35.63256122921412
2023-06-21,43894.4,43945.6,43700.25,43863.8,0,43974.8125,43420.17,42015.0045,41751.237,-0.25244564715312223,1.0217141019945446,4.4003220325729115,5.059881219806737,0.15366524722295605,-0.282349731745013,-0.9294121101381614,0.4257306621090695,51.452536017367386,48.924610000593226,9.091552408461494,10.683989640467919,371.4035714285715,0.8467200092754652,44498.6,43347.4,44498.6,32290.55,-1.4265617345264696,35.84098133974182
2023-06-22,43874.8,44039.35,43664.65,43716.5,0,43976.5675,43467.17,42024.835,41772.13575,-0.5913774420888975,0.5736053209813331,4.0253935559770815,4.654691973704023,-0.3358122187316237,0.6281707777440193,-0.6335911263147698,0.0803545673902395,45.630933817578956,50.473020107944066,9.18045388360991,10.40087386088126,376.83214285714246,0.8619906508003671,44498.6,43347.4,44498.6,32290.55,-1.757583384645806,35.384810726358026
2023-06-23,43641.6,43822.05,43521.35,43617.05,0,43956.520000000004,43508.352,42044.529,41793.71475,-0.7722858861438556,0.24983249193167317,3.7401322773766843,4.362702049594679,-0.22748847689086915,-0.6595811796162976,-0.8455522971651974,-0.9108773683493054,40.18551523007136,49.230511676850796,8.750964671091053,10.396815698604094,374.860714285714,0.8594361936117045,44498.6,43347.4,44498.6,32290.55,-1.981073561864858,35.076825882495044
2023-06-26,43714.75,43769.75,43541.75,43653.65,0,43923.6075,43538.774,42077.6125,41814.878000000004,-0.6146068489479075,0.2638475764154587,3.7455487760860917,4.397410892840575,0.08391213986274071,0.021996125474155193,-0.6611794047906128,-1.4854926103371802,39.541453428863875,45.306401123320526,8.357519677080601,9.972241939294266,374.9678571428568,0.8589610654386444,44498.6,43347.4,44498.6,32426.4,-1.8988237832201396,34.62379419238645
2023-06-27,43804.55,44194.65,43695.4,44164.05,0,43909.9925,43576.804000000004,42115.378500000006,41836.6695,0.5785869810840951,1.347611449430755,4.864426185793383,5.563015717587174,1.169203491575166,0.8392223122852371,0.1910169839507203,-0.6127866037601959,48.04285488098799,48.19600522225071,9.388371521469189,10.259871023713547,399.1249999999995,0.9037327871877681,44459.25,43347.4,44498.6,32652.15,-0.7518214056172456,35.25617761770665
2023-06-28,44419.5,44501.1,44166.6,44391.55,0,43923.1625,43619.331,42152.7435,41860.29475,1.0663792708460014,1.770359568329933,5.311176246452395,6.0469121517592805,0.5151248583406653,1.2031561333035512,0.9174092934436828,0.5968978985069651,57.103168913105854,49.46678092789646,9.232760058213604,10.301997765539493,384.5321428571421,0.8662282413142639,44501.1,43347.4,44501.1,32652.15,-0.2461736900885498,35.952915811056855
2023-06-30,44666.0,44786.5,44463.35,44716.95,0,43969.5,43670.59,42194.782999999996,41886.6,1.6999283594309627,2.396028998005295,5.977438016448625,6.757172938362147,0.7330223882698217,2.2884951906030793,2.9310416263845562,2.116341099150043,61.70808202653795,56.97944572200747,9.047348558452246,10.363827973349258,392.20714285714195,0.8770883140669073,44786.5,43347.4,44786.5,32652.15,-0.15529233139451154,36.94948112145753
2023-07-03,44957.95,45352.35,44896.9,45176.35,0,44031.425,43728.72699999999,42239.8535,41911.437,2.6002451658105445,3.3104622505933166,6.951957113203533,7.790028769474071,1.0273509262147762,3.5749781335509656,2.8918170709903768,2.8187542176050906,67.48548966182756,65.9711260384141,9.595991714177355,10.557509238030446,419.6714285714282,0.9289626731053487,45352.35,43347.4,45352.35,33080.45,-0.3880725034094154,36.56510113979708
2023-07-04,45310.55,45655.5,45002.45,45283.6,0,44090.52250000001,43792.039,42277.6925,41935.7765,2.7059726951523246,3.4060094803989407,7.10991381566059,7.983215715583563,0.23740297744283545,3.7338229449312976,3.75664036678538,2.680058455862766,67.22127641311036,65.65134968540289,9.56456327961309,10.498792569108138,448.57142857142804,0.9905825256194914,45655.5,43347.4,45655.5,33080.45,-0.8145787473579337,36.88931075605078
2023-07-05,45169.7,45416.35,45074.75,45197.3,0,44142.159999999996,43843.27,42315.919,41958.893,2.3903225397216783,3.0883417226863012,6.809212863839731,7.718046803570358,-0.19057672093206746,2.3395725709032478,3.198429098215616,2.3384139541781757,67.32819395884687,62.976561297123176,9.63348169019494,10.226541904732919,454.6714285714282,1.0059703313503863,45655.5,43347.4,45655.5,33080.45,-1.0036030708238812,36.6284315963054
2023-07-06,45060.55,45406.35,45047.55,45314.85,0,44194.1375,43895.996999999996,42354.157999999996,41981.10175,2.5358849915331,3.2323061257727055,6.990321941944881,7.941068983498026,0.2600819075475602,2.079900341393781,3.3080809232214126,2.347923108369665,80.55052162413686,63.44971119893362,9.635248828285254,10.231345239669027,431.7321428571423,0.9527387663362944,45655.5,43347.4,45655.5,33080.45,-0.7461313532871209,36.98377742745338
2023-07-07,45118.05,45226.4,44846.1,44892.1,0,44238.979999999996,43937.240999999995,42387.7025,41998.53524999999,1.476345069438768,2.173233863273309,5.908311496712989,6.889680158547923,-0.932917134228628,0.39168592670117963,2.6891448308990817,2.038515521561979,66.30325088923819,56.72144367194817,9.9977167918464,10.485915799147767,419.932142857142,0.9354254821163234,45655.5,43347.4,45655.5,33080.45,-1.6720877002770782,35.705832296719066
2023-07-10,44958.65,45182.75,44726.8,44869.45,0,44283.002499999995,43974.613,42420.85400000001,42016.836500000005,1.324317383402361,2.0348945424488436,5.772151593176296,6.789215318483084,-0.050454311560388376,-0.6793377508364506,2.8713542066691744,2.0015231080497298,72.02134924343169,60.09259045463989,10.00417091123804,10.467686944235721,415.0464285714276,0.9250089505697701,45655.5,43347.4,45655.5,33080.45,-1.7216983714996068,35.63736285328646
2023-07-11,44998.0,45139.15,44664.05,44786.35,0,44325.11,44005.662000000004,42453.123499999994,42036.884249999996,1.0405839940385888,1.774062619487453,5.496006671923691,6.540603089535598,-0.1852039639442804,-1.098079657977724,2.5947429367303654,1.916407626034844,68.24305645146431,59.04486415971868,10.030931125679464,10.432471271658466,415.0285714285705,0.9266854106855561,45655.5,43347.4,45655.5,33515.6,-1.9037136818127094,33.62837007244388
2023-07-12,44872.6,44937.05,44566.25,44660.25,0,44354.13,44031.825,42486.904,42055.6635,0.6901724822468677,1.4272063445019663,5.115331538395919,6.193188463189975,-0.2815590017940739,-1.1882346954353529,1.1235382624555479,1.3167013953087503,64.36727699107064,57.97551820541101,10.084276413449537,10.451941572694984,423.9892857142851,0.9493661269569362,45655.5,43347.4,45655.5,33757.0,-2.1799126063672505,32.29922682702846
2023-07-13,45009.3,45084.25,44613.7,44726.45,0,44391.052500000005,44060.1,42517.685,42071.954249999995,0.755552033824816,1.5123660636267249,5.194932414594067,6.30941870260282,0.14823024949479624,-1.2984705896632143,0.7544228575032674,1.6787532963535412,68.76776986973417,57.315141641777544,10.034282954497176,10.447784734094107,430.83571428571406,0.9632682993747862,45655.5,43347.4,45655.5,33876.15,-2.0349136467676465,32.029318561879066
2023-07-14,44860.65,44922.35,44548.95,44891.0,0,44463.4225,44084.210999999996,42549.2845,42090.392,0.9616387492438294,1.830108743468278,5.503536728097034,6.6537940535217635,0.36790310878687116,-0.0024503197667224974,0.3892260093767641,3.3316760121168576,73.11439716955464,60.05053090844336,8.765293454283958,10.312845874500765,436.028571428571,0.9713050977446949,45655.5,43347.4,45655.5,34463.9,-1.6744970485483675,30.255136534170536
2023-07-17,44951.2,45552.95,44696.95,45502.1,0,44543.195,44141.029,42587.992,42114.749500000005,2.1527530748523964,3.0834600616129637,6.8425578740599,8.04314531183426,1.361297364727898,1.4099793957804252,0.7210631226294284,3.633732020092628,77.75242098941528,72.57622285588953,9.21880861380798,9.167688391238205,480.88571428571385,1.0568429023840964,45655.5,43347.4,45655.5,34463.9,-0.3359945680148097,32.02829627523292
2023-07-18,45754.8,45902.7,45282.95,45412.0,0,44631.5925,44183.58900000001,42630.7945,42144.07825,1.7485540091360199,2.78024268241313,6.523935414809115,7.754165912977351,-0.1980128389678648,1.396965816593676,0.2835463611550404,4.050838545002122,71.44280829567526,67.98055446064913,8.873747846711943,8.673682295676727,486.51071428571385,1.0713263328761424,45902.7,43347.4,45902.7,34463.9,-1.069000298457383,31.76686329753742
2023-07-19,45622.5,45704.3,45434.2,45668.2,0,44725.1775,44232.99,42680.459500000004,42179.337999999996,2.1084824090413035,3.2446596985643508,7.000253828101341,8.271495394261526,0.5641680613053701,2.2569287005782535,1.0418763952713794,4.273629171280802,71.72170894798637,74.2143480913474,8.954037872176453,8.70878293258112,483.3142857142858,1.0583169157406813,45902.7,43521.35,45902.7,34463.9,-0.5108631954111632,32.51024985564604
2023-07-20,45689.05,46253.6,45648.15,46171.45,0,44840.560000000005,44289.797999999995,42735.437999999995,42218.39949999999,2.9680494623617366,4.2484998463980395,8.040193714640301,9.36333576548776,1.1019702988074753,3.2307504843331003,1.890329549805414,5.260944104249954,73.33547248515974,76.21097241995835,9.490222755877516,8.978600453728088,498.3500000000001,1.0793466525309474,46253.6,43521.35,46253.6,34463.9,-0.17760779701472199,33.97047345193085
2023-07-21,46063.95,46366.15,45926.85,46133.45,0,44961.4075,44342.961,42796.813500000004,42260.2675,2.6067744876536523,4.037820117605574,7.796460126640019,9.165068583628807,-0.08230194200095076,2.767703994119075,2.765185856754293,5.528690540185055,67.7562984675894,75.21189029470251,9.320854189386504,8.978405107290607,484.3428571428573,1.0498734803984036,46366.15,43521.35,46366.15,34463.9,-0.5018747513002575,33.86021315057203
2023-07-24,46131.9,46189.65,45859.65,45921.4,0,45076.625,44385.518,42856.012,42301.63575,1.874086624719578,3.4603223510875893,7.152760737513325,8.557031390919677,-0.4596447913607027,0.9214959309570281,2.344468229496921,5.283140423297761,61.389692489017605,74.14529446549437,9.519852523056464,8.959422611006222,461.26785714285717,1.0044725490574269,46366.15,43541.75,46366.15,34463.9,-0.9592127015074574,33.24493165312109
2023-07-25,46154.7,46154.7,45624.1,45838.1,0,45185.847499999996,44420.837999999996,42915.299000000006,42337.66650000001,1.4434884728011406,3.1905341362538064,6.810627137888499,8.267894263846571,-0.18139690863083757,0.9382982471593415,2.3483717695235162,5.004048916871784,61.45554006221171,74.40848398263648,9.630673334276493,8.893956285059042,474.76785714285717,1.0357494249169514,46366.15,43695.4,46366.15,34804.4,-1.1388696279505692,31.702026180597848
2023-07-26,45935.15,46095.9,45809.6,46043.4,0,45279.815,44463.632000000005,42972.662000000004,42377.735250000005,1.6863695224903175,3.552944122963226,7.145794226105884,8.649977938592167,0.4478806931351942,0.8215782535768934,3.0970493895578377,4.255384186912203,62.62804846341851,75.32346427322541,9.035742966334636,8.867253991149763,469.58928571428623,1.0198840348764127,46366.15,44166.6,46366.15,35110.5,-0.6960897119989474,31.138548297517843
2023-07-27,46285.85,46303.45,45572.75,45774.6,0,45348.9675,44505.15,43027.7175,42411.058,0.9385715341810147,2.852366523874197,6.383983765813281,7.930813704293822,-0.5837970262839054,-0.8595138337652353,2.343467903220575,3.115570418243996,66.15886036547407,67.98753587902209,9.379218064448109,8.909242031579065,488.3000000000003,1.0667488082910617,46366.15,44463.35,46366.15,35876.55,-1.275822987243933,27.58919126839118
2023-07-28,45560.9,45703.5,45238.8,45460.7,0,45386.155,44539.318,43075.343,42441.94725,0.16424612307431252,2.0686935529636936,5.537639015433948,7.112663168394094,-0.6857514866323244,-1.458269433567183,1.2690739791940464,1.663239554576057,59.7825907112957,61.71478661042018,9.57001629753066,9.079286970850902,494.00357142857166,1.0866607232809256,46366.15,44548.95,46366.15,35887.35,-1.9528254987744385,26.67611289214723
2023-07-31,45546.35,45694.75,45363.9,45629.7,0,45408.822499999995,44572.524000000005,43127.742,42474.20550000001,0.48641979210097847,2.371810938954213,5.801272879067025,7.429201942341182,0.37174966509534446,-0.635215825301505,0.28042661767258004,1.0035117932280846,63.56806152163069,60.35603662480005,8.977716655002055,9.054086589119027,483.7000000000002,1.0600551833564547,46366.15,44548.95,46366.15,36248.6,-1.5883354559306828,25.879896051157836
2023-08-01,45740.0,45777.55,45471.9,45598.05,0,45424.545,44606.782999999996,43171.208999999995,42506.73024999999,0.38196309946528834,2.222233780006075,5.621433951502279,7.27254185823905,-0.06936271770359159,-0.5236909906824128,0.40969347309081083,0.6944015051806973,65.56049644919368,55.29893694554052,8.95946329265838,9.039652027321972,479.0464285714287,1.050585339880606,46366.15,44548.95,46366.15,36248.6,-1.6565964609957877,25.7925823342143
2023-08-02,45234.65,45402.6,44722.5,44989.4,0,45414.15,44627.482,43207.599,42538.115,-0.935281184388566,0.8109756225995404,4.12381396152098,5.762561411101559,-1.3348158528709075,-2.289144589669745,-1.4863734502345127,-0.4599832290866912,53.69742818172876,46.71688427630847,10.180844920641329,9.577137335309251,507.9750000000001,1.129099298945974,46366.15,44548.95,46366.15,36248.6,-2.969299801687222,24.113483003481523
2023-08-03,44862.85,45035.45,44284.65,44582.05,0,45377.509999999995,44645.566,43237.648499999996,42565.4325,-1.7529829203938072,-0.14226720745347027,3.1093307491040068,4.737688263827697,-0.9054355025850502,-2.605265802431911,-3.442387016218884,-1.6171299253997184,45.933423716320306,43.593214691089315,10.58643762836398,9.696938423428252,534.9321428571426,1.1998823357318529,46366.15,44284.65,46366.15,36248.6,-3.8478502096896086,22.98971546487314
2023-08-04,44754.75,45117.4,44522.75,44858.5,0,45375.83,44669.108,43273.666,42596.605,-1.1401003573929154,0.423988766464734,3.66235206418611,5.310035858491532,0.6200926157500453,-1.3246606409492045,-2.7636129532909393,-0.07484613105646076,40.71016166281755,45.40011490892964,10.358549054935272,9.782624885732876,516.2642857142855,1.150872823911378,46366.15,44284.65,46366.15,37028.5,-3.251617828954963,21.14587412398558
2023-08-07,44993.7,45005.95,44775.25,44833.0,0,45374.0075,44685.407999999996,43317.1415,42624.242,-1.1923291104494125,0.33029126644654155,3.4994425936439097,5.181929100346235,-0.05684541391263176,-1.7460119176764155,-2.3701367989651945,-0.08123567371562945,41.48379125728068,49.35242812061713,10.358972673718341,9.646798419223543,488.47499999999957,1.089543416679677,46366.15,44284.65,46366.15,37221.15,-3.3066148472538726,20.450335360406648
2023-08-08,44888.95,45093.6,44820.0,44982.9,0,45383.83500000001,44698.828,43371.323500000006,42649.55425,-0.8834312922211287,0.6355244929464372,3.715765095340001,5.470973357242064,0.3343519282671181,-1.3490708484244385,-1.86569687661573,0.4388613941524566,39.59491057058704,51.209372235073445,10.401212142434765,9.563658527817585,487.139285714285,1.0829432644722439,46366.15,44284.65,46366.15,37249.5,-2.983318649488905,20.761084041396533
2023-08-09,44973.45,44973.45,44536.85,44881.05,0,45394.875,44707.722,43426.02,42672.365750000004,-1.131900902910289,0.3876914149193317,3.3505948737646376,5.175912352597883,-0.2264193726949526,-0.24083450768402903,-2.5244660472510727,0.4943993820007764,27.687865269564696,51.00547863756057,10.381555284807485,9.563536585477438,475.7535714285711,1.0600321771183407,46366.15,44284.65,46366.15,37249.5,-3.202983210812195,20.487657552450376
2023-08-10,44797.65,44979.0,44419.05,44544.2,0,45385.7625,44716.043,43480.947,42693.22074999999,-1.854243387449974,-0.38429831548377563,2.445330825016293,4.335534348272388,-0.7505394815852218,-0.08489964010179873,-2.6879535812437516,-0.40747700745308313,25.094419457460347,48.82061809571233,10.726473383813165,9.586275008621637,484.3714285714278,1.0873950560823358,46366.15,44284.65,46366.15,37249.5,-3.9294830388117283,19.583350112082034
2023-08-11,44568.15,44568.15,44122.6,44262.55,0,45354.34,44725.49,43532.2465,42714.03575,-2.4072448193491374,-1.0350697108069584,1.6776150066135496,3.6253054126359396,-0.6322933176485246,-1.3285107616170744,-2.6355731433963747,-1.3999465371677955,24.55868595003301,45.48331191338558,10.835915755648324,9.53448279660777,492.6249999999995,1.1129611827605943,46366.15,44122.6,46366.15,37249.5,-4.536930497787715,18.8272325803031
2023-08-14,44066.6,44209.15,43777.65,44061.75,0,45282.322499999995,44727.96800000001,43576.883,42730.42425,-2.695472388811318,-1.489488634940912,1.1126702201256533,3.1156389700483813,-0.4536566465330183,-1.7202730131822497,-3.4362487590319346,-3.1654582975291223,23.7043506580019,41.982732783541024,9.491983801183034,9.56580963408312,489.360714285714,1.1106247806446952,46366.15,43777.65,46366.15,37386.35,-4.970005057568941,17.855179764807215
2023-08-16,43726.25,44000.15,43614.35,43914.9,0,45207.4675,44724.233,43622.4125,42743.47425,-2.8591902432933174,-1.8096073330089275,0.6704982215277592,2.740595542487991,-0.3332822686343606,-2.374235542839609,-3.6912762716826752,-3.2967057165506852,17.936550976138804,33.14143688660408,9.511481697325367,9.55843904506771,500.86785714285674,1.1405419507794774,46366.15,43614.35,46366.15,37386.35,-5.286723180596189,17.462389347983965
2023-08-17,43897.25,44067.7,43748.2,43865.65,0,45117.340000000004,44718.255,43662.122,42757.18875,-2.7742991940571016,-1.9066150948868554,0.4661431709617742,2.5924558709440415,-0.11214872400938658,-2.262424787298878,-2.4978105953846863,-3.9470572520922564,19.207007242753207,33.431550074466145,9.117917157554531,9.555080430072703,471.49642857142834,1.074864794141722,46366.15,43614.35,46366.15,37386.35,-5.392942912016633,17.330656777139257
2023-08-18,43724.75,43954.25,43684.4,43793.2,0,44998.4275,44708.613000000005,43700.0635,42769.65825,-2.6783769277270877,-2.047509279699658,0.21312669259622594,2.3931492368190637,-0.16516340234330462,-1.6859658496504615,-1.7694341108136724,-5.150910356941352,20.829543069064428,29.086731507093802,7.721336120609383,9.541915249163567,452.5,1.0332654384698996,46366.15,43614.35,46366.15,37386.35,-5.549199146360015,17.136869472414393
2023-08-21,43952.85,44113.15,43862.9,43961.35,0,44889.822499999995,44707.935,43743.508,42784.51075,-2.0683363138715825,-1.669916089839531,0.4979984687099099,2.75061986071676,0.3839637203949531,-0.680484969799533,-1.9999554153616428,-4.708297341733603,20.805991565611507,23.35752344672956,8.036945492025271,9.47907829662897,451.721428571429,1.027542212810637,46303.45,43614.35,46366.15,37386.35,-5.186542337459554,17.586632554394853
2023-08-22,44125.0,44140.05,43942.75,43993.25,0,44793.415,44708.02,43789.486999999994,42797.9375,-1.7863451580996912,-1.5987511860288084,0.4653240171550909,2.792920803718637,0.07256374064945614,-0.15546363909740846,-1.8730622532509567,-4.198804914484322,21.92049272116462,24.16215955186408,8.065684421467676,9.480401372222834,443.9821428571434,1.009205145919302,46303.45,43614.35,46366.15,37386.35,-5.117742145940523,17.67195781348006
2023-08-23,44064.5,44521.4,43952.25,44479.9,0,44725.505,44718.734000000004,43839.973,42813.88925,-0.5491385731698187,-0.5340804147094204,1.4596883989869323,3.891285700002135,1.1061924272473656,1.286579270361532,-1.1182026948018065,-2.963037298666382,40.687600526392764,33.6794076355238,9.328695424718866,9.795079143721217,422.096428571429,0.9489599315003607,46303.45,43614.35,46366.15,37386.35,-4.068161794757598,18.973636099806487
2023-08-24,44704.2,44944.45,44433.75,44461.1,0,44646.39,44726.359,43888.905,42830.4615,-0.4150167572339015,-0.5930708555999342,1.3037349644517213,3.8071933920207726,-0.0422662820734776,1.3574402750215597,-0.9356955775321807,-3.436540307622815,47.423361240706335,34.17859687018871,9.071705955466857,9.77467451290954,404.94642857142907,0.9107881464278416,46303.45,43614.35,46366.15,37386.35,-4.108708616091702,18.923350367179467
2023-08-25,44276.2,44358.6,43986.55,44167.95,0,44566.0575,44729.958,43931.483,42844.8095,-0.8932975504957008,-1.2564465184608526,0.5382631858796957,3.088216555146532,-0.6593404121805424,0.8557264598156866,-0.8446666457136986,-3.5099159796044166,35.392913802221074,28.87792681690712,9.120891342301999,9.880501531782487,396.36785714285725,0.8974105819782382,45777.55,43614.35,46366.15,37386.35,-4.740958651947605,18.139240658689598
2023-08-28,44253.65,44610.4,44201.9,44507.75,0,44518.41,44751.240999999995,43970.473999999995,42861.056000000004,-0.023945149882943915,-0.5440988776154712,1.2219017698103627,3.841935205702808,0.7693361362707707,1.2429099652308206,0.5539671799297485,-2.0962061736840787,43.927484550325836,35.95681236212883,9.498866470768554,9.600470970767002,411.49285714285776,0.9245420340117345,45777.55,43614.35,46366.15,37386.35,-4.008096423791929,19.04812852819278
2023-08-29,44655.75,44655.75,44432.45,44511.65,0,44462.5075,44763.34099999999,44007.46,42875.18074999999,0.11052570528102075,-0.5622703631527228,1.1456921167456662,3.816821810133149,0.008762518887173165,1.1783625897154648,1.0210670252543297,-2.4502681367617907,40.69429908572112,38.703265048624665,9.34377770158798,9.314381627602188,407.90000000000094,0.9163893048224474,45777.55,43614.35,46366.15,37386.35,-3.999685115110916,19.05856014293988
2023-08-30,44706.55,44778.4,44151.5,44208.8,0,44393.045,44774.636000000006,44039.556500000006,42887.30875,-0.4150312284277759,-1.2637422669388154,0.38429882916735736,3.081310738576028,-0.6803836748356829,-0.6094887803254956,0.6692489337331908,-3.0467311650388518,37.70146905471916,33.60903469915108,9.547360168085147,9.344661894931717,420.817857142858,0.9518870838902164,45402.6,43614.35,46366.15,37386.35,-4.652855585378554,18.24850513623289
2023-08-31,44265.85,44397.6,43897.6,44060.75,0,44346.6125,44779.921,44069.754,42899.59375,-0.6446095516314868,-1.6060122124824696,-0.020431246337342418,2.706683556881002,-0.33488807658204056,-0.9004500563413842,0.4447671469589576,-2.0641528893472705,40.49916478333508,32.730070998472215,8.508805157645899,9.34969262633938,416.5357142857153,0.9453668271323464,45117.4,43614.35,46366.15,37386.35,-4.9721618033845845,17.852504991795136
2023-09-01,43996.1,44568.55,43830.75,44436.1,0,44339.315,44791.36699999999,44105.7685,42911.08899999999,0.21828257833932754,-0.7931595389798947,0.7489530536124775,3.5538855702310563,0.8518919900364796,0.6071144347881141,1.468036133463646,-0.327373909454598,53.28948615402101,43.44042679312387,8.596461583744771,9.533039491574346,437.4107142857153,0.984358920530189,45117.4,43614.35,46366.15,37386.35,-4.162627261482791,18.856481041877586
2023-09-04,44647.65,44656.05,44310.95,44578.3,0,44325.305,44808.602999999996,44137.8865,42923.59675,0.5707687741799016,-0.513970498031355,0.9978128427150729,3.8549967274119594,0.32001008189288527,0.15851171986902557,1.4033918430621517,-0.6246307834635534,60.013181615523266,49.952559869444755,8.36530672141494,9.51811395778958,427.4250000000014,0.9588185282974034,45093.6,43614.35,46366.15,37386.35,-3.855938006498272,19.2368337641947
2023-09-05,44625.05,44668.7,44401.7,44532.15,0,44310.2625,44826.905,44167.6285,42934.394,0.5007587124991741,-0.6575403767001031,0.8253137249603578,3.7213894296493417,-0.10352570645358883,0.046055358540963987,1.2249606473720531,-0.6710458813820153,62.4513343957395,45.615991187652014,8.368933295353727,9.504201627508046,414.53928571428696,0.9308764245927649,45093.6,43614.35,46366.15,37386.35,-3.9554718258902235,19.113392989687423
2023-09-06,44494.65,44577.0,44207.25,44409.1,0,44281.572499999995,44842.014,44190.394,42943.763,0.2879922568242214,-0.9654205094356473,0.49491751533149564,3.4122230974495635,-0.2763172225010546,0.45307721539602497,-0.15917301972352416,-1.2755958375293752,60.64565417539994,44.450989632422264,8.294443797800954,9.530653171628382,418.1285714285727,0.9415380438436551,44979.0,43614.35,46366.15,37386.35,-4.220859398505166,18.784262170551553
2023-09-07,44418.05,44915.55,44341.2,44878.35,0,44281.4375,44856.3,44216.552,42955.8645,1.3479971150439698,0.04915697460556406,1.4967200518032142,4.475490185979135,1.0566528031416889,1.8556197976657085,0.9384608118107707,-0.00601590203438418,68.39705009748229,48.736998514115875,9.163765487619747,9.464957694271327,439.8785714285732,0.9801576292991458,44979.0,43614.35,46366.15,37386.35,-3.208806424514442,20.03939940646787
2023-09-08,44953.65,45383.35,44812.15,45156.4,0,44312.0475,44871.597,44245.46400000001,42969.45925,1.9054693873037594,0.6347066274463106,2.058823476232488,5.0895235550352,0.6195637762974826,1.620979338870887,2.2379349732102316,1.3743652372250503,69.53238644721563,53.190503227002495,8.96120472262001,9.495125824404536,457.82500000000124,1.0138651442541948,45383.35,43614.35,46366.15,37386.35,-2.6091232504747532,20.783120042475403
2023-09-11,45340.8,45636.2,45231.3,45570.7,0,44377.455,44888.67199999999,44279.630999999994,42985.58,2.6888540588909287,1.5193766480772828,2.9157176129132676,6.01392373907714,0.9174779211805983,2.226195256436414,2.388235756694046,2.955432978895245,72.91772602461084,61.684423803669745,9.039002712308228,9.573477510031069,478.0035714285722,1.0489274279933645,45636.2,43614.35,46366.15,37386.35,-1.715583459053651,21.89127850137817
2023-09-12,45893.8,45893.8,45322.55,45511.35,0,44449.935000000005,44895.372,44312.0495,43000.8515,2.3878887561927673,1.3720300613613259,2.7064884462182177,5.838252993664559,-0.13023719187986726,2.198860823023363,2.245928874800196,3.289928339205761,67.10956290951302,64.97254394168272,8.82417632172256,9.30830217345817,478.15357142857204,1.0506248912163054,45893.8,43614.35,46366.15,37386.35,-1.843586323212091,21.73253072311151
2023-09-13,45449.35,45990.5,45299.4,45909.45,0,44549.6625,44907.889,44349.96400000001,43016.75325,3.052295850726139,2.2302562474045358,3.516318525083785,6.724581776752283,0.8747268538507491,3.378474231632711,3.8468585440002867,4.541852537521418,71.33974746209714,71.1523491162193,8.963035661765938,9.494208697397886,491.03928571428645,1.0695821572993935,45990.5,43684.4,46366.15,37386.35,-0.984985814004407,22.79735785921867
2023-09-14,46013.3,46153.9,45801.5,46000.85,0,44656.4225,44923.96,44383.615,43031.3805,3.010602786194971,2.3971395219833678,3.643765835658048,6.900707031697483,0.19908755169142367,2.5012060381007784,4.403238710189905,4.867590016333967,78.71263863650597,74.18689053024576,8.875956805084938,9.488117693751231,482.3142857142869,1.0484899424995122,46153.9,43684.4,46366.15,37386.35,-0.7878592464545857,23.04183211252235
2023-09-15,46122.15,46310.4,46028.75,46231.5,0,44778.3375,44942.293000000005,44419.145,43047.61825,3.2452354891469533,2.868583051603519,4.0801213080531005,7.3961856182368475,0.501403778408438,2.380836381996798,4.040408586712152,5.567759378168313,77.95889899923759,76.32495465723076,8.787919329652052,9.53266043867183,472.82142857142964,1.022725692593642,46310.4,43830.75,46366.15,37386.35,-0.2904058240764037,23.658768507757514
2023-09-18,46100.95,46252.95,45906.9,45979.85,0,44879.2625,44964.047999999995,44450.644499999995,43062.41524999999,2.452329736924713,2.259142682171328,3.4402324582717894,6.774898093993946,-0.5443258384434935,0.8978356707270319,3.1440185022757694,4.591533244543222,72.04239730963238,73.39789203359896,9.238304966034448,9.366786050996312,481.58928571428623,1.0473920330629314,46310.4,43830.75,46366.15,37386.35,-0.8331509085830998,22.985661879268772
2023-09-20,45493.7,45745.15,45276.4,45384.6,0,44948.83,44974.350999999995,44474.482,43074.070999999996,0.9694801844675307,0.912184369264169,2.0463824626445226,5.364083185914799,-1.2945888253223958,-0.27850195610545914,1.9142349965137528,3.162644269291315,66.22777961797493,63.95384177966013,10.699207443341566,9.839629152250815,487.05714285714305,1.0731771192367963,46310.4,43830.75,46366.15,37386.35,-2.1169538553449074,21.39350324383097
2023-09-21,45179.6,45276.8,44592.45,44623.85,0,44956.027500000004,44971.100999999995,44488.381499999996,43081.03525,-0.7388942450486873,-0.7721647731061702,0.3045030981853154,3.5811923762904416,-1.6762293817726759,-2.8002949283862044,0.4835720606812588,0.3236293247061983,56.64738519655292,55.40943949765811,11.917808807343569,10.54715086632037,507.9250000000003,1.1382366156214676,46310.4,43830.75,46366.15,37386.35,-3.757698234595719,19.358669674894717
2023-09-22,44707.35,44996.75,44548.9,44612.05,0,44963.575,44970.136999999995,44500.981,43087.79225,-0.7817994899204393,-0.7962773162109608,0.24958775627890797,3.5375628928864518,-0.02644325848172313,-3.0190746475336816,-0.5933818868117835,0.33951026852687693,52.272110951846024,51.234158596150436,11.916865076535284,10.528294572470855,487.2142857142857,1.092113645784683,46310.4,43830.75,46366.15,37386.35,-3.783147835220303,19.32710735335224
2023-09-25,44615.0,44936.55,44400.9,44766.1,0,44993.4825,44970.93,44515.515,43096.10399999999,-0.5053676385240901,-0.4554720126979846,0.5629160979042905,3.8750509790861996,0.3453102917261086,-3.169700312557455,-0.864329308802303,1.3542625365225325,52.41773520778614,52.77823322584759,11.689086918632432,10.551835259348344,500.8249999999997,1.1187595077525176,46310.4,43830.75,46366.15,37386.35,-3.4509011423204274,19.73915613586242
2023-09-26,44722.5,44773.8,44532.45,44624.2,0,44999.305,44965.594000000005,44524.9025,43102.56025,-0.8335795408395822,-0.7592338266453401,0.223015648377895,3.5302769514717975,-0.3169809297660531,-2.9483567258266397,-2.076992453484361,0.26163982677174236,51.15653779949988,54.273724439615194,11.460708783805863,10.542360591200433,498.99285714285725,1.1182113228760566,46310.4,43830.75,46366.15,37386.35,-3.756943373560247,19.35960584544894
2023-09-27,44465.9,44668.0,44182.5,44588.3,0,45003.1375,44947.318,44544.173500000004,43109.808999999994,-0.9217968413868793,-0.7987528866572116,0.09906233864682322,3.429593019073709,-0.08044962150580703,-1.7545599167999582,-2.0281753892160914,0.17220210888611032,52.301921693556736,50.800067541393965,11.465783239666507,10.064082026110734,507.2607142857144,1.1376543045725322,46310.4,43830.75,46366.15,37386.35,-3.8343705483418367,19.263581494315453
2023-09-28,44700.35,44756.8,44248.2,44300.95,0,45007.745,44925.097,44554.34300000001,43115.820250000004,-1.5703852748010492,-1.3893058483546612,-0.5687279464540884,2.7487120577277957,-0.6444515713763588,-0.7236040816738121,-3.5036359616593127,0.20844266299921976,42.219377442393174,48.018768571106136,11.437717425247046,10.149990155220031,502.5642857142858,1.1344322993395983,46310.4,43830.75,46366.15,37386.35,-4.454111458467016,18.494985469295607
2023-09-29,44445.35,44755.05,44344.9,44584.55,0,45033.935000000005,44903.42399999999,44568.207,43120.75875,-0.9978808203191704,-0.7101329288385423,0.03666963761858483,3.3946324054420822,0.6401668587242559,-0.06164253828281341,-3.0788561515711077,1.18881317272177,42.30567403560233,53.54604909260779,11.56743723496275,10.174948155607815,494.2000000000007,1.1084557318622723,46310.4,43830.75,46366.15,37386.35,-3.8424583451505,19.25355109552017
2023-10-03,44561.5,44566.3,44243.1,44399.05,0,45032.082500000004,44867.976,44578.887,43124.586749999995,-1.4057366767348616,-1.0451240323387876,-0.4034129429924967,2.9553054209847196,-0.4160634121012752,-0.8199284726612244,-3.9636395098579857,-0.08337815424844797,33.20094630439466,53.17021515855763,11.290845081929614,9.859987866981538,484.3178571428585,1.0908293243726126,46310.4,44182.5,46366.15,37386.35,-4.242534693952374,18.757380701780207
2023-10-04,44108.15,44161.35,43857.5,43964.05,0,45001.37,44824.587999999996,44583.7745,43125.86325,-2.3050853785118086,-1.9197900937761956,-1.3900225069548489,1.9435825438230518,-0.9797506928639232,-1.4793542517288705,-4.384094336975863,-1.3779125718118457,29.97230060317385,45.625318567258276,11.733515181482991,10.066452621653617,482.19642857143015,1.096797107116906,46310.4,43857.5,46366.15,37386.35,-5.1807191237573065,17.59385444152747
2023-10-05,44181.35,44391.85,44108.3,44213.35,0,44985.43,44790.427,44587.9725,43127.197250000005,-1.7162890295813595,-1.2883936114295242,-0.8401873397585075,2.51848675373866,0.5670542181623217,-0.8409156662173789,-2.580721213803805,-0.7158872859271415,27.166742952532246,46.68368969622067,11.945171581012376,10.13844925653067,463.38928571428704,1.0480754923892603,46310.4,43857.5,46366.15,37386.35,-4.643042391917385,18.26067535343782
2023-10-06,44395.4,44500.7,44242.95,44360.6,0,44983.005,44760.877,44590.8575,43128.75474999999,-1.3836447787336548,-0.8942563837612071,-0.5163782732816917,2.8562040734552068,0.33304420497428655,0.13464722539811014,-0.5899311690945486,-0.10921185072428896,28.245732702025208,48.469246624847166,11.976490179987499,10.176076584643855,458.74285714285827,1.0341223002909299,46310.4,43857.5,46366.15,37386.35,-4.325461570563877,18.6545356794659
2023-10-09,44057.8,44113.2,43796.75,43886.5,0,44933.4125,44717.739,44590.6855,43130.69625,-2.329919856409745,-1.858857398850155,-1.57922106848974,1.7523569423018508,-1.0687411802365099,-1.5656768992846293,-1.626354314585421,-2.2100857094790705,20.785369013803717,45.61172222688724,11.858594573781328,10.352203251614945,476.9071428571437,1.0866830183704412,46310.4,43796.75,46366.15,37386.35,-5.347974761760469,17.386425794441024
2023-10-10,44027.55,44487.25,44004.55,44360.15,0,44893.6,44689.45,44597.3,43136.3995,-1.1882540050252088,-0.7368629508754206,-0.5317586490662023,2.836932414815942,1.0792612762466902,-0.08761448724691201,-0.9068245837810296,-1.76331594192628,30.879019691174392,45.65188205876925,12.335856094508769,10.617258011260846,495.10000000000116,1.1160918076246387,46310.4,43796.75,46366.15,37963.25,-4.32643210618091,16.850243327428505
2023-10-11,44554.9,44710.55,44411.4,44516.9,0,44840.91,44670.574,44604.945999999996,43141.915250000005,-0.7225767719700649,-0.3440161749432615,-0.19739066604854724,3.1871203260963146,0.3533576870231592,1.2575047112356463,-0.24045248990457457,-2.312450763319407,38.57357317811901,44.52257777168698,11.881348561231512,10.558696410692516,469.8821428571443,1.0555140696165821,46310.4,43796.75,46366.15,38437.95,-3.9883621995787877,15.814969320684389
2023-10-12,44571.55,44693.05,44530.05,44599.2,0,44795.3025,44649.96400000001,44611.244000000006,43148.11375,-0.4377746974696753,-0.11369326076054646,-0.02699767798452104,3.3630351917759103,0.18487360979762002,0.8727002138494422,0.02444587481467142,-2.0042253196180804,49.60477160127625,41.17716506829409,11.928279955693466,10.529532741334284,425.8821428571443,0.9549098254164745,46310.4,43796.75,46366.15,38437.95,-3.8108620189513345,16.02908063515354
2023-10-13,44322.05,44563.05,44203.7,44287.95,0,44714.2275,44623.762,44615.2725,43156.46375,-0.9533375031470772,-0.7525407651645447,-0.7336557229365842,2.621823364756095,-0.6978824732282174,-0.16377145484958167,-0.029344743171422216,-3.531952571856123,45.2587846338394,39.37559704732954,11.525918357583077,10.631516347912342,422.1428571428587,0.9531776863522894,46310.4,43796.75,46366.15,38437.95,-4.482149154070382,15.219334017552965
2023-10-16,44204.75,44356.95,44044.4,44225.9,0,44625.479999999996,44608.49199999999,44617.986999999994,43165.54925,-0.895407735670282,-0.8576662936733879,-0.878764431931885,2.456474592408911,-0.1401058301411462,0.7733585498957529,-0.8044266455532245,-3.8585156578628377,41.87888992453174,34.47324977635135,11.441657574902209,10.222978797920588,406.207142857144,0.9184824794004056,46310.4,43796.75,46366.15,38437.95,-4.615975231931053,15.057905013144573
2023-10-17,44589.8,44589.85,44336.95,44409.5,0,44534.38,44605.041,44625.303499999995,43179.256499999996,-0.2804125711416604,-0.4383831863308846,-0.48358998835715383,2.8491539681791513,0.4151413538220794,0.11124849668000536,0.023536539633162157,-3.9410358738089846,46.81226986577982,35.56899694394818,11.376021760829397,10.07161050537333,414.96428571428623,0.9344043182523699,46252.95,43796.75,46366.15,38437.95,-4.219996700178905,15.535557957695465
2023-10-18,44404.2,44412.5,43861.45,43888.7,0,44429.8225,44585.645,44627.37649999999,43185.54925000001,-1.2179263151456545,-1.5631600709152011,-1.655209330980938,1.6282084220567972,-1.1727220527139481,-1.4111494735707164,-0.17139003344779358,-4.547970469673135,40.9201817001946,29.816671835693796,11.838741316976193,10.300266359952637,419.6464285714293,0.9561605346511274,45745.15,43796.75,46366.15,38437.95,-5.343229920966059,14.180646990799458
2023-10-19,43616.75,44058.8,43558.1,43754.5,0,44348.3175,44564.075,44624.7415,43190.02425000001,-1.3389854079582555,-1.8166538854447154,-1.950132304968078,1.3069586317724524,-0.30577346788580595,-1.8939801610791118,-1.0378087161456828,-3.5917469802532076,42.61424304269671,30.432527016451644,11.160052234989532,10.317302523712252,419.0821428571435,0.9578035238824429,45276.8,43558.1,46366.15,38437.95,-5.632665209425413,13.831512866841242
2023-10-20,43584.25,43877.5,43567.45,43723.05,0,44303.2775,44538.878,44618.852999999996,43194.501,-1.3096717280115306,-1.8317210415583305,-2.007678234131193,1.223648815852755,-0.07187832108697112,-1.275516252163389,-1.4371987754899562,-2.0186514610460504,37.50435135762351,33.78200310392283,9.66014161824511,10.28040004558078,408.79285714285754,0.9349596085882791,44996.75,43558.1,46366.15,38613.15,-5.700494865327396,13.233574572393087
2023-10-23,43822.7,43831.3,43029.45,43151.2,0,44230.235,44504.280999999995,44606.00149999999,43193.99525000001,-2.439586857270832,-3.040338973232706,-3.261447901803067,-0.09907685027124255,-1.3078913753729604,-2.430024035689504,-1.6754582844382693,-3.2745637109256487,33.72461556520706,35.07545123792724,10.55951748956377,10.653216764537813,441.67857142857196,1.0235603446221009,44936.55,43029.45,46366.15,38613.15,-6.933829960003159,11.752602416534252
2023-10-25,43308.3,43397.45,42758.4,42832.0,0,44133.53,44470.037000000004,44593.04,43193.223000000005,-2.9490729610797026,-3.683462192756898,-3.9491364571691028,-0.8362955457155985,-0.7397245036059208,-3.552167892005087,-3.4448711287044853,-4.320456774210834,34.775065563849,33.0181929193577,10.567496883512998,10.649724053692024,448.64285714285717,1.0474478360638242,44773.8,42758.4,46366.15,38613.15,-7.622263224356566,10.925941033041848
2023-10-26,42708.4,42716.2,42105.4,42280.15,0,44016.3275,44430.388999999996,44577.9395,43188.60824999999,-3.9443942705124546,-4.839568251360559,-5.1545439869422385,-2.1034672956843634,-1.2884058647740004,-3.665066406614903,-5.024496314882665,-5.252867278292939,25.957018132975108,27.95694157496652,11.229447846987417,10.924258294078577,469.9857142857145,1.1115989756084461,44756.8,42105.4,46366.15,38613.15,-8.812463402719441,9.49676470321639
2023-10-27,42555.6,42840.15,42482.75,42782.0,0,43926.0125,44404.793999999994,44566.38100000001,43187.72425,-2.6044078096093903,-3.654546849153257,-4.003872335965553,-0.939443457708933,1.1869636224090874,-2.2226285296369497,-4.074512547310261,-4.051062722732201,31.958444764451713,34.6452623858105,12.353691996531568,11.258612038187255,489.4607142857146,1.144080955274916,44756.8,42105.4,46366.15,38613.15,-7.730100515138741,10.79645146795845
2023-10-30,42721.4,43112.5,42390.5,43039.15,0,43862.9225,44387.278999999995,44555.755999999994,43189.87649999999,-1.8780611346633347,-3.0371967608106676,-3.4038385523073442,-0.3489857165949289,0.6010705436866104,-1.5641635247312324,-2.8197286169262648,-2.8482459179769215,39.81048353154799,37.547125826962784,12.553787651739457,11.335606502777784,500.75714285714326,1.1634921759773214,44755.05,42105.4,46366.15,38613.15,-7.175493328646006,11.462416301182369
2023-10-31,43356.85,43356.85,42797.15,42845.95,0,43775.9925,44366.885,44542.57,43193.16225000001,-2.1245492035389106,-3.4280860601324723,-3.808985426750191,-0.8038592960394126,-0.44889362359620266,-0.7073963180629916,-3.1202304531959824,-3.899557133581044,30.474532559638845,38.12419399598425,12.24595203733126,11.37211933245623,497.8250000000002,1.1618951149408525,44710.55,42105.4,46366.15,38613.15,-7.5921766202283445,10.962068621700109
2023-11-01,42694.25,42815.15,42589.65,42700.95,0,43691.0875,44345.04,44526.8265,43193.75325,-2.2662230597945277,-3.707494682607128,-4.100621228867514,-1.1409132407358105,-0.33842171780530395,-0.30596283152783954,-3.8472624100699293,-3.824631382878696,26.512319730970617,34.27003824762406,12.230525898066167,11.38821338349629,491.10357142857123,1.1500998723179958,44710.55,42105.4,46366.15,38613.15,-7.9049047634966545,10.586548882958255
2023-11-02,43018.7,43271.5,42796.45,43017.2,0,43643.745,44326.157,44517.046,43198.7655,-1.4355894527383146,-2.953012597054155,-3.3691498757577154,-0.42030251998753126,0.7406158410995456,1.7432530395469215,-1.9857047486027124,-2.1536914820177055,30.705905310144644,38.7067774862905,12.28524268106359,11.485514062168118,519.2749999999999,1.2071334256994875,44710.55,42105.4,46366.15,38613.15,-7.22283389929939,11.405570382110746
2023-11-03,43318.3,43416.1,43221.0,43318.25,0,43598.990000000005,44312.657,44510.338500000005,43204.19324999999,-0.6439139989252164,-2.244069905354579,-2.678228340141707,0.26399462973425775,0.6998363445319677,1.2534477116544318,-0.9970403044258336,-2.024501649388699,38.14402738721119,44.60403402349556,12.39031149974325,11.603095337190048,519.5178571428571,1.1993048129664914,44710.55,42105.4,46366.15,38613.15,-6.573545571499902,12.185227053477892
2023-11-06,43627.75,43648.7,43415.2,43619.4,0,43561.93,44295.44699999999,44507.0905,43211.87899999999,0.1319271207680678,-1.5262223225786422,-1.9944923157805543,0.9430763239895399,0.6952035227646647,1.3481911236630006,-0.23706031486824264,-1.6708520624157397,42.99427066488011,45.07989628807398,12.622439677843413,11.431854229602582,520.7964285714287,1.193955965857918,44710.55,42105.4,46366.15,38613.15,-5.924041569118851,12.9651427039752
2023-11-07,43598.85,43799.35,43283.85,43737.9,0,43554.5,44280.98300000001,44503.670999999995,43218.71225,0.42108163335591375,-1.226447479722855,-1.7206917604617233,1.2013031461852608,0.2716681109781405,2.0817603530788986,1.3596377389273107,-0.338600708646164,42.123841913920515,44.81705286988949,12.11822763163223,11.452748314252954,531.6214285714289,1.2154708583892433,44710.55,42105.4,46366.15,38613.15,-5.668467189965093,13.272032973222853
2023-11-08,43791.8,43797.55,43547.75,43658.65,0,43519.425,44270.797,44500.3775,43226.16775,0.31991461284242273,-1.3827331818760733,-1.891506425984815,1.0005102753990975,-0.18119296994140166,2.242807244335321,1.9299822562570013,-1.5813742739823944,46.990410654247235,47.97010165082364,11.415341060438548,11.367661865856645,510.10357142857174,1.1683906200227716,44710.55,42105.4,46366.15,38613.15,-5.839389295854843,13.066792012565667
2023-11-09,43626.1,43876.75,43542.65,43683.6,0,43477.759999999995,44254.314000000006,44502.7775,43233.4105,0.4734374539994788,-1.2896234251874452,-1.8407334238857296,1.0412999918199848,0.05714789623589844,1.5491477827473732,3.319406388104107,-1.8718733784248265,49.045169283809614,43.44891694828268,11.315141657114381,11.224658566840818,498.2035714285713,1.1404819461504347,44693.05,42105.4,46366.15,38613.15,-5.785578487754543,13.131407305542275
2023-11-10,43543.25,43908.7,43504.95,43820.1,0,43438.805,44240.483,44501.91199999999,43240.221,0.8777750677073143,-0.9502224467124412,-1.5320959692697944,1.3410639136187599,0.31247424662803613,1.1585186382182977,2.4264877752325775,-1.7468923209384868,51.271036605330316,43.22627056032971,11.36550925412942,11.251413761156925,504.89642857142826,1.1522028214710334,44589.85,42105.4,46366.15,38613.15,-5.4911826839192015,13.484913818219951
2023-11-12,44054.5,44056.0,43916.6,43996.65,0,43424.24,44236.24,44505.437999999995,43248.56,1.3181808132969133,-0.5416147484505838,-1.1432041181124726,1.7297454527965876,0.40289730055387274,0.8648674672278922,2.224718657315483,-0.6577409882371987,62.35153179739665,44.24789743491838,11.250116710372666,11.191474058439626,464.47142857142796,1.055697260067364,44589.85,42105.4,46366.15,38613.15,-5.110409210167331,13.942141472529435
2023-11-13,43915.1,43970.75,43681.4,43891.25,0,43407.5075,44232.85,44506.3855,43255.482249999994,1.1144212783929146,-0.7722767128955031,-1.3821286385972564,1.469796929613486,-0.23956369405397915,0.35061125476989474,2.4396704939440017,-0.756683300961658,66.50616302806472,46.05807067053543,11.268481199593563,11.179158171726677,441.3428571428568,1.0055372247153063,44589.85,42105.4,46366.15,38613.15,-5.337730219136161,13.66917746933363
2023-11-15,44398.45,44408.55,44164.55,44201.7,0,43397.11750000001,44228.162000000004,44509.764500000005,43262.38449999999,1.8539998653136107,-0.05983065721792103,-0.692127903754709,2.1712060277213903,0.7073163785492387,1.2438543106577882,3.514558809581514,-0.46791790044923287,82.37930743954826,49.77084201356005,11.469414218235388,11.126736496782062,426.39285714285717,0.9646526200188166,44412.5,42105.4,46366.15,38613.15,-4.668168480669635,14.473178178936438
2023-11-16,44251.7,44420.95,44064.15,44161.55,0,43410.759999999995,44219.827000000005,44514.215,43269.525,1.7295020865794752,-0.13178929894954555,-0.7922525422496918,2.0615548703157742,-0.09083361047198535,1.0941177009220926,2.6602149837739564,0.621686219915385,77.52988365827865,47.586508979413075,10.641512544189032,11.102620036120264,411.8785714285711,0.932663304228613,44420.95,42105.4,46366.15,38613.15,-4.754761825167711,14.369198058174485
2023-11-17,43656.25,43872.85,43513.85,43583.95,0,43402.2325,44200.863,44513.884000000005,43279.20649999999,0.41868237999047364,-1.3957035182774609,-2.0890875305331886,0.7041337506962014,-1.3079251067954045,-0.5389079440713318,0.6133673451720556,-0.3897884788993222,59.639065817409666,47.06607233972909,11.614873726812995,11.47425968781635,406.57142857142856,0.9328466753734542,44420.95,42105.4,46366.15,38613.15,-6.000498208283423,12.87333460233106
2023-11-20,43591.5,43724.0,43450.05,43584.95,0,43395.3275,44184.38,44513.197,43295.40475000001,0.4369652470072905,-1.3566559041905768,-2.0853298854270186,0.6687667009279737,0.002294422602822088,-0.9357530630173083,-0.07897861960505237,-0.31585170750898506,64.02915938947527,48.324720622091334,11.613207632932928,11.461849295801297,386.1607142857143,0.8859955426947015,44420.95,42105.4,46366.15,38613.15,-5.9983414624677796,12.875924393632726
2023-11-21,43790.95,43790.95,43586.45,43689.15,0,43422.225,44160.596,44508.448,43311.913250000005,0.6147197662026829,-1.0675716423754704,-1.8407696444504091,0.8709768783996084,0.23907334986046358,-0.460456241278151,-0.11145939791348258,1.246662896976214,69.05514847666798,49.66979018526815,10.578016471680705,11.205518207184848,382.56785714285746,0.875658732529375,44420.95,42105.4,46366.15,38613.15,-5.773608548477715,13.14578064726654
2023-11-22,43663.6,43692.5,43230.95,43449.6,0,43453.104999999996,44126.46,44499.02850000001,43325.886000000006,-0.008066166963206384,-1.5339095862210579,-2.3583177776566715,0.2855429199993571,-0.5483054717246749,-1.701518267396951,-0.4788283650548175,1.4419125887187079,58.591980288518855,53.10781536410599,10.405512038883236,11.152566437048689,374.7821428571432,0.8625675330892418,44420.95,42105.4,46366.15,38613.15,-6.290257008615127,12.525396140951973
2023-11-23,43452.75,43649.65,43451.35,43577.5,0,43517.972499999996,44086.596000000005,44487.634000000005,43341.20850000001,0.13678831200144675,-1.1547636837282809,-2.0458134500926826,0.5451889972103386,0.2943640447783169,-1.3225305724097192,-0.24288291258046657,3.068461204607842,55.532082879883895,58.08656036446467,9.091406578004815,10.953455427008903,360.5785714285718,0.8274420777432661,44420.95,42390.5,46366.15,38613.15,-6.0144092187943174,12.856630448435308
2023-11-24,43607.35,43806.5,43566.15,43769.1,0,43567.3275,44051.751000000004,44473.5615,43356.7075,0.4631280172050928,-0.6416339727335817,-1.584000642718944,0.9511619395914732,0.43967643852904637,0.424812344911385,-0.11638494663407384,2.3072787620961988,53.35109240687672,67.52015061481428,8.318040136521196,11.016448270268189,354.1428571428577,0.8091161507612852,44420.95,42390.5,46366.15,38613.15,-5.601176720517021,13.352834461834885
2023-11-28,43851.55,43960.3,43739.8,43880.95,0,43609.4175,44011.181,44459.535,43368.61375,0.6226464730926384,-0.295904352123611,-1.301374384594905,1.1813526089475257,0.25554557895866026,0.6791335082408034,-0.2629745673818462,1.9558936456691045,53.211791912705614,64.23787005247124,8.138973456505678,10.827815116479858,333.07142857142907,0.7590342245813482,44420.95,42589.65,46366.15,38613.15,-5.359944701037296,13.642502618926441
2023-11-29,44081.75,44630.35,44003.45,44566.45,0,43695.4425,43982.492999999995,44453.226500000004,43384.57275000001,1.9933600626655736,1.3277032750280942,0.2547025467318841,2.7241878278033527,1.5621813110244798,2.008050053617416,1.5383476205393931,4.015548727476004,66.02075391783131,67.81066330814431,9.381889942799674,11.429429579854014,368.75714285714326,0.8274321667019546,44630.35,42589.65,46366.15,38613.15,-3.8814954444136602,15.417804556219824
2023-11-30,44711.2,44764.8,44254.6,44481.75,0,43784.4825,43947.498,44444.895500000006,43399.52675,1.5924991234051968,1.21565964915682,0.08292178344753673,2.493629149999897,-0.19005327998976584,2.375510936809544,0.6335729168787774,4.170399019225579,63.794742390984986,69.57119954057094,9.283495143752914,11.35971565099939,381.33571428571514,0.8572857728972335,44764.8,42796.45,46366.15,38613.15,-4.0641718149986605,15.198449232968555
2023-12-01,44580.15,44951.1,44531.75,44814.2,0,43874.3325,43924.185,44444.1165,43415.9095,2.142180738590155,2.0262527352527986,0.832694019240996,3.2206868774682595,0.7473851635783069,2.837932419253053,1.477869322974379,4.177398807918697,66.09148887953637,74.19816559984426,9.288693994453407,11.454775903834513,386.0214285714293,0.8613819471761837,44951.1,43221.0,46366.15,38613.15,-3.3471616685879773,16.059425351208063
2023-12-04,45671.5,46484.45,45484.2,46431.4,0,44029.99,43945.12100000001,44459.736,43440.295,5.45403258097493,5.6576906455667615,4.434718190859263,6.885554069096454,3.608677606651467,6.082601652764175,6.533253640388281,7.18669382996775,76.87629013919704,80.12086457873842,15.197444300361305,13.767839738570247,488.47500000000065,1.0520359067355294,46484.45,43230.95,46484.45,38613.15,-0.11412418561474996,20.24763584426549
2023-12-05,46895.9,47230.55,46653.65,47012.25,0,44199.6325,43992.889,44481.995,43467.55925,6.363440917749713,6.8632932926955466,5.688267803636049,8.154795924043059,1.2509853245863845,7.135898379592964,7.8634941648435985,7.778305066094449,81.17882117882118,81.05610949506497,15.489209707249135,13.445692418069392,523.0392857142864,1.1125595684407499,47230.55,43230.95,47230.55,38613.15,-0.46220084246320003,21.75191612183932
2023-12-06,47256.75,47259.85,46750.2,46834.55,0,44354.465000000004,44037.33900000001,44503.738,43495.321,5.5915114746621315,6.351907412025952,5.237339838734457,7.677214291624608,-0.3779865886018974,5.089254360623308,7.199499189157943,7.080015272795448,77.0188311355124,77.60330365651589,15.719256007282867,13.48684507649835,522.4928571428578,1.1156141291906463,47259.85,43230.95,47259.85,38613.15,-0.899918218106904,21.29171020753293
2023-12-07,46735.4,46927.7,46507.15,46841.4,0,44513.6025,44078.845,44524.8875,43521.28625,5.2294071233618995,6.267303510334719,5.202736334819497,7.628712375200088,0.014625954557057064,5.304759817228422,7.806285903667698,7.290078827448854,77.69040804306715,77.16554042225414,15.647154868356058,13.476440109986118,527.0464285714291,1.1251722377457316,47259.85,43230.95,47259.85,38613.15,-0.8854238851794856,21.309450277949352
2023-12-08,46797.2,47303.65,46793.9,47262.0,0,44692.5225,44131.600999999995,44548.5975,43548.941,5.749233554673493,7.093327522833366,6.090881985678665,8.52617518299699,0.8979236316591699,5.462107992555931,8.455051345304332,8.191632557756234,89.27903971635756,79.76228824408818,15.717918528198831,13.561546141557232,517.1928571428574,1.094310137410303,47303.65,43230.95,47303.65,38613.15,-0.08804817387242095,22.398716499430886
2023-12-11,47233.3,47588.0,47186.6,47314.25,0,44867.23,44186.12,44566.719000000005,43577.3555,5.453913691573999,7.079440331036074,6.1649837853219465,8.57531269881671,0.11055393339258757,1.9014072373436885,8.099663918152311,7.973852181989538,89.39512380630445,79.8531455306413,15.74897897565152,13.55391432752519,526.2964285714291,1.1123423251376259,47588.0,43230.95,47588.0,38613.15,-0.5752500630411028,22.53403309494304
2023-12-12,47421.7,47454.0,47004.05,47097.55,0,45022.275,44242.052,44583.5745,43607.1845,4.6094405491503965,6.45426211243547,5.6387930492204035,8.004106525152983,-0.45800155344319915,0.18144207094958897,7.330287972343363,7.0480366118784055,85.16932538126595,76.59814479674736,16.03278175176176,13.506048828730794,543.721428571429,1.1544579889430107,47588.0,43230.95,47588.0,38613.15,-1.030616962259387,21.9728253198716
2023-12-13,47190.75,47201.95,46886.9,47092.25,0,45182.325,44292.206000000006,44597.815,43639.13725,4.227150771900302,6.321753312535379,5.593177602983459,7.912880427075813,-0.011253239287400962,0.550234815963857,5.66749202595227,7.293025375217166,89.49571176094298,75.84059567932152,15.942433573775583,13.457605873755037,533.2571428571428,1.1323670940699218,47588.0,43230.95,47588.0,38613.15,-1.0417542237538875,21.959099425972752
2023-12-14,47567.65,47943.6,47510.85,47732.3,0,45358.854999999996,44358.871,44613.4235,43674.43075,5.232594605838281,7.60485766195448,6.990892550534719,9.29117834008633,1.3591408352754408,1.9019499844155074,7.307603680160968,7.987475594830085,90.54571004762286,79.43581451310075,16.296206990543343,13.686844781212566,579.778571428571,1.2146462069260668,47943.6,43230.95,47943.6,38613.15,-0.44072618660258234,23.616695348605337
2023-12-15,47939.9,48219.95,47632.85,48143.55,0,45557.955,44442.460999999996,44633.52449999999,43715.168999999994,5.675397414128884,8.327821899871854,7.864101119776036,10.130078646156004,0.8615759140037316,1.8652405738225353,7.429230020841615,9.016893655227221,90.93435643101118,79.74868872872726,16.274222535917502,13.529574811317586,604.5464285714281,1.2557163494828032,48219.95,43230.95,48219.95,38613.15,-0.15844064541749667,24.68174702141628
2023-12-18,48068.5,48076.6,47806.7,47867.7,0,45772.1425,44515.547999999995,44652.9875,43754.49975,4.578237734884259,7.530294808456592,7.199322329776914,9.400633702822745,-0.5729739497814523,1.1697321631432223,3.0933807724944584,9.828732824812803,86.19546960824368,77.00901478658196,15.415179759061875,13.606012381974134,612.8571428571429,1.2803145813505619,48219.95,43230.95,48219.95,38613.15,-0.7305067715748358,23.967353090851162
2023-12-19,47940.4,48017.0,47646.05,47870.9,0,45986.44,44585.75399999999,44673.3155,43794.30725,4.097860151818664,7.3681517194932,7.157705812097167,9.3084992228071,0.006685092452740626,1.6420174722464376,1.8264388537030163,9.833554931232014,84.24336003481903,84.09620539087415,15.413404541003656,13.60470455436479,585.8249999999997,1.2237601549166608,48219.95,43230.95,48219.95,38613.15,-0.7238705141751405,23.97564042301651
2023-12-20,48085.35,48166.15,47202.65,47445.3,0,46174.2475,44656.93,44687.334500000004,43829.998250000004,2.752730296254433,6.243980497539805,6.171693905797845,8.248464280967656,-0.8890578618743317,0.7496987296211177,1.3040586490101758,8.59744353002978,78.68405005952553,78.76071910179328,16.144773768914934,13.527275297048885,618.2035714285709,1.3029816892897101,48219.95,43230.95,48219.95,38613.15,-1.606492748333406,22.87342524502663
2023-12-21,47172.45,47932.4,46919.7,47840.15,0,46393.775,44726.53,44707.99,43867.85375,3.1176057563757205,6.961461128328092,7.005817081018412,9.055141545419234,0.8322215266844069,0.22594762875451924,2.132195024059902,10.10492616732952,78.93845933151627,79.64237767431231,15.78854035451431,13.452059446307777,657.0142857142855,1.3733533145575119,48219.95,43451.35,48219.95,38613.15,-0.7876408001252503,23.896004340490222
2023-12-22,47837.75,48071.4,47415.85,47491.85,0,46589.4925,44786.029,44728.3015,43901.82225,1.936826206037763,6.041663126686218,6.178523233215097,8.177400312808203,-0.7280495567008161,-1.3536600437649593,0.4863315136896418,8.982502438184836,63.391718337605866,78.42431316846094,16.360825709999144,13.588292142215014,584.5357142857143,1.2308126853043508,48219.95,43566.15,48219.95,38613.15,-1.5099559414723545,22.993980030119264
2023-12-26,47576.4,47838.45,47411.65,47724.85,0,46787.28,44848.541999999994,44749.253,43938.4975,2.003899350421738,6.4133812867316955,6.649489769136485,8.617391844133953,0.4906104942216327,-0.29842670527306936,0.8678146647151719,9.037768654141853,59.86570677004011,78.73857518033716,16.361976848251658,13.611607133041344,557.9392857142853,1.1690749907318416,48219.95,43739.8,48219.95,38613.15,-1.0267534495577009,23.597401403407897
2023-12-27,47818.5,48347.65,47806.7,48282.2,0,47007.3425,44928.427,44776.0945,43973.651750000005,2.712039081979583,7.464701579692504,7.830306638288871,9.798022403267865,1.1678402341756877,0.8591858519476192,2.5153113060021104,10.029978840476339,68.13575034764405,79.76429155564934,16.54607746422813,13.665906577629672,566.0214285714283,1.1723190504397651,48347.65,44003.45,48347.65,38613.15,-0.13537369448154019,25.040821585392532
2023-12-28,48479.05,48636.45,48343.15,48508.55,0,47204.447499999995,45014.08,44811.28599999999,44009.4425,2.762668708282219,7.7630599136981155,8.250742904365678,10.223050428325706,0.4688063095716455,2.2410017430599005,3.0075012342795304,8.845443152864995,69.79682471827385,80.06535947712419,16.0489645569182,13.66173711597283,561.2857142857143,1.1570861513809716,48636.45,44254.6,48636.45,38613.15,-0.26297149565807987,25.627020846525085
2023-12-29,48374.85,48477.7,48091.85,48292.25,0,47394.972499999996,45091.735,44848.388,44043.01825,1.893191308424124,7.097786323812999,7.6788980687555615,9.647912243162397,-0.44590077419341956,0.945022120541017,1.1731050043681135,8.566434549000434,62.85771338000917,75.77801762906995,16.204895358981126,13.724926904729992,554.6392857142861,1.1485057865688306,48636.45,44531.75,48636.45,38613.15,-0.7076996779164538,25.0668489879743
2024-01-01,48203.45,48450.0,48044.15,48234.3,0,47565.9775,45178.647000000004,44882.14600000001,44077.906,1.4050431319318561,6.763489397989271,7.468791710628085,9.429653940457152,-0.11999855049205088,1.5633208645272845,0.18849877086337674,7.631732798978907,61.46608342368613,76.05955596913864,16.262518635645492,13.394207351046205,554.9571428571429,1.150544618367309,48636.45,45484.2,48636.45,38613.15,-0.8268489990531672,24.91677058204265
2024-01-02,48194.8,48223.55,47689.8,47761.65,0,47632.490000000005,45258.79,44911.4325,44114.287000000004,0.2711594543976101,5.530108074033797,6.346307257066447,8.267985834158438,-0.9799043419309483,0.07710867608803351,-0.22154814206656326,2.8649793027994086,57.77999062792871,70.07758697029351,11.660270404859842,13.606982725424915,561.7107142857146,1.1760705802368943,48636.45,46507.15,48636.45,38613.15,-1.7986510117411851,23.692705723309288
2024-01-03,47796.3,47798.75,47481.35,47704.95,0,47667.125,45338.42800000001,44938.653,44154.98825,0.07935238384944988,5.219682517444119,6.155718552578776,8.039775098343492,-0.11871449164759795,-1.1955751809155313,-0.34666154177173114,1.47344575084154,57.092420243552276,61.01753566392422,10.925949267974572,13.611828882424964,561.8785714285722,1.1778202711219112,48636.45,46507.15,48636.45,38613.15,-1.9152302439836792,23.545864556504704
2024-01-05,48245.55,48381.95,47822.85,48159.0,0,47733.347499999996,45438.584,44971.4325,44198.72625,0.8917298331109165,5.987017553187831,7.087983021221299,8.96015357456144,0.9517880219977126,-0.7205946168252875,1.504258588311158,2.8279336515457,55.161610296608046,60.143113650636366,11.209992573307186,13.284581541698417,549.4250000000009,1.1408563300733006,48636.45,46507.15,48636.45,38613.15,-0.98167115404187,24.72175929702704
2024-01-08,48096.65,48154.5,47387.35,47450.25,0,47763.79,45530.949,45000.492999999995,44240.72,-0.6564386955055301,4.215376666100237,5.443844804100269,7.254696578175037,-1.4716875350401781,-1.7435509838535146,-0.8150058057928344,1.2998117050301516,42.17653298426957,54.97824997170066,12.590343178623304,13.653948744182113,562.6071428571439,1.1856779318489237,48636.45,46793.9,48636.45,38613.15,-2.4389115570729305,22.88624471196988
2024-01-09,47705.4,47939.3,47156.05,47242.65,0,47762.8225,45630.199,45030.294,44281.27025,-1.0890740387044768,3.5337365063869233,4.913039208671388,6.687657633308294,-0.4375108666445304,-2.0559021277389733,-0.5247216101288865,-0.04094198298844054,42.83634946649406,53.14230224053001,12.31150600472138,13.303288874530184,594.4928571428578,1.2583816893058661,48636.45,46886.9,48636.45,38613.15,-2.865751920627422,22.348604037743616
2024-01-10,47073.85,47423.45,47010.8,47360.85,0,47765.1525,45721.776000000005,45063.285,44320.084,-0.8464382061796998,3.584886991266466,5.098529767636769,6.860921111972612,0.25019764979312686,-0.8391669885776665,-0.7627053830446817,0.09849041250784563,44.304490078500976,50.812610464877295,12.33796610032297,13.120114027121843,597.471428571429,1.2615302060064992,48636.45,46886.9,48636.45,38613.15,-2.6227243147885972,22.654717369600764
2024-01-11,47538.6,47662.1,47237.0,47438.35,0,47782.1925,45809.76,45098.519499999995,44360.46599999999,-0.7196038566041081,3.555115765723279,5.188264550458256,6.9383491147275285,0.16363726580075344,-0.5588518591886138,-1.7477455459776081,0.7236045187063667,49.91585039532147,51.01596397871468,12.223488513413873,13.089240326402832,559.0142857142861,1.1784016217138373,48636.45,46886.9,48636.45,38613.15,-2.4633788033460475,22.855426195480028
2024-01-12,47572.7,47873.7,47408.5,47709.8,0,47813.07,45907.037000000004,45136.961,44399.54150000001,-0.21598696758019678,3.9269861829679815,5.700071389387513,7.455614153132631,0.5722163608135711,-0.9327436200917694,-1.6466169366018968,1.3113622729854724,48.373126318285664,54.96774717027058,12.366380313614831,13.030257531790637,519.9071428571426,1.0897281960040548,48636.45,46919.7,48636.45,38613.15,-1.9052582990740368,23.558425044317808
2024-01-15,47891.05,48248.05,47825.4,48158.3,0,47834.37,46016.183999999994,45180.612,44440.33774999999,0.6771908985108412,4.6551361147200065,6.590632282714545,8.366188103509659,0.9400584366314746,1.4921944562989786,-0.2773736986783515,0.8924774209497555,58.11487087072464,58.06947293522773,11.865393893757481,13.06526841517272,511.528571428571,1.0621815376136015,48636.45,46919.7,48636.45,38613.15,-0.9831104038226355,24.719946443115884
2024-01-16,48109.95,48305.4,48002.85,48125.1,0,47833.4475,46118.342000000004,45222.249500000005,44482.87875,0.6097250255691825,4.351322950855419,6.419075857781009,8.187917132049362,-0.06893931056537461,1.8679096113363602,-0.22639490984631694,-0.03832289060529126,55.12280656845552,53.27409728936747,11.471415282854565,13.033424553495488,502.6535714285715,1.044472783284755,48636.45,46919.7,48636.45,38613.15,-1.0513719648535176,24.633965371900494
2024-01-17,46573.95,47212.75,45979.6,46064.45,0,47743.284999999996,46173.266,45242.961500000005,44516.22425,-3.516379319102151,-0.23566883919367143,1.8157266296548518,3.477890984880637,-4.2818612324961425,-2.737281953343329,-3.553478575384239,-3.767154051688304,29.502666432525928,36.40755753138076,19.00904209739501,16.455061012796097,611.4178571428571,1.3273095785206535,48636.45,45979.6,48636.45,38613.15,-5.288214908777265,19.29731192611842
2024-01-18,45492.75,46184.05,45430.7,45713.55,0,47635.417499999996,46215.149000000005,45255.297999999995,44547.635500000004,-4.034534808055358,-1.0853562324336592,1.012593044907157,2.6172309414716275,-0.7617587966425199,-3.635876880203459,-4.174409573849247,-4.506600043032405,24.748843596415185,36.05376114358971,19.101812342055574,16.521867253733074,639.9250000000003,1.3998584664721954,48636.45,45430.7,48636.45,38613.15,-6.009690263166811,18.388554158363153
2024-01-19,46103.5,46249.85,45558.05,45701.15,0,47548.21000000001,46254.414,45267.698500000006,44578.30175,-3.884604699104351,-1.1961323302031144,0.9575293517517696,2.5188223999583,-0.02712543655000177,-4.2101413126862886,-5.10361510828713,-3.6761280885567182,25.69552574805371,35.969478482977166,18.947778595221138,16.51943983393829,659.5749999999997,1.443235017061933,48636.45,45430.7,48636.45,38613.15,-6.0351855449976215,18.356440746222464
2024-01-20,45989.25,46183.7,45640.9,46058.2,0,47459.1125,46302.405,45286.601,44609.042,-2.9518303782018798,-0.5274132088819182,1.7038130108285112,3.2485745827045465,0.7812713684447692,-4.360826690310926,-2.933704248133573,-3.7248001939793385,30.672694329970128,40.950193770632964,18.912501402482658,16.57843123729843,669.3571428571423,1.4532855015114408,48636.45,45430.7,48636.45,38613.15,-5.301065353248439,19.281125730482998
2024-01-23,46495.45,46580.3,44886.1,45015.05,0,47335.27250000001,46329.03399999999,45291.674000000006,44631.07399999999,-4.901677707675609,-2.8361998655098004,-0.6107612626550377,0.860333318440891,-2.2648518613406443,-6.462428130019459,-4.715230834849438,-5.215210609820408,27.850357252302388,33.0058950914341,20.240315497289643,17.41662761492453,751.4785714285712,1.6693940613829623,48636.45,44886.1,48636.45,38613.15,-7.445855937265147,16.579584934148084
2024-01-24,44489.4,45485.5,44489.4,45082.4,0,47203.15,46354.28,45297.381499999996,44652.420750000005,-4.492814568519262,-2.7438243027396765,-0.4746002812546558,0.9629472328216306,0.14961662821655342,-2.131904321011091,-4.810830042112835,-5.53684296545719,28.88701042547197,34.99915951214351,20.10844723795419,17.40861030864334,799.9571428571425,1.77443335505018,48636.45,44489.4,48636.45,38613.15,-7.3073795476437855,16.754007378315418
2024-01-25,45057.95,45139.05,44429.0,44866.15,0,47032.347499999996,46371.67,45303.955,44671.755750000004,-4.605760960581427,-3.2466374404889815,-0.966372582702769,0.4351614274753406,-0.47967721328057156,-1.8537173332633383,-5.422195333522339,-7.075174702064102,22.435312534007437,32.16500505346694,19.375821581287127,17.432659742487715,802.317857142857,1.788247614611142,48636.45,44429.0,48636.45,38613.15,-7.752004926346384,16.193965009329723
2024-01-29,45171.5,45660.35,45110.9,45442.35,0,46879.0375,46402.691999999995,45317.77099999999,44693.7625,-3.064669363145521,-2.069582514738578,0.2749009875176897,1.674926115249307,1.2842644176065843,-0.5662877192368354,-4.752587518706852,-6.320947544298905,32.81025272241622,32.32418167219585,20.042650389976867,17.639139851661106,803.9285714285709,1.7691175113711568,48477.7,44429.0,48636.45,38613.15,-6.567296749659975,17.68620275735079
2024-01-30,45481.5,45678.7,45206.05,45367.75,0,46732.8125,46426.013,45327.0875,44716.428,-2.920993680831857,-2.2794613011459743,0.08970905090691861,1.4565608863033517,-0.16416404521333305,-1.4990815967623528,-5.7945359366921245,-6.05583711672163,33.57483267337136,30.074606034460857,20.04380034326518,17.587044002350382,781.7428571428562,1.7231245921229426,48450.0,44429.0,48636.45,38613.15,-6.720679654867897,17.493004326246364
2024-01-31,45295.65,46179.75,45071.2,45996.8,0,46620.9375,46462.718,45341.2725,44739.5795,-1.3387493548365412,-1.0027781844359553,1.4457633494957685,2.810085642400826,1.3865576317979356,2.1809372643149416,-4.4224323689716964,-4.63881511704326,39.03188196035864,36.16223482816203,20.921565418711925,17.833707926581937,831.4499999999997,1.8076257478781124,48381.95,44429.0,48636.45,38613.15,-5.427308119733234,19.1221125445606
2024-02-01,46164.9,46306.9,45668.35,46188.65,0,46542.2875,46514.812000000005,45357.8375,44762.73300000001,-0.7598197660568298,-0.7012002972300605,1.8316845462484848,3.185500313396847,0.41709423264226775,2.45384007949887,0.2696222358022471,-3.2934373079656964,40.13280485108803,37.86403735146326,20.843928809343403,17.557798803293036,846.6964285714286,1.8331265983557183,48381.95,44429.0,48636.45,38613.15,-5.0328508762460995,19.618964005785593
2024-02-02,46568.2,46892.35,45901.25,45970.95,0,46455.5875,46562.532,45373.456,44781.925,-1.0432275773070447,-1.270510804695935,1.316835993273245,2.6551449050035125,-0.4713279128097603,2.4624354886701783,0.5630715619329374,-3.6348429251052528,36.153117210954164,39.04516034307665,20.87245517543384,17.606558410864874,884.2607142857144,1.9235206457245597,48381.95,44429.0,48636.45,38613.15,-5.480457558066019,19.055166439412467
2024-02-05,45962.25,46048.6,45615.1,45825.55,0,46338.915,46605.26,45382.928,44799.74,-1.1078485545032677,-1.673008583151342,0.9753050750714081,2.2897677531164353,-0.3162866984475987,0.84326624833444,0.27220321589283003,-4.84530409684586,30.48152951512357,38.62596528601517,20.444168647008397,17.63018815781559,876.7785714285716,1.9132963410773498,48305.4,44429.0,48636.45,38613.15,-5.779410298243384,18.678610784149964
2024-02-06,45891.2,45932.15,45527.0,45690.8,0,46250.942500000005,46650.083999999995,45388.27199999999,44816.867999999995,-1.2110942387822727,-2.056339276902465,0.6665334163856537,1.9500068590246156,-0.29404993502533117,0.7120696970865925,-0.7976864054609067,-3.707988893630687,29.972191598242617,34.46207113629208,19.9239201581664,17.59118276989567,884.1071428571429,1.9349784701890596,48305.4,44429.0,48636.45,38613.15,-6.056465881041881,18.329636406250206
2024-02-07,45944.6,46062.85,45620.5,45818.5,0,46179.735,46694.903999999995,45390.75,44835.1905,-0.7822370570121301,-1.8768729024477597,0.942372619972131,2.193164541143197,0.27948733661917746,-0.38763566161125196,1.7848475121098328,-3.014543002985648,47.032707179654246,38.916925334003466,19.964065990042258,17.59039820025708,762.4535714285713,1.6640736196701578,48305.4,44429.0,48636.45,38613.15,-5.793905599606874,18.660352755473195
2024-02-08,45973.85,46181.2,44893.75,45012.0,0,46062.2925,46719.761999999995,45385.756499999996,44848.903,-2.2801568115612203,-3.655331120907669,-0.8235105654788324,0.3636588391024895,-1.76020603031527,-2.5474873156067557,-0.15615850087838945,-4.959476022917664,42.37437363449597,35.98899545874235,20.697808095312546,18.06299268652077,800.6035714285707,1.7786447423544183,48305.4,44429.0,48636.45,38613.15,-7.452126954167085,16.57168607067799
2024-02-09,44986.75,45718.15,44859.15,45634.55,0,45972.1025,46754.834,45383.0075,44866.48575,-0.7342550843742637,-2.3960816543589902,0.5542658229514719,1.7118885893575988,1.383075624277974,-0.7317664742625407,1.7126497370512084,-3.8024088105931053,49.36085679737434,39.80294635368059,21.45646898372389,18.300799584701636,812.5464285714281,1.7805509829097208,48305.4,44429.0,48636.45,38613.15,-6.172119881282442,18.183960645531382
2024-02-12,45664.3,45748.5,44633.85,44882.25,0,45830.725,46761.15,45371.821500000005,44877.718250000005,-2.069517774375157,-4.018079110543692,-1.0790210395234086,0.010097995568200806,-1.6485316498135782,-2.0584586546151695,-1.23255069335102,-5.926560161643946,39.5104676782003,36.01619344603097,21.861460379173828,18.387223045083815,853.3928571428571,1.9014039116640922,48305.4,44429.0,48636.45,38613.15,-7.7189021813886445,16.235660649286572
2024-02-13,45056.8,45750.4,44819.55,45502.4,0,45697.93,46781.562999999995,45364.5305,44891.837750000006,-0.4278749606382583,-2.734331471567107,0.3039147511953214,1.360074081618535,1.3817266291239916,-0.4123368380505532,0.2967967333623589,-5.514937196703373,54.702017424527476,38.367656668282685,22.245476902044906,18.631520820693346,798.8678571428567,1.7556609258915061,48305.4,44429.0,48636.45,38613.15,-6.443829679180935,17.84171972501596
2024-02-14,45014.65,46170.45,44860.75,45908.3,0,45587.090000000004,46803.445,45363.815,44907.22975,0.7046073789750543,-1.9125622056239595,1.200262808584332,2.22919617970869,0.8920408593832363,0.1959907024455143,-0.19240468902184116,-4.606328090746814,57.47975873498888,38.08969255526382,22.621204320122025,18.662085681136723,821.2678571428567,1.7889311020945158,47212.75,44429.0,48636.45,38613.15,-5.609270413445048,18.892916014362985
2024-02-15,46027.1,46297.7,45590.2,46218.9,0,45594.8125,46799.195,45372.157999999996,44923.32,1.3687686510389783,-1.239967909704426,1.8662149594030897,2.8839809702399593,0.6765661111389321,2.6812849906691527,0.06549228002983298,0.3352910975817691,62.0453230043186,40.197469916692384,16.970712769694742,16.865069756498077,821.0857142857136,1.7765150496565554,46892.35,44429.0,48636.45,38613.15,-4.97065472500562,19.697305192661048
2024-02-16,46454.3,46693.4,46264.4,46384.85,0,45628.3775,46786.64699999999,45389.768,44939.07475,1.6578991878464147,-0.8587856274462059,2.192304662143244,3.217189624047609,0.3590522491880854,1.64414900552321,0.9003512000513414,1.4684923835492913,59.0537944284342,52.04642131752745,16.74890970018769,16.641228396290483,798.2499999999994,1.720928277228447,46892.35,44429.0,48636.45,38613.15,-4.62944972340703,20.127081059172838
2024-02-19,46554.9,46717.4,46317.7,46535.5,0,45670.095,46780.666,45409.0025,44954.99175,1.8949051890520456,-0.5240754802421954,2.480780105222522,3.5157569570680636,0.32478276851171106,3.6835274523893125,1.5492449081353055,1.8256652184901245,61.05603999204703,55.38768099317649,16.766123854114596,16.638577231923176,793.0392857142859,1.704159804266175,46892.35,44429.0,48636.45,38613.15,-4.319702609873865,20.51723311876912
2024-02-20,46444.9,47136.75,46367.8,47094.2,0,45721.895000000004,46785.722,45432.2835,44973.89925000001,3.0014175921623387,0.6593421813603635,3.6580078569020187,4.71451394110549,1.2005887977995178,3.498277013959683,3.071515491083532,2.249328024108621,60.53025505210427,58.52086098588877,17.057038049910613,16.8582130840708,768.7821428571426,1.6324348706574114,47136.75,44429.0,48636.45,38613.15,-3.170975677706741,21.964149519011
2024-02-21,47363.4,47363.4,46886.95,47019.7,0,45822.127499999995,46780.876000000004,45456.2385,44990.5705,2.6135244375111175,0.5105163058511201,3.43948718942065,4.510121737620542,-0.1581935779777499,2.4209129939466223,2.6216484607745727,4.453288400212796,58.15818665514834,56.09176613700298,14.620907903893896,16.740502624943026,757.2035714285713,1.6103964326198834,47363.4,44429.0,48636.45,38613.15,-3.3241529758031274,21.771210067036737
2024-02-22,46934.55,47024.05,46426.85,46919.8,0,45913.997500000005,46772.987,45479.553499999995,45011.86350000001,2.1906228051695953,0.3138841656616926,3.166799999476707,4.23874141536041,-0.2124641373721925,1.51647918924942,4.238425308806537,4.075648146505073,59.53512676990492,63.70609695547994,14.70099377086842,16.744764555231296,729.0678571428574,1.5538596864071401,47363.4,44429.0,48636.45,38613.15,-3.5295544802303507,21.51248991600012
2024-02-23,47060.7,47245.35,46723.15,46811.75,0,46011.277500000004,46767.27099999999,45504.661499999995,45029.502250000005,1.7397310909265586,0.0951071102695016,2.872427696226255,3.957955697811416,-0.23028657411157116,0.9203436035688517,2.5796244292975334,4.336454097354014,59.98541978858691,62.37149908788497,14.573261961820846,16.721305436519675,735.4035714285716,1.5709807290446771,47363.4,44633.85,48636.45,38613.15,-3.751712964248002,21.232662965854892
2024-02-26,46615.85,46893.15,46513.55,46576.5,0,46067.985,46756.956,45524.581,45046.394,1.1038359936949693,-0.3859447137662219,2.3106615742383254,3.396733598698266,-0.502544767072366,0.08810478022154289,3.7748775963771797,2.4957996230388746,58.78897334629962,62.202404309207004,14.212594618873172,16.758331353622914,733.5785714285713,1.5749972012250197,47363.4,44633.85,48636.45,38613.15,-4.235403694142968,20.623414562137505
2024-02-27,46480.2,46722.25,46324.9,46588.05,0,46129.00000000001,46734.070999999996,45546.471,45062.679,0.9951440525482789,-0.3124508455511898,2.2868489635563756,3.3849984817813574,0.02479791311069679,-1.0747607985696628,2.3859181054186163,2.6897961657785574,57.81657880570032,58.89021664907819,14.177008454697152,16.460102736192997,730.3642857142856,1.5677073535258195,47363.4,44633.85,48636.45,38613.15,-4.211656072760233,20.653326651671776
2024-02-28,46640.9,46754.55,45852.55,45963.15,0,46127.3175,46690.46300000001,45566.462,45075.11825,-0.3559008173410386,-1.5577335354331547,0.8705701136068056,1.9701151865530644,-1.341331092415332,-2.247036880286335,0.11947730584664917,-0.07315726311395432,60.03121737204569,54.25656643646607,14.293372517922108,16.579881603472533,702.8321428571429,1.529120921558124,47363.4,44633.85,48636.45,38613.15,-5.496494912766034,19.034966067259468
2024-02-29,45881.45,46329.65,45661.75,46120.9,0,46123.93,46655.527,45585.5375,45086.755,-0.006569258083599632,-1.145902820902656,1.1744130471204883,2.293678043585093,0.3432097234415066,-1.702692679849449,-0.21203447074681359,-0.14668105692632327,55.686774318019694,50.9513077607089,14.267172638923775,16.56942142100396,689.182142857143,1.4942946535239838,47363.4,44633.85,48636.45,38613.15,-5.172149694313618,19.443505645097588
2024-03-01,46218.0,47342.25,46218.0,47286.9,0,46189.7275,46643.847,45614.8005,45102.829000000005,2.3753604088701334,1.378644861775659,3.665695085085386,4.842425737862244,2.5281380025107936,1.0150229376171716,1.9447082398671212,2.8625686438936038,75.63674744394812,57.324840764331206,16.72389896698499,17.565579767148908,696.8035714285714,1.4735657685925097,47363.4,44633.85,48636.45,38613.15,-2.774770773771514,22.463202302842426
2024-03-02,47377.45,47433.85,47237.0,47297.5,0,46263.325,46640.890999999996,45648.9105,45119.79800000001,2.2354100143039934,1.4077968621997468,3.611454209843632,4.8264888065323115,0.022416356327004117,1.547990939636934,1.6374595738737119,3.2120727410800187,71.99715707178395,59.098859341669375,16.64261189095224,17.45207971374998,644.375,1.36238701834135,47433.85,44633.85,48636.45,38613.15,-2.7529764199484075,22.4906540906401
2024-03-04,47318.5,47529.6,47191.65,47456.1,0,46351.59,46633.21,45679.87,45138.585,2.382895602934014,1.7646008070214325,3.8884305056034436,5.13422164208293,0.3353242771816589,1.8632460470013212,0.7684598103375739,3.8635786635383917,70.19045134359507,61.16379221810661,16.56291623314471,17.365618337097683,574.9642857142857,1.2115708743750238,47529.6,44633.85,48636.45,38613.15,-2.426883541047915,22.901394991084633
2024-03-05,47265.7,47737.85,47196.75,47581.0,0,46439.715000000004,46634.992999999995,45710.511000000006,45157.728500000005,2.4575624548944717,2.0285346670900224,4.092032574302207,5.36623869378194,0.26319061195505533,3.519884951314256,1.193754958028248,3.8466994772853758,68.67271680421133,62.959001782531175,16.561913128316412,17.2973383040722,563.0785714285713,1.183410545025475,47737.85,44633.85,48636.45,38613.15,-2.1700802587359833,23.224859924662965
2024-03-06,47451.65,48161.25,47442.25,47965.4,0,46587.385,46639.804000000004,45744.172999999995,45177.70850000001,2.9579144654717138,2.842198908040003,4.855759442847521,6.170502206857156,0.8078855005149155,3.999271479958111,2.2284834973721024,6.561361414733846,70.44299295091513,64.21844576605693,14.975517025062295,17.357272767458007,580.5428571428571,1.2103367367787137,48161.25,44633.85,48636.45,38613.15,-1.3797265219809334,24.220375701024132
2024-03-07,48035.8,48071.7,47747.2,47835.8,0,46697.4475,46630.876,45779.65149999999,45197.462,2.4377188924512434,2.58396175100808,4.491402692307543,5.837358743727697,-0.2701947653933834,1.1607866026320135,2.1875917905226805,4.8236478720618425,66.91029209041022,70.54330112908859,14.56683839576352,17.16565586810121,575.1714285714281,1.2023869749673426,48161.25,44633.85,48636.45,38613.15,-1.6461933385351815,23.88473874832797
2024-03-11,47792.2,47853.8,47230.65,47327.85,0,46819.7275,46607.262,45810.671,45214.329,1.0852743643157634,1.5460852431108183,3.3118462726730122,4.674449553370572,-1.0618616182858975,0.06416829642157396,1.6131525554732518,5.448924686262391,53.07924458677633,62.52774407386578,13.680012841523112,17.288315496336505,564.7571428571428,1.1932871297917458,48161.25,44819.55,48636.45,38613.15,-2.690574661596392,22.56925425664572
2024-03-12,47351.35,47812.75,46884.45,47282.4,0,46908.7275,46587.065,45839.4,45232.35175,0.7965948340849803,1.4925494877172432,3.147946962656579,4.5322610270866575,-0.09603225162351237,-0.36602249236662443,1.4904036550145383,3.9118815710819543,53.48880448351888,69.83152519685692,13.078437081392988,17.264250879297418,597.0321428571426,1.2626942432218808,48161.25,44860.75,48636.45,38613.15,-2.784023093790759,22.45154824198492
2024-03-13,47341.15,47468.7,46842.15,46981.3,0,46962.377499999995,46562.005,45870.32600000001,45248.85125,0.04029289190055989,0.9005089020543801,2.4219884550199064,3.828713220647791,-0.6368120061587379,-1.2603770412559556,2.215144088253318,2.3372679885772296,50.77532084415421,62.899708668422825,13.123969586249364,17.31602900597304,599.1285714285706,1.2752490276526416,48161.25,45590.2,48636.45,38613.15,-3.4031061066340045,21.6717620810527
2024-03-14,46825.75,47231.5,46565.55,46789.95,0,46990.93000000001,46542.570999999996,45900.680499999995,45262.710999999996,-0.4276995581913583,0.5315112480571837,1.9373775950881647,3.3741659884225705,-0.40728970888418425,-2.4506206557226795,1.4506438512691622,1.23553351550989,49.730824319652264,57.98921661909288,13.076869301872115,17.204689701822044,609.3964285714277,1.3024088048211802,48161.25,45661.75,48636.45,38613.15,-3.79653531456346,21.17620551547852
2024-03-15,46572.1,46802.55,46310.5,46594.1,0,47001.3925,46520.35399999999,45929.391,45274.121999999996,-0.8665541132637786,0.1585241591239965,1.447241048765474,2.9155242370023275,-0.41857279180678164,-2.5957546440113943,-1.4650992135242569,0.4511171212152165,50.21945137157106,53.47214510457151,13.135840485624767,17.22532462392574,617.4285714285709,1.32512178887149,48161.25,45661.75,48636.45,38613.15,-4.199216842512146,20.668994889046857
2024-03-18,46458.75,46739.25,46022.15,46575.9,0,47003.4125,46488.691999999995,45963.638,45284.819749999995,-0.9095350257813667,0.18758970461032975,1.3320573101720157,2.851022168416617,-0.03906073944983657,-1.5888108164642922,-1.5256620328769954,0.08681544197441937,49.84875455914753,51.81770610342041,13.089389069233693,17.074511090206585,640.2678571428567,1.3746762964169381,48161.25,45661.75,48636.45,38613.15,-4.236637336812197,20.62186068735651
2024-03-19,46421.9,46602.35,46258.75,46384.8,0,46967.9425,46467.383,45999.166000000005,45296.102999999996,-1.2415755704010123,-0.17772251129356417,0.83834998225837,2.4035114014113037,-0.41029802966769946,-1.8983807928531493,-2.2574547845271686,-1.5063426069452213,55.8842820659531,48.57714749702592,12.37128713054262,16.78741277509037,600.3821428571422,1.294351043568458,48161.25,45661.75,48636.45,38613.15,-4.629552526962791,20.126951569607765
2024-03-20,46392.9,46655.55,45828.8,46310.9,0,46932.5025,46448.748,46039.47349999999,45308.7065,-1.3244605910370981,-0.2967744146731321,0.5895517028447529,2.2119225584160107,-0.1593194322278002,-1.4269507229472178,-2.669342804901109,-1.5074532589531509,52.715061446127464,41.85911160074003,12.371390607122496,16.76512742976896,611.7285714285707,1.320917044213286,48161.25,45661.75,48636.45,38613.15,-4.781496182389948,19.9355659924145
2024-03-21,46674.85,46990.25,46570.15,46684.9,0,46920.7575,46435.22899999999,46078.5025,45322.44175,-0.5026719783882394,0.537675823672603,1.3160095643299152,3.0061448531731045,0.8075852553070639,-0.22451402491345807,-2.669632693566615,-0.500641520211087,38.880679719246395,46.724326862867926,12.743212663312137,16.86020428332294,573.0142857142849,1.2274081891881208,48161.25,45661.75,48636.45,38613.15,-4.0125255852349335,20.904147939238314
2024-03-22,46634.9,46974.15,46566.8,46863.75,0,46923.3575,46423.737,46116.74850000001,45336.25225,-0.12703161746257874,0.9478190004393636,1.6198052210901017,3.3692633911970575,0.38310031723318705,0.5787213402555391,-2.0320554898214382,0.11108322162705075,42.45717763672724,49.45995163170722,12.796170801349287,16.879896910218573,588.0499999999993,1.2548078205435955,48161.25,45661.75,48636.45,38926.8,-3.6447972662478394,20.389423225130233
2024-03-26,46552.95,46788.35,46529.05,46600.2,0,46924.542499999996,46401.545,46154.291000000005,45348.430499999995,-0.6912001326384778,0.4281215205226439,0.966126854813981,2.760336986745335,-0.5623749699928071,0.05217290487138371,-1.5374668403487668,0.0508840294998425,35.640225488222256,48.02099217003281,12.829588538289732,16.867777691369454,587.8178571428564,1.2614062968460573,48161.25,45661.75,48636.45,38941.9,-4.1866748087082835,19.66596391033821
2024-03-27,46643.45,46956.1,46643.45,46785.95,0,46934.4375,46374.098,46195.140999999996,45360.98375,-0.3163721734174462,0.8881078398549099,1.2789418696654724,3.1413918574902993,0.39860343947022425,0.8648307204083938,-1.0499678527316814,0.4247870430292622,36.92803472484828,51.97767852927566,12.9053887785925,16.74912327882007,574.5892857142852,1.228123583499502,48161.25,45661.75,48636.45,39273.75,-3.8047595990250116,19.12778891753397
2024-03-28,46827.85,47440.45,46827.85,47124.6,0,46992.51,46354.087999999996,46236.215,45376.6305,0.2810873477496659,1.6622309557681354,1.9214051150164477,3.852135957957476,0.7238284142995877,1.7570377600089726,0.30501497404284983,2.526915583461964,35.9646779955263,54.77149641170659,12.061302583621066,16.839388344059724,569.9821428571423,1.2095214449717182,48161.25,45661.75,48636.45,39273.75,-3.1084711157989506,19.990069703045922
2024-04-01,47391.05,47646.8,47373.1,47578.25,0,47065.3775,46384.363999999994,46278.815,45394.57675,1.089702297617814,2.5738975315043793,2.807839829088099,4.810427602455837,0.9626606910191349,1.9135737679635056,1.6847635015639018,3.1598472709769343,46.12047539427897,64.81416935720573,12.403756297938594,13.89881330250471,584.1035714285712,1.2276693056776387,48161.25,45828.8,48636.45,39273.75,-2.1757344543032997,21.1451669372036
2024-04-02,47490.75,47707.35,47408.55,47545.45,0,47078.305,46421.002,46318.075500000006,45412.583,0.9922723428551575,2.4222829140999513,2.6498823337338155,4.696643218906968,-0.06893906354269452,1.4546424475207376,2.041782114044488,0.5467687668254673,53.82532873918849,63.37291715559722,8.694507577699815,13.772438197495429,560.9357142857136,1.179788421995614,48161.25,45828.8,48636.45,39273.75,-2.243173586888023,21.06165059358986
2024-04-03,47350.25,47676.95,47279.8,47624.25,0,47094.6425,46459.46400000001,46356.939000000006,45430.305,1.1245599751606528,2.507101674698599,2.733810789362072,4.829254393075282,0.16573615351207494,2.197522757413073,2.250842173742207,0.6908398964004414,55.93994891487546,53.97907550040691,8.708008659940178,13.771363317401283,522.9964285714274,1.0981725246516794,48161.25,45828.8,48636.45,39273.75,-2.0811551829954635,21.26229351666189
2024-04-04,48086.2,48254.65,47712.7,48060.8,0,47124.8775,46499.515999999996,46400.9605,45450.668999999994,1.9860476029884653,3.357634948286359,3.5771662528408257,5.742777955589628,0.9166548554570442,2.724856500722983,3.613252617236684,1.274230288624656,67.91403916362421,58.18113612004287,9.203557065556014,13.809807375810177,523.2714285714277,1.088769701235576,48254.65,45828.8,48636.45,39326.1,-1.1835773375729401,22.210948962648228
2024-04-05,48104.65,48557.4,47894.5,48493.05,0,47170.479999999996,46569.07600000001,46449.055,45475.91625,2.8038086532085473,4.1314412164845065,4.400509332213546,6.634574954825679,0.899381616618955,2.903897327510485,4.711957660075705,1.9168365524053765,76.17013430037804,60.49831431666549,9.651480407157678,12.828409357522414,523.0535714285709,1.078615536512079,48557.4,45828.8,48636.45,39609.55,-0.29484059794658984,22.42767211442695
2024-04-08,48586.75,48716.95,48424.65,48581.7,0,47201.295,46639.062000000005,46496.671,45499.29149999999,2.924506626354211,4.165259584337249,4.484254367371795,6.774629666486137,0.1828097015964092,2.1090519302412236,4.062983962694555,1.2848845209255,81.5822925604601,60.20622552219316,9.288841181073455,12.828592064700983,508.78571428571325,1.047278531392918,48716.95,45828.8,48716.95,40180.2,-0.27762411234693474,20.909552466140042
2024-04-09,48810.8,48960.75,48568.25,48730.55,0,47246.032499999994,46716.35,46544.01,45524.724,3.1420998154712976,4.311552593471032,4.6977903279068585,7.041944944026461,0.3063910896490052,2.4925623797861007,3.983462697714124,1.8704610354588036,82.87183242558764,58.19771366124902,9.237824853222044,12.750417094814633,485.59999999999906,0.9965001421079774,48960.75,45828.8,48960.75,40535.9,-0.4701725361641664,20.21578403341236
2024-04-10,48879.55,49057.4,48669.25,48986.6,0,47328.97,46787.235,46594.9635,45550.6745,3.5023580694868226,4.700780031134556,5.132821919690957,7.543083692426985,0.5254404064801044,2.86062247699439,5.12100806434308,3.504807423113454,88.92229901564772,62.00425594058366,8.270583577577828,12.520659994976702,488.7821428571421,0.9977874415802325,49057.4,45828.8,49057.4,40727.25,-0.1443207344865462,20.279665334634668
2024-04-12,48671.2,48882.65,48477.55,48564.55,0,47393.0775,46851.171,46638.592000000004,45574.178250000004,2.4718219659822753,3.6570676109675055,4.129537186714381,6.561548369772302,-0.861562141483585,1.0481515080897452,3.801568633318353,2.711685532037289,80.53353927027868,63.135701236351316,9.014624795901096,12.708102730938103,466.0892857142847,0.9597315031525767,49057.4,45828.8,49057.4,40727.25,-1.0046394631594795,19.243381274208307
2024-04-15,48057.5,48255.5,47725.8,47773.25,0,47432.675,46886.7,46674.709,45594.462,0.7180176956075048,1.8908347143219781,2.353610817370061,4.778624210984221,-1.6293778074747967,-1.484336415218268,1.376457306799428,1.6856706817393263,63.24751993183612,54.50052720854534,10.677472734424029,12.986580265500017,477.47499999999906,0.9994609954315418,49057.4,45828.8,49057.4,40727.25,-2.617647898176425,17.300456082843795
2024-04-16,47436.7,47609.0,47316.55,47484.8,0,47467.417499999996,46912.623,46713.7175,45613.800749999995,0.03661985613606846,1.2196653339976393,1.650655399027072,4.101827120819368,-0.6037897777521839,-2.2578460613770113,-0.1964132770751248,1.4850411252844031,57.36303602973433,54.62724699481674,10.819656818854973,13.052003183623354,480.999999999999,1.0129557247792955,49057.4,45828.8,49057.4,40990.2,-3.205632585501878,15.844274973042353
2024-04-18,47592.7,47829.75,46982.15,47069.45,0,47491.185,46934.593,46748.5625,45630.87975000001,-0.8880279571882668,0.2873296461737643,0.6864114805669096,3.152624402337957,-0.8747009569378128,-3.408744617083137,-1.0011473232454438,1.0201935438177712,55.37003765034389,52.467076227800725,11.210254546629232,13.167149175637382,517.6357142857133,1.0997275606273567,49057.4,45828.8,49057.4,41332.0,-4.052293843538394,13.88137520565179
2024-04-19,46744.95,47668.7,46579.05,47574.15,0,47541.097499999996,46969.565,46787.4125,45647.930250000005,0.06952405757987654,1.2871845843153946,1.6815153007232508,4.219730751100148,1.072245373591585,-2.8833395255028815,-0.10519850706309786,2.1432758143159925,58.40639064866366,58.203383304455556,11.769150196377185,13.336080391762708,570.0464285714271,1.198227248561303,49057.4,45828.8,49057.4,41502.65,-3.023499003208486,14.629186329065732
2024-04-22,48145.7,48146.3,47628.45,47924.9,0,47618.1025,47014.247,46832.165499999996,45665.596999999994,0.6442875374969017,1.9369724245503674,2.333299108280624,4.947494719055151,0.737270135146928,-1.3171129970317885,-0.2827668286836671,3.320268708714913,58.513467512020775,60.6961623850301,11.802846681002771,13.388839389498134,564.1642857142843,1.177184064472298,49057.4,45828.8,49057.4,41799.0,-2.308520223248684,14.655613770664374
2024-04-23,48299.6,48302.7,47899.3,47970.45,0,47701.08,47057.28600000001,46876.095,45681.8645,0.5647041953766987,1.940536902191915,2.3345694644573016,5.009833825850067,0.09504453843407479,0.41278330446430367,-1.0776802036580602,3.5834976215102676,54.5688590666573,62.86959556525896,11.744225298271743,13.382454140902572,555.6785714285694,1.1583768162036616,49057.4,46529.05,49057.4,41962.35,-2.2156698072054457,14.317834916299965
2024-04-24,48120.9,48246.2,48028.7,48189.0,0,47776.284999999996,47120.82600000001,46920.294,45696.92775,0.863849083284738,2.266883012619498,2.703960039125071,5.45347876258486,0.4555929744248788,1.4830008760698066,-0.8083290621777262,3.2218126203547692,57.18592628158604,64.89349891357786,11.559279758327486,12.710072829892608,554.0321428571411,1.1497066609747892,49057.4,46529.05,49057.4,41962.35,-1.7701712687586406,14.83865894069327
2024-04-25,47772.65,48625.45,47737.2,48494.95,0,47857.845,47178.03399999999,46966.433999999994,45712.9845,1.3312446475598638,2.791375325220218,3.254485959057491,6.085722755642871,0.6348959306065716,3.0285036260249587,-0.48347494538848457,3.4807287082232907,59.25292242295427,64.51046568489906,11.657526123609507,12.441792825378187,589.1107142857129,1.2147877547779984,49057.4,46529.05,49057.4,41962.35,-1.146514083502192,15.567764913070882
2024-04-26,48660.0,48679.65,48088.25,48201.05,0,47937.8875,47244.41,47002.78,45728.00325,0.5489655755064422,2.0248744772132814,2.549359846375053,5.408166931058817,-0.6060424848360335,1.3177324240159827,-1.6036018013089182,3.4352856854691805,51.5370368340877,60.52644007493587,11.695070343587338,11.885370189434328,586.3249999999987,1.2164154100377453,49057.4,46579.05,49057.4,41962.35,-1.745608205897578,14.867375158922236
2024-04-29,48359.9,49473.6,48342.7,49424.05,0,48069.792499999996,47322.843,47052.203,45748.54925,2.81727344672854,4.440153775207467,5.040884058074818,8.034136186296676,2.537289125444353,3.1281233763659433,1.7698094597808467,5.638658614391723,58.69589583605763,69.3108848329014,14.397381796803069,12.75481747837279,629.8714285714268,1.2744229349303158,49473.6,46579.05,49473.6,42105.4,-0.1001544257947585,17.381737259353912
2024-04-30,49477.1,49974.75,49249.9,49396.75,0,48183.4,47392.612,47098.02850000001,45771.0725,2.5181909122228783,4.2287983620738165,4.880717034684355,7.921329569019816,-0.05523626655444813,2.973288764228821,3.398345308305384,4.821579387411257,57.70113856474704,68.24943031692554,14.343287451983125,12.655411090724519,660.7678571428556,1.337674760268349,49974.75,46579.05,49974.75,42105.4,-1.1565840749578538,17.31689997007509
2024-05-02,49262.0,49529.35,49123.6,49231.05,0,48266.04,47452.855,47126.025,45792.8805,1.9993560689876404,3.747287702710405,4.466799395875213,7.508087419833753,-0.33544717010733915,2.1624229595965883,3.6774925871015496,3.473856226321903,54.71404890178202,65.08885912193867,14.21490984141062,12.642657451275014,661.7142857142842,1.3440994772898083,49974.75,46579.05,49974.75,42105.4,-1.4881515165158348,16.923363749067818
2024-05-03,49375.05,49607.75,48659.7,48923.55,0,48334.945,47503.629,47145.138,45813.5665,1.217762842183855,2.9890790027852443,3.7722065846959745,6.788346198718238,-0.6246058127949761,0.8838033650926613,3.939073008076366,2.8984897608498983,49.41185250137596,59.84269827333921,14.475670735428869,12.743245783976963,701.7071428571414,1.4342931836654156,49974.75,46579.05,49974.75,42105.4,-2.1034622484354544,16.19305362257573
2024-05-06,49174.55,49252.65,48784.0,48895.3,0,48398.497500000005,47550.825,47165.7455,45834.74175,1.0264833118011523,2.8274483145140086,3.6669716160852497,6.677376446655776,-0.05774315232643934,1.4403213208010968,2.777033325871292,2.6689134212087406,53.32997734709287,59.88256741026002,14.49353854827706,12.738988170713434,698.8214285714275,1.4292200448129522,49974.75,46579.05,49974.75,42105.4,-2.159990795351647,16.12596009062971
2024-05-07,48965.05,49023.5,48213.75,48285.35,0,48409.725,47574.648,47180.185,45852.53625,-0.2569215173190924,1.493867069704851,2.3424346470875452,5.3057343147512395,-1.2474614124466044,-2.303939074195671,0.7521142454131269,0.4672206871296325,55.35120901168257,54.49080238024073,14.974759936088109,12.838493014551258,696.749999999999,1.44298425920077,49974.75,46579.05,49974.75,42105.4,-3.3805071561138407,14.67733354866596
2024-05-08,48124.2,48223.05,47851.15,48021.1,0,48386.1275,47594.676,47187.776,45868.18675000001,-0.7544052786617482,0.8959489502565352,1.7659743065661764,4.6936960070696285,-0.5472674424022994,-2.7848998162834593,0.10558583461277582,-0.9732322466827759,55.63257504148545,49.72385682289273,14.73619926144818,12.900994644115974,695.1428571428561,1.447577954571753,49974.75,46579.05,49974.75,42105.4,-3.909274183462651,14.049741838339019
2024-05-09,47976.35,48258.65,47440.65,47487.9,0,48331.4375,47606.038,47189.5125,45878.11574999999,-1.745318458611951,-0.24815759715185498,0.6323174031518218,3.5088281715231777,-1.110345244069788,-3.540753244141659,-1.4548963456390451,-2.251465057830404,54.2886718389686,43.105257742566096,15.17952122435462,13.148388510062533,693.0285714285704,1.4593792764653108,49974.75,46579.05,49974.75,42105.4,-4.976212987558714,12.78339595396315
2024-05-10,47555.5,47868.7,47313.35,47421.1,0,48265.965000000004,47618.225,47192.748,45888.16125,-1.7504363582081188,-0.41396965132572666,0.48387095407116143,3.340597461834453,-0.14066741211972156,-3.0710159013399574,-2.214354278125863,-2.687123375377465,48.27671624649541,42.0150260065498,15.099817592263484,13.140892152687453,654.8642857142851,1.3809554938925608,49974.75,46579.05,49974.75,42105.4,-5.109880489647275,12.624746469573967
2024-05-13,47389.8,47841.6,46983.25,47754.1,0,48204.34,47641.777,47199.366500000004,45898.59075,-0.9340237829207868,0.2357657649923442,1.1752986133828613,4.042627931882626,0.7022190543871876,-2.3339666593721775,-0.9272619579864028,-2.5159941698342014,48.06914015691059,43.448007461534814,15.214478245454051,13.168482339140555,675.307142857142,1.4141343735033056,49974.75,46579.05,49974.75,42105.4,-4.443543989714809,13.415618899238572
2024-05-14,47748.85,47937.25,47607.85,47859.45,0,48169.08500000001,47667.205,47200.638,45907.030750000005,-0.6428085565669542,0.40330663398450856,1.3957692690509778,4.252985257601291,0.22060932987952864,-0.8820480746230541,-3.165665298574294,-1.4518820827126078,48.76190688647467,42.2806933439257,15.00115062993615,13.173638495553813,670.0214285714283,1.399977284677171,49974.75,46579.05,49974.75,42105.4,-4.232737532453895,13.665824336070898
2024-05-15,47923.1,47957.2,47534.5,47687.45,0,48164.795,47701.691,47196.077000000005,45914.80075,-0.9910661926413289,-0.029854287555553964,1.0411310245128895,3.8607360176772514,-0.3593856594674594,-0.6947987447184722,-3.4603491120367313,-0.1795984154312369,44.34701261228764,43.78013842400859,13.884750247967915,12.817136402284229,680.5178571428567,1.427037631793809,49974.75,46579.05,49974.75,42105.4,-4.576911340226821,13.257325663691583
2024-05-16,47945.85,48052.9,47340.35,47977.05,0,48189.4075,47738.81399999999,47197.1705,45925.079,-0.44067256896652707,0.4990404663174325,1.6523861319186552,4.468083767477036,0.6072876616384448,1.0300518658437285,-2.5471729731541326,1.0366475166790234,44.14113760803663,51.55593898398254,13.857941117759736,12.859001542730809,667.9678571428568,1.3922653792654127,49974.75,46579.05,49974.75,42105.4,-3.9974186964416973,13.945123428348861
2024-05-17,47842.95,48188.65,47758.8,48115.65,0,48241.717500000006,47755.389,47199.617999999995,45936.46675,-0.261324651221227,0.7543881592085839,1.9407614697220785,4.7439069745171505,0.2888881246345898,1.4646433760499011,-1.651351956266467,2.222673092632288,48.99871028256535,54.929093253115575,13.431336118903808,11.588307320462725,656.4285714285709,1.3642724798034962,49974.75,46579.05,49974.75,42105.4,-3.7200786397130523,14.274297358533584
2024-05-18,48197.3,48222.35,48108.15,48204.0,0,48273.21,47773.519,47207.205,45947.26975,-0.143371447641454,0.9010870645723205,2.1115314918559536,4.911565501669444,0.18362009034482707,0.9421180589729516,-1.413837321787581,1.323933270484079,30.50944933463265,59.342089011486706,12.951739973832998,11.592888444323817,573.6892857142853,1.1901279680405887,49974.75,46983.25,49974.75,42105.4,-3.543289361127369,14.484127926584234
2024-05-21,47927.1,48259.75,47927.1,48048.2,0,48279.375,47785.361,47209.2855,45958.637749999994,-0.4788276567374845,0.5500408378206036,1.7770116431861673,4.546614852612778,-0.3232096921417349,0.39438397223536814,-0.4911427586214101,0.2572775321388221,29.306243957831413,54.14136825460609,12.771718931969007,11.60104816771018,545.6749999999998,1.1356825021540868,49974.75,46983.25,49974.75,42105.4,-3.8550467986333157,14.11410412916157
2024-05-22,48113.9,48114.05,47435.25,47781.95,0,48269.95,47789.38,47212.1865,45970.244000000006,-1.01098095191729,-0.015547387306552817,1.2068144736317046,3.941040643595433,-0.5541310600605254,0.1981653453896115,-0.498010249661085,-0.3929502433268839,28.428949953853916,48.732454312492756,12.925322117661636,11.66057414565916,565.1785714285714,1.182828602492304,49974.75,46983.25,49974.75,42105.4,-4.387815847002742,13.481762434272076
2024-05-23,47899.35,48829.7,47873.15,48768.6,0,48298.93,47805.444,47222.624,45985.9385,0.9724231986091582,2.014741249971437,3.2738036751197797,6.051113863860802,2.064901076661796,1.6498513351696165,2.696897525474906,1.2027641162920988,48.08137591164047,56.06501569160861,14.827405862477338,12.419136512594095,572.2999999999998,1.1735009821893592,49974.75,46983.25,49974.75,42105.4,-2.4135188270076418,15.825048568592145
2024-05-24,48668.0,49052.95,48644.8,48971.65,0,48322.765,47828.16100000001,47229.518500000006,46002.806500000006,1.3428143029481074,2.390827863943993,3.6886497159609952,6.4536138681017094,0.41635396546138015,1.7790469421071986,3.269747011351498,0.98298895039588,50.90615616506639,55.96127626838502,14.735795485521189,12.42766488885267,567.9785714285707,1.1598109751837455,49974.75,46983.25,49974.75,42105.4,-2.0072136428896563,16.307290751305057
2024-05-27,49105.9,49688.85,49051.25,49281.8,0,48376.802500000005,47867.24,47237.251000000004,46024.2685,1.8707261605394394,2.9551735174202753,4.328255681093718,7.077856109760885,0.6333256077751148,2.2359140320305393,3.1990970408823705,2.2421710730367916,62.73239544600761,55.98943466313478,14.657138483413728,12.228840297586917,561.3678571428562,1.1390977138474165,49974.75,46983.25,49974.75,42105.4,-1.3866002331177187,17.04389460734253
2024-05-28,49390.9,49511.15,49043.65,49142.15,0,48362.707500000004,47904.435,47245.75,46047.068999999996,1.6116601825900614,2.583716935603152,4.013906012710141,6.721559194136778,-0.28337033144082424,2.276776237195155,2.6801394499936793,-0.5703700931024458,64.79562881917406,57.33583811424292,11.56871878513411,12.250225138653068,563.7464285714278,1.147174937546338,49974.75,46983.25,49974.75,42105.4,-1.6660413508821925,16.712226935262457
2024-05-29,48786.7,49022.6,48401.55,48501.35,0,48317.9375,47934.835999999996,47248.4205,46065.28324999999,0.3795950520445922,1.181841948932511,2.65179129109723,5.288292132665886,-1.3039722519263108,1.5055894537581604,1.7067383556889748,-1.8126698618836312,63.00612158468183,42.089605980590505,12.427736396051044,12.539174768233757,558.2178571428564,1.1509326176340584,49688.85,46983.25,49974.75,42105.4,-2.9482888858873757,15.190331881421379
2024-05-30,48313.6,49044.6,48313.6,48682.35,0,48290.502499999995,47972.684,47257.6275,46084.53,0.811438025520657,1.4793126855274503,3.014799039583602,5.637076042654661,0.3731854886513508,-0.1768555997096466,1.470077880986831,-1.114540518636109,65.72532884483505,44.0326433786064,12.495369561456778,12.509816028025247,570.7642857142849,1.1724255006471236,49688.85,46983.25,49974.75,42105.4,-2.5861059835216813,15.62020548433217
2024-05-31,48895.15,49122.55,48569.05,48983.95,0,48293.5225,48020.48100000001,47270.4175,46104.53525,1.429648251481341,2.0063709899115545,3.624957405971703,6.245404566788245,0.6195263786567429,0.02511657254757882,1.8046103502706412,0.12345792568200231,65.45484247961087,47.98180273775683,12.521022456186667,12.513116653726073,548.9892857142851,1.1207534012963125,49688.85,46983.25,49974.75,42105.4,-1.9826012136128803,16.33650315636473
2024-06-03,50889.85,51133.2,50092.65,50979.95,0,48397.755,48108.562000000005,47298.627,46135.029749999994,5.335361113340897,5.968559193267908,7.783149815321271,10.50160859601484,4.0748040939940555,3.4457954052002915,5.758754460210769,4.263497718594622,76.58233239628582,63.16466717027509,19.09525364845042,15.357672500533507,678.9785714285707,1.331854133690933,51133.2,46983.25,51133.2,42105.4,-0.299707430788607,21.0769877497898
2024-06-04,50667.05,50667.05,46077.85,46928.6,0,48329.917499999996,48119.437999999995,47293.4105,46146.95175000001,-2.8994824996338915,-2.4747545887796867,-0.7713770187920781,1.693824229679463,-7.946947770643165,-4.504381676422387,-2.330160130868586,-2.8098584767429435,46.108002482344084,41.690046816637654,34.4990787232001,23.839337396314818,998.9357142857136,2.128628841017447,51133.2,46077.85,51133.2,42105.4,-8.222837608442262,11.455062771045988
2024-06-05,47486.6,49362.9,46446.8,49054.6,0,48381.5925,48174.312000000005,47311.53,46170.912000000004,1.3910404044678764,1.8272975024531604,3.684239338698198,6.2456812635626395,4.530286435137643,1.1406898983224112,2.6634534588898084,2.1521789380084977,54.65052545262293,52.88120484364525,38.17567281931757,25.880467481202285,1156.332142857142,2.3572348828797747,51133.2,46077.85,51133.2,42105.4,-4.065069270063283,16.50429636103682
2024-06-06,49426.4,49672.75,48906.75,49291.9,0,48471.792499999996,48226.452000000005,47330.8405,46197.062750000005,1.6919273204101242,2.2092605941652033,4.143301659728614,6.699207840870784,0.48374668226833784,1.2520964990391903,1.0730264965572278,3.7988624470654653,55.03361448825097,54.7693751172828,37.904553341019856,25.846954182248894,1180.3428571428562,2.3945980113220555,51133.2,46077.85,51133.2,42105.4,-3.600987225520788,17.067882029383405
2024-06-07,49316.95,49943.2,49080.45,49803.2,0,48590.8975,48285.24100000001,47354.489,46226.50425,2.494916872033487,3.1437328851687574,5.171021906708772,7.7373269037534875,1.0372901024306103,1.6724866002027161,1.698023244060587,5.023291319686796,56.60449826132204,58.703742688299755,37.98875396921467,25.922557608711855,1233.8107142857136,2.4773723662048095,51133.2,46077.85,51133.2,42105.4,-2.6010498071702925,18.282215582799346
2024-06-10,49808.15,50252.95,49622.75,49780.9,0,48692.2375,48348.855,47375.2,46256.0805,2.2358029860509046,2.9619005455248075,5.0779732856009145,7.6202295177171475,-0.0447762392777884,-2.3520030914114143,1.012747099334832,4.244242902703643,57.235622296089694,58.900807929934146,37.969411952543965,25.876942699998573,1255.0642857142848,2.521176366265545,51133.2,46077.85,51133.2,42105.4,-2.644661394162688,18.22925325492692
2024-06-11,49751.2,49970.3,49530.45,49705.75,0,48784.5525,48407.251000000004,47390.6745,46285.64325,1.8882975302479243,2.6824473052601068,4.885086621841601,7.389130861868273,-0.15096151335151076,5.917819836943794,1.1468769681424185,3.857754320202189,58.16394082649399,57.507356759563784,37.994296788954465,25.878701288107724,1237.996428571428,2.4906503343605677,51133.2,46077.85,51133.2,42105.4,-2.7916304866505466,18.050772584989094
2024-06-12,49857.45,50233.4,49697.35,49895.1,0,48894.935,48462.66100000001,47408.374500000005,46315.312000000005,2.0455390727076352,2.955758042258536,5.245329598887625,7.729167407962172,0.3809418427445532,1.7133969087506529,2.87363135252936,4.6294150767130615,55.12744651797907,57.78019836037379,37.936090446474786,25.849971340022464,1201.446428571428,2.407944725176276,51133.2,46077.85,51133.2,42105.4,-2.4213231325244626,18.50047737344853
2024-06-13,50179.0,50186.45,49799.65,49846.7,0,48988.417499999996,48508.03,47446.197,46344.579249999995,1.7520110748627495,2.759687416701932,5.059421306200783,7.5566998485588845,-0.09700351337105229,1.125539896007255,2.3917292406796298,3.896967404206797,54.0398048077855,58.331307659362665,37.93155704229699,25.78329644491574,1199.9214285714281,2.4072234040998266,51133.2,46077.85,51133.2,42105.4,-2.515977877386903,18.38552774703481
2024-06-14,49993.95,50102.6,49693.35,50002.0,0,49082.735,48557.16099999999,47489.0815,46372.18975,1.8728887051628222,2.975542577540741,5.2915710740794175,7.827558434417048,0.31155522833006266,0.39917113759759815,2.078333821588507,3.920449999116715,53.373144115029724,57.89494204384626,37.9321953013887,25.784140936904425,1177.9249999999997,2.3557557697692086,51133.2,46077.85,51133.2,42105.4,-2.2122613096774644,18.754364048316837
2024-06-18,50194.35,50562.15,49900.2,50440.9,0,49194.58,48613.49399999999,47536.47899999999,46402.08875,2.5334498231309217,3.759050933471291,6.109878268434668,8.70394277240375,0.877764889404431,1.325809698097058,-1.0573764783998296,4.640486266699861,55.91699127542769,58.8583314602675,38.00326255348267,25.840977796284992,1191.814285714286,2.3627934587096697,51133.2,46077.85,51133.2,42105.4,-1.3539148733112647,19.796748160568477
2024-06-19,50607.9,51957.0,50441.75,51398.05,0,49362.072499999995,48680.239,47589.8775,46438.23925,4.1245786428436695,5.582986147623477,8.002064094407473,10.680445318563631,1.897567251972121,3.40463628453449,9.523936362900255,6.971853264014061,62.827359601810294,61.412660923503495,38.370946552676855,26.0875511557912,1247.207142857143,2.42656509898166,51957.0,46077.85,51957.0,42105.4,-1.0757934445791655,22.069972022590928
2024-06-20,51712.9,51842.2,51281.5,51783.25,0,49562.1375,48746.043,47657.5595,46474.61675,4.4814703562775176,6.230673944139429,8.656948747029308,11.422650946336203,0.7494447746558386,3.7842393341229963,5.562475282644241,8.374082681849536,63.48768627178065,63.130455569734615,38.23510722418311,26.06750091140917,1235.042857142857,2.385023839065445,51957.0,46077.85,51957.0,42105.4,-0.33441114767981217,22.984819049338086
2024-06-21,51927.3,51934.35,51224.95,51661.45,0,49706.780000000006,48807.638,47723.35,46510.365750000004,3.932401173441512,5.847060249053638,8.25193537335497,11.075131676426329,-0.23521119280849323,3.640662270521422,4.807179272862272,5.931788076754296,61.83111660995979,63.7781992271849,37.80086074907293,26.081258974911652,1246.1785714285713,2.412202079942726,51957.0,46077.85,51957.0,42105.4,-0.5688357680389609,22.695544989478773
2024-06-24,51280.25,51783.95,51138.9,51703.95,0,49843.395000000004,48867.106,47791.727999999996,46547.8415,3.732801507601946,5.805222023992985,8.185981473614016,11.07700880179373,0.08226637076582666,3.4037638494460065,3.816521829922581,5.579350501769897,53.86669515060884,61.17441041551667,37.80771933272641,26.07860344869578,1138.735714285714,2.2024153169839327,51957.0,46077.85,51957.0,42105.4,-0.487037357815122,22.796482161432966
2024-06-25,51759.45,52746.5,51747.65,52606.0,0,50009.604999999996,48939.494000000006,47863.3645,46590.56775,5.19179265663067,7.491916446868031,9.908696451959612,12.911266250881859,1.7446442679911467,4.2923500571956374,5.6750681486272825,6.745289336022631,95.69188919471404,63.13628395351778,38.14219067567605,26.315758831518853,863.0535714285714,1.6405991168850917,52746.5,46077.85,52746.5,42105.4,-0.2663683846321557,24.93884394875716
2024-06-26,52653.2,52988.3,52373.7,52870.5,0,50196.0225,49025.613,47938.392,46632.73975000001,5.328066581371066,7.842608719650284,10.288430200161908,13.376353788005757,0.502794358058023,2.864797399901353,6.366969616191276,7.586867892430416,93.848823313109,63.01423017784094,38.06968319498297,26.222427357036835,698.6607142857148,1.3214566048849827,52988.3,46077.85,52988.3,42105.4,-0.22231322763704991,25.567029407154422
2024-06-27,52980.3,53180.75,52639.0,52811.3,0,50411.520000000004,49126.373999999996,48006.53699999999,46673.904749999994,4.76038016707292,7.500911832002921,10.008559875918595,13.149521735697526,-0.11197170444765536,1.9852944726335364,5.844662101088094,8.886247496203726,92.16769308188161,63.38407327562623,37.596593803678644,25.902181451999002,682.6428571428577,1.2926075615310693,53180.75,46077.85,53180.75,42105.4,-0.6947062611941297,25.426429864102946
2024-06-28,52874.95,53030.3,52242.3,52342.25,0,50594.515,49223.523,48068.073,46712.95524999999,3.4543961929470033,6.335846786098587,8.891924999781049,12.050821276181214,-0.8881621925610705,1.3178104757028741,5.006449775010191,7.517919738878676,80.732778968009,64.18835054745335,37.89792398551719,25.956167966407754,677.3035714285719,1.2939901731938768,53180.75,46077.85,53180.75,42105.4,-1.5766983353939161,24.31243973457086
2024-07-01,52351.15,52656.15,52166.05,52574.75,0,50774.05500000001,49333.62899999999,48134.111,46753.7835,3.5464864880301405,6.569800490452479,9.225555240856123,12.450257635299188,0.4441918335570172,1.6842040114923629,5.145294188232463,7.330564399155248,82.17942663641276,64.32409158822101,37.88900320945729,25.841776802407885,667.2964285714291,1.2692336693401856,53180.75,46077.85,53180.75,42105.4,-1.139510067082544,24.864625439967316
2024-07-02,52793.75,52828.45,51996.65,52168.1,0,50833.4625,49425.508,48197.5365,46790.232249999994,2.6255097220654546,5.5489404377998435,8.238104659145797,11.493569258784788,-0.773470154399214,-0.8324145534729932,3.424205357160548,2.330622136742,76.34910273833339,61.62781780535278,35.45199321145986,25.86632718826144,695.2928571428571,1.3327931382259601,53180.75,46077.85,53180.75,42105.4,-1.904166451206501,23.8988348287868
2024-07-03,52872.3,53256.7,52482.65,53089.25,0,51141.495,49528.795,48271.52100000001,46829.896499999995,3.8085609347165104,7.188656618841629,9.980478966055351,13.366148481664924,1.7657342322223712,0.41374679641765777,3.290397203784967,13.127708902460334,79.55165746111922,58.35889388211238,19.026889756567673,26.078816678974942,734.7607142857139,1.384010349149242,53256.7,46446.8,53256.7,42105.4,-0.31442053300335376,26.08655896868335
2024-07-04,53357.7,53357.7,52815.9,53103.7,0,51343.95,49631.46,48344.37300000001,46867.5615,3.427375572000207,6.996046459241775,9.844634865778463,13.305873615805663,0.02721831632579441,0.5536693851505126,2.549955825484096,8.254271770639242,80.32362580068519,85.98459243374278,12.29124539586171,26.08091065594439,745.8321428571425,1.4044824425739497,53357.7,48906.75,53357.7,42105.4,-0.47603251264578494,26.12087760714776
2024-07-05,52560.1,52817.85,52290.05,52660.35,0,51512.3725,49720.887,48420.8565,46903.306500000006,2.2285471320506565,5.911927918743678,8.755511171100405,12.274280705561754,-0.8348759126011962,0.6077308484063959,1.933550064893641,6.833678555705891,73.49009004232605,76.13790403839043,13.040711390760789,26.180914264315287,774.7178571428564,1.471159719110975,53357.7,49080.45,53357.7,42105.4,-1.306934144462746,25.06792477924446
2024-07-08,52533.1,52710.8,52246.7,52425.8,0,51643.5025,49799.504,48488.76899999999,46935.88825,1.5148033385225963,5.273739272583923,8.119469892089878,11.696618418636188,-0.44540152125839283,-0.2833109049496185,1.3961215729165977,5.265926687441791,68.19640270622102,72.72654754307597,13.042577342844192,26.199083957878333,760.5857142857136,1.4507851368709939,53357.7,49530.45,53357.7,42105.4,-1.7465145611598594,24.5108703396714
2024-07-09,52390.5,52626.6,52292.95,52568.8,0,51782.89750000001,49886.859,48565.63449999999,46968.727999999996,1.5176873793128252,5.376047026733045,8.242794604073403,11.922979902713159,0.27276646231435553,0.7680939117966856,-0.07071436718244506,5.600340692916372,62.615976465263635,71.18746648280093,12.992734783769954,26.13949666770669,676.1249999999994,1.2861716455387977,53357.7,49530.45,53357.7,42105.4,-1.4785120048277836,24.850494235893734
2024-07-10,52528.8,52528.8,52075.4,52189.3,0,51907.075,49942.164000000004,48632.503500000006,46998.517,0.5437120084304612,4.499476634612786,7.313619994907309,11.044567640293849,-0.7219110955547725,-1.695164275253458,-1.2884311667186732,4.9965044285620985,54.38096779414148,67.49349913563927,13.39346235951648,25.65203031083531,671.317857142857,1.2863132043213015,53357.7,49693.35,53357.7,42105.4,-2.1897495581706,23.949184665149843
2024-07-11,52316.9,52400.3,51749.45,52270.65,0,52025.8525,49999.642,48696.127,47029.971000000005,0.4705304925085092,4.542048521067414,7.3404667274668505,11.143274997979471,0.15587486323824784,-1.5687230833256405,-1.0237392376252874,4.761088764227361,56.63067612869526,68.61347769924092,13.387534539316217,25.648907414119375,667.1357142857144,1.2763103467925392,53357.7,49693.35,53357.7,42105.4,-2.037287964061411,24.142390287231567
2024-07-12,52272.65,52794.55,52171.15,52278.9,0,52147.4625,50060.598999999995,48756.727,47064.4425,0.2520496562991919,4.431231436124061,7.2239734221700385,11.079399272603737,0.01578323590771813,-0.7243590291367119,-0.1210303340036023,4.879360118122178,56.30489850972141,67.7662175053661,13.356253495649026,25.62850738929657,665.5892857142862,1.2731508997210848,53357.7,49693.35,53357.7,42105.4,-2.021826278119176,24.161983973552083
2024-07-15,52330.05,52662.25,52154.0,52455.9,0,52270.1575,50131.246,48817.4375,47103.60274999999,0.35535094762245606,4.637135889261565,7.453202556975675,11.362819269700154,0.338568715103027,0.057414479130502016,-0.22605908729951274,4.90760369585217,48.04276959186337,69.08035218065349,13.35846790702109,25.57319192342208,627.4250000000003,1.1960999620633719,53357.7,49900.2,53357.7,42105.4,-1.690102834267586,24.582357607337777
2024-07-16,52466.7,52619.05,52331.6,52396.8,0,52367.9525,50201.276000000005,48876.050500000005,47142.52650000001,0.05508617126095104,4.373442619267283,7.203424712068332,11.145506806895456,-0.11266606806860091,-0.32719027255710964,0.4383905106760677,3.877607259188487,43.47358849301482,67.76241618702905,13.196081913572996,25.575811196087482,604.057142857143,1.1528512101066153,53357.7,50441.75,53357.7,42105.4,-1.800864729926504,24.44199556351442
2024-07-18,52215.05,52782.75,52168.65,52620.7,0,52429.085,50287.983,48931.3155,47181.7995,0.3654746215769319,4.638716569722029,7.53992502000074,11.527539342792545,0.4273161719799523,0.826606220048931,-0.8825703885438241,2.3787867438550547,47.48800674785167,66.70037694217154,11.615516363598905,25.38033752177673,609.2250000000001,1.15776681039971,53357.7,51138.9,53357.7,42105.4,-1.381243944173006,24.9737563352919
2024-07-19,52531.55,52586.75,52146.3,52265.6,0,52453.2025,50372.873,48983.7745,47220.006499999996,-0.3576569037896225,3.757433093006228,6.6998215909229275,10.685287601559317,-0.6748294872550131,-0.00966125349503022,-1.5782327785069605,0.931478808301911,48.95851733086944,57.322147481073216,11.692077993947409,25.40086987624126,586.8249999999997,1.122774827037286,53357.7,51138.9,53357.7,42105.4,-2.046752390001815,24.13039657621112
2024-07-22,52145.6,52427.0,51874.55,52280.4,0,52484.15,50468.723,49037.3805,47258.467000000004,-0.3882124412798912,3.589702477710806,6.6133620249148555,10.62652540125772,0.028316904426617384,0.002869226399182523,-0.7215105862380278,1.1980887102472026,45.74902878269284,54.47580463650687,11.64445923896005,25.23091143826628,591.278571428571,1.1309756073568125,53357.7,51138.9,53357.7,42105.4,-2.0190150624933154,24.165546461973996
2024-07-23,52511.0,52547.55,51342.65,51778.3,0,52487.86750000001,50555.867,49087.046,47295.85375,-1.3518695534734853,2.4179844448123196,5.482615515303163,9.47746133031799,-0.9603981606873702,-1.2917517381266896,-1.2350789115282979,0.1437994582619062,44.52158758713743,50.984572088202874,12.19565535049684,25.35549354585372,617.9285714285714,1.1934122430218286,53357.7,51342.65,53357.7,42105.4,-2.960022639656496,22.97306283754578
2024-07-24,51657.65,51944.65,50784.25,51317.0,0,52423.417499999996,50627.125,49134.45100000001,47329.516,-2.1105405804571897,1.3626588513568567,4.441993256422039,8.424941425557778,-0.89091376117022,-2.0608128740686515,-2.3812603673662003,-2.450290841348901,21.394560568154176,46.95451647685685,10.722975423314693,25.44166907155615,623.057142857143,1.2141339962529827,53357.7,50784.25,53357.7,42105.4,-3.8245651517962678,21.877478898193576
2024-07-25,50762.3,51006.1,50559.9,50888.75,0,52324.33,50687.711,49177.458000000006,47361.9645,-2.743618504049649,0.3966227632571473,3.4798301286739832,7.446451044065112,-0.8345187754545291,-3.2913853293475737,-2.4919859051568127,-3.748309548803208,18.46193276473346,35.395174390420195,10.740540323915123,25.53816123845921,638.4357142857147,1.254571421553319,53357.7,50559.9,53357.7,42105.4,-4.627167212979565,20.86038845373752
2024-07-26,50456.1,51398.6,50438.3,51295.95,0,52248.5625,50759.880999999994,49230.78599999999,47398.623999999996,-1.8232319788702378,1.056087976250384,4.194862946124819,8.222445444829793,0.8001768563778766,-1.8552355660319653,-1.8647175805160288,-2.869366972598675,30.370604822466376,36.92614273259429,11.300368137281042,25.555211821663864,648.9107142857148,1.2650330372782155,53357.7,50438.3,53357.7,42105.4,-3.864015877745855,21.827485310672728
2024-07-29,51546.65,52340.25,51186.95,51406.25,0,52201.7625,50828.465,49283.63949999999,47434.5885,-1.5239188523567517,1.1367350951873199,4.306927251182434,8.372922851433616,0.21502672238258302,-1.6720415299041336,-1.6692202781619425,-1.7882303492876228,34.788057830893806,38.431708341223604,11.010382292964072,25.534984699450998,698.1392857142861,1.3580825010855413,53357.7,50438.3,53357.7,42105.4,-3.6572978220575427,22.08944695929738
2024-07-30,51383.9,51957.75,51260.05,51499.3,0,52147.99,50896.138,49325.76350000001,47470.282,-1.243940562234508,1.1850840234675644,4.4064933733869,8.487453266024422,0.1810091185410423,-0.5388357671070709,-1.823627084846502,-2.045563697402264,33.80134496546708,42.60161317219166,10.880559715519164,25.533139467042602,724.1428571428571,1.4061217475632815,53357.7,50438.3,53357.7,42105.4,-3.48290874606663,22.310439991070034
2024-07-31,51583.45,51663.1,51335.7,51553.4,0,52117.255,50963.126,49368.3225,47508.616500000004,-1.0818969648343835,1.15823742837126,4.426072001940109,8.513789282834615,0.10504997155300622,0.46066605608279243,-1.6096402833760903,-1.1783062829583524,39.31547819073859,40.746042819994734,10.603840876381433,25.533200003757827,712.2857142857143,1.3816464370647024,53357.7,50438.3,53357.7,42105.4,-3.381517569160582,22.43892707348701
2024-08-01,51672.6,51877.15,51456.2,51564.0,0,52040.9925,51033.442,49409.40149999999,47544.63575,-0.9165707206679432,1.0396280932804753,4.3607055228143325,8.453875367001835,0.020561204498625862,1.3269141018398045,-2.008145083588775,-2.872992178265843,37.837558733928795,44.103349992191156,8.150479882017718,25.51227094906262,695.8642857142856,1.3495157197158592,53357.7,50438.3,53357.7,42105.4,-3.3616516454045002,22.46410199166852
2024-08-02,51172.25,51608.7,51087.85,51350.15,0,51953.315,51104.806,49447.093,47578.801999999996,-1.1609750022688654,0.48008009266291823,3.8486731666915195,7.926529970216581,-0.41472732914435984,0.10566136312906149,-1.7515344700912205,-3.3021239574643535,35.07144808962755,30.3050893524495,8.17798748853727,25.4942775757071,688.5392857142854,1.3408710309790435,52817.85,50438.3,53357.7,42105.4,-3.7624372864647384,21.956209892317847
2024-08-05,50586.25,50747.55,49719.1,50092.1,0,51824.902500000004,51131.276,49468.36,47606.266500000005,-3.3435711721792534,-2.032368603513825,1.260886756706707,5.2216518596348935,-2.449944157904116,-2.5564012158054705,-4.185698655710368,-4.877008983039421,21.80380275305957,23.38964779896439,11.330523894530128,25.770032200097106,768.7392857142856,1.5346517429181161,52794.55,49719.1,53357.7,42105.4,-6.12020383187431,18.968350852859718
2024-08-06,50436.9,50688.8,49659.05,49748.3,0,51691.027500000004,51146.808999999994,49487.485,47633.568250000004,-3.7583456819464476,-2.7343035222392684,0.5270322385548636,4.439582898558095,-0.6863357695125472,-3.400046214220387,-3.920561316227067,-5.1072182017251055,20.417076221964038,23.808495903150643,11.418346795119314,25.81196483434053,821.7607142857139,1.6518367748962555,52794.55,49659.05,53357.7,42105.4,-6.7645344533216285,18.151828506557358
2024-08-07,50286.2,50292.45,49782.2,50119.0,0,51568.5375,51163.553,49515.396499999995,47663.03375,-2.8108951121601975,-2.041595899330916,1.2190218450538002,5.152769466756819,0.7451510905900349,-2.7823577106456665,-2.3345090320946227,-4.660178661106973,22.944064717079087,29.748213439151513,11.826127624051837,25.826296832910938,816.7642857142849,1.629650004418055,52794.55,49659.05,53357.7,42105.4,-6.069789364983868,19.032238145226025
2024-08-08,50051.9,50440.75,49829.6,50156.7,0,51466.9075,51183.844000000005,49544.139500000005,47691.76975000001,-2.5457280486495213,-2.006773856219176,1.2363934588065502,5.168460434412774,0.07522097408168005,-2.7292296951361483,-1.4385301269927098,-3.894668064143425,25.510938733800884,28.424865831842467,11.729536830729643,25.815256025383388,826.5321428571426,1.6478997678418688,52794.55,49659.05,53357.7,42105.4,-5.999134145587235,19.12177535423009
2024-08-09,50612.1,50707.75,50386.45,50484.5,0,51377.6,51223.507000000005,49579.1715,47724.74875,-1.738306187910682,-1.4427106679751642,1.8260258745953495,5.782641757752578,0.6535517687567216,-1.6857789120382383,-1.5818987658869688,-3.4171184020095446,30.55880315233391,34.60899554014763,12.055938888899258,25.659231417059402,826.432142857143,1.6370017388646871,52794.55,49659.05,53357.7,42105.4,-5.384789824149086,19.90029782403207
2024-08-12,50412.6,50830.7,50149.25,50577.95,0,51292.5525,51261.419,49617.0515,47758.865999999995,-1.3931895863439452,-1.3333009763151593,1.9366295879149442,5.902744843229743,0.1851063197614966,0.9699134194813164,-1.611282674772041,-3.25360709578818,35.744569670914245,34.75154943787827,12.105599296009393,25.652151765233445,789.0428571428571,1.5600530609541454,52782.75,49659.05,53357.7,42105.4,-5.209651090657956,20.12224085271722
2024-08-13,50395.35,50559.25,49785.1,49831.85,0,51161.35,51278.37699999999,49649.429,47789.41,-2.5986413571963993,-2.820929765386285,0.367418122774387,4.273833889139864,-1.475148755534772,0.16794543733151812,-3.2378109993728144,-5.002392485878615,33.47979399103433,30.542678805708988,12.801907235683155,25.85975337873728,762.7892857142854,1.5307264043263202,52782.75,49659.05,53357.7,42105.4,-6.607949742961182,18.35025911165788
2024-08-14,49887.15,49959.25,49654.65,49727.3,0,51027.875,51253.324,49680.94300000001,47822.290499999996,-2.548753989853579,-2.977414694118176,0.09330942047536482,3.983517895279415,-0.20980557615258855,-0.7815399349548002,-3.5421524089584766,-5.094776780261389,36.077914294276276,28.051095595096314,12.792409144590177,24.16133674730057,730.4678571428568,1.4689473531497925,52782.75,49654.65,53357.7,42105.4,-6.803891472083682,18.10195366865058
2024-08-16,50133.0,50603.4,49806.05,50516.9,0,50922.685,51325.09,49722.263999999996,47860.715,-0.7968648943000476,-1.5746489679803681,1.598149271722635,5.549823064699315,1.587860189473389,0.7181493200310252,-2.030680319602818,-3.9980463961900803,41.44587309081728,36.4683356607114,14.202599565313118,16.319639750107797,724.4535714285713,1.4340816072018894,52586.75,49654.65,53357.7,42105.4,-5.324067566630488,19.977247573945384
2024-08-19,50683.55,50728.25,50283.55,50368.35,0,50827.822499999995,51351.365,49762.838500000005,47901.156,-0.9039783280111917,-1.9142918596224257,1.2167945363486314,5.150593860407034,-0.29406000764101714,-0.23007061573354637,-1.911971045848948,-3.630016684013959,38.69857793070402,33.609617301828706,14.097676066878384,12.899770061737096,673.8392857142852,1.3378228306352804,52547.55,49654.65,53357.7,42105.4,-5.602471620778254,19.624442470561963
2024-08-20,50417.25,51025.6,50398.6,50803.15,0,50753.96,51381.59,49804.02099999999,47941.261750000005,0.09691854586322393,-1.1257728692319469,2.00612115234633,5.969572233880549,0.8632405071835825,0.4452533169098549,1.4194853080625514,-2.825628725105389,42.944878538201905,39.479760885672576,14.565796500240225,12.992272140070272,670.9499999999997,1.3206858236152674,52547.55,49654.65,53357.7,42105.4,-4.787593918028693,20.657089114460376
2024-08-21,50666.65,50772.45,50333.35,50685.55,0,50699.3225,51399.236999999994,49842.238999999994,47979.49375,-0.027165057284540887,-1.3885167205886557,1.6919605076329114,5.640026683274459,-0.23148170930346046,1.7131613616592656,1.8839839753318266,-2.1104400878360186,41.31655043374723,38.69453955156696,14.247059337173344,12.814321724549673,681.1214285714284,1.3438177716754152,52340.25,49654.65,53357.7,42105.4,-5.007993223096188,20.37779002218243
2024-08-22,50894.8,51080.0,50794.45,50985.7,0,50682.7575,51423.333,49886.094,48020.1925,0.5977230027391414,-0.8510397410451821,2.2042335084402476,6.175542715702358,0.5921806116338857,2.5306019027777404,1.7292843033579919,-0.6455950269891098,44.5306145610683,44.21586513902059,14.131031705838112,12.872731383717104,679.2285714285707,1.332194265114671,52340.25,49654.65,53357.7,42105.4,-4.4454689763614255,21.090643955407135
2024-08-23,51040.05,51117.85,50856.7,50933.45,0,50684.9925,51447.887,49927.569,48061.355,0.49019934253713615,-0.9999186166771151,2.014680506475278,5.975892689667185,-0.10247971490044971,0.8245755380872355,1.5486465417381856,0.08783866768193871,45.93471346900542,47.023259784709204,13.812620246406816,12.869278021811528,660.6785714285709,1.2971408208722774,52340.25,49654.65,53357.7,42105.4,-4.543392987328914,20.96655060871051
2024-08-26,51100.65,51317.85,51061.55,51148.1,0,50677.6,51472.94699999999,49967.804,48102.0095,0.928418078204177,-0.6311023924858904,2.3621130118105693,6.33256392334295,0.4214322807506665,1.5480951827884004,1.3144628549356607,-0.2882293826315663,62.93578655952182,52.08184496335599,13.588128299702303,12.874919887755572,571.6321428571422,1.11760191064212,52340.25,49654.65,53357.7,42105.4,-4.141108031268212,21.47634270188621
2024-08-27,51214.05,51404.7,50938.1,51278.75,0,50671.225,51501.587999999996,50004.808999999994,48141.812000000005,1.1989546335222832,-0.4326818039086409,2.5476369682764037,6.516036413419575,0.25543470822964043,0.9361624229993648,1.3855840341492787,-0.24802431610941866,69.78066717503977,49.8555180350453,13.597793974820267,12.878136328694339,531.4071428571422,1.036310641068946,51957.75,49654.65,53357.7,42105.4,-3.8962511502557216,21.786635443434804
2024-08-28,51208.95,51260.75,51033.7,51143.85,0,50653.4525,51524.425,50040.793,48179.43425,0.9681422998758065,-0.7386302709831393,2.204315587085122,6.152865420996513,-0.26307193525583195,0.9042024797994541,2.6328542889738182,-0.6902035561648479,64.10570504438786,47.80488212953201,13.60689586496775,12.884996303771173,510.04285714285703,0.9972711423619008,51877.15,49654.65,53357.7,42105.4,-4.1490731422081515,21.466248984690793
2024-08-29,51103.75,51368.95,50984.4,51152.75,0,50633.42,51538.662000000004,50076.078,48216.508499999996,1.0256664471805417,-0.7487815651869346,2.15007253563268,6.089701621592953,0.017401896806745754,0.32764088754297926,2.866534076855154,-0.7771553379602558,63.81886541156236,47.05952229434472,13.598817365373094,12.74419148920555,493.8571428571423,0.9654557044482306,51877.15,49654.65,53357.7,42105.4,-4.13239326282804,21.487386415994145
2024-08-30,51437.45,51466.55,51256.0,51351.0,0,50622.770000000004,51537.721,50108.98,48254.97024999999,1.4385423792494876,-0.3622996833717147,2.478637561570794,6.41598105637628,0.38756469593521636,0.8197952426156174,1.6511306117358737,-0.41307889225040695,62.46977895463967,48.32364292931801,13.681033409246055,12.038214475057721,476.91071428571377,0.928727219111047,51608.7,49654.65,53357.7,42105.4,-3.7608442642767534,21.958228635756928
2024-09-02,51579.5,51579.5,51295.8,51439.55,0,50627.24,51530.847,50138.445,48293.75,1.6044919691454738,-0.1771696087199938,2.595024636284598,6.5138863724602105,0.172440653541317,0.5698158875891757,2.126732362684125,0.17409880983794146,62.416774751405185,48.98239531632013,13.613310852009509,11.9228599971821,448.4999999999995,0.8718972074988982,51579.5,49654.65,53357.7,42105.4,-3.5948888351634243,22.168534202263846
2024-09-03,51479.75,51750.1,51240.05,51689.1,0,50707.090000000004,51531.4,50169.51899999999,48333.095,1.9366325300860188,0.30602700489409773,3.0288929020826485,6.943492859292369,0.4851325487878366,0.8002340150647269,1.7438879282091646,3.1881274692017403,81.23580954943746,52.75544463503262,10.10799390889255,11.962660693844867,428.2999999999993,0.8286079657026322,51750.1,49654.65,53357.7,42105.4,-3.1271962622077014,22.761213526056032
2024-09-04,51364.65,51503.55,51259.9,51400.25,0,50789.6875,51525.325999999994,50196.21599999999,48370.113,1.202138721566263,-0.24274664463063014,2.3986549105614,6.264481953970219,-0.5588218792743516,0.5013310495787904,1.4100665771605403,3.3206159808475855,76.49378414759676,62.62364055699775,9.97583082875544,12.02745298158686,437.1999999999992,0.8505795205276223,51750.1,49654.65,53357.7,42105.4,-3.668542684560986,22.075197005609727
2024-09-05,51544.25,51636.75,51389.15,51473.05,0,50857.39,51502.667,50221.08050000001,48408.022000000004,1.2105615329453665,-0.0575057598473461,2.4929162963747697,6.331653047092067,0.14163355236600506,0.6261637937354347,0.9558562498896972,2.7016700253396975,69.58962486426682,67.56239371938867,9.73777843667657,11.344466790350351,392.307142857142,0.7621602816564046,51750.1,49654.65,53357.7,42105.4,-3.5321050195191965,22.24809644368656
2024-09-06,51200.4,51380.05,50447.3,50576.85,0,50878.3975,51456.794,50241.203499999996,48439.897750000004,-0.5926827785800458,-1.7100637867178494,0.6680701826738736,4.411554006634943,-1.741105296849521,-1.5075655780802721,-0.7001292863530684,0.837674727404325,53.269972711019086,54.211392882437885,11.801713935453426,11.896316456040642,433.8107142857137,0.8577258454919863,51750.1,49654.65,53357.7,42105.4,-5.2117126487835845,20.11962836120782
2024-09-09,50549.25,51192.75,50369.4,51117.8,0,50910.0625,51422.924000000006,50274.649,48474.679000000004,0.4080480160479137,-0.5933618243879002,1.6770897793836517,5.452580717450442,1.0695604807337888,-0.6254914749448615,-0.05923973715542541,1.254444433439983,54.7757456173636,58.09129329359671,12.173072590906614,12.17544529628054,445.6749999999993,0.8718587263145113,51750.1,49654.65,53357.7,42105.4,-4.197894586910595,21.40438043576359
2024-09-10,51328.3,51366.0,50958.25,51272.3,0,50944.780000000006,51401.525,50312.524,48513.12075,0.642892166773508,-0.25140304689403387,1.9076284067959008,5.687490739296545,0.30224305427855036,-0.8063595613001517,-0.012578309728683568,1.3728314413692155,58.80701859718113,56.83166256200356,12.1954625978912,12.052847838158081,441.2428571428562,0.860587212086948,51750.1,49654.65,53357.7,42105.4,-3.9083393774469184,21.771316743220588
2024-09-11,51218.55,51420.15,50947.7,51010.0,0,51003.6875,51370.23,50351.92949999999,48550.246,0.012376556106850116,-0.7012427236553217,1.306941971310174,5.066408932304896,-0.5115822773700485,-0.7592375523465367,-0.26171279635772704,2.3642509760323893,50.36893085962412,53.64006301972317,10.995833630948788,12.04700361995172,446.8142857142853,0.8759346906768972,51750.1,49654.65,53357.7,42105.4,-4.399927283222473,21.148356267842125
2024-09-12,51271.0,51878.1,51025.0,51772.4,0,51105.942500000005,51362.316000000006,50393.912000000004,48590.662249999994,1.3040704610818923,0.7984141525082226,2.735425660147197,6.54804360070233,1.4946089002156437,0.581566470220829,1.2113718226292924,4.112630285577534,60.477837864841575,66.30453961132255,11.943090589439405,12.424013231992676,490.1678571428565,0.9467744534594813,51878.1,49806.05,53357.7,42105.4,-2.9710800877848853,22.959050383086254
2024-09-13,51952.55,51994.1,51643.95,51938.05,0,51177.0,51339.292,50434.0435,48633.1045,1.4870938116732184,1.16627630938113,2.982125555727062,6.795670426509584,0.3199581244060612,2.6913498962469973,1.143210453545218,2.813216963036136,59.98811465564112,68.38599146713678,10.78719090230845,11.7665377900376,487.72142857142796,0.9390445512902927,51994.1,50283.55,53357.7,42105.4,-2.660628175502307,23.352467854479475
2024-09-16,52038.7,52208.7,51921.45,52153.15,0,51266.240000000005,51320.280999999995,50475.8705,48675.982749999996,1.7300078960344978,1.6228847227083696,3.322933281556787,7.143496758676138,0.4141472388740075,2.025419716810961,1.3872594142056105,3.543495071806002,60.82472950555842,65.0458386589548,10.70092535134376,11.810080459243158,474.91071428571377,0.9106079197243383,52208.7,50333.35,53357.7,42105.4,-2.2574998547538514,23.863328694181742
2024-09-17,52249.05,52284.6,52085.5,52188.65,0,51335.515,51310.846999999994,50515.86699999999,48718.0805,1.6618806687728798,1.7107552327093865,3.3114011484748165,7.123781282803219,0.06806875519502764,1.7872223403280207,0.9664513408049302,2.727193097278424,63.26056606168294,67.09362381444265,10.391809702696573,11.668053023274172,471.6285714285706,0.9036995044488995,52284.6,50333.35,53357.7,42105.4,-2.1909677516084756,23.94764092016701
2024-09-18,52177.1,52954.2,52154.55,52750.4,0,51438.7575,51317.33900000001,50558.421500000004,48762.42775,2.5499109304885557,2.7925473688337465,4.335535871111002,8.178370999995993,1.0763834665200145,3.4118800235247937,2.6267381967986614,4.07384353134177,67.78189588967908,67.85992717533864,10.806024068009823,11.877861074238306,501.2785714285705,0.9502839247258229,52954.2,50369.4,53357.7,42105.4,-1.1381674997235558,25.281792834173288
2024-09-19,52929.25,53353.3,52847.9,53037.6,0,51541.3525,51326.715,50606.78699999999,48804.7835,2.903003952020851,3.333322617666067,4.8033339875934224,8.672954158274262,0.544450847766087,2.4437731300847476,3.0395517654384197,4.024461760846676,68.40743893654634,70.9218028660125,10.784476180491568,11.923742724359986,521.9285714285704,0.9840727548542363,53353.3,50369.4,53357.7,42105.4,-0.5999134145587208,25.963890617355485
2024-09-20,53235.8,54066.1,53037.6,53793.2,0,51684.340000000004,51358.793,50650.4785,48851.34075,4.080268800955944,4.740000412392868,6.204722231794908,10.116117949127105,1.4246496824894095,3.5718514653515054,6.359332382305349,5.614679547527213,72.42276143930941,73.10129186209161,11.552050602043723,12.206809832435123,575.1285714285706,1.0691473484168457,54066.1,50369.4,54066.1,42105.4,-0.504752515901834,27.758434785086937
2024-09-23,53917.9,54197.95,53741.4,54105.8,0,51832.225,51395.496,50697.568999999996,48897.79875,4.386412121030892,5.273427072286653,6.7226714559035505,10.650788753553044,0.5811143415896503,3.7440691501855694,5.845321981775431,5.7826194912421025,72.75012237828065,75.0309696458019,11.592543249435055,12.26057813737906,571.307142857142,1.0559073941373052,54197.95,50369.4,54197.95,42105.4,-0.1700248810148616,28.500857372213545
2024-09-24,54110.65,54247.7,53904.65,53968.6,0,51966.7175,51429.29,50744.944500000005,48935.484749999996,3.8522396570458772,4.937478234679105,6.352663367283795,10.285205665608538,-0.25357725049810487,3.4106074788291973,5.25878495795975,5.24554518197109,74.88831823247239,72.53011470747987,11.748934863802205,12.281820728565695,565.1535714285704,1.0471896091960333,54247.7,50369.4,54247.7,42105.4,-0.5144918586410089,28.175008431222594
2024-09-25,53794.0,54141.3,53792.85,54101.65,0,52114.6075,51462.205,50796.7255,48970.931749999996,3.8128321315669575,5.128899937342365,6.506176269177037,10.477068878723154,0.2465322428226946,2.561591950013642,6.060870417565178,5.78329554775403,75.1781609195401,72.54064326551463,11.586986929206232,12.273073515466129,572.3571428571423,1.0579291811934428,54247.7,50369.4,54247.7,42105.4,-0.2692280041365729,28.49100115424625
2024-09-26,54045.85,54467.35,54010.9,54375.35,0,52275.7375,51501.776,50851.526000000005,49008.635749999994,4.0164187066705574,5.579562926140645,6.929632750844081,10.950548138855314,0.5058995428050661,2.5222672217445785,5.0276788404632455,6.299954547898201,91.31049483414887,75.24372715057956,11.567622619310175,12.305609359550699,531.6928571428564,0.9778196501592291,54467.35,50369.4,54467.35,42105.4,-0.16890852960535074,29.141036541631234
2024-09-27,54338.7,54338.7,53763.2,53834.3,0,52399.902500000004,51526.04800000001,50907.0155,49043.60025,2.7374049026140823,4.4797769081766035,5.750257545543995,9.768246469629846,-0.9950280779801757,0.07640370901900173,3.650984201370666,4.83593308796324,79.54258743692358,69.33972810212396,12.449682647204023,12.510029602794157,516.6071428571423,0.9596245197896922,54467.35,50369.4,54467.35,42105.4,-1.1622559202898537,27.85604696784736
2024-09-30,53556.95,53726.4,52926.55,52978.1,0,52476.83,51540.297999999995,50956.5855,49072.18075,0.9552215711200481,2.789665670928025,3.9671310001726816,7.959538765759863,-1.5904358373750593,-2.0842497477165156,1.5817836506519578,2.990986507463611,66.09457852923964,60.71772036834543,14.0456475616088,12.943712120852203,552.3214285714281,1.042546691126009,54467.35,50369.4,54467.35,42105.4,-2.734206822986615,25.82257857661962
2024-10-01,52844.0,53235.25,52817.8,52922.6,0,52538.50499999999,51553.142,51010.9325,49100.2225,0.7310733337387665,2.6564006515839496,3.747564308886131,7.784847614488906,-0.10476026886581113,-1.9381640435364278,1.4063402674719505,2.3863832026481457,68.77859597447222,59.811581642441716,14.01567978892041,12.947267168912981,548.3928571428561,1.0362167715547914,54467.35,50369.4,54467.35,42105.4,-2.836102729433321,25.69076650500885
2024-10-03,52314.45,52582.95,51683.4,51845.2,0,52560.7525,51554.48,51055.173500000004,49123.96075,-1.3613817648444155,0.563908316018305,1.547397542386165,5.539535510682532,-2.035803229622135,-4.170760041514454,-1.716005944978627,0.8656572682039343,50.67313915857602,50.93077335877406,15.829965670984677,13.579029318553912,574.8999999999988,1.1088779674878269,54467.35,50369.4,54467.35,42105.4,-4.814168488094246,23.13194982116307
2024-10-04,51643.75,52358.35,51347.25,51462.05,0,52560.2025,51557.380999999994,51092.253,49145.80974999999,-2.089323190868598,-0.18490272033017163,0.7237829187137352,4.712996411662564,-0.7390269494572221,-5.357758616726138,-2.9706283843914383,-0.021370406455412105,45.76888888888889,50.36439538668366,16.067638576969827,13.531622388894194,622.1107142857129,1.2088727796224847,54467.35,50369.4,54467.35,42105.4,-5.517617435032172,22.221971528592537
2024-10-07,51543.2,51784.8,50194.3,50478.9,0,52555.30500000001,51549.183999999994,51118.4475,49159.54274999999,-3.9508951570160344,-2.076238490991424,-1.2511090052177358,2.683827342962844,-1.9104369141921151,-6.232829255697581,-6.161187659406753,-0.19366567906067278,36.90570228607629,44.70642109018493,16.32078510209717,14.081066473850115,715.1999999999987,1.4168296060334094,54467.35,50194.3,54467.35,42105.4,-7.322643748961529,19.88699786725693
2024-10-08,50736.1,51176.05,50466.0,51021.0,0,52550.465000000004,51543.685,51151.782999999996,49173.93,-2.9104690129763906,-1.0140621494175237,-0.25567632705979343,3.756197643751475,1.0739140512174394,-3.6941679675186467,-5.701422028691939,-0.18936652203342952,41.5383389012486,52.45765572346324,16.32459248138634,14.175389845972546,751.6964285714275,1.4733079096282462,54467.35,50194.3,54467.35,42105.4,-6.327368597884786,21.17448118293615
2024-10-09,51161.75,51707.15,50903.75,51007.0,0,52537.2,51535.7,51182.0825,49189.62649999999,-2.9126028794834844,-1.025890790267712,-0.342077718310889,3.6946275654278633,-0.027439681699692464,-3.619625641975255,-5.4876354028083,-0.5174333899591099,36.27654717486106,49.348932319516734,16.284343683407855,14.166322778424881,751.9642857142852,1.474237429596497,54467.35,50194.3,54467.35,42105.4,-6.353072069781252,21.1412312909983
2024-10-10,51195.7,51659.45,51047.0,51530.9,0,52563.244999999995,51536.332,51216.235,49207.9265,-1.9640054566646217,-0.010540137004707083,0.6143852627980187,4.7207303075450655,1.0271139255396244,-0.606227770362533,-4.751703506270144,1.0211723191531075,38.56585617581887,51.456327082277404,16.58265706084256,14.351643181752486,755.5035714285706,1.4661175555415693,54467.35,50194.3,54467.35,42105.4,-5.39121143216991,22.38548974715832
2024-10-11,51491.9,51560.0,51005.85,51172.3,0,52533.240000000005,51528.71,51245.918,49226.5615,-2.5906264300469615,-0.6916726617064473,-0.1436563200994759,3.9526191566315254,-0.6958931437254123,-0.5630362568144864,-5.890628749975857,-1.159111804745383,28.835034562956338,50.904198422248975,15.869855609108374,14.435397404773845,721.6214285714278,1.4101797819746773,54467.35,50194.3,54467.35,42105.4,-6.0495875051751105,21.53381751509308
2024-10-14,51263.25,51893.0,51220.85,51816.9,0,52527.182499999995,51533.768,51283.605,49246.44525,-1.352218920175271,0.5494106311030955,1.0398937438192932,5.219574198606761,1.2596658739200572,2.6506124341061366,-3.7474249688395744,-0.23325866103944826,32.45677233429393,50.25121372925369,16.501156049936508,14.714561173720353,740.4892857142851,1.4290497612058712,54467.35,50194.3,54467.35,42105.4,-4.866126220570667,23.064737539602994
2024-10-15,51975.95,52022.05,51698.75,51906.0,0,52514.825,51544.885,51324.845499999996,49268.515999999996,-1.1593392913334417,0.7005835787585868,1.1323063797630024,5.353284844219794,0.17195162196117497,1.734579878873399,-2.023666382901612,-0.47389275623812566,34.07381669369161,49.81749226975837,16.44155194221638,14.685565625640729,739.0785714285713,1.423878879953322,54467.35,50194.3,54467.35,42105.4,-4.702541981572444,23.276349351864603
2024-10-16,51711.2,52031.6,51711.2,51801.05,0,52495.44499999999,51579.064000000006,51355.17,49288.897000000004,-1.3227719090675194,0.43038004722225504,0.8682280673980919,5.09679289435103,-0.20219242476784416,1.5567471131413324,-2.1192269465218905,-0.7426902209579977,32.15869963085893,47.969505092096014,16.450634683563624,13.560698520605566,737.0749999999997,1.4228958679409,54467.35,50194.3,54467.35,42105.4,-4.895226222682021,23.02709391194479
2024-10-17,51849.3,51930.2,51150.25,51288.8,0,52422.365,51609.874,51378.341499999995,49303.93,-2.1623690575577714,-0.6221173878471405,-0.1742786890074918,4.025784557133686,-0.9888795690434882,-0.4698151982596821,-1.073194818420986,-2.770784676514293,26.917640724205228,45.08120104295921,16.23689724112653,13.664175098563664,760.1821428571426,1.4821601262988071,54467.35,50194.3,54467.35,42105.4,-5.835697899750944,21.810504115861626
2024-10-18,51261.0,52199.45,51000.9,52094.2,0,52375.195,51649.378000000004,51406.4655,49321.858250000005,-0.5365039691021726,0.861233992014372,1.3378365801087777,5.620919098278281,1.5703233454477328,1.8015606099393455,1.2283809137024093,-1.7787381027799198,37.481835316461094,46.50611775479993,17.18714697380765,13.99704229804,802.0678571428564,1.5396490533357965,54467.35,50194.3,54467.35,42105.4,-4.357013880792808,23.723322899200568
2024-10-21,52361.1,52577.5,51855.15,51962.7,0,52283.67,51685.498,51434.671,49340.2105,-0.6139010517050566,0.5363245218223446,1.0266012977899577,5.315116156628468,-0.2524273335611227,0.2813753813910136,2.9394459863427924,-3.4028464564294425,41.84496273451552,44.18029236599891,16.239355853430922,14.017070054894646,788.8249999999991,1.5180600700117568,54467.35,50194.3,54467.35,42105.4,-4.5984429203917605,23.411011414212894
2024-10-22,52071.35,52257.3,51179.6,51257.15,0,52141.2375,51700.950999999994,51462.22899999999,49355.32475,-1.6955629409447777,-0.8584000708226668,-0.39850392022465775,3.8533334744190935,-1.3578008840956945,-1.2500481639887484,0.4628486309558921,-5.26496235154087,37.88878142430169,36.19453562621462,16.509328993654222,14.313991308240043,835.9857142857139,1.6309640982491496,54467.35,50194.3,54467.35,42105.4,-5.893806105859744,21.735335610159265
2024-10-23,51117.8,51551.55,51107.9,51239.0,0,52004.7575,51714.17199999999,51487.7955,49372.7115,-1.4724758595403502,-0.9188429044169777,-0.48321257024880815,3.78000001073468,-0.035409694062193964,-1.0850166164585562,0.4548395318289655,-5.05775580615394,44.78887284230796,33.87717226252737,16.529467049930975,14.310609546104994,779.1607142857143,1.520639970112052,54467.35,50194.3,54467.35,42105.4,-5.9271288212112365,21.692229500254122
2024-10-24,51272.3,51781.55,51201.85,51531.15,0,51876.2325,51748.15800000001,51513.2675,49391.8425,-0.6652034725150806,-0.41935405700819123,0.03471435781082943,4.331297217754131,0.5701711586877156,0.4725203163263636,0.0004851458057286706,-4.751241413154683,50.603451287246294,36.5266515209304,16.698506897338298,13.936054176487172,748.346428571429,1.452221478797638,54467.35,50194.3,54467.35,42105.4,-5.39075244160033,22.38608349522864
2024-10-25,51369.75,51501.05,50382.1,50787.45,0,51696.8375,51769.361,51511.3425,49404.984749999996,-1.759077622494808,-1.8967029552479895,-1.4053069962212725,2.7982302939583463,-1.4432047412099358,-2.5084366397794766,-0.7520670362676785,-6.598394309186062,52.812183851475105,32.838827269808675,16.978079450872627,14.333234092491843,716.8142857142864,1.411400426117646,54338.7,50194.3,54467.35,42105.4,-6.7561575879862,20.619801735644348
2024-10-28,51061.35,51589.15,51012.55,51259.3,0,51568.0875,51784.209,51554.6495,49424.03,-0.5987957183791206,-1.0136468435773531,-0.5728862534503248,3.713315162685042,0.9290681063924389,-1.3536633007907528,-1.0760967946750966,-4.783195843542131,52.20008493823515,34.189309181317725,17.35595624049418,14.042168643161975,723.3607142857151,1.4111794626257381,53726.4,50194.3,54467.35,42105.4,-5.889858786961355,21.740441843564014
2024-10-29,51404.1,52354.85,51278.9,52320.7,0,51535.2175,51823.255999999994,51587.3105,49449.420249999996,1.5241664595671849,0.9598856544251161,1.421647092844659,5.806498307732944,2.0706486432705784,2.0749300341513344,0.7989442453666173,-1.240890103646608,60.16307963670684,42.7052609257224,18.408593326369743,14.744821319288015,744.2285714285717,1.4224361895551316,53235.25,50194.3,54467.35,42105.4,-3.941168424753548,24.261258650909372
2024-10-30,51988.7,52220.0,51733.0,51807.5,0,51479.4625,51843.343,51612.4665,49471.65349999999,0.6372201341457256,-0.06913713106811178,0.37788060371034143,4.721585665213327,-0.9808737268423351,1.1095064306485325,0.012451485056774736,-2.107039336691696,52.143388506602186,44.16543721838988,18.699744823571546,14.822251518947105,739.6035714285717,1.427599423690724,52582.95,50194.3,54467.35,42105.4,-4.8833842659868685,23.042412612159005
2024-10-31,51649.45,52005.6,51318.1,51475.35,0,51460.97,51859.139,51629.187999999995,49491.838500000005,0.027943507477603668,-0.740060493484098,-0.2979671111619964,4.007754733136441,-0.6411233894706436,-0.10828401850143665,0.36372463383818054,-0.7133736585064776,52.35801710252955,42.980137268692545,17.394432208983865,14.889702869222837,749.1285714285716,1.455315158475992,52577.5,50194.3,54467.35,42390.5,-5.493199136730537,21.431334850968963
2024-11-01,51550.15,51825.5,51459.4,51673.9,0,51471.5625,51872.903,51648.117999999995,49511.65899999999,0.39310541621891015,-0.3836357490923478,0.04991856624864148,4.367135021672389,0.38571860123342017,1.7454115140649984,-0.8068076676482128,0.4116625746545255,48.80432783156909,49.091670731966005,17.24397359037763,14.857165906293842,723.8000000000003,1.400707126808699,52577.5,50194.3,54467.35,42390.5,-5.128668826370288,21.89971809721518
2024-11-04,51764.5,51764.5,51066.8,51215.25,0,51508.38,51878.539,51663.212999999996,49526.94375,-0.5690918642752838,-1.278542173286717,-0.8670831216014305,3.4088641902116192,-0.8875854154611895,-0.08593562534018329,-1.4384356471084048,1.4587283003393514,44.56055248879824,48.70172226956621,16.062154191703012,14.997360895046558,750.5428571428571,1.4654675260647114,52577.5,50382.1,54467.35,42589.65,-5.970732925321314,20.252807900511037
2024-11-05,51052.6,52289.55,50865.45,52207.25,0,51567.6925,51899.722,51686.334500000004,49547.354499999994,1.2402290445708863,0.5925426729646035,1.0078398962495503,5.36839055655334,1.936923084432851,-0.21683578392490688,1.853595059420976,2.3250230297328534,52.80660540316449,59.083431874917885,17.035031908351712,15.582850265712779,829.3785714285716,1.5886271953197528,52577.5,50382.1,54467.35,42589.65,-4.149458345228836,22.582012296414735
2024-11-06,52440.4,52493.95,52185.4,52317.4,0,51633.2125,51920.495,51711.04149999999,49578.619249999996,1.325091867952241,0.7644476424964723,1.1725899970512283,5.524116628157218,0.21098602205633643,0.9842204314047143,2.104646851031444,2.5690591487443015,57.5251668032307,57.13735162632959,17.02860308952832,15.580093175361787,795.7071428571429,1.5209225665976192,52577.5,50382.1,54467.35,42796.45,-3.9472271002719923,22.247055538485096
2024-11-07,52258.95,52377.25,51752.25,51916.5,0,51652.4925,51935.948,51730.186499999996,49609.63399999999,0.5111224787458218,-0.03744612498456114,0.36016398278402467,4.650036321574171,-0.7662842572451978,0.8570121427051935,0.747800117016606,0.7482888907432317,48.618174466165904,54.802665624636965,16.96858603862608,15.671925376818722,754.7392857142861,1.4537561001113057,52577.5,50382.1,54467.35,43221.0,-4.683264377650094,20.118692302353022
2024-11-08,51869.15,52007.15,51494.0,51561.2,0,51671.9375,51944.117,51741.389500000005,49638.934250000006,-0.2143087822089174,-0.7371710640494694,-0.34825021465650374,3.8724960135500717,-0.6843681681161118,-0.21809849846828877,1.5235062992924542,0.7599814743523226,46.982881704916075,50.16290147417767,16.961980720777888,15.754895391848514,739.7964285714291,1.4347928841288202,52577.5,50382.1,54467.35,43230.95,-5.335581775136851,19.269180991858843
2024-11-11,51562.7,52177.7,51294.2,51876.75,0,51674.93,51954.632000000005,51746.176499999994,49668.027,0.39055689093337853,-0.1499038622773905,0.25233458553214244,4.446971489324507,0.6119911871717454,1.2916074801938793,1.2045619038886457,0.115502857175942,54.94595845905772,53.80493785817294,16.49533247552635,15.789786625992445,725.9250000000003,1.3993262877878825,52577.5,50382.1,54467.35,43230.95,-4.756243878213276,19.99909786854095
2024-11-12,52053.75,52169.05,51006.85,51157.8,0,51637.520000000004,51948.996999999996,51739.92199999999,49698.740750000004,-0.9290144065787844,-1.5230265177208193,-1.125092534928809,2.935807281998384,-1.3858809582327325,-2.01016142394016,-2.2226384585833037,-1.441451855276843,49.417043578146334,46.46837559208694,17.205180058800646,16.09958648732611,777.2500000000006,1.519318657174469,52577.5,50382.1,54467.35,43230.95,-6.076208958210737,18.336053221129784
2024-11-13,51030.95,51353.5,49904.4,50088.35,0,51551.884999999995,51916.982,51724.191000000006,49723.7705,-2.838955355366727,-3.5222232293857236,-3.162622688482469,0.7332096828819525,-2.090492554410084,-4.260628395141963,-3.3183419389084645,-3.306303636702357,40.68175359735463,41.186510534099455,18.647171220960896,16.721891448442275,839.3500000000001,1.675738969241351,52577.5,49904.4,54467.35,43230.95,-8.03967881675903,15.862246839359306
2024-11-14,50053.45,50561.8,49939.35,50179.55,0,51496.4225,51892.56800000001,51708.947,49750.3375,-2.557211619894562,-3.301085427107796,-2.9577028516941124,0.8627328407571133,0.18207826770098023,-3.345660820740992,-2.5173213975232756,-2.162752881720764,45.71255272029684,42.12711206059431,18.419871284443325,16.690341803291478,801.7357142857145,1.5977339658998824,52577.5,49904.4,54467.35,43230.95,-7.872239056976328,16.073206811323846
2024-11-18,50312.45,50445.8,50074.0,50363.8,0,51409.9025,51870.383,51686.525,49774.94475,-2.0348268507219864,-2.9045148943665957,-2.5591292895005004,1.1830354668550396,0.3671814514079941,-2.322288852858345,-2.5353224742084457,-3.321674965735133,43.41708690474441,45.36108324974925,17.439344335666302,16.710816702847694,771.0285714285716,1.5309181821637199,52577.5,49904.4,54467.35,43230.95,-7.533963007196047,16.499406096789468
2024-11-19,50580.55,50983.5,50440.85,50626.5,0,51343.0925,51871.376,51664.085,49801.23850000001,-1.3956940751085434,-2.3999286234473454,-2.008329383942441,1.6571103949553245,0.5216048034500931,-2.41003917940118,-1.1495599455240368,-2.5714599125911453,35.888722305513966,42.215692722200444,17.602394051612777,16.291746814933664,737.0392857142859,1.4558369346375633,52493.95,49904.4,54467.35,43230.95,-7.051655716681643,17.107072594981148
2024-11-21,50625.0,50652.15,49787.1,50372.9,0,51298.88,51856.477999999996,51639.70100000001,49823.11899999999,-1.805068648672244,-2.8609308946897514,-2.4531532434705743,1.103465642124914,-0.5009234294292453,-1.534272388570268,-3.5135924608172164,-1.7251251776581378,37.5108820559251,41.67591681152746,17.0604571483386,16.14588897814111,756.8500000000006,1.5024943967887507,52493.95,49787.1,54467.35,43230.95,-7.517255750463346,16.520455830834173
2024-11-22,50512.8,51271.5,50508.25,51135.4,0,51293.7,51853.74,51627.6325,49847.85274999999,-0.3086148981258822,-1.3853195545779273,-0.9534283796569565,2.582954287835419,1.5137107452618315,2.0904062521524436,-2.259286585342546,-0.20218973828528553,47.24681109536346,49.36630457978317,17.977481856623147,16.497134818870435,771.9285714285719,1.5095776535014331,52493.95,49787.1,54467.35,43230.95,-6.117334513245086,18.28423849117358
2024-11-25,52046.35,52331.1,51774.05,52207.5,0,51327.5175,51877.69,51623.96,49879.0355,1.7144458622998828,0.635745346409984,1.130366597215713,4.668222784700802,2.096590620196581,4.041387377925854,0.5605154430672332,1.3125070952229922,53.78584706199536,54.54255508756789,19.385483822798907,17.108991453651672,831.1857142857147,1.5920810502048837,52493.95,49787.1,54467.35,43230.95,-4.1489993546592565,20.76417474055047
2024-11-26,52554.9,52555.5,51999.75,52191.5,0,51397.72,51886.07199999999,51624.193999999996,49910.865249999995,1.5443875720557232,0.5886512280212832,1.0989149777331229,4.569415373940055,-0.030646937700518073,3.6289954292567206,1.2224308200740053,2.764560929914772,57.39062630116659,53.17960545639267,18.551349178166344,16.787265519430377,821.0464285714291,1.5731420414654287,52555.5,49787.1,54467.35,43230.95,-4.1783747511123615,20.727164219153185
2024-11-27,52154.3,52444.35,52019.65,52301.8,0,51449.844999999994,51893.347,51616.319500000005,49943.92025,1.6558942014305564,0.7871008975389492,1.3280305659918232,4.721054611246702,0.21133709512086707,3.3091365194117817,0.8193458533928943,2.033777285292615,50.826059986545424,57.76530010512014,18.321461032992012,16.779106560167016,749.6607142857143,1.4333363560828007,52555.5,49787.1,54467.35,43230.95,-3.975868111813767,20.982305501035732
2024-11-28,52389.95,52760.2,51782.9,51906.85,0,51429.152500000004,51888.421,51604.350999999995,49974.362,0.928845755333018,0.03551659434769936,0.5861889436416,3.866958821805464,-0.7551365344978689,3.0451889805828136,1.4641950983036667,-0.7909871236432164,46.583163413923664,53.346909451769434,17.002923412299314,16.842863526230094,797.4285714285714,1.5362684721353184,52760.2,49787.1,54467.35,43230.95,-4.700981413635875,20.06872391191959
2024-11-29,51984.15,52170.9,51759.45,52055.6,0,51441.5575,51885.76,51598.303499999995,50009.58,1.1936701177836537,0.3273345133616555,0.8862626655932672,4.091256115328297,0.28657104023843694,1.7995361334809168,3.9275600014773815,0.4788881918641019,51.208388352213476,48.48707939551661,16.658765823470798,16.854807588904514,782.1750000000003,1.502576091717318,52760.2,49787.1,54467.35,43451.35,-4.42788202473592,19.802031467376732
2024-12-02,52087.65,52197.25,51693.95,52109.0,0,51473.240000000005,51872.93199999999,51595.1355,50041.952249999995,1.235127223388298,0.45508898552332966,0.9959553260597664,4.130629715790126,0.10258262319520206,-0.18867021021883312,3.845092273645334,1.2309775455630723,55.02227845316025,51.815958753945104,16.47001073898462,16.675934609759384,781.471428571429,1.4996860975482718,52760.2,49787.1,54467.35,43566.15,-4.329841639073681,19.608916555628618
2024-12-03,52357.95,52780.9,52216.85,52695.75,0,51524.332500000004,51866.095,51596.405,50081.01975,2.2735229029895647,1.5996095329713924,2.1306620102699037,5.221000417029249,1.1260051046844133,0.9661534924269244,4.630210587763428,1.9774973439202315,57.15296337053921,57.13183730715286,16.865314880011514,16.82742065203562,766.3571428571433,1.4543054095579688,52780.9,49787.1,54467.35,43739.8,-3.2525907722699907,20.47551657757922
2024-12-04,52775.0,53387.1,52685.15,53266.9,0,51626.915,51855.569,51607.181,50119.842249999994,3.1766085577648804,2.721657533060718,3.2160621212772784,6.279065553124337,1.083863499428328,1.8452519798553668,5.215450406407718,4.005935732032939,68.9085725556292,58.92077145353132,16.78066977718827,16.695138627477686,733.4821428571429,1.3769942363027374,53387.1,49787.1,54467.35,44003.45,-2.203980917008074,21.05164481421344
2024-12-05,53354.45,53888.3,52850.35,53603.55,0,51696.729999999996,51845.524000000005,51620.51,50158.31850000001,3.6884731394036088,3.3908925291217002,3.8415738240478463,6.868714109704442,0.6320059924643573,3.268740060319608,6.413468353023166,2.6745327516772166,86.28181574221247,63.559716576204195,15.588089378615013,16.704860084986763,704.1142857142861,1.3135590566562962,53888.3,49787.1,54467.35,44254.6,-1.5859042160119698,21.125374537336242
2024-12-06,53634.2,53868.5,53160.65,53509.5,0,51756.335,51836.342000000004,51632.816,50194.7715,3.387343790861545,3.2277702002969186,3.6346729568265292,6.603732621832928,-0.17545479730354252,2.792975203436332,4.6427719349022345,2.2785918260463944,84.34956623995535,58.23307391274109,15.623957499708197,16.699999261872577,710.2142857142857,1.327267654742215,53888.3,49787.1,54467.35,44429.0,-1.75857646828788,20.438227283981185
2024-12-09,53380.75,53775.1,53326.4,53407.75,0,51830.8975,51822.46400000001,51642.334500000004,50229.886000000006,3.0423021326227295,3.059071062309952,3.4185431721720394,6.326639881285005,-0.1901531503751719,2.492371759197076,2.29899918594072,2.872400874481129,81.94305982601021,56.90073098952562,15.322747034786389,16.694051806389496,715.7071428571425,1.340081061001713,53888.3,49787.1,54467.35,44429.0,-1.9453856301068413,20.20921020054469
2024-12-10,53450.05,53624.05,53302.65,53577.7,0,51931.7225,51806.511000000006,51654.1435,50265.097,3.169502995014258,3.418854050989828,3.7239151976259155,6.590264811385911,0.31821224447761143,1.6736643846989585,2.6559880440301553,3.9108864805318833,81.58458014940379,60.83019310758474,15.012160470723126,16.668920080296296,694.3999999999999,1.2960616077211227,53888.3,49787.1,54467.35,44429.0,-1.6333638409065276,20.591730626392664
2024-12-11,53459.3,53648.05,53302.15,53391.35,0,52007.4525,51797.651999999995,51661.85,50296.582749999994,2.660959984532984,3.076776530333854,3.3477314498029007,6.153036808449984,-0.34781261606974256,0.23363477131201904,2.0831979014106494,2.9196123504267257,82.77610676164304,62.20043064656982,15.04618356877277,16.53786193198514,657.317857142857,1.2311317416451484,53888.3,49787.1,54467.35,44429.0,-1.9754954114712757,20.17229737333723
2024-12-12,53201.0,53537.45,53174.4,53216.45,0,52110.384999999995,51802.419,51671.358499999995,50327.5665,2.1225423684741584,2.729662103231116,2.9902281357669405,5.740161309011427,-0.32758115312686575,-0.7221536633301495,2.522981070899122,4.0241175343740165,75.902714678682,59.10159381496525,14.051047532918401,16.156282725812726,619.0642857142853,1.1632949693455414,53888.3,49787.1,54467.35,44429.0,-2.296605213949277,19.778635575862605
2024-12-13,53109.8,53654.0,52264.55,53583.8,0,52285.1575,51815.643,51684.3925,50360.88649999999,2.4837689357634654,3.412399996657393,3.6750117552412,6.399636154141191,0.6902940726035034,0.13885384838205894,2.9357072053727284,6.978568868808832,70.77559399812812,67.30854297170413,11.217045755371508,16.22466323998468,632.903571428571,1.181147233732156,53888.3,49787.1,54467.35,44429.0,-1.6221644710087708,20.605460397488134
2024-12-16,53502.5,53738.9,53335.0,53581.35,0,52455.2475,51850.365999999995,51702.422999999995,50394.73449999999,2.1467871255397295,3.338421950579875,3.6341178826377316,6.323310424425409,-0.004572277442072004,0.3250464586132207,2.825519583949032,6.779255692807129,71.06631299734732,79.39691302957354,11.271381712044128,15.520150478523345,622.0571428571426,1.1609583238517556,53888.3,49787.1,54467.35,44429.0,-1.6266625785906603,20.599945981228473
2024-12-17,53394.1,53515.7,52709.4,52834.8,0,52578.7975,51877.821,51717.600999999995,50426.026,0.4868930294573632,1.844678480231464,2.160191073054622,4.77684678146163,-1.3933019604769115,-1.386584343859465,0.2638732725124937,4.906301748478081,56.77255400254127,70.12635584291547,12.821863571927372,15.763278894059743,654.0035714285711,1.237827286993745,53888.3,49787.1,54467.35,44429.0,-2.9973002174697236,18.91962456953792
2024-12-18,52696.95,52827.6,52010.65,52139.55,0,52654.45,51911.03400000001,51730.109,50453.783500000005,-0.9778850600471456,0.4402069895197926,0.7914945626733674,3.3412092871092565,-1.3158940698176247,-2.344574542505473,-2.116417512564084,2.9886521880833294,52.74714896229315,62.49217370505594,13.905259421916774,15.434637368971044,643.0642857142858,1.233352197543488,53888.3,49787.1,54467.35,44429.0,-4.273752991471029,17.354768281977996
2024-12-19,51428.45,51789.85,51263.75,51575.7,0,52714.590000000004,51922.128000000004,51732.906500000005,50481.84625,-2.160483463875953,-0.6672068602427218,-0.3038810510289181,2.1668259607283966,-1.0814247533782018,-3.083163194839189,-3.783051682211358,2.3877918483946603,44.8402287975228,56.406068622951665,14.4097418129254,15.471639908874607,676.2321428571429,1.3111448663947225,53888.3,50508.25,54467.35,44429.0,-5.308960322101225,16.085664768507048
2024-12-20,51401.35,51629.0,50609.35,50759.2,0,52695.780000000006,51917.172,51726.43600000001,50505.037749999996,-3.6750191381549127,-2.230421949793416,-1.869906521299885,0.5032413820936136,-1.5831098753870565,-5.271369331775655,-5.139834982573188,-0.7356938637421484,37.53301930359287,52.42300696230318,14.633861659273483,15.88799931226734,713.1142857142856,1.4048966211332836,53888.3,50609.35,54467.35,44429.0,-6.808023522348712,14.247901145648106
2024-12-23,51044.4,51417.35,51030.4,51317.6,0,52651.284999999996,51912.905999999995,51724.61899999999,50525.19125,-2.5330530869284535,-1.1467398877650905,-0.7868960813418326,1.56834389023712,1.1000961402070963,-4.22488421810947,-3.913570596027738,-1.704544366230909,37.20416330092944,51.172850632129126,13.05268918121992,15.91320287826312,712.1321428571428,1.387695727892853,53888.3,50609.35,54467.35,44429.0,-5.782822186135364,15.504737896419002
2024-12-24,51314.95,51382.1,51137.5,51233.0,0,52603.36,51914.12,51721.415,50544.86875,-2.6050807400896074,-1.3120129937674039,-0.9443187120847348,1.3614265246261987,-0.16485572201350163,-3.0317139461112808,-4.376261019043371,-1.8365059444545584,29.239986935042694,42.813315830617,13.05428329527882,15.838835731649947,679.4642857142857,1.3262238902939232,53888.3,50609.35,54467.35,44429.0,-5.938144594881152,15.314321726800062
2024-12-26,51395.8,51740.0,50951.8,51170.7,0,52546.80499999999,51901.196,51717.482,50563.44175,-2.6188176426711314,-1.4074743094552318,-1.0572479147380116,1.200982822732788,-0.12160131165460664,-1.8581863479834482,-4.1591943264217885,-2.162640673934746,23.69465318700331,42.522926371919965,13.005954523459682,15.578541910225221,661.6249999999994,1.292976253989098,53888.3,50609.35,54467.35,44429.0,-6.052525044820432,15.174097999054664
2024-12-27,51268.2,51628.45,51240.1,51311.3,0,52517.027500000004,51889.302,51717.093499999995,50582.093250000005,-2.2958791793766333,-1.1139136155656908,-0.7846409620834407,1.441630235419325,0.27476661448837536,-0.5126445205784758,-3.5800020482388284,-1.1473437513545792,26.46869915217961,42.776927003573284,12.836950637605163,15.58677781751233,643.7607142857139,1.2546178215826023,53888.3,50609.35,54467.35,44429.0,-5.794388748488766,15.490557968894198
2024-12-30,51255.35,51979.75,50718.35,50952.75,0,52461.884999999995,51872.335999999996,51725.7,50597.03,-2.876631291460448,-1.7727869436996162,-1.4943248713888786,0.7030452182667661,-0.6987739542751892,0.3813101861337431,-4.9101594138527,-2.1186001121877296,25.08929296209118,43.00523452735302,12.965498430139522,15.656615542662323,701.8107142857142,1.3773755377005445,53888.3,50609.35,54467.35,44429.0,-6.4526730233800595,14.68354003016048
2024-12-31,50648.2,50945.55,50599.8,50860.2,0,52399.445,51863.764,51736.819,50612.152,-2.937521571077714,-1.9350003212262143,-1.6943813263819063,0.4900957382724908,-0.18163887130724365,-0.8913121424228732,-5.078539454493036,-2.3965149974092825,21.98569131169863,41.163382072473006,12.944718726266782,15.506055841595568,704.0642857142853,1.3843128531037734,53888.3,50599.8,54467.35,44429.0,-6.622591332238491,14.475230142474505
2025-01-01,50841.9,51321.95,50485.05,51060.6,0,52317.6875,51843.09199999999,51746.235,50630.81575,-2.402796377420163,-1.5093467033177559,-1.324994948907881,0.848859027123214,0.394021258272681,-0.33650186403294535,-3.358014036203416,-3.1030016652196846,26.042041424680207,42.41488084041155,12.254031262821421,15.10845766028735,739.1357142857133,1.447565665671209,53888.3,50485.05,54467.35,44429.0,-6.2546644916633545,14.926286884692427
2025-01-02,51084.95,51672.75,50992.8,51605.55,0,52234.619999999995,51835.949,51760.72350000001,50652.431500000006,-1.2043162178646891,-0.44447724879117695,-0.299790052200496,1.8816836068373082,1.0672612542743432,0.8498027191341961,-1.0241745469609875,-3.1189162500539713,34.61207802380467,42.0644625933529,12.231897652458528,15.300338610983768,761.7714285714277,1.4761424470263909,53888.3,50485.05,54467.35,44429.0,-5.254156848093391,16.152850615588925
2025-01-03,51567.15,51671.6,50904.35,50988.8,0,52103.8825,51830.582,51765.766500000005,50672.469,-2.1401140308498063,-1.6241029282673292,-1.500927258558032,0.6242660092209156,-1.195123392735864,-0.6285165255996206,-1.1379389906486903,-4.877941852731771,26.33896821489151,33.52712337483919,12.390169156419907,15.23079978384357,717.3285714285709,1.4068355627678446,53868.5,50485.05,54467.35,44429.0,-6.386486583246653,14.764680726552484
2025-01-06,50990.65,51026.1,49751.0,49922.0,0,51924.5075,51804.242,51759.207,50688.12925,-3.856574855332041,-3.633374270778826,-3.549526946964242,-1.5114569453162412,-2.092224174720725,-2.022952637492581,-1.6493561758262443,-6.704416972687088,22.057711837875516,25.921371903961585,14.006411924347098,15.934907961986045,779.557142857142,1.5615503041888186,53775.1,49751.0,54467.35,44429.0,-8.345091141757399,12.363546332350491
2025-01-07,50061.2,50447.6,49969.3,50202.15,0,51764.2275,51777.66199999999,51762.91,50706.1695,-3.017677603708081,-3.042841138713425,-3.015209152653902,-0.9940003454609249,0.5611754336765307,-1.2938407635046612,-2.1736207460988033,-6.002125159738048,28.35579160260795,28.882830307944857,14.364257055987467,15.933128461651746,754.8178571428564,1.5035568340058272,53738.9,49751.0,54467.35,44429.0,-7.8307463094863206,12.994102950775396
2025-01-08,50201.75,50246.9,49389.75,49835.05,0,51577.094999999994,51758.614,51763.9875,50722.46525,-3.3775554827195893,-3.7164132718082414,-3.7264082485917447,-1.7495507082041881,-0.7312435821971719,-2.4001872285088655,-2.7286124177775983,-6.985462235220985,29.97305987659695,27.93621777849151,14.242786791014758,15.690669252857417,757.1749999999993,1.519362376480006,53738.9,49389.75,54467.35,44429.0,-8.504728061857234,12.167840824686586
2025-01-09,49712.55,49798.1,49230.15,49503.5,0,51382.7025,51723.498,51753.853500000005,50738.05875,-3.6572667620976134,-4.292049234566463,-4.348185396474881,-2.4332006001313493,-0.6652948075701826,-4.073302193271855,-3.2581145069346285,-7.281797519635669,31.234151995943023,25.331500744741533,14.284423633713935,15.595849632427802,737.8249999999991,1.4904501701899848,53738.9,49230.15,54467.35,44429.0,-9.113441355233913,11.421594003916361
2025-01-10,49426.5,49483.15,48631.2,48734.15,0,51158.5875,51651.767,51737.51149999999,50750.175,-4.739062625605134,-5.648629600609788,-5.804997984876007,-3.972449356085967,-1.554132536083308,-4.42185342663487,-5.022577872710299,-8.42277153023172,31.50318320073815,23.661052607766308,14.883149211586181,15.16009827311316,727.2999999999993,1.4923826515903105,53738.9,48631.2,54467.35,44429.0,-10.525938934058656,9.689954759278853
2025-01-13,48264.25,48606.35,47898.35,48041.25,0,50881.46,51576.442,51709.8925,50756.956750000005,-5.582013566434609,-6.854276609464457,-7.094662786235732,-5.35041287714714,-1.421795599184561,-3.7673771082889274,-5.714117491205084,-10.343704627144778,20.79147016608586,22.351451559478278,14.65204664854479,15.317751337604829,739.9892857142851,1.5403206321948015,53738.9,47898.35,54467.35,44429.0,-11.798077196705915,8.130387809763894
2025-01-14,48266.9,49007.35,48235.2,48729.15,0,50638.85,51521.518,51690.3285,50766.28375,-3.7712151835991476,-5.419809253291014,-5.728689652262515,-4.012769104849044,1.4318944656935395,-2.934137282964977,-4.1900149822454384,-9.055762872715967,29.84618108936961,24.922903677378443,16.158539796416825,15.6761251927708,791.5249999999994,1.6243357415427917,53515.7,47898.35,54467.35,44429.0,-10.53511874545025,9.678700848544873
2025-01-15,48832.75,49083.65,48522.4,48751.7,0,50434.69499999999,51463.074,51667.98850000001,50777.04125,-3.3369786413896136,-5.26858150758737,-5.644284952180806,-3.9886948907248607,0.04627620223212059,-2.1738716024163884,-4.521881842359865,-7.728050451596302,30.403752369533933,25.103741926171892,15.871282667265064,15.639980335192064,775.3142857142853,1.590332820628379,52827.6,47898.35,54467.35,44429.0,-10.493717796074165,9.729455985955113
2025-01-16,49082.9,49459.0,49038.45,49278.7,0,50291.652500000004,51424.343,51651.441,50789.505,-2.0141563254458714,-4.172426665713559,-4.5937556708243665,-2.9746401348073785,1.0809879450357718,-0.45410930540265015,-4.508914254377694,-5.486909649201044,34.50407867652663,31.24419831223632,16.304441921263653,15.7616007166339,793.1392857142855,1.6094971777142772,51979.75,47898.35,54467.35,44429.0,-9.526165675400037,10.91561817731661
2025-01-17,48959.5,49047.2,48309.5,48540.6,0,50139.8975,51351.01,51625.36600000001,50796.585,-3.189670461532158,-5.472940064859491,-5.9752912938186435,-4.4412139123132,-1.4978073691067295,-0.3971547672422804,-4.801446592192804,-5.8847480499537586,32.61651328543324,31.103608688575406,16.640528818024958,15.391760083171008,772.2678571428567,1.5909730352382474,51979.75,47898.35,54467.35,44429.0,-10.881289433027309,9.254315874766478
2025-01-20,48834.15,49650.6,48683.6,49350.8,0,50069.4775,51291.67800000001,51606.086500000005,50805.44775000001,-1.4353604948244125,-3.7840017634049796,-4.370194783128928,-2.8631727785530705,1.6691182226836965,2.7258866078630373,-1.1441849284884342,-2.774669419533793,40.14198570999391,38.61268066986044,17.29950850897297,15.902828199369596,826.3428571428568,1.6744264675402563,51979.75,47898.35,54467.35,44429.0,-9.393792795133225,11.077899570100616
2025-01-21,49532.0,49543.15,48430.95,48570.9,0,49932.1425,51224.766,51580.357,50810.575,-2.7261848417579926,-5.180826009044144,-5.8345020760519395,-4.407891467475021,-1.5803188600792772,-0.32475427952263214,-3.2493628260941043,-5.352354747688892,34.88379152904609,38.757885868113405,17.37774340463988,16.17776291326272,846.0071428571433,1.7417983666292849,51979.75,47898.35,54467.35,44429.0,-10.825659775994238,9.322514573814404
2025-01-22,48689.55,48781.75,48074.05,48724.4,0,49806.7125,51168.03,51556.0735,50816.07575,-2.173025372835037,-4.775696856025134,-5.4924149722146645,-4.116169379726261,0.3160328509457244,-0.05599804724757407,-2.228652324016933,-4.896453457732319,31.634103585657385,36.09946717840416,17.499365947446325,16.15671735569552,847.9892857142861,1.740379123630637,51979.75,47898.35,54467.35,44429.0,-10.543839566272267,9.668009633347593
2025-01-23,48770.15,48892.7,48493.0,48589.0,0,49677.627499999995,51102.275,51528.453499999996,50818.71675000001,-2.1913838377245276,-4.918127421920064,-5.704524976671377,-4.3875896374341385,-0.27788951736706924,-1.3995904924439917,-1.847344127182926,-5.0452700471168015,33.70232532869716,35.90392919976546,17.493550912403293,16.076076224486414,821.7357142857145,1.691197008141173,51979.75,47898.35,54467.35,44429.0,-10.792428858756665,9.363253730671408
2025-01-24,48546.05,48858.65,48203.0,48367.8,0,49530.4525,51046.475,51497.736,50818.0905,-2.3473488355471748,-5.247521988540827,-6.077812818800412,-4.8216894336082845,-0.4552470723826363,-0.3559906552452863,-0.751731588629323,-5.736553156906954,38.07543579671007,35.305743703734834,17.393224638609613,15.834890218459622,777.4892857142861,1.6074522424304725,51979.75,47898.35,54467.35,44429.0,-11.198543714720829,8.865380719800136
2025-01-27,47881.65,48319.2,47844.15,48064.65,0,49386.0475,51006.001000000004,51461.491500000004,50815.50525,-2.675649433172394,-5.766676356376188,-6.600744364356408,-5.413417098711226,-0.626759951868805,-2.606138097052124,0.048708141440956254,-5.668192590193854,33.65775711795469,33.26460445672403,17.372601441336855,15.221127389935393,777.3500000000006,1.6173008645647073,51672.75,47844.15,54467.35,44429.0,-11.755115679393246,8.183056111998923
2025-01-28,48642.5,49247.15,48449.05,48866.85,0,49286.38,50979.746999999996,51436.1575,50816.18675,-0.8512087923681935,-4.144581180444064,-4.995138876771661,-3.836054758673922,1.6690020628465918,0.6093154543152401,0.2825823967789187,-3.919272830228737,43.059398701056615,39.71814740328878,18.710048838348285,15.709952973338256,800.5892857142862,1.6383075350964635,51672.75,47844.15,54467.35,44429.0,-10.282306739725726,9.988633550158676
2025-01-29,48997.2,49199.65,48849.8,49165.95,0,49191.6475,50955.79,51413.0865,50817.08350000001,-0.052239559571575715,-3.512535081881772,-4.370748097374003,-3.249170133898004,0.612071373538492,0.9062194711479066,0.8497139586927327,-3.710590944877268,47.568941800084964,41.81533600962306,18.816507989999383,15.75281479489155,782.3714285714289,1.5912871175507215,51672.75,47844.15,54467.35,44429.0,-9.733170422280507,10.66184249026536
2025-01-30,49206.2,49426.2,49031.8,49311.95,0,49076.967500000006,50929.499,51400.4375,50820.8205,0.47880403368441815,-3.1760551974014244,-4.0631706685376034,-2.9690006677479843,0.2969534810168373,1.4878882051493125,0.0674733708478481,-4.44448319996591,54.57185358674491,41.507903746691596,18.33048534825404,15.719421035654351,748.2357142857139,1.51735170538929,51671.6,47844.15,54467.35,44633.85,-9.465119929645928,10.481058658394915
2025-01-31,49259.65,49674.8,49031.8,49587.2,0,49006.8875,50913.785,51385.1315,50829.89025,1.1841447796495952,-2.605551718458972,-3.498933344171759,-2.4448021506400948,0.5581811305373163,2.521098747513828,2.1561332163178903,-2.7488389607129515,63.098052173618335,39.93447070381653,18.149976337921252,15.742216714308196,734.4642857142852,1.4811570036507107,51026.1,47844.15,54467.35,44633.85,-8.959771312538615,11.097743080643948
2025-02-01,49592.55,50009.5,48925.45,49506.95,0,48986.134999999995,50881.21600000001,51367.47800000001,50840.001000000004,1.0631885940787171,-2.700929946328347,-3.621996002996317,-2.622051482650456,-0.16183611899844852,3.0007500314680247,0.3164082446485139,-0.8313969792876907,57.34632966866897,42.19220089466832,16.614832912268383,15.343424782367796,742.8892857142855,1.500575748888359,50447.6,47844.15,54467.35,44633.85,-9.107107285373718,10.917946804947363
2025-02-03,49074.8,49373.45,48906.05,49210.55,0,48936.555,50821.277,51349.4835,50850.70649999999,0.5598984235813138,-3.1693949760451687,-4.165443066238435,-3.22543502910818,-0.5987038183527638,0.7033397896529126,1.3169408020028417,-1.975214208953202,54.12067928120487,45.920187174208515,16.571477219857403,14.56858249697211,745.721428571428,1.5153690185771709,50246.9,47844.15,54467.35,44633.85,-9.651286504667468,10.253876822187655
2025-02-04,49538.8,50206.6,49482.5,50157.95,0,48952.7,50780.60600000001,51333.33900000001,50863.625499999995,2.4620705293068617,-1.2261689039315715,-2.289718578407709,-1.387387338324905,1.9251969343971886,2.0176565285527914,2.94216039602333,0.6479375459641279,57.341705563580824,49.76455297025481,17.85108607080057,15.27091102126959,766.3464285714274,1.5278663274145523,50206.6,47844.15,54467.35,44633.85,-7.91189584218803,12.37648107882246
2025-02-05,50402.3,50522.15,50215.45,50343.05,0,48994.677500000005,50741.431,51317.389,50875.71625,2.752079549865386,-0.7851197574620904,-1.8986527159439073,-1.046995087759565,0.36903422089620275,2.090973891724035,3.6099734507810455,1.6959406910622477,66.58172417917044,52.75954978053975,17.687193792547976,15.290205030167634,723.1321428571422,1.4364090829958498,50522.15,47844.15,54467.35,44633.85,-7.5720592244711655,12.791188750242258
2025-02-06,50468.35,50553.35,50149.8,50382.1,0,49077.075,50710.935999999994,51299.678499999995,50887.7745,2.659133617885747,-0.6484518447855029,-1.7886632564373597,-0.9937052759106236,0.07756780727428136,1.6030346541042961,4.164547488204962,3.381509680583328,61.05619760286454,54.9293641086637,16.589758868323038,15.212889623687664,672.6714285714277,1.335139719407146,50553.35,47844.15,54467.35,44633.85,-7.500364897502816,12.87867840215442
2025-02-07,50484.45,50641.75,49871.15,50158.85,0,49182.955,50673.001000000004,51279.38050000001,50897.62375,1.9842138399370202,-1.0146448598929543,-2.1851482780686244,-1.451489668022076,-0.4431137249142014,1.3167848150613226,4.357048267281671,4.407878645955288,69.33106092884537,58.5150254608047,15.68192588118885,15.21680311586126,648.2714285714272,1.2924367854753993,50641.75,47844.15,54467.35,44633.85,-7.9102434761375395,12.378497485652707
2025-02-10,50052.5,50155.65,49703.1,49981.0,0,49245.5475,50630.441000000006,51251.6865,50905.054000000004,1.493439584563456,-1.2827085586712668,-2.4793067053510587,-1.8152500142716748,-0.35457351992719266,1.5656195673488638,2.279970982373536,2.568996175800309,65.20718365766294,62.35391523102891,15.123847033801383,15.224792475902465,630.2749999999988,1.2610291910926128,50641.75,47844.15,54467.35,44633.85,-8.236769367336576,11.98003309147654
2025-02-11,49812.15,49906.75,49177.4,49403.4,0,49278.1325,50564.594000000005,51215.3445,50911.06575,0.2542050472387559,-2.2964566866689426,-3.537893804463226,-2.961371418550593,-1.1556391428742874,-1.5043477654090642,0.4829561922428116,1.3367738971153953,58.90288163015441,54.35536693603086,15.800017825768103,15.157711745919006,659.124999999999,1.3341693081852644,50641.75,47844.15,54467.35,44633.85,-9.297221179293645,10.685947996867855
2025-02-12,49402.25,49702.35,48734.35,49479.45,0,49288.17,50488.845,51172.207,50911.34275,0.3880850110685766,-1.9992435952931862,-3.3079616831847902,-2.8125220680808036,0.1539367735823749,-1.7154304318073854,0.33967425745686786,0.4073768179761128,62.5506644236957,54.66868532643911,15.350414031954163,14.918341142586206,681.4357142857132,1.3772095572721872,50641.75,47844.15,54467.35,44633.85,-9.157596248027492,10.8563343740233
2025-02-13,49469.35,49836.1,49276.1,49359.85,0,49329.1325,50403.971,51124.7475,50911.15825,0.06227050516243892,-2.0715054375378466,-3.4521392990742874,-3.047088896273543,-0.2417165105917718,-2.0289944246071556,-0.45848525425915554,1.6877624091997223,65.25523544792824,50.549309217428984,14.310272676077055,14.81346824169699,684.0321428571416,1.3858067697878773,50641.75,47844.15,54467.35,44819.55,-9.377177336514444,10.130177567601628
2025-02-14,49485.65,49592.95,48719.75,49099.45,0,49316.564999999995,50315.77,51076.056,50910.500250000005,-0.44024761254154254,-2.417373320531515,-3.869926840083345,-3.557321654878077,-0.5275542774137332,-2.112089890418145,-0.8231167543142903,-0.5093129189395196,53.1404423082116,54.04445023412,13.169170000991064,14.836362379951042,661.9392857142842,1.3481602863459454,50641.75,47844.15,54467.35,44860.75,-9.855261913788722,9.448571412649136
2025-02-17,48880.4,49319.0,48525.6,49258.9,0,49350.965,50232.793,51027.628500000006,50912.176999999996,-0.18655156996422473,-1.9387594076244106,-3.4662173257767694,-3.247311541991211,0.3247490552338306,-1.4447490046217482,0.09825128961167273,1.4164860029359128,51.3041404178301,49.2657515859446,11.849929833124639,14.877311232311172,693.6214285714274,1.408113921690146,50641.75,47844.15,54467.35,45590.2,-9.562517728510745,8.047124162649
2025-02-18,49211.85,49328.55,48814.95,49087.3,0,49369.11,50142.985,50974.748,50913.137,-0.5708225244489878,-2.1053493325138053,-3.7027117819199353,-3.5861805176137533,-0.34836344295142707,-0.6398345053174492,-2.13455693464345,0.7448013726182312,46.87051612453862,54.57007327693019,11.90375070381895,14.842964912063028,702.1357142857139,1.430381614563673,50641.75,47844.15,54467.35,45661.75,-9.877568855470289,7.502012077942704
2025-02-19,48895.35,49628.25,48804.0,49570.1,0,49418.165,50066.56,50932.106,50919.560750000004,0.30744767637567616,-0.9915999821038216,-2.674159988593445,-2.6501814432875004,0.9835537908990721,0.18320737194936765,-1.5353658548697524,2.019181296178152,49.77481036662455,57.072134602197664,12.293076238878607,15.060570526054438,715.0821428571425,1.4425674809151938,50641.75,47844.15,54467.35,45661.75,-8.991166267497869,8.55935219302808
2025-02-20,49314.1,49455.8,49150.95,49334.55,0,49466.502499999995,49988.922,50895.67050000001,50926.128,-0.26675122220333275,-1.3090340295795853,-3.0672952820220813,-3.125268035300061,-0.4751856461858939,-0.05125623355823894,-2.0792106720442294,1.998747100343623,47.818881101186776,56.13192416827739,12.305279412397093,15.073463770874342,667.5892857142852,1.3531881525508698,50641.75,47844.15,54467.35,45661.75,-9.423627182155908,8.043493733814413
2025-02-21,49127.95,49306.55,48764.0,48981.2,0,49512.33,49896.87,50856.256499999996,50933.5945,-1.0727226935189773,-1.8351251290912747,-3.68697310624898,-3.8332156196044678,-0.7162323361619927,-0.24083772832486083,-2.347840909430743,1.9069107961880327,47.1395966625509,54.93769520558969,12.379418710041042,15.002249845396623,665.4214285714287,1.358524145123902,50641.75,48449.05,54467.35,45661.75,-10.072364453199947,7.26965129457368
2025-02-24,48619.8,48748.4,48281.9,48651.95,0,49501.585,49798.282,50824.32399999999,50939.74875,-1.7163793846197088,-2.301950898627391,-4.274280165536479,-4.491185775626743,-0.6721966795423584,-1.2321631217911966,-2.6591104619755557,-0.43976642652432396,27.79350614881001,54.70781563126251,11.167335899523163,15.038053681163941,644.2250000000001,1.3241504194590354,50641.75,48281.9,54467.35,45661.75,-10.676855033336489,6.548588260414892
2025-02-25,48691.2,48862.15,48534.15,48608.35,0,49473.705,49713.753,50795.787000000004,50944.02,-1.7491210735076403,-2.223535607943336,-4.306335484082578,-4.5847775656495084,-0.0896161407713314,-0.9757106216883082,-1.609302193776141,-1.1341182261300764,23.307379823967324,47.640949825694925,10.915770147457769,14.783522430457491,641.6392857142855,1.3200186505287375,50641.75,48281.9,54467.35,45661.75,-10.756902988671195,6.453103527569571
2025-02-27,48732.2,48972.55,48627.1,48743.8,0,49445.2975,49645.837999999996,50778.43600000001,50948.44175,-1.4187345116085057,-1.8169458636190072,-4.006889853795429,-4.32720152819982,0.2786558276510087,-1.6669322837759015,-1.4867788546558125,-1.1521548022335293,25.517066172514816,46.02887916843051,10.90814085052044,14.575595103092247,638.8285714285719,1.310584261851911,50641.75,48281.9,54467.35,45661.75,-10.508221898072874,6.749741304264517
2025-02-28,48437.55,48574.5,48078.7,48344.7,0,49383.1725,49581.218,50751.67300000001,50951.727999999996,-2.1028873752491366,-2.493924211381825,-4.742647597055593,-5.116662579137647,-0.8187707975168212,-2.006403220461128,-2.0566310472985627,-2.505686951471353,24.242897505430676,41.31475212585414,10.97520230974344,14.499192413097395,631.2928571428581,1.3058160607943747,50641.75,48078.7,54467.35,45661.75,-11.24095444335001,5.875705596040444
2025-03-03,48478.6,48574.7,47841.3,48114.3,0,49313.54,49528.32,50722.74600000001,50952.41425,-2.4318675966073373,-2.854972670181417,-5.142556753532238,-5.570127130923926,-0.47657757727319616,-1.7698627228405872,-2.006437953989293,-2.8130393813393773,23.886464103855417,36.666968407712524,11.046023211091281,14.135226910640815,651.1250000000006,1.3532878998551376,50641.75,47841.3,54467.35,45661.75,-11.663960152274704,5.371125723389934
2025-03-04,47942.5,48374.9,47924.75,48245.2,0,49265.2725,49466.872,50689.889,50953.062000000005,-2.0705711107149605,-2.469677080046634,-4.822833602969629,-5.3144244795337485,0.27206048929320215,-0.8360404875857985,-2.057902226805719,-1.961672852670826,31.483613109512277,38.68213090785138,10.99906920270797,13.892906851880651,625.8785714285722,1.2972867174943254,50641.75,47841.3,54467.35,45661.75,-11.423632690042753,5.657798923606732
2025-03-05,48241.3,48657.65,48190.25,48489.95,0,49181.872500000005,49412.011,50663.0655,50954.49175,-1.4068648972240896,-1.8660665318802783,-4.289348618274984,-4.836750726691339,0.5073043535937183,-0.24357954960413375,-1.2169135397546937,-3.325494762046699,34.99029185122261,43.47578089633311,8.382292217607441,13.963429488384502,590.1214285714294,1.2169973954838673,50641.75,47841.3,54467.35,45828.8,-10.974280922424171,5.806719791921224
2025-03-06,48760.0,48839.1,48299.4,48627.7,0,49096.104999999996,49361.151,50631.1735,50957.38925000001,-0.954057353429562,-1.4858871504029574,-3.956995979956894,-4.571837930256621,0.2840794845117456,-0.2381841382904204,-1.9011460537703195,-3.4073223612792747,38.95484785855444,33.76513150216957,8.3153087695072,13.990803270904898,588.6714285714291,1.2105681094755234,50641.75,47841.3,54467.35,45828.8,-10.721377118585725,6.107294976084894
2025-03-07,48463.8,48709.05,48359.35,48497.5,0,49001.875,49304.875,50597.0885,50960.967000000004,-1.0292973483157533,-1.6375155600739277,-4.149623154699896,-4.834027187906391,-0.2677486288679032,0.3160636015943963,-1.6966811291478368,-3.74061422608426,40.54771289041033,30.189246342274927,8.2681241764975,13.96944416984359,551.2785714285726,1.136715441885814,50641.75,47841.3,54467.35,45828.8,-10.960419407222858,5.823194148657606
2025-03-10,48312.0,48599.15,48124.65,48216.8,0,48904.77250000001,49250.155999999995,50561.246,50958.208,-1.4067594323233041,-2.09817812556775,-4.63684379930035,-5.379718219290592,-0.5787927212742905,0.21303437855273444,-1.5605987603406923,-3.871799293644085,34.23640104072119,27.903298228426777,8.3371379422637,13.945967626925295,528.500000000001,1.0960909890328703,50155.65,47841.3,54467.35,45828.8,-11.475774018747003,5.2106972035052195
2025-03-11,47874.8,48029.05,47702.9,47853.95,0,48798.42,49190.030999999995,50526.8975,50952.6195,-1.9354520084871623,-2.7161621426910636,-5.2901476881694585,-6.081472415760692,-0.7525385342868174,-0.8109615049787355,-1.6402220260441802,-4.255717172525564,32.36383395535715,27.13029846007298,8.554421170272148,14.02047335848146,528.5214285714293,1.1044468190639003,49906.75,47702.9,54467.35,45828.8,-12.141952931435075,4.4189461648570205
2025-03-12,47894.4,48222.15,47844.95,48056.65,0,48731.082500000004,49129.952000000005,50486.522000000004,50946.49375,-1.3839883405011628,-2.1846184584100614,-4.812912246163447,-5.67231135508712,0.4235804985795344,-0.8935872278688639,-1.134990181728035,-2.726026953610483,26.474017192333463,30.99989139127773,8.07664856859905,14.026180445113546,496.58928571428675,1.0333414537099168,49836.1,47702.9,54467.35,45828.8,-11.769803377619798,4.8612444576336244
2025-03-13,48219.15,48352.45,48006.1,48060.4,0,48660.13,49059.04899999999,50447.498999999996,50941.085,-1.2324874594457433,-2.035606112136398,-4.731848054548739,-5.654934518964403,0.007803290491525949,-1.16661902578159,-1.402024462598328,-2.867958314007124,28.65566630371056,35.04520956750255,8.023344181535656,13.765234094815387,491.38928571428653,1.0224411068453165,49836.1,47702.9,54467.35,45828.8,-11.762918519076102,4.869427085151692
2025-03-17,48219.55,48481.35,48196.1,48354.15,0,48609.845,49006.35600000001,50418.469000000005,50940.349,-0.5260148432894606,-1.3308600215041606,-4.094370656118104,-5.0769165323150816,0.6112100606736615,-0.29558224650755305,0.019547127192853786,-2.0374859323924133,39.28174623523588,38.04881157203854,8.445914849737298,13.649027774268092,480.7035714285718,0.9941309513838457,49628.25,47702.9,54467.35,45828.8,-11.223604599819888,5.510399574066958
2025-03-18,48792.9,49400.3,48629.45,49314.5,0,48620.5975,48994.206000000006,50399.224,50943.50975,1.4271780596690455,0.653738525735052,-2.1522632967523507,-3.1976786797654784,1.986075652244934,2.276592391033816,2.4944766940389718,0.4379886129070698,59.31528998242534,49.591342038153435,11.069700580059953,13.662193318041997,505.47857142857225,1.025010030373566,49628.25,47702.9,54467.35,45828.8,-9.46043822583621,7.605915930593856
2025-03-19,49375.4,49807.55,49324.8,49702.6,0,48642.7825,48984.215,50380.9385,50947.102999999996,2.17877647110339,1.4665642799420224,-1.346418943743968,-2.44273555652418,0.7869896277970856,3.8631084790283765,3.0208186513891677,0.9007509302887406,64.02614881753509,55.31283307054711,11.354128914606074,13.720947621420693,517.2678571428581,1.0407259522496974,49807.55,47702.9,54467.35,45828.8,-8.747901265620598,8.452763327863691
2025-03-20,49947.6,50155.3,49771.65,50062.85,0,48691.56,48988.77099999999,50373.6925,50942.5175,2.8162786322722067,2.1925003997344725,-0.6170730882990141,-1.7267845076561108,0.7248111768800802,4.174656369097707,3.243764945107186,1.9873775905376645,65.98635333470685,56.83962464800114,11.496313472022926,13.720167123114784,523.5892857142868,1.0458639204805296,50155.3,47702.9,54467.35,45828.8,-8.086495854856167,9.238841078099352
2025-03-21,49927.1,50672.15,49891.95,50593.55,0,48742.7325,49010.572,50367.035,50960.842249999994,3.7971147801367207,3.229870485902517,0.44972867670292566,-0.7207342614122344,1.0600674951585898,5.270763455984562,4.042654700921511,2.0646518768370647,76.41262346875267,62.076568450591296,11.577149851959854,13.827979744616572,531.8107142857152,1.051143306381377,50672.15,47702.9,54467.35,45828.8,-7.112150673752248,10.396846524456237
2025-03-24,50982.7,51801.15,50795.9,51704.95,0,48861.2525,49069.988,50360.8775,50974.094,5.819943932055353,5.369803636389721,2.6688822092108992,1.4337792840418113,2.1967227047716475,6.929705102871209,6.613639878344246,4.804746369430735,84.94107801446044,65.54913800010196,13.523298742515808,14.154060706773542,565.6821428571441,1.0940580019072528,51801.15,47702.9,54467.35,45828.8,-5.07166219762849,12.821959117410872
2025-03-25,51874.2,52063.95,51429.6,51607.95,0,48992.59,49141.322,50358.882000000005,50985.67425,5.338276665920297,5.0194579624862286,2.480333062199419,1.2204913618456281,-0.1876029277661062,4.65066055622585,7.033129531615523,5.362771838991276,82.94068668266641,66.89933544444935,13.153517729746486,13.726359068476041,578.8392857142868,1.1216087554616814,52063.95,47702.9,54467.35,45828.8,-5.249750538625436,12.610301818943533
2025-03-26,51640.05,51875.8,51069.15,51209.0,0,49120.4425,49190.919,50356.2185,50992.70325,4.25191100426264,4.102547870675069,1.693497894406025,0.4241719622895288,-0.773039812664511,3.030827361144084,7.011019988945533,5.255801668792315,75.85410149378623,66.44885482656274,13.25328490548523,13.556369232787876,603.0714285714296,1.1776668721736991,52063.95,47702.9,54467.35,46077.85,-5.982207689560807,11.135827735018022
2025-03-27,51084.7,51714.35,51050.85,51575.85,0,49268.817500000005,49247.402,50355.238,51001.678,4.682540838330438,4.728062609272255,2.4240020472150308,1.1257904102684595,0.7163779804331138,3.022201093225818,7.323023972748821,6.104918187924513,76.86216982077616,71.4692708715765,13.280276233135316,13.62527514226348,611.914285714287,1.1864356781600052,52063.95,47702.9,54467.35,46077.85,-5.308684927759474,11.93198033328378
2025-03-28,51608.4,51839.1,51335.35,51564.85,0,49409.87,49293.125,50358.734,51010.97349999999,4.361436287931937,4.608604141044006,2.3950482948995537,1.0857987252488053,-0.021327811369076244,1.919809936246808,7.291762032775417,5.787505282723138,78.56883399927352,71.81307087311309,13.329280708018965,13.447465738020076,622.9178571428581,1.2080280600891076,52063.95,47702.9,54467.35,46077.85,-5.328880512820984,11.908107691656621
2025-04-01,51178.15,51683.85,50742.0,50827.5,0,49534.01,49338.863,50344.936499999996,51015.6355,2.6113169517266983,3.017169244455436,0.9585144674877162,-0.3687800772372946,-1.4299469502965678,-1.6970328759625453,5.115072853105684,5.1356198300951394,72.40944206008581,64.11950452648128,14.151729428535628,13.406949938877775,656.3000000000009,1.2912301411637417,52063.95,47702.9,54467.35,46077.85,-6.682627298739517,10.307881118585179
2025-04-02,50966.9,51404.2,50908.35,51348.05,0,49695.697499999995,49378.808,50335.24300000001,51023.142250000004,3.3249407556861605,3.9880306547699687,2.012122997002306,0.6367850658982072,1.0241503123309181,-0.5036045803020528,4.123635036348339,6.720974845316263,79.20169822989627,70.0216659444686,14.126097779605127,13.092142422488982,660.7857142857148,1.286875965661237,52063.95,47702.9,54467.35,46077.85,-5.726917134760541,11.4375996275868
2025-04-03,50910.0,51661.6,50906.65,51597.35,0,49863.30500000001,49439.337,50332.0515,51031.119000000006,3.4775974035415236,4.364971561006166,2.51390210073197,1.1095798232446998,0.48551016056110896,0.7583627877912003,3.8121748158044033,6.94815235505295,79.36244671852457,73.16119508189092,14.134900527295194,12.552947796139025,687.7678571428571,1.3329518999383827,52063.95,47702.9,54467.35,46077.85,-5.269211738775615,11.978640496464136
2025-04-04,51711.6,51893.6,51360.4,51502.7,0,50013.9425,49494.903,50331.4665,51036.428,2.9766849514013014,4.056573259674837,2.327040282047007,0.9136062578674142,-0.18343965339305823,-0.1418299456043881,2.8760847614548446,6.213143135845667,78.12244697885691,71.76629381656846,14.238858562934903,12.563731850671067,701.1142857142856,1.361315592608321,52063.95,47702.9,54467.35,46077.85,-5.442985568418514,11.773227266463168
2025-04-07,49336.1,50426.25,49156.95,49860.1,0,50075.5625,49520.325,50311.3,51028.73825,-0.4302747472881637,0.6861324112876914,-0.8968164209630924,-2.2901570567443996,-3.18934735460471,-3.306031143307897,-1.4496907214457289,2.5343579893764234,60.081268702177645,57.71415702502606,18.887758336794754,14.570716617678848,838.6000000000001,1.6819059729122086,52063.95,47702.9,54467.35,46077.85,-8.458737206785349,8.208390799483917
2025-04-08,50388.55,50793.7,50030.8,50511.0,0,50176.2375,49563.189000000006,50304.832,51022.377,0.6671733806266305,1.9123285226864521,0.40983736910203344,-1.0022602435790093,1.3054526565329905,-0.622694407554969,-2.3091599547045205,4.15176040002061,58.35591373819768,60.02405816540523,19.26787349580807,14.787666967957739,830.5607142857142,1.6443165138003886,52063.95,47702.9,54467.35,46077.85,-7.26370935982749,9.621000111767371
2025-04-09,50487.1,50496.9,49910.85,50240.15,0,50277.405,49606.69899999999,50306.35,51015.2705,-0.07409889193763557,1.276946486602562,-0.13159372524541552,-1.5193891797554955,-0.5362198333036305,-2.1576281864647218,-2.6503668523938595,4.196358945429801,53.81655271322785,59.13860643659115,19.24531846536289,14.766447535759381,838.2107142857141,1.6684080646369768,52063.95,47702.9,54467.35,46077.85,-7.760979742910197,9.033190567702276
2025-04-11,50634.1,51244.7,50634.1,51002.35,0,50434.825,49649.40900000001,50314.578,51011.7625,1.1252641404029884,2.724989133304671,1.3669437911215259,-0.018451626720403055,1.5171133047970464,-1.1531599975580176,-0.40354234607198336,6.579185208326588,56.31019706352512,63.90543178198989,19.42092579571909,14.686790066611794,877.6285714285706,1.7207610461646778,52063.95,47844.95,54467.35,46077.85,-6.361609294375438,10.687347608449613
2025-04-15,52299.0,52486.35,51863.3,52379.5,0,50650.9675,49713.68,50334.735,51010.63,3.4126347142332496,5.362346943537473,4.0623338932846265,2.683499498045805,2.7001696980629264,1.7024350179699388,1.5581905097056037,8.995321147021262,60.7707384736001,70.51408160212507,21.174378297782965,15.776390079038988,927.8999999999988,1.77149457325862,52486.35,48006.1,54467.35,46077.85,-3.8332138427883833,13.676093828162559
2025-04-16,52690.9,53164.45,52471.35,53117.75,0,50903.835,49789.795999999995,50359.6475,51011.86625,4.349210624307581,6.68400810479321,5.47681057537188,4.128223303337782,1.4094254431600062,6.533580959524743,3.0115475949217263,10.522904511822627,58.92189552389616,71.87940411035892,21.378393225030383,16.03198867509688,897.710714285713,1.6900390439838153,53164.45,48196.1,54467.35,46077.85,-2.47781469081936,15.278273617367134
2025-04-17,53153.75,54407.2,53084.9,54290.2,0,51200.6375,49883.85600000001,50398.8205,51019.26075,6.034226624619665,8.83320647866514,7.72117176829564,6.411185113065356,2.207265932762592,7.481934628100806,6.8126506320397295,12.276195528201805,64.91290496550116,74.46013223815433,22.212860521446224,16.66103434711799,946.8499999999985,1.7440532545468586,54407.2,48629.45,54467.35,46077.85,-0.3252407176042188,17.822771678800116
2025-04-21,54891.25,55461.65,54674.95,55304.5,0,51500.1375,49999.807,50440.5115,51034.072,7.38709192766719,10.609426952388034,9.64301977786248,8.36779789000572,1.8682929884214827,10.08028439405535,7.705161150228679,12.146528911374954,71.31208109570794,75.82784287057373,22.118409308148536,17.061142033568803,972.9071428571416,1.759182603327291,55461.65,49156.95,55461.65,46077.85,-0.28334894472126493,20.024046260838997
2025-04-22,55414.3,55961.2,55243.55,55647.2,0,51797.3675,50128.54,50474.908500000005,51049.43425,7.432486795781652,11.009018016483218,10.247252850393956,9.006496972099155,0.6196602446455479,9.107129377371814,7.8489496069080955,11.960340102932232,71.2397944544435,74.66484907497568,22.106020430634572,16.97680034627713,976.7749999999984,1.7552994580140573,55961.2,49156.95,55961.2,46077.85,-0.5611030499703366,20.767787559532398
2025-04-23,56097.1,56098.7,55162.5,55370.05,0,52062.72749999999,50232.782,50506.694,51065.444,6.3525724809558035,10.226923127610181,9.629131536504843,8.429586943374074,-0.49804841932746813,5.709390123998892,7.509023798752312,10.60107444941709,69.3149516770893,72.26624654757185,22.42055509305476,16.61615979852522,1007.6642857142839,1.8198724503847907,56098.7,49156.95,56098.7,46077.85,-1.2988714533491759,20.16630550253539
2025-04-24,55103.9,55550.45,55088.4,55201.4,0,52293.119999999995,50329.949,50535.69,51076.00475000001,5.561496426298539,9.679030272810332,9.232504790178979,8.076973267961005,-0.3045870466073297,3.922700039064164,10.712573781440483,9.107583871857173,73.5619552452676,70.49689069362067,22.503314053089714,16.650384134355615,973.3928571428551,1.7633481345452382,56098.7,49156.95,56098.7,46077.85,-1.5995023057575233,19.80029450158808
2025-04-25,55233.55,55350.55,54176.45,54664.05,0,52441.075,50415.587999999996,50563.262,51083.80649999999,4.238995863452468,8.426881781087245,8.110212509628038,7.008568361091126,-0.9734354563471159,0.6886141513569699,8.222070440102168,5.723049727347207,67.8308329300425,66.2279932385023,22.04161379113146,16.852770375792737,1016.0642857142842,1.8587431515123451,56098.7,49156.95,56098.7,46077.85,-2.557367639535309,18.634115958101354
2025-04-28,54610.3,55577.4,54582.35,55432.8,0,52632.317500000005,50521.067,50597.03400000001,51097.66875,5.320842085283434,9.72214818820038,9.557410025259575,8.484009850253699,1.4063173145787866,0.23198835537796558,10.335657835416502,7.411358133775914,69.53284545144358,65.27938879985578,22.310148857638563,17.01806759658521,1033.2142857142846,1.8639041969994021,56098.7,49156.95,56098.7,46077.85,-1.1870150288687515,20.3024880718176
2025-04-29,55524.35,55957.75,55262.4,55391.25,0,52841.43000000001,50629.272000000004,50629.8565,51112.496,4.825418237167298,9.405582604466433,9.404319563892104,8.37124839295659,-0.07495562194225203,-0.4599512643942538,8.60528975625634,8.167021422015663,69.91095613347878,65.57746942808913,21.971859576139664,16.982257702030466,1044.7964285714277,1.8862120435473613,56098.7,49156.95,56098.7,46077.85,-1.2610809163135637,20.212314593671366
2025-04-30,55382.4,55478.25,54723.7,55087.15,0,53016.994999999995,50742.947,50653.770500000006,51125.087750000006,3.904700747373566,8.561195706666389,8.752318842681207,7.749741710712262,-0.549003678378801,-0.5109260331171872,5.1692933304059885,6.808031278204818,81.0160983106565,66.09371174363935,22.190073839184098,16.78458034605947,931.1392857142849,1.6903021588778595,56098.7,49156.95,56098.7,46077.85,-1.8031612140744717,19.55234456468781
2025-05-02,55100.95,55691.95,54994.4,55115.35,0,53194.52,50855.665,50672.255,51139.718,3.610954662247167,8.376028511277942,8.768299338563088,7.774059293795867,0.051191611836864936,-0.1558837275866254,3.76070146043459,6.885504369740247,79.50125902622494,65.11315115286082,22.175937303897864,16.788354871694775,914.2785714285704,1.6588456236394589,56098.7,49156.95,56098.7,46077.85,-1.7528926695270988,19.61354533685925
2025-05-05,55065.8,55345.5,54786.5,54919.5,0,53399.119999999995,50966.85800000001,50685.4145,51152.96225,2.8472004782101368,7.755318171663617,8.353656652053228,7.363283736319695,-0.35534565234548454,0.46730895350783896,1.1591410604492314,8.05075992326989,80.27275138607652,64.10127071799982,21.349247303963782,16.806405298470544,911.3392857142846,1.6594092912613638,56098.7,49156.95,56098.7,46077.85,-2.102009493981139,19.188503803888423
2025-05-06,54918.25,55036.95,54172.95,54271.4,0,53545.2875,51070.297,50693.033500000005,51162.924750000006,1.3560717177958992,6.268032864582721,7.058892027047456,6.075640251586664,-1.1800908602591087,-2.0951494422075,-1.868021589563229,5.693205486868536,71.46581216224207,64.5858745002372,21.916004256710718,17.018025959305966,901.2999999999993,1.6607273812726395,56098.7,49156.95,56098.7,46077.85,-3.257294732319993,17.78197116401916
2025-05-07,54013.4,54684.3,53919.9,54610.9,0,53695.965000000004,51177.337,50705.065,51173.69975000001,1.703917603492176,6.70914744938761,7.703047023014366,6.716731967381338,0.6255596870543334,-1.4087965156951654,-1.8622680027027383,5.840513127127656,66.96391917164627,64.03430670434557,21.938515366094936,17.042191634782355,849.8999999999994,1.5562827201163127,56098.7,49156.95,56098.7,46077.85,-2.6521113679996073,18.518767694239212
2025-05-08,54801.75,54937.25,54108.0,54365.65,0,53839.1125,51282.903999999995,50712.944500000005,51183.543999999994,0.9779832459162444,6.0112547448561156,7.202708373598768,6.21704897964863,-0.44908617144197027,-1.3097428347627393,-1.8139770507702324,5.558834779535848,60.25575699797831,61.91127748375718,22.035131274662394,17.0607183641474,853.0642857142853,1.5691236759135325,56098.7,49156.95,56098.7,46077.85,-3.089287274036646,17.986516297960957
2025-05-09,53595.95,54054.8,53483.05,53595.25,0,54025.869999999995,51363.407,50714.9835,51188.41675,-0.7970625924209928,4.345200465381903,5.679320589742473,4.701909929652206,-1.4170712573104538,-2.758033832680007,-2.9096182343201438,7.4912605470105476,43.88447424694424,58.508894988309464,19.026864234102817,17.34981346586987,821.6571428571426,1.5330782911865186,56098.7,49910.85,56098.7,46077.85,-4.462581129330978,16.314563288000638
2025-05-12,54658.75,55466.3,54558.05,55382.85,0,54269.4625,51484.373,50736.6475,51204.003000000004,2.051591168790362,7.5721559238955845,9.157488184452864,8.161172477081516,3.3353702053819934,0.8436893999399064,1.314940989553448,9.645126804062487,50.606879778161606,72.19531799457452,21.54959497435743,18.68743055011435,871.6285714285711,1.5738239751630172,56098.7,49910.85,56098.7,46077.85,-1.276054525327679,20.194084576428807
2025-05-13,55233.5,55499.65,54888.5,54940.85,0,54504.4975,51603.566000000006,50750.21800000001,51217.305250000005,0.8005807227192598,6.467157715418334,8.257367485593834,7.270091098750248,-0.7980809943872513,1.2335226288616052,-0.887470955823999,9.35646091820983,44.61167603689097,68.10710942705205,21.731068398291768,18.709821983493995,864.0214285714288,1.572639354089769,56098.7,50634.1,56098.7,46077.85,-2.063951571070272,19.23483843104659
2025-05-14,55008.55,55208.6,54491.0,54801.3,0,54694.44499999999,51726.553,50762.4175,51232.420249999996,0.19536718948333873,5.944233322487201,7.956442381807366,6.966057298454503,-0.2540004386535677,0.34864834675860656,-1.065059914697708,7.4485783498211555,45.56830843794073,68.84609186806108,21.49325026950237,18.628724052941113,848.4071428571432,1.548151490671103,56098.7,51863.3,56098.7,46077.85,-2.3127095636797184,18.931981418403865
2025-05-15,54853.7,55490.55,54442.3,55355.6,0,54843.25,51861.498,50787.625499999995,51252.61325,0.9342079471949575,6.737371913167643,8.99426672349548,8.00541960657976,1.0114723555827876,1.820910814089416,0.48731873041172324,5.681802995446694,51.13340683572215,68.30150128435278,19.83540375989939,18.690895373936623,890.278571428572,1.6082899858886401,56098.7,52471.35,56098.7,46077.85,-1.324629625998461,20.13494553239789
2025-05-16,55276.0,55418.9,55170.25,55354.9,0,54955.1075,51993.72,50819.779,51274.943999999996,0.7274892511128346,6.464588415677894,8.923929008034449,7.957016978897151,-0.0012645513732922886,3.2832200614793416,0.4346339087023976,4.211680652889105,55.51281948977393,64.1460724371714,19.401173581812387,18.700564994552863,824.1750000000003,1.4888925822284933,56098.7,53084.9,56098.7,46077.85,-1.3258774267496318,20.133426364294348
2025-05-19,55326.05,55695.55,55296.55,55420.7,0,55011.63250000001,52135.24,50858.22900000001,51295.56775,0.743601819124328,6.301802772942063,8.970959252238197,8.041888277959444,0.11886933225422336,0.06834245619355972,0.9126084541920321,2.0823279339549305,49.891243775728434,61.69692967976232,17.91396217235876,18.539793347662062,781.6000000000001,1.4103033704013124,56098.7,53483.05,56098.7,46077.85,-1.2085841561390906,20.27622816602771
2025-05-20,55445.3,55568.35,54829.45,54877.35,0,54990.275,52270.501000000004,50899.4105,51312.92325,-0.20535449222613072,4.987227882127999,7.815295817620521,6.946450375929418,-0.9804098468622735,-0.11557884524903139,1.1165180924022522,-0.7723602961784315,45.76318696720362,53.18578644948809,17.035992735223786,18.679542165670345,784.7107142857146,1.429935509432789,56098.7,53483.05,56098.7,46077.85,-2.1771449249269565,19.097028181653442
2025-05-21,55060.2,55336.85,54690.8,55075.1,0,54961.67,52407.098999999995,50936.985499999995,51330.80224999999,0.2063801918682607,5.090915259400266,8.123987824132238,7.294446191906158,0.36034903288879594,0.4996231841215337,0.8500134588516062,-1.0280840725139795,49.89888140173032,48.63429619222251,16.92868999706626,18.68064014491723,776.9607142857141,1.4107295570697358,56098.7,53483.05,56098.7,46077.85,-1.8246412127197218,19.526193170905326
2025-05-22,54875.9,54996.1,54576.6,54941.3,0,54940.232500000006,52536.126000000004,50974.06850000001,51347.74175,0.0019430205359931459,4.5781335304396045,7.782842564352095,6.998473793640597,-0.24294100237675087,-0.7484337627990612,1.0588487399672442,-0.7743355839483601,48.5648793278309,45.69031832667865,16.862491706493355,18.70793215880052,762.7428571428572,1.3882868755250735,55957.75,53483.05,56098.7,46077.85,-2.063149413444508,19.235815039113163
2025-05-23,54959.3,55441.3,54854.5,55398.25,0,54950.075,52671.537000000004,51016.344000000005,51366.913,0.8156039823421587,5.176824439355161,8.589219956647609,7.848120053467102,0.8317058387770082,0.07831285035291291,3.364104095045728,0.35660327455462326,53.78455506280584,50.168468845211756,17.10096399993058,18.752365871654643,764.7285714285717,1.3804200880507447,55957.75,53483.05,56098.7,46077.85,-1.2486029088018031,20.22750627470683
2025-05-26,55534.9,55875.75,55307.5,55572.0,0,54995.472499999996,52813.027,51058.95100000001,51388.02225000001,1.048318113822922,5.224038758467675,8.83889878583677,8.141931848719846,0.31363806618440737,0.2730026867217461,0.34153171965689566,1.6609636497844527,61.1149093270891,52.21264299190408,16.71188774786657,18.71234481526698,743.6035714285717,1.3380903538266964,55957.75,53483.05,56098.7,46077.85,-0.9388809366348903,20.60458550040855
2025-05-27,55458.95,55831.35,55037.85,55352.8,0,54991.472499999996,52955.747,51102.9515,51414.32574999999,0.6570609652251205,4.526520983643191,8.316248622156392,7.660266263435371,-0.3944432447995361,0.8663865875447874,0.7498063826824719,-0.14431888701273987,56.473370096328395,54.274525380285375,16.036032722533268,18.67339503370869,745.682142857143,1.3471443953280466,55957.75,53483.05,56098.7,46077.85,-1.3296208290031575,20.12886885998371
2025-05-28,55328.6,55521.8,55235.55,55417.0,0,54992.759999999995,53107.008,51148.5195,51442.66925,0.7714470050239437,4.3496933587371345,8.34526696320115,7.725747532045105,0.11598329262476614,0.6207887048775174,1.1235134932930269,0.046487486742030626,59.472731040572356,49.892544784341446,16.038901481983856,18.52687413626318,706.8964285714288,1.275594905121946,55875.75,53483.05,56098.7,46077.85,-1.2151796743953016,20.268198277480398
2025-05-29,55571.4,55782.75,55096.45,55546.05,0,55015.705,53256.796,51193.374,51469.8045,0.9639883738652466,4.298519948515116,8.502420645296791,7.91968327760018,0.23287077972464765,1.100720223220053,0.3440482986364568,0.8330436408490849,69.87367563162199,51.04040648439393,15.919012033930255,18.525307936025808,692.8750000000006,1.2473884281600591,55875.75,53483.05,56098.7,46077.85,-0.9851386930534828,20.548267768569943
2025-05-30,55615.55,55813.3,55356.6,55749.7,0,55047.4225,53410.582,51234.8155,51497.769499999995,1.2757681796999605,4.3795029232222085,8.812141618817774,8.256533324224852,0.36663273086023906,0.6344063214993145,0.7132159935254068,1.1509497807779434,55.5181179585145,54.513929104299656,15.959647079715939,18.514037488349928,591.8500000000006,1.0616200625294856,55875.75,53483.05,56098.7,46077.85,-0.6221178030863461,20.990237174694563
2025-06-02,55598.25,55966.3,55400.55,55903.4,0,55096.61749999999,53561.566999999995,51283.9615,51524.863999999994,1.4643049548368527,4.372226451104401,9.007569549789956,8.497908893073463,0.2756965508334597,0.5963434823292424,0.8709742027798395,1.7915312411802775,65.85357819319793,55.27868764610927,15.897862389138794,18.500714764275855,588.6071428571433,1.0529004369271697,55966.3,53483.05,56098.7,46077.85,-0.3481364095781108,21.323803085430427
2025-06-03,56104.8,56161.4,55455.8,55599.95,0,55163.045000000006,53687.276,51340.740999999995,51549.974,0.7920248057372313,3.5626206850204114,8.295963239019093,7.856407454250112,-0.5428113495780318,0.44649954473847675,1.3167545444523032,2.447974439575895,62.48027127967121,54.4931689568875,15.372993233840404,18.181820513190125,587.7500000000006,1.0571052671809968,56161.4,53483.05,56161.4,46077.85,-0.9997079844875739,20.665243712543006
2025-06-04,55650.35,55791.0,55408.35,55676.85,0,55216.34249999999,53806.761000000006,51395.488000000005,51579.199,0.8340058018149373,3.475565087443179,8.330229299505811,7.944386650905528,0.1383094768970139,0.4688994351913722,1.0925990147997888,1.9518997123284754,55.900449995408245,60.03770970667849,15.259613580626437,18.140947037825793,540.2071428571435,0.9702545004919343,56161.4,53483.05,56161.4,46077.85,-0.8627811984744022,20.832135179918335
2025-06-05,55806.75,56010.15,55580.45,55760.85,0,55286.1025,53920.721000000005,51454.746,51609.36675,0.8587103784355167,3.4126565184467648,8.36872073957959,8.04404996889445,0.15087060420981846,0.3867061654248882,1.4916829416122157,2.5663263476110254,57.2347668015184,58.524020250987725,15.120717590312927,18.106757238094154,553.1392857142865,0.9919850319969774,56161.4,53483.05,56161.4,46077.85,-0.7132122774717207,21.014435352343913
2025-06-06,55699.45,56695.0,55534.75,56578.4,0,55435.259999999995,54040.418,51525.495,51639.67425,2.0621171434931607,4.696451459720396,9.806611270789341,9.563820496021052,1.4661720544073553,1.486465398020087,2.130301949971347,5.5660716201529015,66.27217271526166,65.11926643116306,14.662158680034043,18.225965442736307,607.5142857142865,1.073756567372507,56695.0,54442.3,56695.0,46077.85,-0.20566187494487792,22.788715185278836
2025-06-09,57049.5,57049.5,56792.7,56839.6,0,55508.097499999996,54143.111000000004,51606.5495,51672.0305,2.398753623288931,4.98029934039068,10.14028364752423,10.000709184439728,0.4616602802482772,1.6746745278462427,2.281004822572519,2.630326897225399,79.9566432071814,73.82590751198885,9.260602744524913,17.671016862086514,588.3857142857149,1.0351686399723343,57049.5,54442.3,57049.5,46077.85,-0.36792609926467623,23.355581911916463
2025-06-10,56993.9,57015.4,56564.15,56629.1,0,55592.509999999995,54243.53399999999,51692.428,51701.16024999999,1.8646216909436253,4.397880860786111,9.550087297118253,9.53158444833935,-0.37034039648413675,1.8509908731932256,2.305755083753658,3.07285016522314,73.63210559931875,61.91136131208967,8.804348081663855,17.69614039019404,574.4714285714296,1.0144456270211422,57049.5,54442.3,57049.5,46446.8,-0.7369039167740321,21.92250058131022
2025-06-11,56639.85,56782.5,56399.4,56459.75,0,55675.432499999995,54348.54899999999,51769.734,51730.03125,1.4087317597398183,3.884558169161073,9.059378207351816,9.143081176855079,-0.299051194527189,1.4061499528080335,1.8816428171860577,3.026296821425767,72.84448389474791,65.31550608022273,8.83336727232072,17.594917867491855,566.2285714285723,1.0028889101148557,57049.5,54442.3,57049.5,47702.9,-1.0337513913355947,18.35706005295275
2025-06-12,56480.9,56611.05,55968.5,56082.55,0,55711.77999999999,54438.683,51843.0425,51755.5155,0.6655145464747517,3.019667099588,8.177582363149307,8.360528260992785,-0.6680865572376682,0.5769280776745767,0.9658652595459172,1.3132366011749497,60.54813947035798,62.328365102427725,8.672951041762298,17.660927519421847,570.2107142857151,1.0167346425683481,57049.5,54576.6,57049.5,47702.9,-1.6949315944924972,17.566332445197254
2025-06-13,55149.3,55688.0,55149.3,55527.35,0,55720.402500000004,54517.933000000005,51905.529,51778.485,-0.34646644916106845,1.85153204542805,6.9777171522517305,7.24019831789207,-0.9899692506849411,-1.8576877394906988,-0.3988362269213952,0.3115352028456364,49.38416341392768,51.652316128721935,9.450860138504055,17.848826058244036,596.2821428571436,1.0738530523375303,57049.5,54576.6,57049.5,47702.9,-2.668121543571813,16.402461904831775
2025-06-16,55554.1,55999.85,55381.45,55944.9,0,55746.6125,54620.281,51979.572,51802.469000000005,0.35569425855247894,2.425141313352084,7.62862764626073,7.996589892269414,0.7519717760707145,-1.5740786353176217,0.0742351985746792,0.9458559707834935,57.742905714659315,55.25462674337828,9.801831613312304,17.52195860563441,583.7750000000009,1.043482068964286,57049.5,54576.6,57049.5,47702.9,-1.936213288460019,17.277775565007577
2025-06-17,55975.0,56067.3,55643.95,55714.15,0,55788.4525,54707.602999999996,52043.2055,51824.64600000001,-0.13318616428731012,1.839866754900605,7.053647954102299,7.505124106395233,-0.4124594020187722,-1.6156887536619813,0.2053958681617507,1.5248549720422,53.72363754840166,52.53891210493079,9.199630250714808,17.47034815127739,593.5678571428585,1.0653808002865675,57049.5,54576.6,57049.5,47702.9,-2.340686596727401,16.79405235321123
2025-06-18,55544.95,55933.6,55511.8,55828.75,0,55826.13500000001,54792.231,52115.78399999999,51848.07050000001,0.004684185999963434,1.8917262193612818,7.1244558078604525,7.677584646086282,0.20569280873889983,-1.1176103330248544,0.2728243426127763,1.3684042334920932,53.55543817285437,58.89109021924006,9.152776821163016,17.455585962188536,574.6750000000009,1.0293531558560793,57049.5,54576.6,57049.5,47702.9,-2.139808411993094,17.034289319936523
2025-06-19,55784.85,55942.45,55475.45,55577.45,0,55857.942500000005,54873.726,52184.3145,51870.194,-0.5021532971788345,1.2824425299641484,6.50221341893836,7.14717974642623,-0.45012650292188816,-0.9006366507942398,-0.3289045988359218,1.1578721289812854,47.85931771577705,54.648074983576514,9.275323515240476,17.49308619687743,575.4107142857148,1.0353312616640649,57049.5,54854.5,57049.5,47702.9,-2.5803030701408476,16.507486966201206
2025-06-20,55566.7,56328.2,55566.4,56252.85,0,55900.6725,55001.581,52260.953,51894.70325,0.6300058375862974,2.27496915043224,7.638393046525572,8.39805698281934,1.2152410734929342,1.306563342208844,-0.5753962642987442,1.5426480078341909,53.844376725816524,61.02986317267821,9.784907852561036,15.878341713375828,589.4142857142859,1.0477945307913927,57049.5,55037.85,57049.5,47702.9,-1.3964188993768594,17.923333801508917
2025-06-23,55832.35,56233.55,55779.25,56059.35,0,55925.04,55112.547999999995,52337.868500000004,51917.80224999999,0.2401607580432623,1.7179427088001873,7.110494956438653,7.9771245517235,-0.3439825715497058,0.20457628845524933,-1.3727225385118835,0.8769704167566283,55.179255918827515,55.817493840197095,9.853397833519,15.743781048525248,572.8428571428574,1.0218506942068672,57049.5,55037.85,57049.5,47702.9,-1.735598033286885,17.51769808544134
2025-06-24,56529.45,56862.0,56276.15,56461.9,0,55980.494999999995,55236.983,52421.84099999999,51941.66625,0.859951309826764,2.2175668066447463,7.706823955305212,8.702519723267443,0.7180782509965011,1.3421186538787655,-0.29525455993473226,2.0036926767932117,58.245197609570134,57.52774582120864,9.985066956496533,15.688350619890704,602.8428571428574,1.0676984960528382,57049.5,55096.45,57049.5,47702.9,-1.0299827342921473,18.361567116464617
2025-06-25,56564.5,56681.4,56420.65,56621.15,0,56040.7025,55349.359000000004,52499.384000000005,51967.77075,1.0357605706316797,2.297751993839707,7.851074976422572,8.954356099640849,0.282048602686058,1.419340393614399,0.28586736568971816,2.172889185628968,58.894931656982166,60.839023389763845,10.005724649409704,15.413294356584126,590.7749999999999,1.0433821990545933,57049.5,55096.45,57049.5,47702.9,-0.7508391835160668,18.69540426263393
2025-06-26,56693.55,57263.45,56558.35,57206.7,0,56123.735,55445.903,52579.79150000001,51996.43899999999,1.9296025113082667,3.1757026303638676,8.799784799450926,10.020418898301875,1.0341541985636082,2.9314946979395407,2.0044559314795762,2.9896815345105354,56.82356263168178,64.04303066444865,10.527504911293175,14.455178822483528,558.2642857142855,0.9758722067769781,57263.45,55149.3,57263.45,47702.9,-0.09910335475770322,19.922897769318
2025-06-27,57234.7,57475.4,56993.85,57443.9,0,56208.44499999999,55532.426,52661.111,52030.774249999995,2.1979882204533663,3.4420862506529106,9.08220299416016,10.403700171730593,0.4146367470943213,2.117314944931681,3.4515423480501184,3.0389401198571475,56.59730561802661,64.64311341208418,10.542006648630716,14.190323462365113,559.0107142857144,0.973141994686493,57475.4,55149.3,57475.4,47702.9,-0.054806056156199004,20.420142171649942
2025-06-30,57529.95,57614.5,57193.8,57312.75,0,56278.9125,55592.87699999999,52738.3665,52061.748999999996,1.8369891209251803,3.0936931002869437,8.673729968485095,10.086101794236695,-0.22830970738407785,2.2358446896012962,2.4449949861381493,2.521045231595931,57.59518281098977,62.19636851674117,10.615050587795533,13.416051456558684,556.8285714285713,0.9715614264340332,57614.5,55149.3,57614.5,47702.9,-0.5237396835865971,20.145211297426357
2025-07-01,57375.8,57533.85,57150.35,57459.45,0,56371.8875,55635.975999999995,52817.8915,52092.68475000001,1.929263943840802,3.2775087831657745,8.78785269192353,10.302339523785033,0.2559639870709285,1.7667666160720685,3.1325973742756474,3.3444274680103137,61.16259853949391,62.15502628557139,10.321480593679881,12.80485653404424,556.8571428571429,0.9691306527597164,57614.5,55149.3,57614.5,47702.9,-0.2691162814916434,20.45273977053805
2025-07-02,57558.2,57628.4,56833.8,56999.2,0,56438.005000000005,55663.016,52895.778,52122.630750000004,0.9943565510510026,2.40048796493527,7.757560537251194,9.355953795559317,-0.8009996615004122,0.6676833656681147,2.0965004589929004,2.37504456520079,60.04889332266295,60.668837159653215,10.879129178890375,12.893621325491155,567.7178571428568,0.996010219692306,57628.4,55149.3,57628.4,47702.9,-1.0918227818228587,19.487913732708066
2025-07-03,57050.4,57193.25,56764.1,56791.95,0,56489.56,55691.454,52962.117999999995,52147.7285,0.535302452346946,1.9760590197555252,7.231266695187685,8.905894146472745,-0.36360159440834705,-0.7250024909669639,2.1852387973899434,1.8491468476538708,65.00830761927364,58.336572966507156,11.012015431727493,12.867672092816035,531.7107142857141,0.9362431018581227,57628.4,55149.3,57628.4,47702.9,-1.45145449118838,19.053453773250673
2025-07-04,56825.25,57075.1,56623.6,57031.9,0,56512.235,55728.06399999999,53029.006499999996,52173.19774999999,0.9195619320311803,2.3396398626013823,7.5484980092923415,9.312640320192008,0.42250706306088404,-0.7172214978439784,1.3849076091255963,0.8015426381799307,63.46830549635722,59.28593867576473,9.848809020757743,12.86702375276085,519.7892857142854,0.9114009628195542,57628.4,55149.3,57628.4,47702.9,-1.0350799258698835,19.55646302426058
2025-07-07,56938.7,57152.2,56838.55,56949.2,0,56517.71499999999,55773.767,53094.6775,52197.17800000001,0.7634508932288008,2.1075015427951946,7.259715439461892,9.103982594614578,-0.14500656650050514,-0.6343265678230514,1.5873355648968523,0.19282331332379776,65.88550040516022,53.03481691247479,9.74058319235722,12.654692186565008,511.9535714285703,0.8989653435492866,57628.4,55149.3,57628.4,47702.9,-1.1785855585093536,19.38309830219965
2025-07-08,56942.55,57303.3,56923.05,57256.3,0,56549.075,55810.236999999994,53165.651999999995,52222.51625,1.2506393782745444,2.591035404490415,7.6941556176156904,9.63910610109677,0.5392525268133719,-0.3535536800299943,1.4069664676534144,1.1075577750661925,67.49512849737118,53.38505280259954,9.802681423095185,12.334770952261277,508.98571428571347,0.8889601917792688,57628.4,55149.3,57628.4,47702.9,-0.6456885841008921,20.026874676382363
2025-07-09,57199.75,57290.65,57037.9,57213.55,0,56586.765,55846.683,53237.9775,52244.832,1.1076529997783113,2.4475347980828257,7.467549833199434,9.510448803816617,-0.07466427275252263,0.37605790958470386,1.046252151360405,1.3351104105136846,71.13114457675714,54.88078834189321,9.726679930687734,12.33475364179811,493.682142857142,0.862876264201648,57628.4,55149.3,57628.4,47702.9,-0.7198707581678452,19.937257483297664
2025-07-10,57339.75,57363.7,56886.6,56956.0,0,56630.4375,55884.06,53313.503500000006,52264.424000000006,0.574889607730825,1.918149826623195,6.832221221402179,8.976614761888495,-0.45015560125181153,0.2888613615133817,-0.4382353815199913,1.5574363148608494,60.18039931083406,54.08405961698309,9.53681300387161,12.311311105210692,473.34642857142796,0.8310738615271929,57628.4,55149.3,57628.4,47702.9,-1.1667858208799853,19.3973532007488
2025-07-11,56843.45,57091.05,56607.75,56754.7,0,56691.80499999999,55916.846999999994,53386.255999999994,52279.231499999994,0.1109419606590478,1.4983909947569163,6.309571512188462,8.560700629273793,-0.3534307184493324,-0.48604377550108824,-1.1997792628982484,2.210352195809806,60.04478150957016,55.69662092871482,8.832116829639594,12.347892059016226,474.0392857142854,0.8352423424214831,57628.4,55381.45,57628.4,47702.9,-1.5160927598198186,18.975366277521903
2025-07-14,56780.75,56896.3,56594.25,56765.35,0,56732.8275,55953.763999999996,53460.31100000001,52292.52925,0.057325716755434276,1.450458274799892,6.182229280334694,8.553460339652625,0.01876496572090769,-0.3228315762117795,-0.9551103375775916,1.4665322486946852,54.943229022431375,61.55929038281973,8.503552870627901,12.311437947077122,438.2821428571427,0.7720944957745222,57628.4,55475.45,57628.4,47702.9,-1.4976122883855927,18.9976919642202
2025-07-15,56709.2,57134.95,56707.8,57006.65,0,56797.45249999999,56008.469,53539.383,52307.7195,0.3683219771168598,1.7821965460259308,6.476105636107161,8.983244815327883,0.42508325941794656,-0.43602188754774396,-0.7880339961485849,2.3198774458553117,56.116329250491795,60.251025826695574,8.386739374038948,11.99722988215391,450.1678571428565,0.7896760415545493,57628.4,55475.45,57628.4,47702.9,-1.0788951280965635,19.503531231853827
2025-07-16,57111.25,57276.55,56937.6,57168.95,0,56864.4625,56059.63,53618.483499999995,52323.056000000004,0.5354618449088403,1.9788214799134416,6.621721220444443,9.261488854932312,0.2847036266821368,-0.0779535616999949,0.2978111973501285,2.400555269462412,49.30813921521911,64.23399800403097,8.402613845863291,11.944897939648968,424.0142857142855,0.7416863274807138,57628.4,55475.45,57628.4,47702.9,-0.7972631549722088,19.843762119284143
2025-07-17,57231.95,57262.85,56780.15,56828.8,0,56927.02999999999,56108.893,53695.898499999996,52335.32325,-0.17255423302425693,1.2830532942434036,5.834526635214061,8.58593483513069,-0.5949908123203174,-0.22333029004845129,0.06488595654843277,2.2515426670349337,39.136731305852926,59.37104678729724,8.547467667073104,11.983464823408212,424.09642857142796,0.74627025130115,57628.4,55566.4,57628.4,47702.9,-1.3875103247704232,19.130702745535388
2025-07-18,56524.25,56705.15,56204.85,56283.0,0,56928.5375,56162.648,53763.0275,52347.56675,-1.133943586729237,0.21429189022568693,4.687184887421013,7.5178914595872826,-0.960428515119105,-0.8311205944177225,-1.3131247600027374,0.053597284404260925,34.13694831703003,56.26559627731846,8.311144008261685,11.728985811534766,438.6142857142856,0.7793015399219757,57628.4,55779.25,57628.4,47702.9,-2.334612795080206,17.986537506105496
2025-07-21,56558.9,56983.45,56255.7,56952.75,0,56973.2075,56194.045999999995,53839.20949999999,52367.44,-0.035907228849625154,1.3501501564774412,5.783035317411208,8.756032374315028,1.1899685517829495,0.33013096898020233,0.006233625757690042,1.593668139213178,43.2777011250266,56.221665155474945,9.195886127513209,9.45433783257931,463.2035714285713,0.8133120374847067,57628.4,56204.85,57628.4,47702.9,-1.1724254013646074,19.390540197765752
2025-07-22,57253.35,57286.15,56692.0,56756.0,0,56987.9125,56230.348999999995,53916.9575,52386.607,-0.40695033354660703,0.9348172461102906,5.265583652415853,8.340668064263058,-0.3454618082533334,-0.4396855454582904,-0.8737903077914666,0.5208822232337207,46.53096739223468,56.189198553647415,8.990784937334508,9.296942014831746,448.8857142857144,0.7909044229433266,57628.4,56204.85,57628.4,47702.9,-1.5138369276259647,18.978091478715125
2025-07-23,56918.15,57249.0,56715.8,57210.45,0,57017.37749999999,56278.532,54002.5425,52413.43325,0.33862044952875875,1.6559031781425961,5.940289755801763,9.152265845893611,0.8007082951582145,0.07259185274524071,-0.005418296889470042,1.040777165423168,55.57628247834775,56.58952261063227,9.366205337670191,9.410659067805048,456.31785714285695,0.7976127737902026,57628.4,56204.85,57628.4,47702.9,-0.7252500503224181,19.930758926606128
2025-07-24,57316.6,57316.6,56850.9,57066.05,0,57010.344999999994,56312.740999999995,54087.11949999999,52441.45325,0.09771033660646858,1.337723908697693,5.507652334859522,8.818589995882704,-0.25240144064588854,0.41748198096740463,0.19321932719995605,-0.24586280977576536,50.46691915393978,53.926743159752874,8.666721310700016,9.198027248298986,457.33214285714246,0.8014084431236128,57628.4,56204.85,57628.4,47702.9,-0.975820949393005,19.628051963297832
2025-07-25,57170.7,57170.7,56439.4,56528.9,0,56964.59500000001,56336.221000000005,54164.970499999996,52471.70325,-0.7648522735920564,0.3420161959390149,4.364314201925035,7.732161334023406,-0.941277694881637,0.4368992413339656,-0.39785251265532784,-1.592858423609822,44.88860242253253,43.966100487839675,9.10889677550485,9.469631779902722,487.1642857142854,0.861796860922971,57628.4,56204.85,57628.4,47702.9,-1.9079134593360216,18.502019793345898
2025-07-28,56215.1,56578.4,55997.45,56084.9,0,56903.2025,56349.505,54242.3725,52497.022750000004,-1.4380605379811406,-0.4695782154608029,3.39684164810454,6.8344394825704615,-0.7854389524650229,-1.5238070154645733,-1.1987066053499085,-2.142367972222581,36.21330885295291,38.33155888312672,9.438969097129375,9.648654846138786,501.5,0.8941800734243976,57628.4,55997.45,57628.4,47702.9,-2.678366916312096,17.571258770431147
2025-07-29,55881.8,56296.4,55843.25,56222.0,0,56841.329999999994,56376.398,54323.4495,52523.09775,-1.0895768976552704,-0.2738699269151624,3.4949004849185754,7.042429727976201,0.24445082366197912,-0.9408696877863165,-1.3764183652258177,-2.1536057167271805,38.58358375646202,40.64432569669004,9.43319123104303,9.37993683353142,515.8142857142858,0.9174598657363413,57628.4,55843.25,57628.4,47702.9,-2.4404633826377298,17.858662680885224
2025-07-30,56310.1,56321.15,56064.55,56150.7,0,56798.90499999999,56397.91,54402.504499999995,52546.196749999996,-1.1412279867014947,-0.43833184598508423,3.2134467265197357,6.859684378584453,-0.12681868307780064,-1.8523713762083727,-1.7811241941648404,-1.488617384103641,40.31253007410254,38.627377714439675,9.072102418536684,9.360818730479497,500.0642857142858,0.8905753369313043,57363.7,55843.25,57628.4,47702.9,-2.564187102192676,17.709195876980218
2025-07-31,55728.15,56406.2,55547.35,55961.95,0,56757.405000000006,56418.323,54477.224500000004,52570.145,-1.4014999452494505,-0.8089091907251473,2.7254059171094394,6.451960518655599,-0.33614897053820814,-1.9347755802267774,-1.5253709386789938,-1.4614747336550327,40.434619979005014,40.54026940510175,9.060972197429045,9.377651474317311,526.8892857142855,0.9415134492530828,57363.7,55547.35,57628.4,47702.9,-2.8917165841841945,17.31351762681094
2025-08-01,55897.15,56097.6,55562.1,55617.6,0,56686.69,56422.71,54547.12350000001,52589.1485,-1.8859630011912913,-1.4269254348116223,1.9624802030119692,5.758700390442708,-0.6153288082348829,-1.6120957598679708,-1.1822397526784267,-2.4798402297661504,37.18328103538762,39.551209616428395,9.05858032797548,9.310647122550792,543.5642857142853,0.9773242385760719,57363.7,55547.35,57628.4,47702.9,-3.4892518272240816,16.59165375689947
2025-08-04,55557.5,55752.45,55437.3,55619.35,0,56620.19750000001,56423.657,54618.342000000004,52607.71525,-1.7676510224112354,-1.4254783237463688,1.8327323081319353,5.724701663412378,0.003146486004435012,-0.8300808238937751,-2.3412390095298274,-2.3351513278500824,33.63260972156668,36.87550521709235,9.06926751252455,9.284557271141093,535.5642857142853,0.9629100047272854,57363.7,55437.3,57628.4,47702.9,-3.486215130040055,16.595322296967264
2025-08-05,55545.05,55648.15,55202.85,55360.25,0,56525.395000000004,56423.806000000004,54689.77650000001,52625.51125,-2.0612770596295773,-1.884941969352447,1.2259576522496718,5.196602721840534,-0.46584507010599685,-1.5327629753477234,-2.4592113609133825,-3.3115133181850775,29.137445787579566,35.70509648688771,8.80320434661689,9.301659270406951,543.1607142857138,0.9811384780338127,57363.7,55202.85,57628.4,47702.9,-3.9358198388294685,16.052168736072648
2025-08-06,55329.8,55559.4,55227.7,55411.15,0,56435.275,56423.689000000006,54765.34850000001,52646.123,-1.814689482774736,-1.7945281812396283,1.179215539913882,5.252099950455994,0.09194322641246089,-1.3170806419154135,-3.1450547933113526,-3.150302681794792,32.47889656536191,32.598013788420346,8.846086962774374,9.300300030851536,532.375,0.9607723355317477,57363.7,55202.85,57628.4,47702.9,-3.847495332162614,16.15887084433022
2025-08-07,55215.65,55614.8,54973.55,55521.15,0,56363.532499999994,56423.191,54839.9935,52663.257750000004,-1.494552350848472,-1.598706106501487,1.2420798335798575,5.426728941773446,0.1985160026456878,-0.787678056250718,-2.707213833794353,-2.5192253669499287,39.44733014751714,34.238563552376675,8.86203372075486,9.296222878001375,533.6107142857139,0.9610944915328913,57316.6,54973.55,57628.4,47702.9,-3.6566172234523258,16.389464791448738
2025-08-08,55609.35,55652.6,54905.6,55004.9,0,56276.0425,56408.295,54909.438500000004,52678.46875,-2.2587631317536263,-2.4879230971260466,0.17385262462663428,4.416284879199344,-0.9298258411434168,-1.10162969995109,-2.695966134136696,-3.083092677787025,21.821338155515335,32.664593513993765,9.28433472521177,9.487485397623821,534.9857142857139,0.9726146475781501,57316.6,54905.6,57628.4,47702.9,-4.552442892740385,15.307245471449324
2025-08-11,54999.35,55582.15,54927.55,55510.75,0,56213.3125,56400.442,54981.0045,52699.73675,-1.2498151572192087,-1.5774557227760782,0.9635064051985396,5.334017631501744,0.9196453406878247,-0.19525578777889185,-1.0237158308207706,-2.2101510868866248,33.46435258342514,39.5150074594786,10.028626553302464,9.700255397383955,539.3035714285709,0.9715299674902084,57316.6,54905.6,57628.4,47702.9,-3.6746638810031187,16.367663181902984
2025-08-12,55441.1,55566.7,55001.5,55043.7,0,56115.165,56389.317,55038.296500000004,52718.76025000001,-1.9094036344720784,-2.3862977450143714,0.009817709383489135,4.410080470357779,-0.8413685637466695,-0.5718001634747005,-2.095798797623716,-3.443370203300855,21.323733770960416,36.52529173743236,10.139713920963956,9.806805277479524,541.5892857142852,0.9839260182623719,57316.6,54905.6,57628.4,47702.9,-4.485114978031672,15.388582245523846
2025-08-13,55340.05,55340.05,55026.95,55181.45,0,56015.79,56379.40899999999,55093.085,52737.01175,-1.4894728789864495,-2.124816526544284,0.16039217988972293,4.63514743988125,0.25025570592092095,-0.4145375073428492,-1.7261583559955662,-3.4765375260521703,25.01392092912252,35.479482569332774,10.11980279422132,9.81920821169556,530.6892857142858,0.9617168191743526,57316.6,54905.6,57628.4,47702.9,-4.246083528260379,15.677348756574538
2025-08-14,55102.55,55472.8,55074.3,55341.85,0,55941.442500000005,56371.028999999995,55145.875,52759.78375,-1.0718216642339997,-1.8257232806589294,0.35537562873016076,4.8940046119881915,0.29067739249331037,-0.3229399967399904,-1.108074325501518,-2.616543020440343,32.515355496310235,35.45997135126531,10.120425668719255,9.836428511473743,506.91785714285754,0.9159756262988273,57316.6,54905.6,57628.4,47702.9,-3.967748540650101,16.013596657645547
2025-08-18,55940.6,56156.3,55647.65,55734.9,0,55914.0375,56354.15899999999,55197.288499999995,52782.16175,-0.32038019075263,-1.0988700940422,0.9739817201346881,5.594197266844612,0.7102220110097646,1.3271544898727283,0.21090446189695466,-0.9738286871701862,44.7661203493241,41.367445824586866,10.040594840815958,9.387896822342631,523.596428571429,0.939440868417148,57316.6,54905.6,57628.4,47702.9,-3.2857063531175603,16.837550756872226
2025-08-19,55622.3,55965.55,55608.15,55865.15,0,55859.65750000001,56334.67,55238.8905,52799.884000000005,0.00983267754549518,-0.833447679732564,1.1337293242701898,5.805440784680504,0.23369558391599377,0.6384348977450438,0.4419325288770981,-1.9096531774146053,44.65273095077549,46.471070122543445,8.997654884922431,9.340536309023236,516.7571428571433,0.9250080647007004,57316.6,54905.6,57628.4,47702.9,-3.059689319849241,17.11059495334665
2025-08-20,55751.5,55812.6,55577.35,55698.5,0,55806.78250000001,56316.058000000005,55279.795999999995,52819.33900000001,-0.1940310749862858,-1.0965930889552045,0.7574268182900046,5.450959922084584,-0.2983076211197866,1.189600263063717,0.6109979633401208,-1.8632391289026717,43.412196614317814,38.42355438645069,8.98177689475452,9.328544646879665,518.9857142857151,0.9317768239462734,57316.6,54905.6,57628.4,47702.9,-3.3488696545453305,16.761245123462093
2025-08-21,55972.05,55993.65,55708.2,55755.45,0,55734.03250000001,56301.972,55325.2605,52840.739499999996,0.03842804663378457,-0.9706977936758671,0.7775643460368351,5.516028972304601,0.10224691867823932,1.0402046339847981,0.6213550882809615,-2.543241663017859,46.87149653061843,40.520516537342814,8.382759382776536,9.312829790067825,478.7214285714295,0.8586092096313984,57316.6,54905.6,57628.4,47702.9,-3.250046851899418,16.880629898811172
2025-08-22,55669.25,55745.0,55102.6,55149.4,0,55638.2,56283.308999999994,55360.996,52858.117,-0.8785330941691063,-2.0146452299028694,-0.38221133160248366,4.33477984090883,-1.0869789410721253,-0.3477476810045177,-0.6695646613948059,-3.3586519480496735,43.427849522740075,31.018318121955062,9.045117962670064,9.507407576690428,487.10357142857225,0.8832436462202168,57170.7,54905.6,57628.4,47702.9,-4.301698468116415,15.610162065618653
2025-08-25,55147.75,55306.0,55048.4,55139.3,0,55568.719999999994,56275.547999999995,55396.74050000001,52877.737250000006,-0.7727728837374535,-2.019079405499512,-0.46472138554795334,4.276965822700738,-0.018313889181020837,-1.068630247833935,0.24434186772450683,-2.4582116404175514,43.277269735460166,31.805089947589593,8.58156095214309,9.250566402364612,482.99285714285827,0.8759502879849005,56578.4,54905.6,57628.4,47702.9,-4.319224549007084,15.588989348655954
2025-08-26,54999.05,55068.9,54396.1,54450.45,0,55486.9975,56245.65899999999,55432.97,52888.95325,-1.8680908081213092,-3.1917289830313758,-1.7724469751485517,2.9524062286106947,-1.2492904335020705,-2.5323479843874175,-1.9100804799070503,-2.9142425144735973,38.627784305392346,30.919222612894615,9.192674849952729,9.488154370797025,504.2714285714298,0.9261106723111192,56406.2,54396.1,57628.4,47702.9,-5.514555323416934,14.144947162541472
2025-08-28,54256.0,54382.25,53768.45,53820.35,0,55366.915,56207.782999999996,55457.693,52896.468,-2.79330173985674,-4.2475131958148875,-2.9524181613540987,1.746585424191267,-1.1571988844903958,-3.3719938597987387,-2.222506844561678,-4.271726370459961,32.630533050902955,29.89764848958285,9.733238844295451,9.776433932650876,529.2928571428581,0.9834437292638532,56406.2,53768.45,57628.4,47702.9,-6.607939835220139,12.824063107274394
2025-08-29,53660.35,54086.0,53606.45,53655.65,0,55242.1625,56164.320999999996,55478.276,52905.16375,-2.871923234359258,-4.466663097378129,-3.285296752912792,1.4185500937987396,-0.3060180768055143,-3.7660892343259644,-2.7650596350766388,-4.443488683133056,29.871601208459225,27.329664408187085,9.732185000160726,9.77044641122683,517.7428571428583,0.9649363247726161,56406.2,53606.45,57628.4,47702.9,-6.893736421625449,12.478801079179672
2025-09-01,53658.15,54035.85,53658.15,54002.45,0,55144.187499999985,56132.820999999996,55503.273499999996,52917.37,-2.070458468537575,-3.795232382851379,-2.704026997614832,2.050517627765693,0.6463438612708927,-2.079714375859043,-2.4202298983499904,-3.5014862777297817,38.77322462510214,31.90383530026196,10.19739788945274,9.865021910213716,491.54285714285805,0.9102232530984392,56156.3,53606.45,57628.4,47702.9,-6.291949802527928,13.205800905186049
2025-09-02,54038.25,54160.95,53578.0,53661.0,0,55046.3575,56080.984000000004,55541.2825,52926.29125,-2.516710574355439,-4.315159662676397,-3.385378254454245,1.3881735006323497,-0.6322861277590075,-2.6810278694143763,-3.721007842482904,-3.517951152153276,28.492029347813414,31.10366519664605,10.2072583743735,9.506432536429816,486.4250000000008,0.9064777026145632,56156.3,53578.0,57628.4,47702.9,-6.884452804519996,12.49001633024407
2025-09-03,53630.75,54136.15,53561.75,54067.55,0,54968.7675,56041.148,55576.848,52940.84,-1.6395082898666025,-3.5216944520836693,-2.7156955716524176,2.1282435261699786,0.757626581688764,-0.7032081461218254,-3.2177484531948797,-2.7900362014298907,38.487846874152396,37.399094389932635,10.722157707807948,9.676746862509232,487.082142857144,0.9008770378113007,56156.3,53561.75,57628.4,47702.9,-6.178984667282101,13.342270595708019
2025-09-04,54379.6,54450.55,53971.85,54075.45,0,54904.527500000004,55993.419,55615.200999999994,52960.77550000001,-1.5100348509510562,-3.4253471823179873,-2.7685794033181623,2.104717103321091,0.01461135191069829,0.47398428289671113,-2.9139922978177246,-2.3207987680691544,36.54435738965396,37.46162717039969,10.663507374842938,9.509344451221805,498.9107142857153,0.9226196255153039,56156.3,53561.75,57628.4,47702.9,-6.1652761485656455,13.358831433728339
2025-09-05,54308.05,54308.05,53719.55,54114.55,0,54839.697499999995,55943.28699999999,55646.323,52980.4505,-1.3223039751449979,-3.268912318291177,-2.7526940099887534,2.1405999558271103,0.07230637932740258,0.8552687368431844,-2.9430306813055807,-2.339962263912587,34.61451673561491,39.50848114272241,10.658675047149934,9.479367952084392,512.4821428571439,0.9470320696691441,56156.3,53561.75,57628.4,47702.9,-6.097427657196796,13.440797100385932
2025-09-08,54215.4,54518.7,54067.15,54186.9,0,54772.985,55882.891,55664.397000000004,52999.566,-1.0700256705016151,-3.0349020418431856,-2.6542944496461587,2.240271175050759,0.13369786868779876,0.34155857743491946,-1.7452592412610102,-2.403138263526605,28.897431702928117,39.72625731141377,10.635752015539541,9.140274804701022,486.5607142857147,0.8979305224799993,56156.3,53561.75,57628.4,47702.9,-5.971881919331441,13.59246502833161
2025-09-09,54330.55,54350.65,54079.45,54216.1,0,54733.545,55818.335,55675.3805,53017.513999999996,-0.9453891575997859,-2.870445705698675,-2.621051687289323,2.260735952274192,0.05388756323021493,1.0344570544715825,-1.6743048968702934,-1.4340540570021987,26.883016751944908,38.897632436387106,10.206125144324648,9.07004878719843,480.40357142857204,0.8860902415123405,56156.3,53561.75,57628.4,47702.9,-5.921212457746532,13.653677239748522
2025-09-10,54554.75,54705.2,54400.0,54536.0,0,54684.807499999995,55762.8,55677.8385,53038.3295,-0.2721185404191015,-2.2000329969083383,-2.050795308801361,2.8237512646396605,0.5900461302085658,0.866416177540863,0.1571153222792443,-1.7559661867295961,34.37499999999994,45.873085724344286,9.842727814210448,9.202111812171196,494.7821428571432,0.9072578532659952,56156.3,53561.75,57628.4,47702.9,-5.366104212506336,14.324286364141381
2025-09-11,54413.05,54757.45,54402.4,54669.6,0,54666.1025,55707.003,55671.4895,53056.000499999995,0.006397931881091525,-1.862248809184724,-1.7996455798079638,3.0413138660913654,0.24497579580460283,1.09874259021423,1.577934740298037,-0.6796418118694803,35.69989332701195,42.077701907228615,9.486951430895516,9.199973210008377,499.0607142857142,0.9128669576615052,56156.3,53561.75,57628.4,47702.9,-5.134274073200024,14.604353194459868
2025-09-12,54781.55,54852.25,54580.35,54809.3,0,54647.494999999995,55663.205,55663.110499999995,53069.0095,0.29608859472882987,-1.5340564741106784,-1.5338893071740796,3.279297119724842,0.2555350688499658,1.2838506464527555,2.1500997565028213,-0.6744114190547656,44.893853406600016,47.647247761673476,9.489055850011544,9.08978356284306,471.8500000000001,0.8608940453536171,56156.3,53561.75,57628.4,47702.9,-4.89185887513795,14.897207507300397
2025-09-15,54884.05,55018.7,54807.5,54887.85,0,54624.795,55625.123,55658.288499999995,53082.49125,0.48156702464512735,-1.3254316758993971,-1.3842295923274692,3.4010437481115763,0.14331509433618272,1.2935783371995857,1.6395552424010473,-0.8203556621254937,46.30084589922759,47.01759375888831,9.436840899002611,9.078735689120888,468.5357142857143,0.8536237332774272,56156.3,53561.75,57628.4,47702.9,-4.755554552963474,15.061872548629113
2025-09-16,54778.4,55185.45,54777.75,55147.6,0,54595.42999999999,55587.437000000005,55657.750499999995,53096.72024999999,1.011385018855984,-0.7912525270773084,-0.916584833948681,3.862535652566992,0.473237701968654,1.7181243210042885,2.7703546337190854,-1.0537383219490937,61.73791524253707,48.06583624578068,9.222182249439024,9.093493121912521,444.57142857142804,0.8061482794744069,55993.65,53561.75,57628.4,47702.9,-4.304821928077134,15.606388710120342
2025-09-17,55158.35,55540.75,55146.55,55493.3,0,54576.8375,55558.319,55666.043,53114.6525,1.6792151065916954,-0.11702837877438342,-0.3103202431687033,4.478326390255508,0.6268631817159864,1.7553542614053175,2.6369791122401454,-0.6656206955499067,81.15073084442805,47.57146877889913,9.48520514642815,9.222995051333985,424.014285714285,0.7640819445127339,55993.65,53561.75,57628.4,47702.9,-3.704944090066701,16.331082596655552
2025-09-18,55797.1,55835.25,55490.9,55727.45,0,54578.284999999996,55527.742,55668.9895,53133.01175,2.1055351959117092,0.3596544588468926,0.10501448027899585,4.8829120814895255,0.42194282913432524,1.9349876348098372,3.054990758283105,0.051976265069964,87.60482085163545,48.64417794056828,9.560937159250802,9.188136086931625,414.3571428571418,0.743542263026824,55993.65,53561.75,57628.4,47702.9,-3.2986340068438555,16.82193325772646
2025-09-19,55647.95,55688.75,55355.3,55458.85,0,54563.454999999994,55492.648,55669.665499999996,53149.761000000006,1.6410159510610245,-0.060905365337769614,-0.3786900785311832,4.344495547214206,-0.48198867882883745,1.1851090964489552,2.484174773697645,-0.5319659333751225,77.20717354754353,47.68679838997691,9.705399277861988,9.238561985262093,413.7821428571416,0.7461066049100218,55835.25,53561.75,57628.4,47702.9,-3.7647236432037032,16.258864765035245
2025-09-22,55429.3,55666.35,55215.6,55284.75,0,54570.222499999996,55459.223,55671.6415,53162.706000000006,1.3093725245485373,-0.3145969066317394,-0.6949525639548421,3.9916026847843193,-0.3139264517746043,0.7231108524017538,2.026043194941951,0.2454242475892654,82.35657493573528,45.55708676281811,8.941202432608968,9.214051000316433,404.3392857142847,0.7313758056503551,55835.25,53561.75,57628.4,47702.9,-4.0668316316260755,15.893897436004936
2025-09-23,55248.7,55662.0,55159.0,55509.75,0,54588.744999999995,55434.324,55675.5855,53173.92025,1.6871701300332234,0.13606371388239438,-0.29786036107334884,4.392810872356166,0.4069838427414485,0.6566922223270044,2.3860993321172197,0.6718438572850927,80.98040900498373,53.66496140272367,9.047774722671631,9.246701951154213,399.23928571428456,0.7192237142381016,55835.25,53561.75,57628.4,47702.9,-3.676399136536849,16.365566873292813
2025-09-24,55387.1,55511.1,55040.45,55121.5,0,54622.2975,55401.447,55677.6055,53181.51,0.9139170683913459,-0.5053062964221857,-0.9987956468422441,3.647865583357821,-0.6994266772954338,-0.6699907916811632,1.073602757811365,1.2324048745235405,69.31442604183985,49.83189467918324,8.181618094409774,9.36200770555811,398.66428571428435,0.7232464387113637,55835.25,53561.75,57628.4,47702.9,-4.350112097507481,15.55167505539495
2025-09-25,55061.65,55276.65,54903.3,54976.2,0,54680.090000000004,55360.83800000001,55684.65349999999,53188.843499999995,0.5415316617072014,-0.694783558009027,-1.272259869588658,3.3603973735582384,-0.26359950291628964,-1.348078909047512,0.560823565564772,2.147607735735635,65.30924080095227,55.533336841551346,6.9345496589438005,9.307112996622424,383.2964285714271,0.6972042967164466,55835.25,53561.75,57628.4,47702.9,-4.60224472655844,15.247081414337483
2025-09-26,54797.9,54897.0,54310.95,54389.35,0,54716.775,55305.246,55682.437999999995,53193.75149999999,-0.5983996681090998,-1.6560743622765925,-2.3222546397842643,2.2476295923591842,-1.0674619198853263,-1.9284568648646694,-0.7662020861423202,1.367423561172032,53.041022636804676,56.043547530536394,7.983724026894031,9.533760727684687,398.5607142857131,0.7327918320143799,55835.25,53561.75,57628.4,47702.9,-5.620579436527828,14.016862706460188
2025-09-29,54460.4,54686.05,54226.6,54461.0,0,54739.7025,55257.89,55683.3915,53198.168,-0.5091414225351323,-1.4421288977917894,-2.195253318936218,2.3738261061922326,0.1317353489240114,-1.4900130687033997,-0.7776766625036347,0.8491281414084062,53.63234552519951,58.72639209439912,7.693978689215992,9.47831281114406,412.00714285714173,0.7565177702523672,55835.25,53561.75,57628.4,47702.9,-5.496248377536078,14.167063218378754
2025-09-30,54705.5,54793.05,54502.95,54635.85,0,54788.44499999999,55224.947,55693.7975,53204.3905,-0.2785167565898136,-1.0667226172258737,-1.8995786739088891,2.69049130447232,0.32105543416389715,-1.574318025211785,-0.9279642269110489,1.8166825068485437,51.54755815935895,57.12886888013509,7.318583719450928,9.303445934265602,400.78928571428486,0.7335646571148521,55835.25,53561.75,57628.4,47702.9,-5.192838947463408,14.533602778866687
2025-10-01,54653.9,55406.75,54582.55,55347.95,0,54852.465000000004,55192.851,55693.448500000006,53215.047999999995,0.9033048924966149,0.2810128434930725,-0.6203575273310805,4.008080571495495,1.3033566788106965,0.4108197345863207,-0.26192351148698334,2.368148732465203,58.9149833751692,67.52438631665333,8.183117778752534,9.384776757559688,434.2999999999993,0.7846722417000076,55835.25,53719.55,57628.4,47702.9,-3.957163481894351,16.02638414016757
2025-10-03,55182.6,55616.45,55177.0,55589.25,0,54928.155000000006,55169.516,55699.9325,53225.07525,1.2035630907318728,0.7608078345294831,-0.19871209000119094,4.441843884476233,0.4359691732033433,1.115118905999335,-0.24799268583076683,2.7994219188189895,59.98361558055884,66.36975838550742,8.248689266906325,9.424463330989793,446.2678571428561,0.8027952475395083,55835.25,53719.55,57628.4,47702.9,-3.5384463216053224,16.5322234078012
2025-10-06,55834.7,56164.2,55727.25,56104.85,0,55027.67,55147.404,55712.968,53237.69275,1.9575242782403839,1.736157879707259,0.7033945849016656,5.385577589667419,0.92751746066011,3.154110133693444,1.164827615430175,3.677938742907405,64.01040707312582,69.68151136628134,8.702511505341027,9.486719976227317,472.249999999999,0.8417275868307268,56164.2,54067.15,57628.4,47702.9,-2.6437485684141895,17.613080127204
2025-10-07,56126.4,56502.45,56025.05,56239.35,0,55130.2925,55130.87,55721.805499999995,53254.7155,2.011702549918441,2.0106339696797746,0.9288006649389774,5.6044511213284025,0.23972972033612372,3.2653642055783028,1.7266967834710378,3.7877236010917636,62.941713391576485,70.23233669777184,8.70281485388728,9.49365710074198,477.2285714285702,0.8485670112271394,56502.45,54079.45,57628.4,47702.9,-2.4103566991275183,17.89503363527164
2025-10-08,56098.5,56303.6,55821.0,56018.25,0,55220.4,55120.65699999999,55728.43899999999,53274.109,1.4448464697829038,1.6284149153011875,0.5200414818724939,5.150984317729281,-0.3931411013818553,2.5302068147562418,0.9160552875846051,3.3240126088007083,56.412229591899035,66.95772952451503,8.9353865370127,9.300082748719733,483.542857142856,0.8631880809251556,56502.45,54226.6,57628.4,47702.9,-2.794021697635196,17.431539801563424
2025-10-09,55979.0,56286.25,55843.9,56192.05,0,55303.2025,55122.8,55736.1525,53297.19075,1.6072260914727379,1.9397599541387593,0.8179565318937406,5.431541905423976,0.3102560326322168,1.525079067969104,1.942164128334678,3.036618013789072,55.75998016364996,67.81949191519298,8.813279384912347,9.158380931054014,490.542857142856,0.8729755492865201,56502.45,54226.6,57628.4,47702.9,-2.492434285872935,17.79587823801069
2025-10-10,56168.6,56760.25,56152.45,56609.75,0,55400.21000000001,55130.555,55753.476500000004,53326.44350000001,2.183276922596491,2.6830765625341515,1.5358208200702888,6.156995075060633,0.7433435868597016,1.8357865954298669,2.971376704828632,3.5488644511757927,63.75983357643291,68.37730297847455,9.057801729899564,9.292835427359023,507.3749999999995,0.8962678690508251,56760.25,54226.6,57628.4,47702.9,-1.7676180494339622,18.671506344478004
2025-10-13,56337.05,56770.9,56327.4,56625.0,0,55490.99500000001,55140.041000000005,55768.97550000001,53352.9805,2.0435838283310472,2.6930683638773414,1.534947508583858,6.132777343151433,0.026938822376010307,0.927103450058242,4.11045544761981,3.31275896608787,66.65631019698006,67.69977189615847,9.06754145263185,9.287140490250803,506.8571428571423,0.8951119520655936,56770.9,54226.6,57628.4,47702.9,-1.7411554025445812,18.703475050783073
2025-10-14,56598.65,56721.3,56230.15,56496.45,0,55571.425,55150.731,55784.526999999995,53379.29775,1.6645695157178244,2.4400746383579164,1.276201553165455,5.8396276859974225,-0.22701986754967152,0.4571532210098317,3.7374451442316436,2.930703243067456,62.563665070795516,65.30253145039134,9.173756677272104,9.268921931272894,506.01071428571385,0.8956504599593672,56770.9,54226.6,57628.4,47702.9,-1.9642225014055645,18.433994578945924
2025-10-15,56528.95,56922.7,56491.85,56799.9,0,55654.04,55174.377,55798.5435,53407.44375,2.0588981500714065,2.9461556040768726,1.7945925416494102,6.3520288779969984,0.537113393850408,1.3953488372093092,3.960860863334248,2.996141264533736,71.84279021343048,66.66259989019704,9.206708842215523,9.22320612511831,503.1678571428565,0.8858604630340133,56922.7,54226.6,57628.4,47702.9,-1.4376592096952197,19.07011942670152
2025-10-16,57139.95,57525.8,56994.7,57422.55,0,55750.5025,55210.441,55817.04899999999,53438.0,2.9991613080079422,4.006685981733064,2.8763630983071344,7.456398068790005,1.0962167186914007,2.1898115480748714,3.748286973591619,3.476545817242793,78.31849699607582,68.64575564097733,9.668753424821439,9.520136620339466,528.3499999999996,0.9201089119170074,57525.8,54226.6,57628.4,47702.9,-0.3572023516182968,20.37538598282285
2025-10-17,57362.9,57830.2,57238.65,57713.35,0,55849.79750000001,55257.503,55840.654500000004,53471.803,3.3367220355633167,4.44436839645107,3.3536417450121294,7.9323059295382246,0.5064212578507865,1.9494874999447909,3.821062525578234,3.5635938841630077,91.30937290284092,68.36102587853874,9.702219536877397,9.49118899715597,523.0857142857136,0.9063513282207905,57830.2,54226.6,57830.2,47702.9,-0.20205705669355897,20.9849925266598
2025-10-20,57872.85,58261.55,57872.85,58033.2,0,55978.515,55309.943999999996,55866.81649999999,53507.668,3.670488579413008,4.923628199659723,3.877764361246544,8.457726096379306,0.5542045298011722,2.486887417218542,3.4370468863208714,4.641910173038211,91.81435093058641,68.80326197757391,9.462997345321481,9.549474277463554,529.4249999999993,0.9122795227559386,58261.55,54226.6,58261.55,47702.9,-0.3919394523489434,21.65549683562214
2025-10-21,58063.4,58155.55,57887.2,58007.2,0,56114.6375,55359.665,55891.428,53542.401000000005,3.3726717026373025,4.7824259774693285,3.785503565949321,8.338809834097637,-0.04480194095793921,2.6740618215834733,3.1434396023424904,4.9244140563175165,90.8881423356336,71.63781172255099,9.305179014976142,9.551439201132943,524.8749999999994,0.9048445710187693,58261.55,54226.6,58261.55,47702.9,-0.43656579682484553,21.600992811757767
2025-10-23,58314.55,58577.5,57951.45,58078.05,0,56243.052500000005,55421.128,55914.7115,53574.763499999994,3.2626207476914546,4.794059767242569,3.868996981232757,8.405611533870811,0.12214001020562915,2.250268046246573,3.677015972473252,4.6267547592990566,89.20980065490893,74.14094098938706,9.29322938991264,9.2616925096314,510.7214285714285,0.8793708269672079,58577.5,54226.6,58577.5,47702.9,-0.8526311296999652,21.749516276788206
2025-10-24,58172.75,58232.9,57482.05,57699.6,0,56371.9575,55464.905,55932.673500000004,53608.3175,2.3551470604865936,4.02902520071025,3.159023857495376,7.631805456308157,-0.6516231175117015,0.4824759610988938,2.6828528234865923,4.677122356975039,79.16016083790458,68.43665019321917,9.2312970660754,9.22737107886061,532.9642857142857,0.9236880077405835,58577.5,54226.6,58577.5,47702.9,-1.4986983056634398,20.95616828326998
2025-10-27,57796.45,58224.55,57652.75,58114.25,0,56528.86,55526.316,55957.8165,53649.27875,2.8045674368809124,4.66073420033845,3.8536769925609926,8.322518688100727,0.7186358310976138,0.6946399749798049,2.6576693944064367,5.708015468511829,78.5620877871275,75.08486651858675,9.192469555274984,9.090721997306439,532.7392857142861,0.9167102487157386,58577.5,54226.6,58577.5,47702.9,-0.7908326575903717,21.825402648476295
2025-10-28,58006.55,58313.8,57770.35,58214.1,0,56720.097499999996,55586.969000000005,55983.18899999999,53689.338500000005,2.6339914172397223,4.726163428698539,3.9849659153929364,8.427672283576362,0.17181672309287688,0.3117181199727037,2.8063576158940284,7.032167143016044,78.3488135057924,77.34805229906412,7.718316571453368,9.08621299611696,537.457142857144,0.9232422091162521,58577.5,54226.6,58577.5,47702.9,-0.6203747172549212,22.034719063201603
2025-10-29,58316.25,58469.9,58087.05,58385.25,0,56916.31,55647.837,56009.433,53732.0895,2.5808770807524284,4.91917233009434,4.241815838414223,8.659928439968816,0.294000937917116,0.6517294404832619,3.343218910214718,7.20561502726722,84.47422079813559,86.29930415508431,7.6812308666529,9.086558444249611,530.332142857144,0.9083324004900966,58577.5,54502.95,58577.5,47702.9,-0.32819768682514616,22.393502281831918
2025-10-30,58152.05,58331.2,57999.2,58031.1,0,57086.07250000001,55693.761000000006,56023.96,53774.7275,1.6554431906311107,4.1967699039035855,3.582645710870848,7.915191202038165,-0.6065744344676105,-0.08083949099531029,2.1676094500166387,6.214326307726514,75.44799147605393,80.84799364047964,8.399173596008344,9.119099316599169,526.3107142857158,0.9069459553338051,58577.5,54582.55,58577.5,47702.9,-0.9327813580299629,21.651094587540793
2025-10-31,57942.45,58254.95,57656.95,57776.35,0,57207.49249999999,55731.985,56033.3275,53819.9385,0.9943758678113809,3.6682077625621945,3.110688902064578,7.351200336284299,-0.43898874913623764,0.1330165200452038,0.6161342538776093,4.387515707447154,66.90528634361223,76.76638540867631,7.910290685285995,9.186498093575072,525.6107142857155,0.9097333325585911,58577.5,55177.0,58577.5,47702.9,-1.3676753019504102,21.117059969100403
2025-11-03,57726.85,58247.55,57718.4,58101.45,0,57333.10249999999,55780.043999999994,56048.05100000001,53870.239499999996,1.3401463840196046,4.1617141786406675,3.663640328902766,7.854449022822705,0.5626869817840774,-0.022025578924278477,0.6724613975795934,4.51921909361972,69.6323382753805,75.12546765215798,7.969570543835427,9.212796071973697,531.7285714285728,0.9151726358439811,58577.5,55727.25,58577.5,47702.9,-0.8126840510434944,21.798569898266134
2025-11-04,57966.65,58119.65,57732.95,57827.05,0,57419.2125,55821.476,56061.724,53915.72900000001,0.7102805528724405,3.592835846905948,3.148897097777444,7.254508234507958,-0.47227737001399595,-0.6648732867123197,-0.3552276972491497,3.069609846564081,67.03233404162725,70.29713746689403,7.875432618993565,9.297534923120143,524.2678571428587,0.9066135262699008,58577.5,55821.0,58577.5,47702.9,-1.2811232981946945,21.22334281563595
2025-11-06,57714.8,57945.05,57521.0,57554.25,0,57484.9575,55869.573000000004,56076.441,53959.74175,0.12054023002452982,3.015374755056739,2.6353473466691675,6.66146303415175,-0.471751541882226,-1.4233046873996402,-0.7808513425919483,2.338042669412088,59.73241817079304,63.75194504535275,8.170279969195937,9.000046173730137,523.7821428571448,0.9100668375613352,58577.5,55821.0,58577.5,47702.9,-1.7468311211642698,20.651469826782016
2025-11-07,57391.4,58001.35,57157.85,57876.8,0,57577.884999999995,55924.323,56099.9355,54002.73225000001,0.5191489753401123,3.491284105486635,3.167320040858163,7.173836560834372,0.5604277703210592,-0.26589190968290266,-0.34651645501183603,3.317758052063402,56.35252492762945,65.0008703060729,8.081445617326924,9.058817194207197,532.1821428571446,0.9195085817756762,58577.5,55843.9,58577.5,47702.9,-1.1961930775468346,21.327634168991825
2025-11-10,57846.2,58097.2,57846.2,57937.55,0,57665.159999999996,55994.065,56119.861999999994,54049.717000000004,0.4723649427141219,3.4708767795301174,3.238938827041323,7.193068189422709,0.10496433804219052,0.27900689468962625,0.41239453999681874,3.1063113020436184,53.35097001763673,68.11514865502593,8.065194965696277,8.516503266320074,507.85714285714494,0.8765595764010472,58577.5,56152.45,58577.5,47702.9,-1.092484315650202,21.45498491705955
2025-11-11,57962.3,58187.35,57594.25,58138.15,0,57741.579999999994,56080.421,56144.102,54093.65375,0.6868014349451591,3.6692467055480904,3.551660689131696,7.476840571154808,0.3462348684057259,0.06316537711192893,0.04112588564766373,2.6998882701301463,51.626602191534595,68.27564186841458,7.799319128400022,8.00532210624282,511.0642857142874,0.8790515104355529,58577.5,56230.15,58577.5,47702.9,-0.7500320088771261,21.875504424259322
2025-11-12,58505.35,58507.7,58171.85,58274.65,0,57824.0625,56172.80100000001,56168.56100000001,54142.1725,0.7792387468452281,3.7417557297881485,3.7495868907875214,7.632640710898701,0.23478559259282328,0.774032221944565,0.10401260175800786,2.9132891832229557,54.00788239349034,66.50671214134161,7.79621793115826,7.9366784492940825,518.2928571428581,0.889396773970943,58577.5,56230.15,58577.5,47702.9,-0.5170073833809885,22.1616505495473
2025-11-13,58158.75,58615.95,58127.1,58381.95,0,57918.3375,56260.390999999996,56196.606,54190.46025,0.8004589220123861,3.7709638384845237,3.8887473026395893,7.734737314765658,0.18412809000138974,1.4381214245689833,-0.005652112477039228,3.337377835244526,54.50489178772597,67.10709521630326,7.671731272543855,7.860435431125891,508.49285714285776,0.8709761444125416,58615.95,56491.85,58615.95,47702.9,-0.39920874778963744,22.38658446341836
2025-11-14,58050.0,58590.15,58050.0,58517.55,0,58004.22000000001,56357.522000000004,56219.253000000004,54240.102999999996,0.884987333680195,3.832723518255466,4.088095941082672,7.886133623308216,0.23226356776366863,1.1070929975395938,0.8382574171435841,3.024037014149683,63.06566777949945,69.65209443428884,7.551188544225379,7.650645498065316,493.442857142858,0.8432390917645355,58615.95,56994.7,58615.95,47702.9,-0.16787239650640173,22.6708439109572
2025-11-17,58696.3,59001.55,58605.3,58962.7,0,58081.2275,56455.425,56248.286499999995,54293.0775,1.5176547362054225,4.441158666328336,4.825771003708714,8.60076959166663,0.7607119573529442,1.7694051612468842,2.0533488183313686,2.682134457630303,63.422080901080456,70.46594371581592,7.072410683362519,7.651857817288388,487.1714285714292,0.8262366353159358,59001.55,57157.85,59001.55,47702.9,-0.06584572778173763,23.60401568877363
2025-11-18,58990.5,59103.65,58798.9,58899.25,0,58140.5225,56551.901,56272.66,54347.250499999995,1.3049891321496137,4.150787079642119,4.667613011362882,8.37576778608148,-0.1076104045438897,1.3091231833142203,1.3731154730217687,2.054810542101615,60.96503160758587,65.62744724532772,6.978064104793202,7.669900997310665,470.1214285714289,0.7981789726888354,59103.65,57157.85,59103.65,47702.9,-0.3458331253653564,23.471004907458454
2025-11-19,58908.15,59264.25,58688.55,59216.05,0,58199.665,56653.931000000004,56298.609000000004,54398.9965,1.7463760315458896,4.522402867331481,5.182083628389467,8.855041103561536,0.5378676298934293,1.6154537178687534,2.4019900721202303,2.038229840849737,62.7037524083306,65.81556402214414,6.964270597306117,7.709831735945086,483.89642857142877,0.8171710686062794,59264.25,57157.85,59264.25,47702.9,-0.08133065043427883,24.135115475159793
2025-11-20,59308.2,59440.1,59125.25,59347.7,0,58266.69,56757.14699999999,56320.01899999999,54449.905249999996,1.8552795774051944,4.56427628400703,5.375852234708948,8.99504733297952,0.2223214820981756,1.654192777048391,3.116103502347789,2.310920023721197,71.60202139528786,64.40547945205479,6.9542057493289455,7.709573222293645,478.8107142857142,0.8067889982016392,59440.1,57157.85,59440.1,47702.9,-0.15545061330650764,24.411094503688446
2025-11-21,59116.7,59232.15,58823.65,58867.7,0,58306.1725,56850.179000000004,56334.257000000005,54497.684,0.963066989176826,3.5488384302184754,4.497162357178141,8.018718740414723,-0.8087929271058503,0.598367498297514,1.71208498051032,1.3596358693172217,66.6737964646388,58.576696900229244,7.688264596011801,8.020998229753062,473.528571428571,0.8043945515598045,59440.1,57157.85,59440.1,47702.9,-0.9629862668467946,23.404866370807635
2025-11-24,58996.9,59309.9,58649.5,58835.35,0,58362.96000000001,56936.166000000005,56349.48300000001,54543.924750000006,0.8094003456986968,3.335637317061345,4.411516961034036,7.867833621562029,-0.05495373524020408,-0.2159840034462457,1.5495995256961992,1.9683845295288105,62.314171616497276,57.606468461229376,7.224606122872511,7.976216886773916,482.903571428571,0.8207711374684965,59440.1,57157.85,59440.1,47702.9,-1.0174108051635176,23.337050787268694
2025-11-25,58925.65,59166.15,58746.2,58820.3,0,58398.2625,57019.18,56363.0915,54590.4915,0.7226884532737696,3.1587967417279637,4.359605611768121,7.748251359854502,-0.025579859727176135,-0.13404245385127966,1.1733259486240932,1.2149343749596753,68.25458087519075,62.14298097343224,6.850630770740884,7.983315764116511,485.278571428571,0.8250188649642572,59440.1,57157.85,59440.1,47702.9,-1.042730412633888,23.305501342685666
2025-11-26,58783.05,59554.95,58783.05,59528.05,0,58463.96,57113.555,56388.38,54642.079000000005,1.8200785577986913,4.227534076630325,5.567937933311802,8.941773610041443,1.203241057934079,0.5268841808935276,2.150849468851379,2.257099225101822,81.2755506258915,64.40389591865852,7.959876832058285,8.325329318425204,510.124999999999,0.8569489509567321,59554.95,57157.85,59554.95,47702.9,-0.045168369715689764,24.789163761532322
2025-11-27,59605.3,59866.6,59523.0,59737.3,0,58531.5625,57210.544,56417.83349999999,54689.975750000005,2.05997832366085,4.416591459084887,5.883718487701251,9.2289751106719,0.3515149580743948,0.6564702591675964,2.3215223198266077,2.3157389922968674,80.57819998685179,65.1800841123359,7.9798295998497695,8.335441751725794,474.417857142856,0.7941735852521892,59866.6,57157.85,59866.6,47702.9,-0.21598019596903054,25.227816338210047
2025-11-28,59758.7,59897.5,59598.95,59752.7,0,58617.642499999994,57302.64600000001,56445.04150000001,54737.024000000005,1.9363752133156886,4.275638510654445,5.859962916317441,9.16322378067173,0.02577953807754163,1.5033711186270171,2.1107343010771773,2.966685105055733,80.28429851343925,64.06450882985183,7.523303522639519,8.312451305144677,477.8142857142848,0.7996530461624074,59897.5,57157.85,59897.5,47702.9,-0.2417463166242379,25.26009949080663
2025-12-01,60102.05,60114.3,59527.6,59681.35,0,58712.8925,57386.40699999999,56472.363,54783.520249999994,1.6494801376035029,3.999105572161029,5.682402558575425,8.94033411443655,-0.11940883006122949,1.4379110517741545,1.218821390472291,3.2971968634224913,76.90751848235476,68.02153520219294,7.274366325163199,8.266468185448765,477.3571428571423,0.7998430713399451,60114.3,57157.85,60114.3,47702.9,-0.720211330748265,25.11052787147112
2025-12-02,59354.2,59656.55,59251.95,59273.8,0,58771.51000000001,57457.334,56492.53800000001,54829.095,0.8546487915658344,3.1614171308400776,4.923237826560377,8.106471573167498,-0.6828766440437395,0.77099232747877,0.6359164165927522,2.0177637563262296,65.91687508960875,65.82476460206932,7.698668072322445,8.44757035190013,481.63214285714275,0.8125548604225522,60114.3,57157.85,60114.3,47702.9,-1.3981698198265637,24.256177297397016
2025-12-03,59158.7,59414.9,58925.7,59348.25,0,58847.57000000001,57535.122,56513.885,54875.93125,0.8508082831627422,3.151341192949929,5.015342689677055,8.14987308301943,0.12560355502768683,-0.3020424824935475,0.22325028434013738,2.630602806126192,65.55637838882109,63.913004664449886,7.394645649320254,8.332442332030048,481.6571428571432,0.8115776671715563,60114.3,57157.85,60114.3,47702.9,-1.2743224157979098,24.412247473424042
2025-12-04,59287.1,59548.7,59062.15,59288.7,0,58934.2925,57615.200999999994,56537.21199999999,54925.357749999996,0.6013604048949834,2.904613662633935,4.866684972014547,7.944130778101307,-0.10033994262679258,-0.7509545962070652,-0.09941413062343196,3.0135915245181666,62.72629754930277,67.13199010748153,7.105001762565617,8.286668424178673,477.8285714285713,0.805935315546759,60114.3,57157.85,60114.3,47702.9,-1.3733837040438062,24.28741229568851
2025-12-05,59133.2,59806.6,59106.55,59777.2,0,59029.3125,57700.55,56567.437000000005,54976.84650000001,1.2669764703764712,3.5990124877492398,5.674223847193203,8.731591216313198,0.8239344090863909,0.0410023312753971,1.5449898671087814,3.28352638708429,63.25209072272308,74.8011290736465,7.363977839024237,8.407413124207421,493.26071428571385,0.82516530430618,60114.3,57594.25,60114.3,47702.9,-0.5607650758638224,25.31145905175575
2025-12-08,59672.05,59713.15,59030.6,59238.55,0,59094.3625,57782.890999999996,56592.168999999994,55026.24,0.24399535573296013,2.5191868644994018,4.676231794543885,7.655093279133745,-0.901096070073526,-0.7419403213901776,0.6853022885051407,2.2455212552135784,54.78116281035996,64.49394910221079,8.277793711728672,8.523541005752731,524.8214285714281,0.8859457710754705,60114.3,57594.25,60114.3,47702.9,-1.4568081138763986,24.182282418888583
2025-12-09,58918.85,59358.25,58878.45,59222.35,0,59148.572499999995,57867.81399999999,56614.32600000001,55076.854499999994,0.12473251150736359,2.3407416081070687,4.6066502672839205,7.526747011305821,-0.027347056941817716,-0.08680057630859883,0.6835225253866373,1.8648684211657773,50.09699171721519,63.80584986353188,8.243966766955504,8.48161202499567,517.9714285714284,0.8746215382730143,60114.3,58050.0,60114.3,47702.9,-1.483756776673777,24.148322219403845
2025-12-10,59281.55,59440.9,58853.9,58960.4,0,59182.86,57959.235,56632.2405,55125.362,-0.3758858561414557,1.7273606182000176,4.111014290525909,6.9569393485343465,-0.4423161188301328,-0.6535154785524355,-0.9535840666710982,1.1767552443472384,44.26731793960927,58.72052943609547,8.438350549121107,8.12878099719921,537.4107142857143,0.9114773886976926,60114.3,58050.0,60114.3,47702.9,-1.9195100001164471,23.59919417897025
2025-12-11,58966.2,59423.35,58799.9,59209.85,0,59224.25499999999,58054.212,56656.05100000001,55175.974749999994,-0.02432280490483428,1.9906186996388808,4.507548540578642,7.3109270262597486,0.42308057611548655,-0.1329933022650165,-0.8829491791560784,1.4180752784036965,55.43535242815619,59.68637361726813,8.527187378590414,8.14934167315674,544.5107142857144,0.91962859944032,60114.3,58050.0,60114.3,47702.9,-1.5045504979680446,24.12211836177674
2025-12-12,59401.5,59545.7,59224.85,59389.95,0,59267.875,58149.294,56687.120500000005,55225.074,0.20597161615798962,2.1335701857360387,4.767978115946095,7.541639509618396,0.3041723632132065,-0.6478222466090755,-0.6070855375572948,1.4908348008417782,58.415270696771096,60.28529447777648,8.548927312599892,8.147805708108802,521.3285714285713,0.877806045347018,60114.3,58605.3,60114.3,47702.9,-1.2049545615602375,24.49966354246806
2025-12-15,59053.7,59533.0,59052.3,59461.8,0,59292.829999999994,58231.570999999996,56712.211,55275.71025,0.284975434635197,2.112649511035872,4.848319174154574,7.5731089316939295,0.12098006480896206,0.37686607791715954,-0.3678703648627213,0.846467342913404,59.56891408114563,59.76180876469318,8.161565795454278,7.721956344872069,525.6678571428565,0.884042960594628,60114.3,58649.5,60114.3,47702.9,-1.0854322515607766,24.650283316108666
2025-12-16,59288.75,59335.25,58966.35,59034.6,0,59299.597499999996,58300.477999999996,56734.997,55325.97725,-0.44687908716412067,1.259204084055714,4.05323543068134,6.703221405817997,-0.7184444466867834,-0.3170255824025858,-0.4035509786786129,0.22979919099139767,41.96714906640177,50.74608280585247,8.588331337712308,7.930079236723664,505.9214285714287,0.856991372129952,60114.3,58649.5,60114.3,47702.9,-1.7960784705136785,23.754740277844736
2025-12-17,59072.8,59127.2,58801.4,58926.75,0,59285.13249999999,58356.916,56752.16,55377.35125,-0.6045065345851972,0.97646352661954,3.8317308098933966,6.409477286077311,-0.18268947363071497,-0.05707220439481464,-0.7102147072575837,-0.4885499792708248,36.354606824800825,50.28275308972012,8.382521658694824,7.739175009173809,504.6499999999999,0.8564022281900834,60114.3,58649.5,60114.3,47702.9,-1.9754866978406185,23.528653394238084
2025-12-18,58712.7,59211.0,58712.7,58912.85,0,59263.38999999999,58410.386000000006,56770.628000000004,55428.87375,-0.5914950191003141,0.8602305761170498,3.7734689142420517,6.285489879721758,-0.023588607890312474,-0.5016057294521148,-0.6339319296931767,-0.7327158423999558,35.85420491485742,46.67543859649117,8.332305241057364,7.737189405236991,518.9178571428571,0.880822871653395,60114.3,58649.5,60114.3,47702.9,-1.9986093159198466,23.49951470455674
2025-12-19,59047.4,59140.55,58897.5,59069.2,0,59273.465000000004,58471.405,56796.030999999995,55480.50075,-0.3446145758477367,1.0223715335726895,4.00233776898953,6.468397367520151,0.2653920154940703,-0.5400745412313057,-1.1843980648140073,0.3422929722071588,39.97642088716408,46.962723842345184,7.869595367122415,7.66482324077994,494.37142857142834,0.8369360488569819,60114.3,58649.5,60114.3,47702.9,-1.738521449971148,23.827272555756558
2025-12-22,59224.75,59371.2,59155.5,59304.0,0,59296.89750000001,58533.64399999999,56828.221999999994,55535.297249999996,0.01197786106767828,1.3160909647108372,4.356599437511886,6.786139512380128,0.39749988149493376,-0.2653804627508749,0.11048548622476506,0.7965449342954622,50.52415995556784,55.02707685217196,7.976923625671027,7.679195079159469,485.27142857142826,0.8182777360235874,60114.3,58712.7,60114.3,47702.9,-1.3479321891796177,24.319485817424095
2025-12-23,59334.35,59402.35,59216.75,59299.55,0,59320.86000000001,58587.44,56858.9975,55591.22350000001,-0.03592328229901749,1.2154652942678508,4.292289008437065,6.670704953993313,-0.007503709699174799,0.44880459933667183,0.13035619153918265,0.8147697308582336,49.13369859114848,55.383152426013616,7.975184172655089,7.544034926071292,463.58571428571355,0.7817693629811922,60114.3,58712.7,60114.3,47702.9,-1.3553347539603722,24.31015724410885
2025-12-24,59322.95,59478.15,59118.25,59183.6,0,59303.6375,58638.612,56889.3265,55645.915499999996,-0.20241169860786118,0.9294012620898965,4.032871614326451,6.3574917731383245,-0.195532681108046,0.4358801393255174,0.37855916852667093,-0.5786347780584178,48.16720145089288,54.11671388101979,6.720199416199183,7.570689667584308,454.5392857142854,0.7680156085710999,60114.3,58712.7,60114.3,47702.9,-1.548217312686007,24.067090260759823
2025-12-26,59092.85,59180.65,58947.05,59011.35,0,59267.340000000004,58688.91,56919.8205,55698.5225,-0.431924226732641,0.5494053305811865,3.674518790866526,5.947783444345403,-0.2910434647436122,0.16719612104998394,-0.33524827372473087,-1.215237380999823,34.98892569434922,43.336342532886185,6.625099848044289,7.585806817866812,421.43214285714254,0.7141543836179693,60114.3,58712.7,60114.3,47702.9,-1.8347547921210166,23.706001102658323
2025-12-29,59007.05,59140.4,58809.55,58932.35,0,59226.322499999995,58731.558999999994,56952.968,55750.04574999999,-0.49635447144299094,0.34187922714601315,3.4754676876541315,5.708164374017592,-0.13387255163624934,-0.23167742241303468,-0.7705007328680957,-1.3729086719093897,42.679194759240595,39.258023620471,6.6218287161752025,7.5309887480370135,391.735714285714,0.6647210136465185,60114.3,58712.7,60114.3,47702.9,-1.9661711107007886,23.54039272245502
2025-12-30,58885.95,59272.7,58737.6,59171.25,0,59200.81749999999,58766.532999999996,56988.487,55803.41449999999,-0.04994441166287967,0.68868619491302,3.8301824015787593,6.035178187886708,0.40538006714478936,-0.22384662080129347,-0.48863303835403604,-0.8547058670757224,48.8958513396716,42.677413261129686,6.8269178121171645,7.201632730177733,395.6857142857137,0.6687127858304729,59806.6,58712.7,60114.3,47702.9,-1.5687615093247411,24.041200849424246
2025-12-31,59194.6,59766.2,59187.1,59581.85,0,59216.219999999994,58803.903,57030.703,55860.23975000001,0.6174490705418291,1.322951301378754,4.473286959131465,6.662359965972023,0.693918076768707,0.4760575754790608,0.9269987431099747,0.5197068519311898,62.6175055326578,48.845573732451555,6.861951374213484,7.273215398429617,396.2535714285706,0.6650575157175727,59806.6,58712.7,60114.3,47702.9,-0.8857293522506365,24.90194516475937
2026-01-01,59674.8,59743.2,59569.65,59711.55,0,59234.384999999995,58837.47,57073.706999999995,55919.527749999994,0.8055540713388147,1.4855839314640853,4.621818239351455,6.781212936834949,0.21768374093789067,0.8920545556539317,1.3318229836194906,0.6121494736576194,60.706816338725524,55.42891868093707,6.887272221775777,7.195576960624643,364.1178571428562,0.6097946831774693,59806.6,58712.7,60114.3,47702.9,-0.669973700101307,25.17383639149821
2026-01-02,59757.4,60203.75,59738.25,60150.95,0,59277.4975,58880.345,57120.005,55979.99925000001,1.473497594934738,2.1579442172086387,5.306275796019276,7.4507874345853775,0.735871033326041,1.931153922084472,2.101578857583708,1.4543243484846258,64.62224271770035,59.128644861938724,7.302229457360898,7.349975151074571,375.28571428571325,0.6239065455919038,60203.75,58712.7,60203.75,47702.9,-0.08770217802047697,26.094954394806173
2026-01-06,59957.8,60305.0,59844.8,60118.4,0,59294.557499999995,58921.152,57171.14,56040.28925,1.389406607849306,2.031949409271563,5.155153456796562,7.2771051052346225,-0.05411385855085271,2.0125618611849028,1.7762217873274144,0.5707861860374974,62.80970775293609,59.49400402782869,6.749197991036961,7.354645394336106,373.82142857142753,0.6218086784934854,60305.0,58712.7,60305.0,47702.9,-0.3094270790150046,26.026719549545206
2026-01-07,60039.7,60065.4,59760.65,59990.85,0,59332.1725,58966.977,57215.941,56098.47275,1.1101523376714344,1.7363498216976592,4.8498879009959825,6.9384727590467214,-0.21216466173418214,1.3851321376513015,1.1581849453662363,1.2699500578592815,71.12559372583674,52.66486223541593,5.876117866142302,7.197341031587595,363.98571428571296,0.606735384288959,60305.0,58712.7,60305.0,47702.9,-0.5209352458336812,25.759335386318227
2026-01-08,59893.15,60112.85,59564.8,59686.5,0,59355.380000000005,58998.422,57262.36899999999,56150.33275,0.5578601299494592,1.1662650909544687,4.23337532542534,6.297678173599067,-0.5073273674235268,0.1756407362309087,0.6525344627404284,0.7837412733537219,65.44364264661043,55.93413435425963,6.212217851643543,7.16310103789871,379.86071428571296,0.6364265190381626,60305.0,58712.7,60305.0,47702.9,-1.0256197661885416,25.121323860813487
2026-01-09,59558.15,59739.65,59154.2,59251.55,0,59369.9375,59019.170999999995,57303.07,56198.0775,-0.19940647571002934,0.39373477475650764,3.4003064757263495,5.433410956095435,-0.7287242508774994,-0.7703702215065555,0.11481221149103327,0.49380601217088316,55.878575395723495,50.34819107581509,6.5793460744290835,7.369514320320521,386.08571428571304,0.6516044125186817,60305.0,58712.7,60305.0,47702.9,-1.7468700771080294,24.20953443082077
2026-01-12,59217.25,59541.1,58864.2,59450.5,0,59381.97000000001,59040.475999999995,57344.1565,56245.01575,0.11540539998924178,0.6944794957276512,3.673161536520295,5.699143661454128,0.3357718068134785,-1.1644870114270844,0.7441788740640609,0.40643575351060335,56.52151604296374,55.93327038086243,6.516359006541897,7.377615855345638,417.0749999999986,0.7015500290157335,60305.0,58712.7,60305.0,47702.9,-1.4169637675151314,24.626595028813757
2026-01-13,59767.55,59767.55,59312.05,59578.8,0,59391.4125,59071.43,57382.59550000001,56289.942,0.31551278562368656,0.8589092899901063,3.8273007361613542,5.842709875238458,0.21580979133901668,-0.8975621440357684,1.0969357237578414,0.31798309309909456,54.87770243885129,54.60157896706125,6.472848880211407,7.238236177089187,428.03928571428435,0.7184422742893182,60305.0,58712.7,60305.0,47702.9,-1.2042119227261374,24.895551423498365
2026-01-14,59330.35,59796.65,59324.2,59580.15,0,59397.33,59107.505999999994,57419.7455,56329.31800000001,0.30779161285532486,0.7996344829707543,3.7624766205207307,5.771119046745772,0.002265906664788986,-0.6846044021713293,0.6910450598897278,0.19903534706315895,54.986139739853556,52.48289906532301,6.461180388885755,7.1510399665564846,448.5285714285705,0.7528154451248787,60305.0,58712.7,60305.0,47702.9,-1.2019733023795682,24.89838144012209
2026-01-16,59590.35,60235.15,59510.5,60095.15,0,59450.3575,59147.38,57463.712,56371.75399999999,1.0845897772776274,1.6023871217964416,4.579303891819593,6.605073881504571,0.8643818452957808,0.6846606854146176,0.8615039647140943,1.796488838748811,64.18600308137643,57.41046251769688,6.534419000413455,7.290286013886246,474.58214285714195,0.7897178771617043,60305.0,58712.7,60305.0,47702.9,-0.3479810960948488,25.97798037435879
2026-01-19,60093.3,60107.5,59594.6,59891.35,0,59498.5875,59188.666,57505.070999999996,56415.16575,0.6601207129496933,1.1871935076218836,4.1496844686966865,6.161790369285582,-0.33912886480855775,1.0798029756183603,0.3011142735366956,1.6369475662580957,63.561829614104326,60.57729107766763,6.643647675722461,7.245479128373571,494.32142857142804,0.82536364361703,60305.0,58712.7,60305.0,47702.9,-0.6859298565624765,25.550752679606475
2026-01-20,59851.4,59993.5,59283.95,59404.2,0,59523.15499999999,59225.665,57547.619000000006,56454.3075,-0.19984659751317702,0.30144870471272245,3.226164752359243,5.225274439864477,-0.8133895796304524,-0.07787991690566543,-1.241460026815866,0.834028569318912,56.459186048103376,55.38973866907486,7.362805736362482,7.415735339992875,521.3714285714284,0.8776676204231828,60305.0,58737.6,60305.0,47702.9,-1.493740154216073,24.52953594016296
2026-01-21,59142.0,59447.35,58278.6,58800.3,0,59509.71,59244.135,57584.22899999999,56490.48475,-1.1920911730203292,-0.7491627652256196,2.1118125936877803,4.088857194662326,-1.0165947862272318,-1.3066728433603902,-2.192506786607762,-0.4552287825127066,45.38338041841423,48.87881655625844,8.206163964773742,7.712395170489082,566.6321428571428,0.9636551902917888,60305.0,58278.6,60305.0,47702.9,-2.495149655915757,23.2635751704823
2026-01-22,59194.25,59573.1,58823.05,59200.1,0,59504.51499999999,59269.386000000006,57631.72550000001,56532.34775,-0.5115830286155489,-0.11690014807983219,2.721373490717349,4.718983654804957,0.6799285037661251,-0.6378802336012956,-1.318117679612807,-0.175198974774049,45.23616397329504,51.24365819826326,8.454912296155356,7.846898955569298,579.3357142857141,0.978605972431996,60305.0,58278.6,60305.0,47702.9,-1.8321863858718208,24.1016793528276
2026-01-23,59305.15,59400.15,58346.25,58473.1,0,59463.192500000005,59276.085,57678.253,56567.973,-1.6650510313586104,-1.354652555073434,1.3780705181899349,3.367854457150162,-1.2280384661512378,-2.6991362863725277,-2.032955525956459,-1.3936867986350743,36.550428427145555,42.78093450798447,9.50045054593963,8.317205166323081,642.2178571428574,1.0983133391984645,60305.0,58278.6,60305.0,47702.9,-3.0377248984329683,22.577662993235208
2026-01-27,58366.05,59436.8,58121.6,59205.45,0,59464.284999999996,59294.700999999994,57733.751000000004,56606.013499999994,-0.4352780833066422,-0.15052103897108204,2.5491137757531,4.592156096630977,1.25245625766377,-1.1452405063502535,-0.07780387179745496,0.036919011347724684,40.34613028384722,49.27423335595726,10.573327356529688,8.758929418250135,701.0035714285722,1.184018652722971,60305.0,58121.6,60305.0,47702.9,-1.8233148163502244,24.112894603891995
2026-01-28,59575.65,59699.9,59240.1,59598.8,0,59493.657499999994,59319.03800000001,57789.7145,56646.494000000006,0.1767289227427462,0.4716226180201964,3.130462774651709,5.211807106720491,0.6643814040768303,0.32758626494424625,0.2494512241276503,0.9954864615027592,45.05876982768459,53.0709150616846,10.761998908041159,8.867180199518844,703.4500000000013,1.1803089995100593,60305.0,58121.6,60305.0,47702.9,-1.1710471768510025,24.937477595701733
2026-01-29,59416.25,60060.7,59339.0,59957.85,0,59544.93250000001,59347.844,57852.683,56696.982749999996,0.6934553162857118,1.0278486274918448,3.63884074313373,5.751394680698425,0.60244501567146,1.9686124050387388,0.6362162379906833,1.7401308449433994,49.69941522598509,56.812293076147995,10.909941994964683,8.946449335558317,729.4464285714296,1.2165987082115681,60305.0,58121.6,60305.0,47702.9,-0.5756570765276535,25.690157202182668
2026-01-30,59542.25,59906.9,59501.8,59610.45,0,59566.8925,59360.799000000006,57908.112,56742.48,0.07312367352383765,0.42056543073146757,2.939722849192521,5.054361388504685,-0.5794070334409929,0.6931576129094452,0.05085586390769503,0.7422523607326204,49.312679060435414,54.6989771876819,11.089168550372392,8.904864348346083,722.875000000001,1.212664893487637,60305.0,58121.6,60305.0,47702.9,-1.1517287123787463,24.96189959101018
2026-02-01,59607.65,59865.7,57783.2,58417.2,0,59508.659999999996,59351.15800000001,57951.529500000004,56783.36525,-1.8341196054490208,-1.5736137785214117,0.8035516991833543,2.877312295258856,-2.001746338100119,-0.09559951499065189,-2.792155440164479,-1.9547060052683807,43.3683323662896,45.385109703479266,12.950669496682194,9.996559893594505,829.8071428571436,1.4204842800701567,60305.0,57783.2,60305.0,47702.9,-3.1304203631539718,22.460479341926792
2026-02-02,58239.3,58687.05,57829.85,58619.0,0,59454.032499999994,59339.217000000004,57996.574,56821.4485,-1.4045010319527005,-1.2137285195387801,1.0732116693651585,3.163508758492845,0.3454462042001394,-0.9905338106542483,-2.124430322575799,-1.829713011971723,43.3939779137205,43.952668965387296,12.99949434116592,9.951110761908561,842.6857142857152,1.4375641247474626,60305.0,57783.2,60305.0,47702.9,-2.795788077273858,22.883514419458773
2026-02-03,61411.2,61764.85,59793.2,60041.3,0,59448.55,59353.08900000001,58055.117999999995,56859.7575,0.9970806689145487,1.1595201051793542,3.421200521890263,5.595420451801967,2.4263464064552487,0.7424646133814772,1.072483090421228,-0.18229138525658328,53.047775947281714,51.78174862620291,15.555934764480869,11.356197624636168,1034.8535714285722,1.723569561999111,61764.85,57783.2,61764.85,47702.9,-2.7905030126358206,25.86509415570123
2026-02-04,60163.35,60389.4,59891.75,60238.15,0,59454.5375,59380.498,58115.338500000005,56895.35949999999,1.3180028521792855,1.444332784140682,3.652755975945999,5.875330658557506,0.32785765797875843,0.46749508196175515,2.4453106531769464,0.19919026454462418,54.227161762816394,50.483853068471895,15.598829525546224,11.212402536292645,1036.6535714285721,1.7209253129927997,61764.85,57783.2,61764.85,47702.9,-2.4717942324801196,26.277752505612867
2026-02-05,60315.35,60328.3,59881.05,60063.65,0,59458.177500000005,59405.06399999999,58170.615,56924.22675,1.018316614228541,1.1086361257013548,3.2542805332211175,5.515091603769567,-0.2896835311177348,0.7602693822979179,1.458696860309372,0.12135183948887018,49.78837756130333,49.70091609808859,15.616188555490002,11.235897268390724,1016.8392857142862,1.6929362196840954,61764.85,57783.2,61764.85,47702.9,-2.754317382783245,25.91194665313849
2026-02-06,59967.1,60149.9,59644.55,60120.55,0,59479.880000000005,59431.069,58225.124500000005,56948.307,1.0771205321866792,1.1601356186273541,3.255339539892263,5.570390354185599,0.09473283758145712,2.9158364317358743,2.817449391258542,0.72721637221147,51.57080980316906,50.71402618279513,15.497102386452926,11.23532396673833,1016.3000000000003,1.6904369637336987,61764.85,57783.2,61764.85,47702.9,-2.6621937882144873,26.03122661305707
2026-02-09,60805.2,60876.2,60495.7,60669.35,0,59550.77,59453.895,58283.725,56973.41775,1.8783636214947375,2.0443656382815654,4.093123766540317,6.487116967807322,0.912832633766647,3.497756700046062,2.472576426663431,2.392848794672875,58.59798158279251,55.268984372905884,15.511509814961785,11.0996119064923,1019.5928571428568,1.6805732336721206,61764.85,57783.2,61764.85,47702.9,-1.7736625281207679,27.181680778317453
2026-02-10,60740.8,60797.55,60531.55,60626.4,0,59609.56499999999,59471.677,58341.11050000001,56999.6995,1.7058252312359836,1.9416351753457333,3.9171169016400387,6.362665999668997,-0.07079357204254899,0.974495888663296,1.7241957891769522,1.9779480408070649,63.43451583950091,57.693835865581015,15.504618207826834,11.079203830137404,955.1107142857139,1.5754039729980895,61764.85,57783.2,61764.85,47702.9,-1.8432004611036814,27.091644323510728
2026-02-11,60670.25,60779.95,60444.65,60745.35,0,59667.8925,59491.53,58397.087999999996,57027.41925,1.8057575940024977,2.107560521640643,4.021197084347772,6.519549365720244,0.19620165472467033,0.8419913294149817,1.3134226794323078,1.9579951257829853,61.858352070847,57.3116124114176,15.50287382586421,11.085321227447984,923.8607142857139,1.5208747900632953,61764.85,57783.2,61764.85,47702.9,-1.65061519618359,27.34100023269025
2026-02-12,60786.15,60864.4,60597.65,60739.75,0,59725.8725,59512.698000000004,58449.5525,57057.797750000005,1.6975515929047371,2.061832249648631,3.91824642284473,6.453022014856846,-0.009218812633393636,1.1256392177298569,1.8944664903552955,1.946285801563108,69.56015222512752,56.64763715278771,15.503902660624675,11.080169101405977,867.6357142857139,1.4284479509476313,61764.85,57783.2,61764.85,47702.9,-1.6596818416947479,27.32926090447331
2026-02-13,60504.4,60621.9,60073.55,60186.65,0,59730.44750000001,59530.955,58494.1445,57081.567,0.7637687629914242,1.1014353792913278,2.893461413047932,5.439729781770004,-0.9106063162920508,0.10994576729588257,3.0289880377696976,0.15225854332669986,58.737621999002684,53.26644262047869,15.624436610963222,11.167767052549388,821.2785714285704,1.3645527229519676,61764.85,57783.2,61764.85,47702.9,-2.55517499030597,26.169792612189198
2026-02-16,59947.8,61011.3,59861.1,60949.1,0,59783.335,59562.972,58549.047,57109.35625,1.9499832185675148,2.3271639299664177,4.099217874545421,6.7234933155108045,1.2668091678137872,0.46110597855424373,3.9749910438594993,1.7661148062282805,61.282775447450646,54.47973770491802,16.175671977566253,11.505213456744553,868.1178571428562,1.4243325285243855,61764.85,57783.2,61764.85,47702.9,-1.3207350135230638,27.76812311201205
2026-02-17,60821.15,61241.6,60560.0,61174.0,0,59871.825,59600.67800000001,58607.9395,57139.790499999996,2.1749378777079253,2.639771983801917,4.3783496261628505,7.0602455219012485,0.3689964248856814,0.903236873705171,1.8865347685676381,2.9792506253766726,60.39488867045603,56.71379294100406,15.838404490681407,11.520689554235654,865.2535714285706,1.4144139200127024,61764.85,57783.2,61764.85,47702.9,-0.9566120536194915,28.239582918438916
2026-02-18,61255.35,61596.85,61100.9,61550.8,0,60009.35,59636.15,58668.35,57171.96775,2.568683046891867,3.2105526597541947,4.913126072234867,7.659054642211434,0.6159479517442001,1.3259451134942868,2.179100785797705,4.677697222633226,66.50196031739289,61.367295064605,15.292046912306306,11.459544769375473,868.1035714285707,1.4103855212744119,61764.85,57783.2,61764.85,47702.9,-0.34655633422568927,29.02947200275036
2026-02-19,61660.85,61678.8,60592.9,60739.55,0,60086.322499999995,59666.17,58724.5305,57201.068,1.0871484105222253,1.798975868570087,3.4313079778475233,6.18604184103696,-1.318016987593984,-0.00032927366345747444,1.125306237632917,2.6004179046994924,71.12321839498657,60.04860431013489,16.13907622188442,11.67575306357213,796.9178571428565,1.3120246316326947,61764.85,57783.2,61764.85,47702.9,-1.660005650462999,27.328841642751282
2026-02-20,60627.85,61360.5,60562.35,61172.0,0,60221.2675,59705.163,58786.4885,57235.570999999996,1.578732131468336,2.456800930264606,4.057924806990301,6.877591908710063,0.7119743231551734,1.6371570771923638,1.7489028293985909,4.615626672777751,72.28604350710575,60.1833298905185,15.421834163829784,11.767297697760123,792.6999999999991,1.2958543124305224,61764.85,57783.2,61764.85,47702.9,-0.959850141302049,28.235390301218583
2026-02-23,61145.55,61517.8,61029.15,61264.25,0,60324.207500000004,59751.24,58855.2375,57268.83774999999,1.5583171979507493,2.53218175890576,4.093114907573004,6.97659042329702,0.1508042895442374,0.5170708017017578,0.9805610246359953,3.477382572043619,63.90426922858281,65.4254055099616,14.941752127541363,11.710343891877661,602.8999999999994,0.9840975772983419,61764.85,57783.2,61764.85,47702.9,-0.8104933469440929,28.42877477050661
2026-02-24,61392.1,61435.65,60801.85,61047.3,0,60396.63250000001,59787.989,58921.10050000001,57302.24600000001,1.0773241372356246,2.106294292654669,3.60855361145197,6.5356146773025205,-0.35412169413646666,-0.20711413345538832,0.6942520090257753,2.4304180621086413,59.15773509738905,60.79396613864524,14.936935068722452,11.7230013601347,612.6249999999994,1.0035251354277739,61764.85,57783.2,61764.85,47702.9,-1.1617449083094926,27.973980617530593
2026-02-25,61175.05,61317.55,60816.75,61043.35,0,60450.907499999994,59821.057,58985.1755,57339.486500000006,0.9800390506958141,2.0432487510208954,3.4893080889451635,6.459533780442891,-0.006470392629986943,-0.824440949589611,0.49057252941995255,1.8104384997127188,61.533209332988015,58.870487384018304,14.834464760104538,11.710982713887162,616.4499999999997,1.0098561104526533,61764.85,57783.2,61764.85,47702.9,-1.1681401314825504,27.965700198520416
2026-02-26,61193.9,61284.75,60813.3,61187.7,0,60529.77,59855.575,59043.573,57368.510749999994,1.0869527506878025,2.225565454846938,3.63143165472049,6.6572919534955926,0.2364712945799985,0.7378223908474757,0.737490687729192,2.645928692033017,62.30924505450139,57.756614424016895,14.624529959984455,11.717065891434055,614.028571428571,1.0035163463058279,61764.85,57783.2,61764.85,47702.9,-0.9344311529939787,28.268302346398215
2026-02-27,61057.45,61086.45,60438.95,60529.0,0,60635.36,59885.462999999996,59092.970499999996,57396.451499999996,-0.17540920017626777,1.0746130492470334,2.430118993595024,5.457738968409928,-1.0765235496676517,-1.0511345059831312,0.5688138482537131,3.6150311894442178,48.421135522482096,55.574368404124286,13.123603301553471,11.866027701496167,613.5357142857143,1.013622749897924,61764.85,57829.85,61764.85,47702.9,-2.000895331244225,26.887463864880328
2026-03-02,59204.3,60177.5,59148.0,59839.65,0,60696.3925,59903.721,59130.318499999994,57421.64325,-1.4115212860467783,-0.10695662795303863,1.199607101727361,4.210967525733427,-1.138875580300347,-2.325336554352664,-1.820289389014762,2.082345314659073,42.27320493807759,59.19471503461475,13.910880303400708,12.154265377879126,693.1785714285714,1.1583934254772068,61764.85,59148.0,61764.85,47702.9,-3.116983203229664,25.442373524460777
2026-03-04,58447.15,59058.4,58393.55,58755.25,0,60632.090000000004,59900.568999999996,59155.4775,57438.6415,-3.095456547844555,-1.9120335901984438,-0.6765687928053676,2.292199929554396,-1.8121763746947073,-3.7545477031744268,-3.953885637689214,-2.14194229638599,33.570544043589535,50.79051956717242,12.612409609488514,12.84141210687019,772.5214285714288,1.3148125972937377,61678.8,58393.55,61764.85,47702.9,-4.872674344712241,23.16913646759421
2026-03-05,59008.25,59274.35,58506.4,59055.85,0,60572.975,59900.302,59185.853500000005,57457.14625,-2.5046235553066363,-1.409762508376009,-0.21965299528882548,2.7824280430565254,0.5116138557830885,-3.2558829094405883,-4.053481027054085,-1.9627096781690723,36.74407620247183,43.426871485649066,12.71256004778039,12.879634407999157,808.3214285714286,1.368740655788425,61678.8,58393.55,61764.85,47702.9,-4.385989766023879,23.799286835810815
2026-03-06,58629.6,58807.15,57696.4,57783.25,0,60458.954999999994,59869.887,59201.7655,57468.958999999995,-4.425655388850163,-3.4852863510499064,-2.396069590188153,0.5468882775482409,-2.1549092934908254,-5.563945041241947,-4.867174682723208,-3.7966390653914717,33.00523264036201,35.68037051727754,14.663838710354552,13.724310110146886,857.8392857142857,1.484581233686727,61678.8,57696.4,61764.85,47702.9,-6.446384958435095,21.13152449851057
2026-03-09,56121.4,56274.15,55270.6,56019.8,0,60253.917499999996,59804.292,59195.865999999995,57474.67125,-7.027124004011845,-6.328127753773924,-5.365351019613416,-2.531325918632369,-3.051835955921478,-7.449652232814019,-8.4224808736023,-6.820879050507688,19.46667492566897,30.100632335211444,17.778495851590428,15.290211994524523,955.1571428571426,1.7050349034754542,61678.8,55270.6,61764.85,47702.9,-9.301487820337936,17.43478907990919
2026-03-10,56583.85,57097.05,56387.2,56950.8,0,60067.990000000005,59759.636,59199.123999999996,57484.049750000006,-5.189436170579375,-4.700222738973838,-3.797900793261727,-0.927648195141301,1.6619123952602566,-4.827651899701946,-7.040729299713943,-6.129206922441066,25.944680511728038,35.63754831284518,18.659321206867,15.796484746774574,983.4178571428571,1.7267849742986174,61678.8,55270.6,61764.85,47702.9,-7.794158004107507,19.38645239597593
2026-03-11,56790.4,56938.4,55631.95,55735.75,0,59823.4575,59694.124,59191.517,57488.022000000004,-6.832950937347607,-6.631094879623333,-5.838280846899058,-3.0480645168136142,-2.1335082211312306,-5.139115228000901,-8.700712398418931,-8.06686526001874,19.764775616528055,28.918221363803383,19.71646979078954,16.4556677398893,1042.1964285714291,1.8698885877940625,61678.8,55270.6,61764.85,47702.9,-9.761377223453144,16.839332619190863
2026-03-12,55008.2,55636.95,54760.55,55100.95,0,59541.2375,59617.49600000001,59174.5275,57486.5355,-7.457499518715925,-7.575873364423103,-6.884005115207721,-4.149816090413035,-1.1389458292029864,-6.696881003321431,-9.734721308709304,-9.291904647845472,20.134217523490676,27.525939664604465,19.73955373118335,16.61742593623362,1034.2892857142858,1.8770806777637878,61678.8,54760.55,61764.85,47702.9,-10.789146253896838,15.508595913455986
2026-03-13,54592.05,54713.75,53675.7,53757.85,0,59192.1425,59509.227999999996,59137.8805,57477.46475,-9.180766687064931,-9.664682593429035,-9.097435441569472,-6.471431483936494,-2.4375260317653247,-6.966378665097583,-12.142718226048698,-11.494778954473805,14.184753467207031,24.153109764668443,20.825114753819427,17.35649298457858,1079.082142857143,2.0073015249998707,61678.8,53675.7,61764.85,47702.9,-12.9636840371182,12.693043819138872
2026-03-16,53721.5,54664.15,53258.15,54413.4,0,58903.48,59405.859000000004,59104.880999999994,57472.767750000006,-7.622775428548537,-8.403984192872292,-7.937552568627949,-5.323160637239373,1.2194498105858154,-2.8675575421547417,-10.103586710502398,-9.592243462628335,18.6139629919781,27.67231004337529,21.7561186570756,17.532689747933343,1144.607142857143,2.103539096724599,61678.8,53258.15,61764.85,47702.9,-11.902319846967972,14.067278928534744
2026-03-17,54649.1,54996.0,54113.15,54876.0,0,58599.825,59309.14800000001,59073.309,57470.062750000005,-6.35466914790274,-7.474644552304153,-7.105254591375609,-4.513763559445573,0.8501582330822988,-3.643144609030957,-8.29491816880613,-9.964216042566665,22.349567632958454,31.13653558577917,21.35546264316503,17.662613813410566,1162.3964285714283,2.1182236835254544,61678.8,53258.15,61764.85,47702.9,-11.153350165992467,15.037031291598622
2026-03-18,54927.05,55554.15,54689.1,55326.05,0,58307.427500000005,59212.65,59046.4975,57468.962750000006,-5.113203630875333,-6.563800133924083,-6.300877541466359,-3.7288175172432583,0.8201217289889984,-0.7350757817020437,-5.836414618268149,-9.559535096609661,25.36835665540775,29.573566111964794,21.660930980832617,17.685653761241092,1188.4142857142854,2.148019397217559,61678.8,53258.15,61764.85,47702.9,-10.424699485225004,15.980474981604894
2026-03-19,53474.55,54150.3,53240.6,53451.0,0,57902.4375,59079.302,59000.227,57457.46925000001,-7.687824022952401,-9.526690074977532,-9.405433304519319,-6.972930242659459,-3.3890906724770797,-2.9944129819903242,-9.490761711159855,-13.15953651292916,20.993828873075756,24.948586701958575,23.528138068190596,19.10947357453343,1303.7000000000003,2.439056331967597,61678.8,53240.6,61764.85,47844.95,-13.460487639814552,11.717119570612997
2026-03-20,53548.2,54382.45,53297.55,53427.05,0,57536.8125,58948.026,58957.50149999999,57445.0875,-7.1428400730401895,-9.365836949315309,-9.38040344196063,-6.994571119767201,-0.04480739368767361,-0.6153519904534832,-7.5388629057728584,-12.039107961781081,22.042979006499223,23.031315046028098,23.513227806285997,19.113865144119657,1327.7107142857142,2.4850908187626195,61517.8,53240.6,61764.85,48006.1,-13.499263739813172,11.292210781546522
2026-03-23,52576.1,52665.3,51323.6,51437.75,0,57050.1,58783.051,58890.73649999999,57424.27649999999,-9.83758135393277,-12.495610341831355,-12.655617747283552,-10.425079539312948,-3.723394797204793,-5.4685978086280285,-8.179340161871341,-15.912917674753157,19.996428954040653,21.360571446165196,25.35737033885152,20.65987749817147,1379.314285714286,2.6815214229127164,61517.8,51323.6,61764.85,48196.1,-16.720027653268808,6.725959154371415
2026-03-24,52384.8,52949.15,51827.5,52605.65,0,56617.17,58650.13300000001,58834.652,57408.9205,-7.085341778827867,-10.306000499606721,-10.587301510681154,-8.366766798898437,2.270511443443768,-4.137236679058242,-7.629655773053234,-14.1332016632865,28.16968406105788,24.76767236427797,27.493927258527417,21.414747323021587,1383.9785714285717,2.630855376615576,61435.65,51323.6,61764.85,48629.45,-14.829146351039462,8.17652677544164
2026-03-25,53024.75,54146.15,53024.75,53708.1,0,56250.21,58535.285,58787.8805,57398.656749999995,-4.519289794651434,-8.246624236988005,-8.64086348545939,-6.429691841177096,2.0956874404175263,-2.924390951459588,-3.637970243515165,-12.02215331390578,32.038678430964254,28.993363969719454,29.2730350835549,22.009525537799885,1439.160714285715,2.6795971450967637,61317.55,51323.6,61764.85,49156.95,-13.044231468221811,9.258405983284156
2026-03-27,53244.25,53292.5,52211.2,52274.6,0,55811.7725,58389.200999999994,58730.3155,57377.137749999994,-6.337681714014728,-10.472143641766902,-10.992134888156695,-8.89298063669967,-2.6690573675106744,-2.200894277001364,-5.129403395041276,-14.364791578443848,31.696100745958702,27.156449689350424,30.045882897429248,22.67641987243433,1448.9785714285722,2.7718597013244906,61284.75,51323.6,61764.85,49156.95,-15.365130814694766,6.3422364487625895
2026-03-30,51527.9,51624.5,50105.25,50275.35,0,55266.155000000006,58203.105,58655.305499999995,57344.3165,-9.03049072257697,-13.620845485820738,-14.286781781402533,-12.327231243570585,-3.8245151565004853,-5.899071724903404,-6.478123660079415,-17.834221583749677,31.207082124244693,24.60017927065151,31.68153495475422,24.04270801100954,1424.4571428571435,2.833311240711688,61086.45,50105.25,61764.85,49156.95,-18.60200421437112,2.275161498018086
2026-04-01,51433.9,52025.85,51133.55,51448.65,0,54812.1375,58030.175,58588.7775,57318.41425,-6.136391780014045,-11.341556354086475,-12.186851824993267,-10.240625681649943,2.3337480494914464,0.021190662499814827,-5.448565978233299,-15.001652100645968,32.28068028481533,28.090812766158493,33.75738466637587,24.636351909583983,1472.5464285714293,2.862167284411601,60177.5,50105.25,61764.85,49156.95,-16.702380075398867,4.662006084592321
2026-04-02,50625.65,51731.95,49954.85,51548.75,0,54397.592500000006,57863.323,58525.9945,57293.85925,-5.237074600314354,-10.912911102599478,-11.921616299916101,-10.027443298820895,0.19456292827897403,-2.009099783008106,-6.0632152489248465,-13.85519467443409,35.47280183749801,29.27699972539328,33.90494940611696,24.66092652837609,1505.2785714285715,2.920106833683788,59274.35,49954.85,61764.85,49156.95,-16.540313786886877,4.865639548426017
2026-04-06,51747.6,52704.55,51111.1,52609.1,0,54090.284999999996,57727.420999999995,58476.543,57276.492,-2.7383568047385918,-8.866360061364938,-10.033840406742238,-8.148878950198277,2.0569848929411494,-2.0462462831491,-4.910796993459687,-10.46059713812808,41.60227008482488,33.59552779586494,35.017004047020535,25.182610458847666,1549.4392857142864,2.945192534588667,59274.35,49954.85,61764.85,49156.95,-14.823560649787055,7.022709911823255
2026-04-07,52258.7,52778.2,51868.45,52716.25,0,53773.30499999999,57605.74,58424.9375,57262.4365,-1.9657616358153793,-8.487852078629661,-9.770977504254926,-7.939212471338,0.2036719883061977,0.8448653839532083,-1.3746234869319585,-10.734922958521464,46.17072901731555,35.66314200113004,34.91269368772945,25.135607600324793,1512.6178571428577,2.869357849131639,58807.15,49954.85,61764.85,49156.95,-14.650080102194046,7.240685193039852
2026-04-08,54904.45,55778.25,54797.5,55703.9,0,53669.3375,57535.816,58402.601,57261.231499999994,3.7909215853465676,-3.1839576238911733,-4.620857553929834,-2.71969613507176,5.667417542029263,10.797637410778837,4.2616053104185925,-3.5985341772918567,54.04987258827812,42.94271343241475,40.68680336061281,28.330337526675702,1630.9035714285721,2.927808594063561,57097.05,49954.85,61764.85,49156.95,-9.812943769797865,13.31846259786257
2026-04-09,55505.95,55583.1,54626.85,54821.7,0,53609.43250000001,57462.788,58369.4365,57256.76925,2.2612951554747145,-4.596171003745943,-6.078072211644541,-4.252893207033334,-1.5837311211602811,6.556148703610298,6.57872865745488,-2.1387080996362107,49.83396729492055,43.66045530926566,39.61869044191366,28.413912719140587,1644.775000000001,3.000226187805196,57097.05,49954.85,61764.85,49156.95,-11.241264246573904,11.523802839679842
2026-04-10,55182.25,55978.5,55145.25,55912.75,0,53557.530000000006,57396.934,58345.8175,57257.189249999996,4.397551567445312,-2.5858245320211726,-4.170080400364597,-2.3480706398803814,1.9901790714260903,8.465772690899387,6.286587087128481,-1.822713640545881,51.726278746792815,49.764054775438765,39.826543245986436,28.643601377192685,1665.6142857142866,2.978952538936623,56938.4,49954.85,61764.85,49156.95,-9.474806463546821,13.743326223453659
2026-04-13,54646.0,55752.65,54356.2,55605.05,0,53550.994999999995,57317.058999999994,58318.048500000004,57257.327249999995,3.835699037898377,-2.986910057614769,-4.652073534319314,-2.885704466758867,-0.5503217065874866,5.694737222267632,3.5319625903727836,-0.234499401192223,56.98194913084207,46.95007943504797,39.12472730024954,28.60702283946096,1627.835714285715,2.927496179368088,55978.5,49954.85,61764.85,49156.95,-9.972986253508259,13.117372009451373
2026-04-15,56343.45,56786.25,56109.2,56301.95,0,53611.045000000006,57243.941000000006,58295.8925,57257.57275000001,5.019310852828911,-1.6455732843411481,-3.420382490927649,-1.6689892779291966,1.2533034319724523,6.8018874635430215,7.704219640131149,2.1796357413075507,58.92892637960591,51.31406105672602,39.108762159564584,28.728931167787326,1634.7142857142867,2.903477207653175,56786.25,49954.85,61764.85,49156.95,-8.844674600521172,14.535075915002865
2026-04-16,56657.25,56834.25,55898.25,56086.4,0,53727.472499999996,57173.46,58267.1295,57257.708000000006,4.390542473405957,-1.901336739109366,-3.7426410374308916,-2.045677413423542,-0.382846420061822,0.6866664632099395,11.558447628907608,4.331553438242053,66.22559781641252,52.3324646798882,37.97877459098134,28.715790009030233,1551.3250000000007,2.765955739715868,56834.25,49954.85,61764.85,49156.95,-9.19365950050878,14.096582477147187
2026-04-17,56072.4,56628.7,55841.65,56565.7,0,53835.0875,57136.43,58243.794,57258.227,5.072179923548922,-0.9988898501358996,-2.8811550291521266,-1.2094803424493075,0.8545743709704956,3.181222034340414,9.945936385114074,3.9554595007847304,64.52009137275465,56.929250253567844,37.87583817095923,28.460737956764575,1499.5857142857146,2.6510512806978697,56834.25,49954.85,61764.85,49910.85,-8.417651787383926,13.333473583399199
2026-04-20,56704.05,57085.1,56356.55,56582.35,0,53920.405000000006,57095.69699999999,58217.456999999995,57258.032999999996,4.936804536241877,-0.8990992788826001,-2.808619758159475,-1.180066734042361,0.029434798826843966,1.1975801583717471,9.764737263270206,3.109464975581311,61.450602160047495,55.52684621049386,37.80704286500852,28.447072499621385,1441.5892857142858,2.5477720273447213,57085.1,49954.85,61764.85,49910.85,-8.390694707426634,13.366833063351958
2026-04-21,56823.6,57456.3,56696.3,57371.45,0,54022.675,57042.3,58197.694500000005,57258.856750000006,6.198832249606288,0.5770279248908163,-1.4197203292993126,0.1966390116582109,1.3946045012269703,3.176689886979678,9.05233125067717,3.6969926463212177,71.40409448818899,56.254746609385684,37.99057486295471,28.076123344877736,1397.0928571428574,2.4351709031981192,57456.3,49954.85,61764.85,49954.85,-7.1131072122736505,14.846606485656547
2026-04-22,57163.35,57438.2,57002.15,57124.45,0,54206.347499999996,56980.026000000005,58180.262,57257.2595,5.383322497425234,0.2534642578085025,-1.8147254132337962,-0.2319522470334142,-0.4305277276415387,1.460873024824183,8.362127427500997,6.872556172943445,83.72611778609416,54.55397206437954,35.653997358464025,28.071697489661734,1273.2857142857142,2.2289680063190356,57456.3,49954.85,61764.85,49954.85,-7.513011041069478,14.352160000480433
2026-04-23,56608.95,56868.7,56217.15,56305.0,0,54350.244999999995,56904.85300000001,58154.95849999999,57252.22075,3.596589123011322,-1.054133291584129,-3.181084722122179,-1.654469883598359,-1.4344995881798384,0.3897558053289174,1.0790985909424622,5.386690824217322,74.77691667984676,57.63518068679173,36.19868596954227,28.2306186578858,1213.0571428571425,2.154439468709959,57456.3,49954.85,61764.85,49954.85,-8.839736516805269,12.711778736198792
2026-04-24,56170.2,56460.5,55750.4,56089.75,0,54582.844999999994,56824.237,58127.653,57245.37224999999,2.760766684111109,-1.2925593703968274,-3.505909657147173,-2.018717329591639,-0.38229286919456706,-0.84141096105943,2.3130439223884025,9.043941463224957,72.8989541415792,57.051231125305186,33.09898466156533,28.23282043058024,1136.842857142857,2.026828176525759,57456.3,49954.85,61764.85,49954.85,-9.1882357036405,12.280889643347946
2026-04-27,56162.6,56474.95,55911.1,56264.3,0,54765.777500000004,56736.136,58095.0155,57241.69775000001,2.7362388856800197,-0.8316322422802915,-3.151243672531593,-1.7074925944173338,0.31119767872027637,-0.5621010792234649,0.6287474681535121,6.954861312425575,70.24032338446209,64.14054557652926,32.3963072947265,28.151467954753663,1063.2999999999993,1.8898306741575017,57456.3,49954.85,61764.85,49954.85,-8.905631601145304,12.630305165564515
2026-04-28,55862.5,56138.05,55263.75,55400.35,0,54850.38999999999,56631.615,58051.64600000001,57234.73975000001,1.0026546757461643,-2.174165437450441,-4.567133204112781,-3.2050285508636547,-1.535520747614394,-3.4356809876689542,-0.3681320311734404,3.1508282735751125,63.713558750498144,58.33621677086813,32.37476658957606,28.325731696927136,1069.7857142857138,1.931008945405063,57456.3,49954.85,61764.85,49954.85,-10.304404527818006,10.900843461645866
2026-04-29,55634.5,56178.75,55290.5,55403.6,0,55006.840000000004,56524.78,58008.155,57226.59825,0.7212921156714233,-1.9835194405002556,-4.4899807621876615,-3.185578569664507,0.005866388930764188,-3.0124578879971664,-1.5955930478429248,5.985698599319744,47.79252855819695,55.41236784309719,30.60214970620607,28.31648683223535,914.5178571428567,1.650646992511058,57456.3,49954.85,61764.85,49954.85,-10.299142635333851,10.907349336450816
2026-04-30,54880.65,55111.6,54440.25,54863.35,0,55236.240000000005,56407.25199999999,57959.975,57216.168999999994,-0.6750821562076033,-2.7370629577913044,-5.342695541190278,-4.112157526659983,-0.9751171404024261,-2.560429801971409,-2.18065342043704,9.125744524901357,50.32237091618357,58.76357062820118,26.951753417286767,28.3715458550451,906.3964285714277,1.6520982196155134,57456.3,49954.85,61764.85,49954.85,-11.173831070584644,9.825872763105084
2026-05-04,54937.9,55602.3,54723.5,54878.5,0,55407.7325,56301.08899999999,57916.02199999999,57204.28,-0.9551600040662164,-2.5267521912409063,-5.244700680581948,-4.0657447309886585,0.02761406294000679,-2.1594854674873765,-2.9827262811208843,6.666550045530828,40.39524150035752,68.00095417981598,26.042951490098954,28.32674588518092,886.5392857142849,1.6154583046444144,57456.3,49954.85,61764.85,49954.85,-11.149302556389271,9.856200148734311
2026-05-05,54691.3,54888.55,54221.65,54547.05,0,55557.6475,56173.047999999995,57868.01,57190.9475,-1.819007005291209,-2.8946230583748855,-5.738852951743112,-4.622930053746703,-0.6039705895751424,-3.052112973946175,-3.597058093203964,5.81643589805767,40.217833499759585,62.970529135967865,26.25376085777265,28.14990672771234,822.9928571428562,1.5087761063941243,57456.3,51111.1,61764.85,49954.85,-11.685934637581077,9.192701009011147
2026-05-06,55113.4,56078.8,54587.2,55981.05,0,55726.24500000001,56069.18899999999,57834.93350000001,57186.07274999999,0.457244158475047,-0.15719685191092797,-3.2054735569117643,-2.107196196647355,2.6289231039992034,1.0481883237199785,-2.4235050709019768,6.409442472880178,47.38889160116524,66.69051581951967,26.834702078041982,28.836279132895587,848.0321428571422,1.5148557286030577,57456.3,51868.45,61764.85,49954.85,-9.364225769187485,12.063293153717817
2026-05-07,56114.0,56334.15,55783.2,56047.4,0,55892.802500000005,55959.121,57797.6355,57182.53625,0.27659643654475224,0.15775623065988165,-3.0282129794046595,-1.985110008127693,0.1185222499399341,1.1620183525980377,-1.8854448489219466,6.319019277736948,49.67476691629001,63.995148120710866,26.84148424436786,28.788926566246868,820.528571428571,1.4639904285097454,57456.3,54221.65,61764.85,49954.85,-9.256802210318646,12.196113090120384
2026-05-08,55783.95,55797.7,55062.5,55310.55,0,55873.134999999995,55850.541000000005,57758.355500000005,57175.26225000001,-1.006897142965026,-0.9668500793931464,-4.238011070103964,-3.2613969339511057,-1.314690779590133,0.8151161020973019,-1.7661841754728624,-0.706144453081381,39.9640187102707,60.04483645149301,18.55656526808644,28.788246014965672,834.6607142857143,1.5090443220790868,57456.3,54221.65,61764.85,49954.85,-10.449794664764823,10.721081136266058
2026-05-11,54832.45,55002.45,54360.7,54439.9,0,55854.045,55715.899000000005,57710.530999999995,57162.42850000001,-2.5318578090449795,-2.2901882997526495,-5.667303598367504,-4.762793624137237,-1.5741119912928037,-0.7992200953014339,-2.941446520977542,-0.6964395485729136,34.927714657568,44.14630531834096,18.545904295625697,28.884958708300594,850.4678571428578,1.5622142163061612,57456.3,54221.65,61764.85,49954.85,-11.859415185174086,8.978207321211059
2026-05-12,54178.4,54365.45,53457.5,53555.2,0,55736.1675,55561.71800000001,57656.47900000001,57144.359749999996,-3.9130202125935662,-3.6113318166295914,-7.113301178172897,-6.2808644032449745,-1.6250948293439316,-1.818338480266124,-4.814953709545855,-4.216480140933876,23.50875000867714,44.136085414525276,17.749523188778856,29.04346258308373,858.2142857142862,1.602485446257854,57456.3,53457.5,61764.85,49954.85,-13.29178327155332,7.207208108922354
2026-05-13,53600.4,54103.9,53194.25,53456.15,0,55628.722499999996,55409.895,57598.942,57127.4965,-3.905486954153935,-3.5259857467695896,-7.192479334082215,-6.426583913054898,-0.1849493606596475,-4.5102762452651435,-3.509364110515545,-3.8645770483076602,24.00175764362362,37.47540047516594,17.703727056955962,29.042893764929623,892.0428571428581,1.6687375674133995,57456.3,53194.25,61764.85,49954.85,-13.452149564031965,7.008929062943844
2026-05-14,53639.5,54393.75,53191.6,54128.95,0,55520.072499999995,55271.60699999999,57546.331999999995,57116.72625,-2.5056208274944125,-2.0673489735878174,-5.938487964793304,-5.231000524999456,1.2586016763272312,-3.4229063257171677,-2.300662772816209,-3.8595466054017646,34.25035283899683,42.744440730618706,17.709468909669653,29.235418395833513,913.1035714285728,1.6869042747523697,57456.3,53191.6,61764.85,49954.85,-12.362856867619692,8.355745237949867
2026-05-15,54207.75,54325.45,53628.3,53710.35,0,55401.270000000004,55122.06,57488.8175,57100.51425,-3.0521321984135117,-2.5610617600285606,-6.57252603952064,-5.9371868967012,-0.7733384815334476,-2.8931189438543004,-2.1015851201211744,-4.236410252752898,33.27099386917148,36.9030412678519,17.819561013116726,29.241596213008837,912.1785714285725,1.6983292259845122,57456.3,53191.6,61764.85,49954.85,-13.040588619578935,7.517788563072454
2026-05-18,53282.15,53667.55,52783.45,53537.0,0,55249.835,54982.22,57433.8415,57084.41925,-3.1001631045594964,-2.6285224568960674,-6.784922265734222,-6.214338862701138,-0.3227497121132128,-1.6585261912678062,-2.4444910119627905,-5.3543048172302266,30.821754050405005,37.06111635555283,17.37087576044525,29.180095532889734,938.1107142857155,1.752266123028402,57456.3,52783.45,61764.85,49954.85,-13.321249869464587,7.1707752100146465
2026-05-19,53553.75,53770.65,53337.05,53409.15,0,55091.175,54853.61,57378.665499999996,57065.412749999996,-3.0531659562534315,-2.633299795583188,-6.918103558891578,-6.4071432656026746,-0.23880680650764097,-0.2727092793976982,-2.0860889818972828,-5.608109242546478,34.38103007389046,33.38701613115445,17.33579220287122,29.105575024208218,897.6142857142867,1.6806376542489194,57456.3,52783.45,61764.85,49954.85,-13.52824462457206,6.914844104226122
2026-05-20,53015.7,53640.9,52836.1,53562.2,0,54900.7125,54749.749,57325.15899999999,57047.893500000006,-2.438060343934524,-2.169049213358049,-6.56423648122807,-6.110117808293848,0.2865613850810078,0.19838690216185118,-4.320837140425205,-6.639626504123564,35.88770864946885,34.329876046136334,16.331105265325892,28.892257039621445,891.6535714285726,1.6647067734868484,57438.2,52783.45,61764.85,49954.85,-13.28044996466437,7.2212207623483975
2026-05-21,53963.1,54109.15,53156.15,53439.4,0,54716.46,54637.42,57268.861000000004,57032.445999999996,-2.333959470331227,-2.1926730800978467,-6.686811878448225,-6.300003334943753,-0.2292661615840963,-1.2739024126645626,-4.653204252115173,-6.450915501155807,38.34098892191298,28.083073681628903,16.331594099412968,28.850384403595562,890.914285714287,1.6671487436503534,56868.7,52783.45,61764.85,49954.85,-13.479268548373383,6.975398785102954
2026-05-22,53483.85,54213.05,53483.55,54055.35,0,54603.9775,54562.862,57216.374500000005,57022.29825,-1.0047390778446539,-0.9301418243053351,-5.524685070704727,-5.203136914952391,1.1526139889295184,0.642334298696623,-2.2693681404361454,-3.9954710949294037,43.8639125151883,33.56889702654372,16.586427302373803,28.642862286765826,883.4035714285726,1.6342574258210754,56474.95,52783.45,61764.85,49954.85,-12.4820184943378,8.20841219621318
2026-05-25,54610.55,55405.2,54590.7,55293.65,0,54564.1725,54548.33899999999,57176.3155,57017.6565,1.33691663701122,1.3663312461265023,-3.2927366577162456,-3.0236361959211635,2.290800078068145,3.28118871061136,1.568243145193149,-1.419332409219154,54.90261744349448,44.817921429779204,18.764586625127325,28.337548958088615,932.1857142857152,1.6858820394126905,56474.95,52783.45,61764.85,49954.85,-10.477156505682435,10.68725058728032
2026-05-26,55311.8,55536.8,54979.75,55092.9,0,54505.6025,54511.181,57135.4085,57012.3675,1.0774993267893893,1.0671553786369161,-3.574855861930166,-3.3667563445773387,-0.36306158121230947,3.1525497035620242,2.871243128585088,-2.0819596084906467,43.04072213820606,44.88461716092019,18.737988809388902,28.086464928437515,862.5642857142868,1.5656541690749384,56334.15,52783.45,61764.85,49954.85,-10.802179556819125,10.28538770509771
2026-05-27,54992.95,55221.7,54738.6,54853.85,0,54478.277500000004,54493.543,57093.83350000001,57006.82699999999,0.6893986323264254,0.6611920975664964,-3.9233370097665783,-3.7767002888969636,-0.4339034612445558,2.4114954202777428,2.6146664134996556,-0.9864558617409425,40.8941445737173,42.80980613061583,18.01145202408336,27.694816906867743,857.7178571428578,1.563642036325359,56334.15,52783.45,61764.85,49954.85,-11.189211987076792,9.80685559059831
2026-05-29,54748.3,55184.45,54116.15,54239.2,0,54420.057499999995,54476.308,57046.902,56999.935,-0.3323361060395761,-0.4352497603178251,-4.9217431649487375,-4.843400260017842,-1.1205229897263358,1.4966485402156282,0.203680285688157,-2.101668483636443,41.671136817718846,43.92630912714393,18.4098977788857,27.69100933787103,863.6750000000003,1.5923446511010493,56334.15,52783.45,61764.85,49954.85,-12.18435728411872,8.576444529410054
2026-06-01,54403.85,54582.75,53470.0,53643.1,0,54359.045000000006,54474.013000000006,56991.6205,56990.05375,-1.3170669205097458,-1.525338329672917,-5.875461112743756,-5.872873474873676,-1.0990206345226294,-0.7626442156049351,-0.12520864228217077,-2.2241623962080292,43.52931622543443,41.32903848616486,18.493098407136713,27.248711934352972,875.3107142857142,1.6317302957616437,56334.15,52783.45,61764.85,49954.85,-13.149469317904924,7.383166999800821
2026-06-02,53265.1,53933.55,53121.85,53714.65,0,54300.8525,54460.038,56932.948500000006,56981.82575,-1.0795456664331364,-1.368687990999931,-5.652787331047863,-5.733715455756526,0.13338155326594325,-2.8556624494856075,0.3318265872200632,-2.1207758958426304,51.49190190592928,44.06847051533616,18.507038971872696,27.10955135057067,863.1178571428572,1.6068574534933342,56334.15,52783.45,61764.85,49954.85,-13.033626731061432,7.526396335891315
2026-06-03,53541.1,54299.35,53027.15,54185.95,0,54282.7975,54446.236999999994,56877.6925,56975.69975,-0.17841287564444977,-0.47806242330392207,-4.732510025789109,-4.896385234829876,0.8774142622171022,-1.6462193858010843,1.454432433393893,-0.661997303245554,56.383723167894175,46.584772885301014,18.718573866979202,27.114075892469508,889.0142857142855,1.6406730632466269,56334.15,52783.45,61764.85,49954.85,-12.27057136866681,8.469848272990507
2026-06-04,53918.85,54461.0,53829.4,54307.85,0,54199.1375,54425.873,56819.2615,56969.63324999999,0.2005797601483999,-0.21685090839057564,-4.4200002493872645,-4.672284334918013,0.22496606592667945,-0.9953722482560434,1.392119815840287,-2.9888685546269778,51.73178192519169,48.79552046406701,15.933002671972904,27.053099250863582,848.2607142857139,1.5619486212135334,56334.15,52783.45,61764.85,49954.85,-12.07320992441494,8.713868623366901
2026-06-05,54405.2,54865.5,54140.6,54496.25,0,54121.58,54446.778,56763.04,56967.09,0.6922746896893961,0.09086304427417463,-3.9934260039631435,-4.3373112440884665,0.3469111739831332,0.4739192318470753,1.9776606773279637,-2.7675681655170425,57.96251266464035,41.45094426531549,16.003918702830077,25.939646839138987,850.2428571428572,1.5601859892063348,55797.7,52783.45,61764.85,49954.85,-11.768182064718037,9.091009181290708
2026-06-08,53853.45,54455.2,53843.3,54063.75,0,54059.240000000005,54459.512,56703.769,56959.855,0.00834269960139055,-0.7267086785500436,-4.655808681782688,-5.084466946062281,-0.793632589398352,0.7841642261539716,0.01553962743743309,-2.2541811643529197,55.07060828046938,39.04078937918154,15.596366614142166,26.008367405353223,830.6749999999998,1.536473145129592,55536.8,52783.45,61764.85,49954.85,-12.468418526071057,8.225227380324435
2026-06-09,54265.0,55318.35,54242.3,55194.5,0,54096.969999999994,54534.647000000004,56658.849,56960.609,2.0288197287204923,1.2099702414870228,-2.5845018489521414,-3.100579560165863,2.09151233497491,2.755021209297648,-0.17931534633723878,1.3861156982286849,64.40483778572062,49.38559198648883,16.435464377223497,24.939034867618716,889.317857142857,1.611243615111754,55536.8,52783.45,61764.85,49954.85,-10.637684702545215,10.48877136053857
2026-06-10,55110.5,55555.85,55026.15,55100.3,0,54174.225,54584.54,56617.336500000005,56960.20325,1.709438390673802,0.9448829283896173,-2.679455788246065,-3.2652679307284527,-0.17066917899427603,1.6874300441350742,0.01343185782560763,2.8850606477055507,62.528917272164534,53.80958973648994,15.206215345226504,24.470869715010664,869.6678571428565,1.578335974836537,55555.85,52783.45,61764.85,49954.85,-10.790198632393661,10.300201081576672
2026-06-11,54779.65,55600.15,54753.15,55176.75,0,54260.255000000005,54613.91300000001,56574.599,56959.37775000001,1.6890724158963044,1.0305743886177725,-2.470806730773296,-3.12964751445166,0.13874697596927277,1.5999528613266811,0.5886551263038164,3.218712907682275,64.25962556530445,60.31605667135328,15.155923072607031,24.042465663666285,862.096428571428,1.5624269797902703,55600.15,52783.45,61764.85,49954.85,-10.666422730727913,10.453239275065387
2026-06-12,55934.1,56867.1,55726.55,56814.8,0,54394.5475,54704.717000000004,56546.958999999995,56964.77725000001,4.4494395325193254,3.85722313488981,0.47366119193077677,-0.26328067490161833,2.968732301195698,4.25451292520127,4.7485951120223024,4.9619473498008215,69.3946401085192,67.86829603068628,17.78368449523756,24.07662042244891,927.5749999999991,1.6326291740884402,56867.1,52783.45,61764.85,49954.85,-8.014347966521404,13.732300267141238
2026-06-15,57679.65,57804.5,57119.2,57198.8,0,54568.969999999994,54843.185999999994,56523.1455,56971.4455,4.819277329222101,4.295180808788186,1.195358987938851,0.39906745915372865,0.6758802283912013,5.7988023398303,6.6284386994786,6.4949306790963,65.2177038652321,66.84962484425691,17.419725588213993,22.282097795038798,901.8499999999991,1.5766939166555927,57804.5,52783.45,61764.85,49954.85,-7.3926351314704,14.50099439794135
2026-06-16,57320.1,57399.7,57076.25,57297.15,0,54756.9775,54960.156,56495.165499999996,56979.43875,4.638993268026893,4.252160419631994,1.4195630597807631,0.5575892935589863,0.17194416666084233,3.8095281232731537,6.669502640341141,7.023460410557192,67.89963051687036,70.40435529564361,17.265152491306885,21.774062960829603,885.1642857142843,1.5448661682374853,57804.5,52836.1,61764.85,49954.85,-7.233402169680647,14.697872178577262
2026-06-17,57434.05,57646.15,57222.4,57585.05,0,54965.7725,55080.882000000005,56472.1025,56988.58675000001,4.765288252794052,4.54634695210581,1.9707916842656992,1.046636324947983,0.5024682728547614,4.509503578020446,6.273028340372377,7.818697732504631,72.00415720017406,72.73202041813377,17.132398524488764,21.782845685255612,880.9249999999987,1.5297807330201132,57804.5,52836.1,61764.85,49954.85,-6.76727944777652,15.27419259591412
2026-06-18,57596.45,58021.25,57583.2,57963.8,0,55185.8525,55187.975999999995,56457.6985,57002.65875,5.033803727141847,5.029762280102477,2.6676636490947367,1.6861340700182699,0.6577227943711073,5.051131137662157,6.731899716155221,8.217735641926605,81.19325985729128,74.87588410388052,17.15544763306424,21.402738283606205,835.9071428571422,1.4421192931746059,58021.25,53027.15,61764.85,49954.85,-6.154066592892229,16.0323772366447
2026-06-19,57754.95,57804.9,57464.55,57685.75,0,55398.170000000006,55287.365999999995,56446.553,57015.390999999996,4.129342178631521,4.338032670972254,2.1953457459129524,1.1757509476695582,-0.4796959481607521,1.5329632419721628,5.852696286441739,7.946103436790075,85.7620551471564,72.21800156254211,17.299926040928522,21.45751254399896,792.0857142857136,1.3731046476568538,58021.25,53027.15,61764.85,49954.85,-6.604241732959763,15.475774624485913
2026-06-22,57906.9,58009.1,57720.1,57935.6,0,55592.182499999995,55332.0,56433.907999999996,57032.81675,4.215372368228219,4.70541458830333,2.660974675012765,1.5829189253571285,0.433122564931554,1.2881389120051434,7.161637881205052,7.178290400487652,86.19746331758269,73.89866904792275,17.06543470563559,17.423218176162774,757.2035714285703,1.3069745914922264,58021.25,53027.15,61764.85,49954.85,-6.199723629216294,15.975926261414058
2026-06-23,57886.75,57970.9,57078.45,57183.75,0,55686.6875,55379.240999999995,56421.014500000005,57049.63375,2.6883669458701416,3.258457442564093,1.3518642065537392,0.23508696057141493,-1.2977340357224199,-0.19791560313209278,3.6040728695794,3.418294867493832,74.52790050728197,66.391587286617,16.40101655390055,17.293740725619607,730.0785714285709,1.2767238444987794,58021.25,53027.15,61764.85,49954.85,-7.417001741281649,14.470867193075351
2026-06-24,57074.9,58256.35,57074.9,58150.35,0,55839.56,55423.992999999995,56410.4635,57072.10725000001,4.138266848807549,4.9190916287825095,3.0843329269932354,1.8892639538905236,1.6903403501868919,0.9816784043775284,5.5354508051680185,5.549626176875777,77.62123150797188,65.40664437493257,17.11459813548856,17.136711876964757,769.3535714285707,1.3230420305786135,58256.35,53027.15,61764.85,49954.85,-5.852033964301703,16.405814450448755
2026-06-25,58493.85,58706.05,58109.85,58177.05,0,56005.72000000001,55475.433,56396.246,57092.98024999999,3.8769789942884296,4.86993404810379,3.157664075725898,1.89877940379546,0.04591545880636705,0.36790203540830735,5.437616387337063,6.058280321253662,77.08860759493672,66.95156068792288,16.934464434420473,17.075342812844415,760.1607142857138,1.3066333103615837,58706.05,53027.15,61764.85,49954.85,-5.8088054937395555,16.45926271423096
2026-06-29,58191.45,58318.05,57637.25,57727.35,0,56180.1275,55503.941,56373.941000000006,57113.31199999999,2.7540387835538396,4.005857890343317,2.4007705971806943,1.0751223812760287,-0.7729852235546564,0.0721148637228497,1.6061836000478724,6.431049867992167,76.89393939393936,65.43631011216638,16.589252923391047,16.97477050902751,762.1499999999999,1.3202580752450959,58706.05,53027.15,61764.85,49954.85,-6.536889509162575,15.559049821989257
2026-06-30,58011.95,58011.95,57456.65,57542.9,0,56375.11750000001,55533.070999999996,56353.2655,57130.68875,2.071450228019469,3.6191569524401146,2.1110302827082843,0.7215233336391385,-0.3195192573364203,-0.6778215812039523,0.6015860472597279,7.269900509105565,70.02080171869939,68.60736251605202,15.924018671393434,16.966952156586895,712.1999999999997,1.2376852748123568,58706.05,53027.15,61764.85,49954.85,-6.835522145686418,15.18981640421301
2026-07-01,57573.35,58134.15,57487.85,58033.05,0,56591.03750000001,55562.418,56349.424000000006,57150.47675,2.548128756254008,4.446588339621946,2.987831783338187,1.5442972660766145,0.851799266286557,1.4852121450587008,1.2843570753519273,8.039519944745056,73.42134055280032,75.02408381738482,15.99470237552279,16.966282274422245,720.5285714285716,1.2415831520634735,58706.05,53027.15,61764.85,49954.85,-6.041947806883682,16.17100241518092
2026-07-02,58134.5,58396.1,57884.6,58031.65,0,56783.322499999995,55591.404,56343.5505,57170.06225,2.1984051743361914,4.389610307377736,2.996082932331366,1.5070610667386475,-0.002412418440878028,-0.20412602847618144,0.77554851476207,7.097227233258807,73.07623912832614,74.80663808856147,15.945501299557478,16.966697071549785,696.5642857142858,1.2003179053400785,58706.05,53829.4,61764.85,49954.85,-6.044214468261474,16.168199884495706
2026-07-03,58343.25,58343.25,57799.05,57938.5,0,56964.855,55602.745,56322.5225,57188.820250000004,1.7092029813821112,4.200790806281232,2.869149726026566,1.3108851462974456,-0.1605158564335185,-0.41004141667547733,-0.043647931985135724,6.685313449160657,62.10648796569625,72.54284735947327,16.04341433153464,16.692766200255083,614.6964285714286,1.0609463975964661,58706.05,53843.3,61764.85,49954.85,-6.195028402076583,15.981731503547708
2026-07-06,57983.9,58477.3,57938.65,58291.5,0,57154.61750000001,55626.085999999996,56303.056,57209.197250000005,1.989134998585184,4.791661955148173,3.531680411805717,1.8918334848685456,0.6092667224729675,0.9772664083835592,1.0500860264450074,6.964240658760934,61.85166706436143,73.28462460180612,16.074320402132667,16.71002812836138,582.4892857142861,0.9992696803381043,58706.05,53843.3,61764.85,49954.85,-5.623505926105218,16.688369597746767
2026-07-07,58567.85,58581.1,58110.1,58200.7,0,57361.465000000004,55664.0,56284.4265,57227.52075,1.4630640971251228,4.557164415061794,3.4046247233237703,1.7005441389840286,-0.15576885137628116,1.1431471128497073,0.45757703380995274,7.651984925204025,59.81618086412369,71.90258553919101,15.629939073072105,16.370571474311653,593.028571428572,1.018937180186101,58706.05,54242.3,61764.85,49954.85,-5.770515106893324,16.50660546473465
2026-07-08,57918.25,58075.6,56549.4,56742.6,0,57438.87000000001,55677.05699999999,56250.64699999999,57237.88575,-1.2121930671686458,1.913791887383712,0.8745730515775377,-0.8653110496835617,-2.505296328051032,-2.2236466978730274,-0.7714604236343403,2.804808450117302,42.702964894197514,64.12560310052991,17.35230938228708,17.338378558363836,680.7107142857146,1.1996466751359907,58706.05,54753.15,61764.85,49954.85,-8.131242931861731,13.587769756089749
2026-07-09,56871.0,57464.2,56867.3,57252.45,0,57546.4775,55696.82,56216.477999999996,57250.101500000004,-0.5109391795527429,2.793031989977161,1.842826226146721,0.004102176133247174,0.8985312622262542,-1.34271556986576,-1.5441007663754447,3.9058771004876425,43.97533729133668,61.61194400401742,17.509434471010724,17.437401045232914,700.9642857142857,1.224339370130511,58706.05,54753.15,61764.85,49954.85,-7.305773429385811,14.6083913774138
2026-07-10,57592.5,58251.95,57576.7,58045.9,0,57689.935,55749.731,56190.672999999995,57265.891749999995,0.6170313764437485,4.118708662468706,3.3016636052748587,1.36208173166186,1.3858795562460724,0.18536896882039855,-0.22543253740091584,5.199925693340046,52.80532165974717,65.40489090642845,18.006471625739074,17.312232301686112,736.6964285714286,1.269161867714048,58706.05,55726.55,61764.85,49954.85,-6.0211430935232535,16.196725643255867
2026-07-13,57616.7,58219.9,57492.05,58131.45,0,57755.7675,55804.288,56164.53400000001,57280.81100000001,0.6504675052582329,4.170220754362096,3.502060570822131,1.4850330942416095,0.14738336385515804,-0.27456833329044805,0.7000148110037907,2.3174419341439156,51.56561013629641,65.43778801843315,14.892915700863979,17.311226077799375,765.5892857142857,1.3169967129914801,58706.05,56549.4,61764.85,49954.85,-5.882633892901872,16.367980286198435
2026-07-14,57832.55,57840.05,57286.9,57462.3,0,57768.94249999999,55856.267,56131.7595,57290.655999999995,-0.5308085741745874,2.875295980664091,2.370388015362324,0.2996020851986885,-1.1510980716978425,-1.2687132628988906,-0.1400694090843535,0.46067400015386006,52.25654361192798,53.76418472700214,15.39021941377834,17.371939032207763,762.1678571428565,1.326378960018754,58706.05,56549.4,61764.85,49954.85,-6.966017079293476,15.028470709050282
2026-07-15,57643.75,58148.8,57545.2,57757.85,0,57791.9775,55913.85400000001,56107.47149999999,57300.808000000005,-0.05905231396520793,3.2979232660299034,2.9414594097329916,0.7976187700529352,0.5143372263205492,1.7892200921353574,-0.4742125392341201,0.8040539538179514,46.43246682421378,53.28375830411106,15.480574575762546,17.396079708980146,726.8142857142853,1.2583818229284596,58706.05,56549.4,61764.85,49954.85,-6.4875086720035755,15.620104954774161
2026-07-16,57831.1,57931.3,57420.15,57582.25,0,57791.8375,55974.558,56073.803,57311.425,-0.3626593461403636,2.8721834659239343,2.69011003230867,0.4725497577489952,-0.3040279373279997,0.5760452172789199,-0.7744050014087178,-0.004862373133307507,44.736190021062285,51.65956505541584,15.428806191625128,17.34589040891051,720.7392857142851,1.2516691961746633,58706.05,56549.4,61764.85,49954.85,-6.7718127705321045,15.268587534543695
2026-07-17,57662.0,58596.85,57542.15,58521.4,0,57819.71749999999,56025.365,56047.277,57327.60824999999,1.213569575119439,4.4551873959232635,4.414350049512663,2.0824028534279755,1.6309713496780676,0.8191793046537388,1.00606677770394,0.9619797183759493,56.46688981732597,55.066362942802876,16.33564003919704,16.735782710752343,747.4464285714275,1.2772189807000986,58706.05,56549.4,61764.85,49954.85,-5.251287746995252,17.148585172410694
2026-07-20,57738.25,58111.0,57533.1,57945.0,0,57832.67999999999,56063.317,56011.219000000005,57339.784499999994,0.19421545050308406,3.3563533174464104,3.452488688025153,1.055489666167137,-0.9849388428848305,-0.3207386019099756,-0.5944262885669405,0.44941775048430443,53.07825394638127,49.90040790379826,16.649559981343412,16.90998330124527,778.3749999999994,1.3432996807317275,58706.05,56549.4,61764.85,49954.85,-6.184504617108272,15.994743253157603
2026-07-21,57853.75,58228.65,57803.85,57835.35,0,57827.6675,56113.812999999995,55982.177,57353.35375,0.013285163196311425,3.067938013764996,3.3102910592419357,0.8403976724726345,-0.18923116748641444,0.6492082635049412,-0.6277415907368744,-0.17303695827781684,48.39289198153082,50.80689528699798,16.595014095415966,16.621585331606184,762.5535714285709,1.318490458566553,58706.05,56549.4,61764.85,49954.85,-6.362032774304479,15.77524504627679
2026-07-22,57768.4,57824.0,56970.6,57126.8,0,57824.82000000001,56167.551,55941.725,57364.10675,-1.2071287035567149,1.7078348315382372,2.1184098273694714,-0.413685078431028,-1.2251157812652513,-1.0925787576926749,0.6770926957876622,-0.09959123002600823,43.40291194890602,45.8432694679714,16.521736446984384,16.459057705141124,787.7857142857138,1.3790125025132054,58706.05,56549.4,61764.85,49954.85,-7.5092062880424635,14.35686424841633
2026-07-23,56796.95,56930.15,56374.75,56592.0,0,57746.902500000004,56228.28699999999,55895.0025,57375.12,-1.9999384382565,0.6468505789621702,1.2469764179722465,-1.3649121779614624,-0.936163061820372,-1.7197139743584167,-1.1535750871796702,-2.679863491793255,40.77689188448681,46.88937366940889,15.560620015138216,16.15724994247877,802.6321428571428,1.4182784542994464,58706.05,56374.75,61764.85,49954.85,-8.375070934358293,13.286297526666582
2026-07-24,56169.4,56831.45,56023.6,56693.5,0,57672.725,56293.03399999999,55851.464499999995,57386.2825,-1.697899657073597,0.7113953033691659,1.5076336986651542,-1.2072266573462065,0.17935397229289496,-3.1234727808972518,-2.3298803188511186,-2.5500605479308436,38.66361146975778,41.57563912035298,15.587943846811097,16.14311216614818,821.8499999999996,1.4496370836162868,58596.85,56023.6,61764.85,49954.85,-8.21073798446851,13.489481001344217
2026-07-27,57116.8,57330.05,56928.65,57087.2,0,57640.717500000006,56352.199,55811.903,57398.53925000001,-0.9602890526128669,1.304298701812855,2.2849910708115413,-0.542416678312962,0.6944358700732733,-1.4803693157304343,-1.796359801794034,-1.1089197754617253,42.426200516936454,43.95444686669659,15.648403836347441,15.987896399849493,833.6749999999998,1.4603536344399444,58596.85,56023.6,61764.85,49954.85,-7.573320424157108,14.277592666177554
2026-07-28,56883.55,57054.2,56672.4,56755.6,0,57601.3525,56413.10400000001,55767.582,57405.5775,-1.468285835823043,0.6071213525141107,1.7716708606803078,-1.1322549625077822,-0.580865763253402,-1.8669377811321275,-1.2298498319768036,-1.3681965976688693,50.10442605831795,44.53799933674701,15.735117910569649,15.93888163650488,745.3535714285712,1.313268772471036,58596.85,56023.6,61764.85,49954.85,-8.110195361925108,13.613793255309545
2026-07-29,57126.6,57315.95,56939.35,57205.9,0,57559.994999999995,56486.482,55734.350999999995,57413.66075,-0.615175522513499,1.2736109145547385,2.6402909042576033,-0.3618664047650041,0.7934018845717539,0.13846390835825506,-0.9556276765842142,-1.4253085095475737,49.62246246928203,48.16076145567271,15.691335217116867,15.97804713111132,733.8357142857141,1.2827972539296018,58596.85,56023.6,61764.85,49954.85,-7.381139920197325,14.515207232130619
2026-07-30,57127.05,57236.65,56768.6,57147.5,0,57515.7875,56561.249,55707.4295,57418.874,-0.6403241892497752,1.0364887805076521,2.5850600412284352,-0.4726215982570529,-0.10208737210672947,0.981587503534076,-0.7550069682931815,-1.523565157978446,41.727287795355316,44.92791807231674,15.689874612300347,15.964425141613164,695.875,1.2176823133120434,58596.85,56023.6,61764.85,49954.85,-7.475692080528,14.398301666404766
2026-07-31,57225.9,57411.25,57139.6,57264.85,0,57482.105,56635.302,55692.52550000001,57424.001500000006,-0.3779524079711497,1.1115823130950995,2.823223558069723,-0.27715153218642763,0.2053458156524801,1.0077874888655636,-2.1471632599356916,-1.1626983784530198,42.06657267883626,45.66564167495702,15.716247751905946,15.961640390649311,663.2892857142859,1.1582834595991887,58596.85,56023.6,61764.85,49954.85,-7.285697285753953,14.633213792054226
2026-08-03,57569.6,58247.95,57465.95,58247.95,0,57479.927500000005,56731.473,55684.44649999999,57435.15,1.3361577395865571,2.673078839324336,4.6036257180000995,1.4151612731924537,1.7167599321398663,2.0332929273112033,0.522823366985925,-0.07471072111714383,56.801398976738504,51.58927846911576,16.79088403204076,16.324673480694695,673.1857142857147,1.1557243032342164,58596.85,56023.6,61764.85,49954.85,-5.694015285392908,16.601190875360448
2026-08-04,58068.95,58068.95,57352.65,57907.2,0,57465.2525,56808.51,55685.685999999994,57443.725750000005,0.769069099626761,1.9340236172362117,3.9893806821379614,0.8068318061698705,-0.5849991287247058,2.0290508777988325,0.1242319792306823,-0.5042894673088161,51.28288823797211,48.023819073771236,16.912920184213682,16.256900180885697,688.1000000000001,1.1882805592396113,58596.85,56023.6,61764.85,49954.85,-6.24570447430861,15.919074924656961
2026-08-05,57810.05,57931.85,57456.35,57739.95,0,57515.119999999995,56857.43600000001,55702.8875,57449.376749999996,0.39090590439523,1.5521522989534529,3.6570141897940207,0.505790082396327,-0.28882418766578155,0.9335575526300488,1.0733141012624348,1.7576741284325959,51.35655913978492,47.64917472384499,14.20624259032332,15.51882596355243,685.5535714285714,1.1873123745839258,58596.85,56023.6,61764.85,49954.85,-6.516489556762465,15.584272598156131
2026-08-06,57815.0,58076.85,57714.7,58063.65,0,57555.68000000001,56916.851,55714.016,57456.57,0.882571450810752,2.014867266637782,4.217312210988341,1.0565893508784143,0.5606170424463652,1.6031322455050567,2.600455894826137,1.4168825962906473,45.59605930287375,57.62260035659266,14.000615819290502,15.518290962091081,636.0857142857146,1.095497293548915,58596.85,56023.6,61764.85,49954.85,-5.992405065340558,16.23225772872905
2026-08-07,57882.0,57994.45,57686.55,57746.45,0,57540.707500000004,56974.703,55734.123,57462.82,0.3575599066104514,1.354543261067979,3.6105834122481797,0.49358872397838705,-0.5462970378197096,0.8410045603891358,1.8572675879950928,-0.5158848428571283,47.98950960438245,52.915245435339386,13.259764632655003,15.54057672868135,592.4285714285714,1.0259134049427652,58596.85,56023.6,61764.85,49954.85,-6.505965771794155,15.59728434776603
2026-08-10,57812.3,58015.85,57527.75,57686.95,0,57518.4825,57043.657999999996,55759.983,57467.25525,0.2928928105848391,1.1277187027521995,3.455824224336648,0.3822955334203039,-0.10303663688416842,-0.9631240241072869,1.050585770540513,-0.7646463317188879,48.48190355381875,47.680827006945535,13.246987305338076,15.292979189678663,596.9499999999997,1.034809432635977,58596.85,56023.6,61764.85,49954.85,-6.602298880350234,15.478176793644657
2026-08-11,57604.35,57607.25,57158.1,57446.25,0,57517.68000000001,57119.721,55796.867,57467.37375,-0.12418790187644488,0.5716572039979018,2.9560494857175437,-0.036757813384501216,-0.41725208214336007,-0.7960150033156421,1.2168843250710104,-0.02793135673302416,53.61381042343062,45.6599399536351,12.670570250263683,15.086893185955082,572.9571428571425,0.9973795380153491,58596.85,56023.6,61764.85,49954.85,-6.992002732946003,14.99634169655199
2026-08-12,57391.8,57885.85,57254.0,57885.85,0,57524.079999999994,57203.145,55831.5915,57468.23625,0.6289018442363686,1.193474589552728,3.6793837410133583,0.7266862135515717,0.7652370694344768,0.2526846663358784,1.1886011757528347,0.22161489736893802,64.95901402425628,52.76311755073814,12.835454727181123,15.151691766833347,564.3714285714278,0.9749730349842455,58596.85,56023.6,61764.85,49954.85,-6.280271060319907,15.876336331707533
2026-08-13,57799.15,57799.15,57548.6,57635.25,0,57526.729999999996,57272.13100000001,55859.184,57466.2465,0.18864274051385171,0.6340239024805825,3.1795416130676006,0.29409176741689386,-0.43292099882786816,-0.7378110056808329,0.8534931536812618,0.09204225260388554,60.525286392847164,49.19547470929471,12.885889357762345,15.115528146203767,530.7571428571422,0.9208898076388012,58596.85,56023.6,61764.85,49954.85,-6.686003446944336,15.37468333905517
2026-08-14,57589.75,57681.45,57380.45,57491.1,0,57475.215000000004,57335.796,55880.834500000004,57463.666,0.02763800013622352,0.27086743506621314,2.881606036144636,0.04774147197639828,-0.25010735617525537,-0.4421916845104734,0.39509402364625856,-1.7605525500073549,54.78078689455993,49.399376643230376,11.385672701961253,15.137454491196237,506.78928571428486,0.8815091130875646,58247.95,56023.6,61764.85,49954.85,-6.919388616664657,15.08612276886028
2026-08-17,57418.3,57757.25,57119.6,57497.8,0,57452.855,57395.827000000005,55921.3025,57460.76475,0.07822935866285445,0.1776662265010976,2.819135874025833,0.06445311015461348,0.01165397774611776,-0.3278904500931268,-1.2878564825028027,-0.7717663301406441,59.5170928115303,42.31011945007889,10.880826189951383,15.130139478416297,522.7071428571425,0.909090683221171,58247.95,56023.6,61764.85,49954.85,-6.908541022928083,15.099534879996646
2026-08-18,57325.55,57584.7,57217.6,57262.4,0,57424.2075,57459.8,55959.656,57458.57875,-0.2817757650377593,-0.34354453026289933,2.328005733273269,-0.34142638796125657,-0.40940696861445636,-0.32003829666862327,-1.113505747126431,-0.9906570981242369,50.766746281619795,44.594979808377566,10.949665978519525,15.036195474674994,508.903571428571,0.8887220434850286,58247.95,56023.6,61764.85,49954.85,-7.289663943165079,14.628309363355116
2026-08-19,57260.65,57356.85,57001.75,57156.9,0,57425.7125,57499.047999999995,56016.8475,57453.792,-0.4681047710117658,-0.595049851955799,2.03519575070696,-0.5167491816728125,-0.1842395708178457,-1.2592887553694032,-1.0097861186232349,0.052689805835437475,50.1259547099022,44.62430768499373,10.051467603833006,14.353643156926857,500.83571428571355,0.8762471622598734,58247.95,56023.6,61764.85,49954.85,-7.4604730684199785,14.417118658148315
2026-08-20,57507.65,57702.95,57431.8,57495.9,0,57470.907499999994,57546.96,56065.75,57450.200999999994,0.043487220033905975,-0.08872753660662122,2.5508443211764784,0.0795454136009164,0.5931042446318813,-0.2417791195492347,-0.9778062522765918,1.5972222222222276,52.92235306021783,53.106483975222176,9.609323316291347,14.389089178493395,520.4357142857132,0.9051701326280884,58247.95,56023.6,61764.85,49954.85,-6.911617206226514,15.09573144549529
2026-08-21,57613.2,57772.45,57481.55,57761.95,0,57524.329999999994,57598.664,56106.2885,57447.08449999999,0.41307738829813856,0.2834892142637198,2.95093748715885,0.5480965705056924,0.4627286467382863,0.4711163988860845,0.02684147683538196,1.8846075828798714,42.490961342356556,60.313290609215336,9.70001305381343,14.413192634277145,470.9928571428557,0.8154033185217185,58247.95,56672.4,61764.85,49954.85,-6.480870592254336,15.628312366066554
2026-08-24,57828.15,57873.75,57245.95,57419.45,0,57540.94249999999,57610.757000000005,56157.737,57444.02625,-0.21114096280225692,-0.33206819344520666,2.2467304905822614,-0.04278295169117873,-0.5929508958752217,-0.13626608322406808,-0.4637097298435755,0.582004372258571,42.46799573791252,56.13854102366796,9.721526691192242,12.900449484957605,451.88571428571333,0.7869906700355253,58247.95,56672.4,61764.85,49954.85,-7.035393107892276,14.942693252006558
