datetime,open,high,low,close,volume,dma_20,dma_50,dma_100,dma_200,distance_dma_20_pct,distance_dma_50_pct,distance_dma_100_pct,distance_dma_200_pct,return_1d_pct,return_5d_pct,return_10d_pct,return_20d_pct,rsi_14,rsi_21,historical_volatility_20d,historical_volatility_50d,atr_14,atr_14_pct,high_20d,low_20d,high_52w,low_52w,distance_52w_high_pct,distance_52w_low_pct
2021-01-04,14104.35,14147.95,13953.75,14132.9,0,,,,,,,,,,,,,,,,,,,,,,,,
2021-01-05,14075.15,14215.6,14048.15,14199.5,0,,,,,,,,,0.47124086351704175,,,,,,,,,,,,,,,
2021-01-06,14240.95,14244.15,14039.9,14146.25,0,,,,,,,,,-0.37501320469031096,,,,,,,,,,,,,,,
2021-01-07,14253.75,14256.25,14123.1,14137.35,0,,,,,,,,,-0.06291419987628499,,,,,,,,,,,,,,,
2021-01-08,14258.4,14367.3,14221.65,14347.25,0,,,,,,,,,1.4847195549378078,,,,,,,,,,,,,,,
2021-01-11,14474.05,14498.2,14383.1,14484.75,0,,,,,,,,,0.9583718134137165,2.489581048475542,,,,,,,,,,,,,,
2021-01-12,14473.8,14590.65,14432.85,14563.45,0,,,,,,,,,0.5433300540223396,2.56311841966268,,,,,,,,,,,,,,
2021-01-13,14639.8,14653.35,14435.7,14564.85,0,,,,,,,,,0.009613106784445158,2.959088097552365,,,,,,,,,,,,,,
2021-01-14,14550.05,14617.8,14471.5,14595.6,0,,,,,,,,,0.21112472837001572,3.2414137020021494,,,,,,,,,,,,,,
2021-01-15,14594.35,14617.45,14357.85,14433.7,0,,,,,,,,,-1.1092384006138767,0.6025544965063023,,,,,,,,,,,,,,
2021-01-18,14453.3,14459.15,14222.8,14281.3,0,,,,,,,,,-1.0558623222042929,-1.4045806796803562,1.0500321943833102,,,,,,,,,,,,,
2021-01-19,14371.65,14546.05,14350.85,14521.15,0,,,,,,,,,1.6794689559073817,-0.2904531549873246,2.265220606359386,,,,,,,,,,,,,
2021-01-20,14538.3,14666.45,14517.55,14644.7,0,,,,,,,,,0.8508279302947841,0.5482377092795421,3.5235486436334673,,,,,,,,,,,,,
2021-01-21,14730.95,14753.55,14517.25,14590.35,0,,,,,,,,,-0.3711240243910785,-0.03596974430650768,3.204278029475116,,67.3401311549979,,,,196.2571428571429,1.3451160723159,,,,,,
2021-01-22,14583.4,14619.9,14357.75,14371.9,0,,,,,,,,,-1.4972224792414224,-0.4281646424686758,0.17180992873198075,,57.772357723577215,,,,201.11071428571424,1.3993328250663744,,,,,,
2021-01-25,14477.8,14491.1,14218.6,14238.9,0,,,,,,,,,-0.9254169594834383,-0.29689173954752235,-1.6973023352146233,,51.22825612569361,,,,208.61428571428561,1.465101136424061,,,,,,
2021-01-27,14237.95,14237.95,13929.3,13967.5,0,,,,,,,,,-1.9060461131126694,-3.8127145577313115,-4.092093562995036,,45.09481079004419,,,,216.13928571428565,1.547444322278759,,,,,,
2021-01-28,13810.4,13898.25,13713.25,13817.55,0,,,,,,,,,-1.0735636298550233,-5.648118431924187,-5.1308458377532284,,41.85471957618052,,,,224.78928571428565,1.626838952739709,,,,,,
2021-01-29,13946.6,13966.85,13596.75,13634.6,0,,,,,,,,,-1.3240408031814588,-6.550562529343029,-6.584176053057089,,31.59620897141238,,,,234.80000000000004,1.7220893902278032,,,,,,
2021-02-01,13758.6,14336.35,13661.75,14281.2,0,14297.7375,,,,-0.11566515331533081,,,,4.742346676836884,-0.6310926182341858,-1.0565551452503485,,45.83784889070649,,,,274.14285714285717,1.9196065956842363,14753.55,13596.75,,,,
2021-02-02,14481.1,14731.7,14469.15,14647.85,0,14323.484999999997,,,,2.2645675965032495,,,,2.5673612861664363,2.87206174634278,2.566643092715659,3.643625865887401,51.543977755012435,57.83062909627287,25.191044718321002,,295.05000000000007,2.0142887864089274,14753.55,13596.75,,,,
2021-02-03,14754.9,14868.85,14574.15,14789.95,0,14353.007499999998,,,,3.0442574491792254,,,,0.9701082411411877,5.888312153212816,1.851093060811304,4.158245008627071,53.91628101186541,59.57756949404546,25.32655298705439,,300.55357142857156,2.0321473123882874,14868.85,13596.75,,,,
2021-02-04,14789.05,14913.7,14714.75,14895.65,0,14390.477499999999,,,,3.5104637771748757,,,,0.7146744918001602,7.80239622798542,1.7135892165766275,5.29751700980825,55.08757651287788,60.033148375009,25.28471627735005,,304.314285714286,2.0429741952468405,14913.7,13596.75,,,,
2021-02-05,14952.6,15014.65,14864.75,14924.25,0,14429.8225,,,,3.426428149064202,,,,0.19200236310601415,9.458656652927111,2.288498905098235,5.566106802194182,58.71144181421034,61.293038378911916,25.256331632679803,,296.4785714285716,1.9865559169041769,15014.65,13596.75,,,,
2021-02-08,15064.3,15159.9,15041.05,15115.8,0,14468.25,,,,4.47566222590845,,,,1.2834815819890322,5.8440467187631295,5.176072753080652,5.356775688720838,64.61624689109189,63.48749052312356,25.139173166967282,,296.42857142857156,1.9610511612258137,15159.9,13596.75,,,,
2021-02-09,15164.15,15257.1,15064.3,15109.3,0,14499.477499999999,,,,4.205823968484383,,,,-0.04300136281242262,3.1502916810316695,6.112831749643588,4.311776178394511,61.21845613901233,61.12855411305984,25.028135413177395,,291.28928571428594,1.9278807470517227,15257.1,13596.75,,,,
2021-02-10,15119.05,15168.25,14977.2,15106.5,0,14526.63,,,,3.9917723518806554,,,,-0.01853163283540571,2.140304733957854,8.154644710936099,3.7288554566397236,59.23378389186594,59.451530030555,25.012199492470227,,294.30000000000007,1.9481680071492407,15257.1,13596.75,,,,
2021-02-11,15073.25,15188.5,15065.4,15173.3,0,14557.0525,,,,4.233326080262467,,,,0.44219375765397473,1.8639669970763162,9.81179731573254,4.177523283796258,61.59845605937008,59.304294759325636,25.016841974708964,,286.21428571428584,1.8863021604679657,15257.1,13596.75,,,,
2021-02-12,15186.2,15243.5,15081.0,15163.3,0,14585.4375,,,,3.961914066684659,,,,-0.06590524144385324,1.6017555321037769,11.211916741231853,3.8895283510098855,67.17000781046605,59.10647168921282,25.03694688775126,,279.0964285714287,1.8406048061532034,15257.1,13596.75,,,,
2021-02-15,15270.3,15340.15,15243.4,15314.7,0,14629.4875,,,,4.68377651643642,,,,0.9984633951712452,1.3158417020601165,7.236786824636576,6.103771035839745,73.15540249677146,60.554821664464995,24.687593877605522,,272.2642857142859,1.7777970558632288,15340.15,13596.75,,,,
2021-02-16,15371.45,15431.75,15242.2,15313.45,0,14681.094999999998,,,,4.307274082757473,,,,-0.008162092629959705,1.3511545869100638,4.544011578491047,7.227283230518244,82.78247314708824,63.5519201441841,24.195118423417565,,263.6892857142858,1.7219456472204877,15431.75,13596.75,,,,
2021-02-17,15279.9,15314.3,15170.75,15208.9,0,14715.482500000002,,,,3.353050095367228,,,,-0.6827331528819536,0.6778539039486331,2.832666777102011,4.736195136060162,84.65466138633593,64.50281425891181,23.93862833508822,,255.7821428571429,1.681792521859851,15431.75,13596.75,,,,
2021-02-18,15238.7,15250.75,15078.05,15118.95,0,14739.195000000002,,,,2.5764975631301383,,,,-0.591430017950012,-0.3581949872473289,1.4990953734815182,3.2383729267243533,88.76700880148348,59.8061087234671,23.999704229990012,,241.68214285714294,1.5985378803233221,15431.75,13596.75,,,,
2021-02-19,15074.8,15144.05,14898.2,14981.75,0,14758.765000000003,,,,1.510864899603706,,,,-0.907470426187007,-1.19729874103921,0.3852789922441646,2.6825950028614765,74.92971780363686,55.50420511145585,24.234512601099823,,209.1178571428571,1.3958172919909697,15431.75,13596.75,,,,
2021-02-22,14999.05,15010.1,14635.05,14675.7,0,14773.954999999998,,,,-0.665055498003056,,,,-2.0428187628281025,-4.172461752433931,-2.911523042114861,2.1138471600832265,51.03573952173752,51.2879325174667,24.79527847166588,,203.72857142857148,1.388203434443137,15431.75,13596.75,,,,
2021-02-23,14782.25,14854.5,14651.85,14707.8,0,14797.4,,,,-0.6055117790963302,,,,0.21872891923382376,-3.9550199334571934,-2.6573037797912535,3.2930914607167683,46.67260723399078,55.37079082856321,24.488585942159688,,197.1535714285714,1.3404694884929862,15431.75,13596.75,,,,
2021-02-24,14729.15,15008.8,14723.05,14982.0,0,14848.125,,,,0.901628993559793,,,,1.8643168930771559,-1.4918896172635754,-0.8241485453281738,7.263289779846072,53.07744395737554,61.368295444114686,23.89238778501825,,204.44285714285706,1.3645898888189631,15431.75,13596.75,,,,
2021-02-25,15079.85,15176.5,15065.35,15097.35,0,14912.115,,,,1.2421779204358374,,,,0.7699239086904397,-0.14286706418105144,-0.5005503087660457,9.26213402520708,55.80989460965296,68.15165876777253,23.31257058551183,,207.62857142857138,1.3752650062995915,15431.75,13596.75,,,,
2021-02-26,14888.6,14919.45,14467.75,14529.15,0,14956.842500000002,,,,-2.859510621977886,,,,-3.7635744021301765,-3.021008894154553,-4.182137133737374,6.560881874055702,34.28349452139203,60.07789264976633,27.083598905269703,,235.76785714285714,1.6227229889075216,15431.75,13661.75,,,,
2021-03-01,14702.5,14806.8,14638.55,14761.55,0,14980.86,,,,-1.4639346472766002,,,,1.5995429877177836,0.5849806142125935,-3.6118892306085115,3.3635128700669314,41.68956864619429,65.73974496850514,22.142645443327666,,241.82857142857134,1.638232918823371,15431.75,14467.75,,,,
2021-03-02,14865.3,14959.1,14760.8,14919.1,0,14994.4225,,,,-0.5023367855614327,,,,1.0672998431736636,1.4366526604930874,-2.5751871720611663,1.8518076031636133,45.829995549621735,60.31900093823804,20.577870278454583,,242.3464285714286,1.624403808349221,15431.75,14467.75,,,,
2021-03-03,15064.4,15273.15,14995.8,15245.6,0,15017.205000000002,,,,1.520888873795081,,,,2.188469813862759,1.7594446669336516,0.2413060773625908,3.080808251549194,51.44213507799101,59.79677128574941,21.685885657170193,,258.8428571428571,1.6978200736137448,15431.75,14467.75,,,,
2021-03-04,15026.75,15202.35,14980.2,15080.75,0,15026.460000000001,,,,0.3612960071766673,,,,-1.0812955869234475,-0.10995307123435882,-0.2526630486905601,1.2426446647175515,48.449211925381846,54.73076297380836,22.012063576815592,,266.19285714285706,1.765116835322229,15431.75,14467.75,,,,
2021-03-05,14977.95,15092.35,14862.1,14938.1,0,15027.1525,,,,-0.5926106093619519,,,,-0.9459078626726125,2.814686337466399,-0.2913544812855662,0.09280198334924439,42.90183956574185,50.68237714800111,22.29781975123974,,270.00714285714275,1.8075065962682184,15431.75,14467.75,,,,
2021-03-08,15002.45,15111.15,14919.9,14956.2,0,15019.1725,,,,-0.41928075598039677,,,,0.12116668117096996,1.3186284638130985,1.9113227989124848,-1.0558488469019078,43.30904800254715,50.51533089243377,21.79625987216909,,270.1285714285714,1.8061310455100315,15431.75,14467.75,,,,
2021-03-09,15049.9,15126.85,14925.45,15098.4,0,15018.627499999999,,,,0.531157058126656,,,,0.9507762666987496,1.2018151228961438,2.655733692326523,-0.0721409992521127,47.959221364459054,49.71481020127189,22.080487054995263,,274.26071428571424,1.8164885967103417,15431.75,14467.75,,,,
2021-03-10,15202.15,15218.45,15100.85,15174.8,0,15022.042500000001,,,,1.0168890149258856,,,,0.5060138822656768,-0.4643962848297267,1.286877586437063,0.4521232582000989,51.0366589327146,51.04951129626663,22.15125880743755,,270.5,1.7825605609299628,15431.75,14467.75,,,,
2021-03-12,15321.15,15336.3,14953.6,15030.95,0,15014.925,,,,0.10672713982921297,,,,-0.9479531855444479,-0.3302223032674023,-0.4398122849374242,-0.9381611119532285,50.91097615168125,48.84180834265918,22.358384478553514,,280.27500000000003,1.8646526001350547,15431.75,14467.75,,,,
2021-03-15,15048.4,15048.4,14745.85,14929.5,0,15003.234999999997,,,,-0.49146067498107543,,,,-0.674940705677296,-0.05757090928565356,2.7554949876627433,-1.5418807251719513,55.084542030611416,46.30180207511681,22.472824544140007,,275.0964285714285,1.8426365824135333,15431.75,14467.75,,,,
2021-03-16,14996.1,15051.6,14890.65,14910.45,0,14983.022500000001,14717.116000000002,,,-0.48436488699126107,1.3136677050041523,,,-0.1275997186777844,-0.30589320816785115,1.0087016607334798,-2.6396207565280383,54.081160004027815,46.17502458210426,22.116666084209328,,272.11785714285713,1.8250143834884738,15431.75,14467.75,,,,
2021-03-17,14946.55,14956.55,14696.05,14721.3,0,14953.414999999999,14728.883999999998,,,-1.5522541172033266,-0.05149066283636237,,,-1.2685733830971047,-2.49761564139247,-1.3258172409863933,-3.8668621375327006,44.563540059223406,41.12473825904873,22.478390169221097,21.66862131277168,269.22499999999997,1.8288126727938427,15336.3,14467.75,,,,
2021-03-18,14855.5,14875.2,14478.6,14557.85,0,14920.8625,14736.051,,,-2.43291900853586,-1.2092859884917548,,,-1.1102959657095401,-4.065621952183873,-4.511137639712437,-4.280717211632656,38.97088887071714,39.221727718817746,22.653902543724126,21.816168772799422,283.6607142857143,1.9485069174755496,15336.3,14467.75,,,,
2021-03-19,14471.15,14788.25,14350.1,14744.0,0,14902.115,14748.006,,,-1.0610238882198924,-0.02716299410238512,,,1.2786915650319308,-1.909060970863452,-2.2329791290220946,-2.480000264568638,55.20533010296791,43.519292963086876,23.200942558803007,21.962347058507664,269.9857142857142,1.8311564994961627,15336.3,14350.1,,,,
2021-03-22,14736.3,14763.9,14597.85,14736.4,0,14889.847499999998,14759.987,,,-1.030551185967475,-0.15980366378371158,,,-0.051546391752577136,-1.2934123714792856,-1.3502386515018672,-1.6376591519682293,49.316185866934944,44.54193953402101,23.011478870492958,21.961949112603428,262.0142857142856,1.7780074218553081,15336.3,14350.1,,,,
2021-03-23,14768.55,14878.6,14707.0,14814.75,0,14896.8,14769.337,,,-0.5507894312872514,0.30748164254089716,,,0.5316766645856452,-0.6418317354607073,-0.9457616239419098,0.9474846174287954,47.03509021167778,47.576619456698396,21.874256006339678,21.754452959893847,260.1071428571427,1.7557308956083817,15336.3,14350.1,,,,
2021-03-24,14712.45,14752.35,14535.0,14549.4,0,14888.88,14770.63,,,-2.28009091348711,-1.4977695602692611,,,-1.791120336151475,-1.1676957877361338,-3.6361468764902205,-1.0769795618651323,29.506652537383687,48.145319980028766,22.81924853566352,22.052829523839236,254.79999999999993,1.7512749666652914,15336.3,14350.1,,,,
2021-03-25,14570.9,14575.6,14264.4,14324.9,0,14856.025,14765.859000000002,,,-3.575148803263323,-2.9863416683039063,,,-1.5430189561081553,-1.6001676071672688,-5.600732793842422,-4.385929782405551,28.505616379923183,44.677952909126304,22.23734697844111,22.2934802788955,258.07142857142856,1.8015583255131176,15336.3,14264.4,,,,
2021-03-26,14506.3,14572.9,14414.25,14507.3,0,14826.522500000001,14764.707999999999,,,-2.1530503865623354,-1.7434005467632647,,,1.2733073180266397,-1.6053988062940894,-3.4838117351198794,-3.908301788062152,38.020022246941004,43.229211239480804,22.601743497988583,22.48281322782153,259.3392857142857,1.7876468103250485,15336.3,14264.4,,,,
2021-03-30,14628.5,14876.3,14617.6,14845.1,0,14842.319999999998,14769.698,,,0.018730225463421315,0.5105182245432509,,,2.3284829017115705,0.7376292717353072,-0.5653236880002632,2.174593833775562,47.3768711337772,46.61677329363323,20.02213221385843,23.07876680899752,272.0357142857143,1.8324949935380312,15336.3,14264.4,,,,
2021-03-31,14811.85,14813.75,14670.25,14690.7,0,14838.7775,14774.838,,,-0.9979090258614595,-0.5694681728489951,,,-1.0400738290749056,-0.8373411633675887,-1.4737985775077234,-0.47996314750143876,40.42912812808115,52.437276526409505,19.614833462448587,23.06150493831269,270.1392857142858,1.8388455670205355,15336.3,14264.4,,,,
2021-04-01,14798.4,14883.2,14692.45,14867.35,0,14836.189999999999,14786.559,,,0.21002696784013739,0.5463813453826619,,,1.2024614211712192,2.1853134837175547,0.9920998824832106,-0.3468707897929524,43.10696589915479,51.62349619445129,19.719503567633435,23.064080495019745,275.3142857142857,1.8518046976380167,15336.3,14264.4,,,,
2021-04-05,14837.7,14849.85,14459.5,14637.8,0,14805.8,14788.892,,,-1.1346904591443894,-1.0216586881559522,,,-1.5439873279367244,2.1843084419437497,0.5491882386478686,-3.9867240384110936,41.51175594274239,45.77678356954118,18.620398092517735,23.057461854620847,277.1107142857144,1.8931172326832884,15336.3,14264.4,,,,
2021-04-06,14737.0,14779.1,14573.9,14683.5,0,14785.9375,14789.668,,,-0.6928035506710345,-0.7178524899950403,,,0.3122053860552976,1.2145609451793327,-0.4103364080303873,-2.6341528107023837,44.55776293084378,40.78403725078698,18.398027018057547,22.99001386115802,270.157142857143,1.839868851821044,15336.3,14264.4,,,,
2021-04-07,14716.45,14879.8,14649.85,14819.05,0,14779.985,14794.242,,,0.2643101464581912,0.16768686087465032,,,0.9231450267306762,-0.17547877750908603,0.5608561113976229,-0.7969554360996445,48.077084911217675,45.66764890904876,18.49063539990757,23.061572409487926,275.08571428571435,1.8562979022657615,15336.3,14264.4,,,,
2021-04-08,14875.65,14984.15,14821.1,14873.8,0,14775.865,14804.28,,,0.6628038358498775,0.4695939282423638,,,0.36945688151399647,1.246366749031691,0.39858924382794036,-0.5509420842192636,53.400677905628406,48.90362842722683,18.53913216710446,22.800350298835124,268.27142857142866,1.8036509067718316,15336.3,14264.4,,,,
2021-04-09,14882.65,14918.45,14785.65,14834.85,0,14762.6875,14816.198999999999,,,0.4888168228176636,0.1258824884844059,,,-0.2618698651319695,-0.2185998177213877,1.961936574704115,-1.7455491972659276,56.5401142749209,47.94548378904596,18.1924171844561,22.698493173249197,249.42857142857156,1.6813690157202232,15336.3,14264.4,,,,
2021-04-12,14644.65,14652.5,14248.7,14310.8,0,14719.4875,14823.065,,,-2.776506315182509,-3.4558642224128495,,,-3.5325601539617946,-2.233942259082644,-0.09843000649218947,-5.693649998682027,41.17934517022316,38.1922581032053,21.760099074526597,23.706169307399225,260.0000000000001,1.816809682198061,15336.3,14248.7,,,,
2021-04-13,14364.9,14528.9,14274.9,14504.8,0,14693.180000000002,14836.81,,,-1.2820914192843402,-2.237745175681297,,,1.3556195321016373,-1.2170122927095073,-0.017232703535463578,-3.500444083707288,45.616956850870544,40.29744837373649,22.355627994896473,23.736320194990032,266.282142857143,1.8358208514225844,15051.6,14248.7,,,,
2021-04-15,14522.4,14597.55,14353.2,14581.45,0,14675.777500000002,14855.747,,,-0.6427427780231829,-1.8464032808313084,,,0.5284457558877076,-1.6033416447073123,-1.776006897898963,-2.3312903982048883,45.581941446047814,43.36139418106632,22.4021252310694,23.524902635276433,271.47857142857146,1.8618077861157254,15051.6,14248.7,,,,
2021-04-16,14599.6,14697.7,14559.0,14617.85,0,14661.147500000001,14862.48,,,-0.29532135871356985,-1.6459567985961914,,,0.2496322382204763,-1.7208110906426044,-0.49589195885832993,-1.9623820877304188,51.419329421278555,45.30711198783298,22.43781846978209,21.04066099006512,261.4035714285715,1.7882491024916216,14984.15,14248.7,,,,
2021-04-19,14306.6,14382.3,14191.4,14359.45,0,14643.055000000002,14856.712,,,-1.9367884638827166,-3.34705283376294,,,-1.7677018166146197,-3.2046161572243714,-3.416210689867394,-2.4580030296237343,50.70647173090688,42.260801168604985,22.85182168659357,20.62553263960337,269.6357142857144,1.8777579523290546,14984.15,14191.4,,,,
2021-04-20,14526.7,14526.95,14207.3,14296.4,0,14629.982499999998,14846.840999999999,,,-2.2801291799221133,-3.7074620789701926,,,-0.439083669639162,-0.10062330547557785,-2.3323176980147298,-1.79593827385226,45.466271120856455,43.81279669161547,22.586535771720957,20.5159502536916,274.75357142857166,1.921837465575751,14984.15,14191.4,,,,
2021-04-22,14219.15,14424.75,14151.4,14406.15,0,14613.09,14837.051000000001,,,-1.416127595190343,-2.9042226787520082,,,0.7676757785176624,-0.6801196845182211,-1.888854837062015,-2.2914405860010922,39.53809852944681,47.75591715976331,22.24887131164307,20.526579938238573,267.9214285714288,1.8597711989076111,14984.15,14151.4,,,,
2021-04-23,14326.35,14461.15,14273.3,14341.35,0,14593.3375,14825.393,,,-1.7267297491063938,-3.264958979502261,,,-0.449807894545029,-1.6466126482620025,-3.2235534666527177,-2.680776851876976,41.30212871903398,43.821828057631244,22.280728036527638,20.53685673222772,268.85000000000025,1.8746491787732693,14984.15,14151.4,,,,
2021-04-26,14449.45,14557.5,14421.3,14485.0,0,14576.85,14812.777,,,-0.6301086997533786,-2.2127991260517863,,,1.0016490776670217,-0.9088203805621253,-2.613992389301989,-2.225822237972286,40.321478293886855,46.29716911656406,22.525925199299834,20.450800113237445,270.53928571428594,1.8677203017900306,14984.15,14151.4,,,,
2021-04-27,14493.8,14667.55,14484.85,14653.05,0,14582.032500000001,14803.652,,,0.48702058509332014,-1.0173300480178862,,,1.1601656886434109,2.0446465567970806,-1.2254926743445416,0.7124005113612997,50.39843239712606,47.679657903799786,22.022620155026786,20.63861266532988,254.45714285714297,1.7365472912270346,14984.15,14151.4,,,,
2021-04-28,14710.5,14890.25,14694.95,14864.55,0,14609.015,14798.812999999998,,,1.7491596798278313,0.4442045453240135,,,1.4433855067716328,3.974077390112196,3.869455236604513,3.767216525071726,54.35310523911421,54.59328679074783,21.716199654460723,20.91032423494232,256.74285714285725,1.7272158063503924,14984.15,14151.4,,,,
2021-04-29,14979.0,15044.35,14814.45,14894.9,0,14628.394999999999,14793.245,,,1.8218334957457811,0.6871717462936552,,,0.20417705211392967,3.3926482786865275,2.6894545253984825,2.6717583561379543,51.92088535467369,58.80608083055246,21.339802083450138,20.889866499898794,256.73928571428587,1.7236724362989069,15044.35,14151.4,,,,
2021-04-30,14747.35,14855.45,14601.7,14631.1,0,14617.695000000002,14782.600999999999,,,0.09170392459275443,-1.0248602394125257,,,-1.7710760058812003,2.020381623766232,0.3405011161441429,-1.4415531050649744,44.442154438032446,51.865694134667564,20.717636850583883,21.253166066333396,265.8892857142858,1.81728841791995,15044.35,14151.4,,,,
2021-05-03,14481.05,14673.85,14416.25,14634.15,0,14614.867499999998,14768.99,,,0.13193756289614783,-0.9129940503717596,,,0.02084600611027554,1.029685881946829,0.11150750623381,-0.38493740938144727,45.32712456344585,46.46418933641741,20.394727661154377,21.115030581532892,274.80357142857144,1.8778239353059212,15044.35,14151.4,,,,
2021-05-04,14687.25,14723.4,14461.5,14496.5,0,14596.325,14752.650999999998,,,-0.68390502403859,-1.7363048851355465,,,-0.9406080981813059,-1.0683782557215027,0.9544237418564139,-2.4943920739069148,55.272273011186215,46.72656170987424,20.11990219201865,21.20181583699053,251.64285714285714,1.7358869874994458,15044.35,14151.4,,,,
2021-05-05,14604.15,14637.9,14506.6,14617.85,0,14595.3275,14740.83,,,0.15431308410175068,-0.8342813803564627,,,0.8370986100093125,-1.6596533362933874,2.2484681458269318,-0.13629097268714752,53.3477449732003,45.71453108897286,19.652280763056115,21.261741784648198,243.59999999999997,1.6664557373348334,15044.35,14151.4,,,,
2021-05-06,14668.35,14743.9,14611.5,14724.8,0,14597.392499999998,14732.947,,,0.8728099898663488,-0.05529783009469079,,,0.7316397418224874,-1.1420016247171927,2.211902555505807,0.28126809003301556,54.17018181818178,51.560034428346,19.7963734886857,21.302433875254234,235.60357142857148,1.600045986557179,15044.35,14151.4,,,,
2021-05-07,14816.85,14863.05,14765.5,14823.15,0,14597.5975,14729.775,,,1.545134396259383,0.63392007006217,,,0.6679207866999937,1.3126149093369621,3.3595163635222525,0.027667090670457917,55.76458696018418,52.45771809718237,19.66247587546066,21.267570267668585,235.57142857142858,1.5892130118863306,15044.35,14151.4,,,,
2021-05-10,14928.25,14966.9,14892.5,14942.35,0,14601.025,14735.108,,,2.337678347924209,1.4064504990394382,,,0.8041475664754216,2.106032806825131,3.157404211253012,0.460877516169389,67.75510204081633,52.18253265833541,19.828086599623916,20.825556276849706,215.37857142857138,1.441396911654267,15044.35,14151.4,,,,
2021-05-11,14789.7,14900.0,14771.4,14850.75,0,14601.820000000002,14737.966999999999,,,1.7047874853956455,0.7652548007469502,,,-0.6130227173101965,2.443693305280581,1.3492071616489465,0.10718005237666528,66.59680847878809,49.59724624766299,19.935644603651934,20.873429176007548,204.75714285714275,1.3787663441721312,15044.35,14151.4,,,,
2021-05-12,14823.55,14824.05,14649.7,14696.5,0,14621.105,14732.257,,,0.5156587002145216,-0.24271230131268826,,,-1.03866808073666,0.5380408199564313,-1.1305421287559958,2.695167286245348,58.46723630107028,47.67623494633588,15.532168217285783,20.57520131976039,199.59285714285696,1.3580978950284555,15044.35,14151.4,,,,
2021-05-14,14749.4,14749.65,14591.9,14677.8,0,14629.755,14723.866000000002,,,0.3284060464443873,-0.31286619967882434,,,-0.1272411798727613,-0.3191893947625757,-1.4575458714056522,1.1927086205945514,60.08271149869637,57.424640906332186,14.86756026806849,20.49420008901489,197.44285714285692,1.3451801846520386,15044.35,14151.4,,,,
2021-05-17,14756.25,14938.0,14725.35,14923.15,0,14646.84,14731.746,,,1.8864819988475297,1.2992621512752152,,,1.671572033956048,0.674620441674012,1.9960905195097967,2.343388346152131,62.37606982459113,58.29121826505738,15.862169004238188,19.004955106041443,200.58928571428558,1.344148425193646,15044.35,14151.4,,,,
2021-05-18,15067.2,15137.25,15043.7,15108.1,0,14671.352499999999,14738.677000000001,,,2.976872786609151,2.5064868441041135,,,1.2393496011230853,1.109263268495253,3.238657523668964,3.3537763761428696,62.73187655633588,60.007981300952046,16.35045108259652,18.871686794232318,202.83214285714283,1.3425390542632285,15137.25,14151.4,,,,
2021-05-19,15058.6,15133.4,15008.85,15030.15,0,14704.8875,14740.897999999997,,,2.211934637378211,1.9622413776962726,,,-0.5159483985411883,1.2080197969799533,3.6812334011657954,4.670791708596078,55.007559721802245,57.71317394395179,14.924334789420755,18.76865814480585,194.78571428571416,1.2959665358344006,15137.25,14151.4,,,,
2021-05-20,15042.6,15069.8,14884.9,14906.05,0,14735.37,14734.107,,,1.1583014203240127,1.166972657386018,,,-0.8256737291377658,1.4258496921035535,1.971562165434726,4.264360258526612,50.31907282873085,60.76662464544591,15.215385775576204,18.189993678108774,191.57142857142844,1.2851924458285626,15137.25,14151.4,,,,
2021-05-21,14987.8,15190.0,14985.85,15175.3,0,14773.8275,14735.998,,,2.7174576121184564,2.9811486130766287,,,1.8063135438295186,3.3894725367561884,3.0594643051178982,5.33903922977339,65.52461915901176,66.01144064708882,16.136046736198203,18.49137449992844,190.91071428571428,1.258035849608998,15190.0,14273.3,,,,
2021-05-24,15211.35,15256.25,15145.45,15197.7,0,14816.645,14741.19,,,2.5718035358206954,3.0968327523083294,,,0.14760828451498842,1.839759032107846,2.526790864289996,5.971195180370059,65.9010750260997,64.89415749364946,15.922824927204516,18.360359214634858,180.42499999999993,1.1871862189673432,15256.25,14416.25,,,,
2021-05-25,15291.75,15293.85,15163.4,15208.45,0,14852.817500000001,14746.235,,,2.394377363082793,3.1344611014269073,,,0.07073438744020777,0.6642132366081688,1.780844378561608,4.994477045219203,71.6378445734431,66.65450215119851,15.71655887341743,18.359576457878514,171.03571428571428,1.1246097681598999,15293.85,14416.25,,,,
2021-05-26,15257.05,15319.9,15194.95,15301.45,0,14885.2375,14750.296,,,2.7961428227127816,3.736562303563267,,,0.6115021583396052,1.8050385392028856,3.0348635590795148,4.425017317213831,71.14052449282528,65.99283069871305,15.412228881325895,18.288685013912403,169.86071428571424,1.110095541832403,15319.9,14416.25,,,,
2021-05-27,15323.95,15384.55,15272.5,15337.85,0,14908.9025,14753.556999999999,,,2.8771232490117917,3.9603534252790804,,,0.23788595198495077,2.89681035552678,4.36396420916545,3.184085626541,69.82376717865802,64.14350035110908,14.722947650393225,18.262927246215476,168.4071428571428,1.0979840255129814,15384.55,14416.25,,,,
2021-05-28,15421.2,15469.65,15394.75,15435.65,0,14935.940000000002,14761.651000000002,,,3.345688319583483,4.5658781663378845,,,0.6376382609035725,1.7156168247085768,5.16323972257422,3.6304372637614213,69.81302969528363,62.37647364771151,14.819914599191355,18.173899765586512,167.94642857142844,1.0880424768080932,15469.65,14416.25,,,,
2021-05-31,15437.75,15606.35,15374.0,15582.8,0,14983.525,14774.716999999999,,,3.9995595162019595,5.469363643310397,,,0.953312623699043,2.533936056113739,4.420313405681764,6.5046373820150105,70.34918819305429,64.18935643564355,13.113445535778553,18.203044168942142,174.2749999999999,1.1183805221141252,15606.35,14416.25,,,,
2021-06-01,15629.65,15660.75,15528.3,15574.85,0,15030.560000000001,14788.005,14752.5605,,3.6212223629724973,5.320832661336003,5.573876480628572,,-0.0510177888440988,2.409186998017554,3.089402373561212,6.428115059637918,74.29865771812078,71.763946221433,13.137562498471016,18.199100709092434,171.5249999999999,1.101294715518929,15660.75,14461.5,,,,
2021-06-02,15520.35,15597.45,15459.85,15576.2,0,15084.545000000002,14805.103000000001,14766.9935,,3.2593293334336484,5.208319050532777,5.479832438471651,,0.008667820235830348,1.7955814645017387,3.633030941141646,7.448004690787435,82.89581931044796,71.74178956357174,12.342074081656369,17.931331206098122,166.9928571428571,1.0721026767944497,15660.75,14506.6,,,,
2021-06-03,15655.55,15705.1,15611.0,15690.35,0,15138.169999999998,14827.753,14781.902000000002,,3.647600733774308,5.817449211623634,6.14567732893912,,0.7328488334767069,2.298236063072734,5.261621958869056,7.336920272133041,85.3408258001466,77.85529293730602,12.294381666188155,17.757949967658078,164.9321428571428,1.0511693037895444,15705.1,14591.9,,,,
2021-06-04,15712.5,15733.6,15622.35,15670.25,0,15185.4425,14846.278,14797.142000000002,,3.1925806574289872,5.550024053166725,5.900517816210713,,-0.12810421692314167,1.5198582502194524,3.2615500187805235,6.42080028251657,80.94094259918826,75.77264044668655,12.326076861313348,17.580546169125263,154.29285714285703,0.9846228180332607,15733.6,14591.9,,,,
2021-06-07,15725.1,15773.45,15678.1,15751.65,0,15231.867499999998,14866.583,14813.285,,3.412467315645972,5.953398975406784,6.334617878478675,,0.5194556564189989,1.083566496393451,3.644959434651285,6.263850800943116,79.15288788221967,75.46561515760233,12.280798466432248,17.597287849334045,146.37142857142848,0.9292450541462544,15773.45,14591.9,,,,
2021-06-08,15773.9,15778.8,15680.0,15740.1,0,15271.755,14885.09,14827.213500000002,,3.0667398737080394,5.744070072804399,6.156831153743073,,-0.07332565159839932,1.061005402941273,3.495754005174745,5.338852322425858,84.21940521521192,73.76318449218647,12.204483142276658,17.580334456240934,144.5321428571428,0.918241579514379,15778.8,14591.9,,,,
2021-06-09,15766.3,15800.45,15566.9,15635.35,0,15310.985,14906.809,14838.7195,,2.118511643764263,4.887303513448123,5.3685932940507515,,-0.66549767790548,0.3797460227783489,2.18214613647727,5.283234853458585,85.82023575638519,68.09493968353438,12.255764766020869,17.124337983774534,148.0071428571429,0.9466186740760065,15800.45,14591.9,,,,
2021-06-10,15692.1,15751.25,15648.5,15737.75,0,15363.0475,14935.065999999999,14850.4625,,2.4389854942517064,5.374492486340544,5.974813915728216,,0.6549261769004167,0.3020965115500873,2.607275465596537,7.0850202429149745,83.04059214004594,73.03058628031364,11.31263918146175,16.71288961260008,136.00357142857138,0.8641868845837009,15800.45,14591.9,,,,
2021-06-11,15796.45,15835.55,15749.8,15799.35,0,15419.125,14960.907000000001,14862.8075,,2.4659311082827355,5.604225733105615,6.301248939677107,,0.39141554542421186,0.8238541184728998,2.3562337834817537,7.641131504721432,83.78727466726579,80.08237636725676,11.174287576873697,16.53626330896175,135.07499999999996,0.8549402348830804,15835.55,14725.35,,,,
2021-06-14,15791.4,15823.05,15606.5,15811.85,0,15463.560000000001,14980.242,14874.97,,2.2523274071429804,5.551365592091237,6.298365643762651,,0.07911717887127967,0.382182184088653,1.4698898785840964,5.955177023617675,83.81907857863479,81.0383994307141,10.09387066966152,15.784514252010037,141.22499999999985,0.8931592444906816,15835.55,14884.9,,,,
2021-06-15,15866.95,15901.6,15842.4,15869.25,0,15501.617500000002,15003.813,14889.325499999999,,2.3715750953085886,5.768113745485897,6.581389465896229,,0.36301887508418673,0.8205157527588769,1.8902268721689097,5.038025959584602,83.14652656158796,78.86387210934166,9.46204645504951,15.56182244986714,138.7107142857142,0.8740848766369815,15901.6,14884.9,,,,
2021-06-16,15847.5,15880.85,15742.6,15767.55,0,15538.4875,15021.817,14904.188,,1.4741621409419676,4.964332876642021,5.792747649184237,,-0.640862044520063,0.8455199275999581,1.2284767786751472,4.906138661290793,73.307658928184,71.19532028412557,9.605072602465103,15.47628020781453,140.58214285714283,0.8915915462905958,15901.6,14884.9,,,,
2021-06-17,15648.3,15769.35,15616.75,15691.4,0,15577.755,15042.889,14915.890500000001,,0.7295338769931896,4.311080138928104,5.199216902269417,,-0.48295391484409755,-0.29451478133787345,0.006692011331810299,5.268666078538575,64.20596567238798,71.27779386684689,9.167094187604699,15.066648728440772,142.0678571428572,0.9053867541637917,15901.6,14985.85,,,,
2021-06-18,15756.5,15761.5,15450.9,15683.35,0,15603.157500000001,15062.885999999999,14926.277,,0.5139504616293157,4.1191575107187415,5.07208193978981,,-0.05130198707571365,-0.7342074199255033,0.08359790048020344,3.3478745065995463,56.60600486170432,77.03088051189326,7.159043617099617,15.067823013447775,147.6571428571429,0.9414898147216182,15901.6,15145.45,,,,
2021-06-21,15525.85,15765.15,15505.65,15746.5,0,15630.5975,15081.435,14937.838499999998,,0.7415103613281587,4.4098257228174935,5.413510796759532,,0.40265632023770426,-0.41329762172042095,-0.032694987509240825,3.611072728110165,60.5145482388974,73.1874644799871,7.2075494141054675,14.97304628673908,156.73214285714286,0.995345904532073,15901.6,15163.4,,,,
2021-06-22,15840.5,15895.75,15752.1,15772.75,0,15658.8125,15099.413999999999,14951.847,,0.7276254185941623,4.459351866237996,5.490311665174211,,0.16670371193598932,-0.6080942703656445,0.207431973113259,3.71043728979612,61.683409617785166,73.27101290923076,7.196558958986945,14.962998200811628,157.5642857142857,0.9989652135124547,15901.6,15194.95,,,,
2021-06-23,15862.8,15862.95,15673.95,15686.95,0,15678.0875,15116.456,14966.3275,,0.0565279406687907,3.773993057632031,4.814958779967907,,-0.5439761614176253,-0.511176435146854,0.33002139382873885,2.5193690794009793,49.79084645669294,68.25499771097215,7.449066152152584,15.013518787967788,161.85714285714286,1.0317948540483832,15901.6,15272.5,,,,
2021-06-24,15737.3,15821.4,15702.7,15790.45,0,15700.717499999999,15146.048999999999,14984.557000000003,,0.5715184672292963,4.254581508352453,5.378156991895043,,0.6597840880476991,0.6312374931491282,0.3348636240885883,2.950869906799203,56.70609239009156,68.50730451896155,7.680415246832211,12.515971088300159,163.51428571428565,1.035526446138556,15901.6,15374.0,,,,
2021-06-25,15839.35,15870.8,15772.3,15860.35,0,15721.9525,15173.16,15004.985,,0.8802818861079815,4.528984074510521,5.700538854254101,,0.4426726280758242,1.1285854106424908,0.3860918328918661,2.7514228425754794,56.14332542104674,69.28613612874656,7.5450873344495255,12.247399746212707,163.1785714285713,1.0288459676398773,15901.6,15374.0,,,,
2021-06-28,15915.35,15915.65,15792.15,15814.7,0,15733.5475,15197.825,15026.785999999998,,0.5157927670158312,4.058968964309038,5.243396691747674,,-0.2878246696951803,0.43311212015368916,0.01802445634129235,1.4881792745848,54.059643012625195,64.55142231947494,7.032660291555463,12.265651563851062,164.94285714285706,1.0429717740005,15915.65,15450.9,,,,
2021-06-29,15807.5,15835.9,15724.05,15748.45,0,15742.227499999999,15220.437,15041.4585,,0.03952744298735153,3.4691053877099645,4.700285547442092,,-0.41891404832212764,-0.15406317858330798,-0.7612205995872423,1.114617476251789,56.42394638191529,56.780320085137824,7.23821352692066,12.333689119580885,156.24999999999986,0.9921611333178811,15915.65,15450.9,,,,
2021-06-30,15776.9,15839.1,15708.75,15721.5,0,15749.492499999998,15247.678,15052.195,,-0.17773588577535737,3.107502663684268,4.446560783991972,,-0.17112795227467448,0.22024676562364398,-0.29205551908825234,0.9328334253540627,48.9904951233149,55.91068477691346,7.281951661320791,11.551660326077434,157.2821428571428,1.00042707666026,15915.65,15450.9,,,,
2021-07-01,15755.05,15755.55,15667.05,15680.0,0,15748.975,15275.35,15061.095500000001,,-0.4379650104213154,2.6490391382194165,4.109292713800259,,-0.2639697229908089,-0.6994734158937921,-0.072651261200396,-0.06596411169923488,42.39566741000315,54.0524713047552,6.886445303651789,11.50969729212732,156.6178571428571,0.9988383746355682,15915.65,15450.9,,,,
2021-07-02,15705.85,15738.35,15635.95,15722.2,0,15751.5725,15301.671,15069.361,,-0.18647344574644525,2.748255402955667,4.332227491265224,,0.2691326530612326,-0.871040046405025,0.24771493335289385,0.3315199183165696,44.49628583706797,51.31747673216134,6.934468636583105,11.434628514436723,148.46428571428572,0.9442971448924814,15915.65,15450.9,,,,
2021-07-05,15793.4,15845.95,15762.05,15834.35,0,15755.7075,15331.531,15078.462,,0.499136582727243,3.279639848101272,5.013031169889879,,0.7133225630000961,0.12425148754007243,0.5579017559457666,0.5250243625271045,47.99240681086059,56.30765682656829,7.151362589607325,11.404559948690496,150.89285714285714,0.9529463296116173,15915.65,15450.9,,,,
2021-07-06,15813.75,15914.2,15801.0,15818.25,0,15759.615000000002,15358.196000000002,15085.486499999999,,0.37205858138030906,2.995495043818937,4.857407150906277,,-0.10167768174885738,0.44321822147574963,0.2884722068123846,0.4965025635161213,53.23506891271062,52.69526507486849,7.157351486709507,11.274342139281938,149.10357142857148,0.9426047219418803,15915.65,15450.9,,,,
2021-07-07,15819.6,15893.55,15779.7,15879.65,0,15771.829999999998,15382.728000000001,15093.19,,0.683623904137957,3.230389304159825,5.21069435950915,,0.388159246440023,1.005947269662566,1.2284096016115242,1.5624850099294152,62.242309943422015,55.428482514490206,6.7746946424222605,11.059897457385167,146.3357142857142,0.9215298466006128,15915.65,15450.9,,,,
2021-07-08,15855.4,15885.75,15682.9,15727.9,0,15771.3375,15399.995,15099.403999999999,,-0.27542052156324726,2.1292539380694526,4.16238945590171,,-0.9556255962820392,0.3054846938775446,-0.3961255062395419,-0.06258836237709176,52.44096213906084,53.47318647502531,7.345040929185188,10.942605929017951,138.63928571428565,0.8814863123130593,15915.65,15450.9,,,,
2021-07-09,15688.25,15730.85,15632.75,15689.8,0,15765.86,15415.893,15104.569,,-0.4824348307038202,1.7767832197589803,3.8745296208054647,,-0.24224467347834233,-0.20607802979227818,-1.0753230540309744,-0.6933829556279303,46.80563380281686,48.10930168368753,7.2383810624191165,10.969821087045737,127.11071428571424,0.8101487226460137,15915.65,15450.9,,,,
2021-07-12,15766.8,15789.2,15644.75,15692.6,0,15759.897499999997,15437.123,15109.862000000001,,-0.4270173711472232,1.6549521565644116,3.856673211178231,,0.017845989113962624,-0.8952056762671079,-0.7720664950963352,-0.75418119954338,45.361958220010436,45.58610709117222,7.228965752570724,10.0955654503173,126.76785714285714,0.8078193361384165,15915.65,15450.9,,,,
2021-07-13,15794.0,15820.8,15744.6,15812.35,0,15757.0525,15460.687,15114.838499999998,,0.35093809581456037,2.274562572801587,4.614746627957701,,0.7630985305175697,-0.03729868980449913,0.4057542170816886,-0.358555067189692,56.982182628062326,50.01898974553742,7.6497391958761245,10.186806860495254,122.42499999999993,0.774236593548713,15915.65,15450.9,,,,
2021-07-14,15808.7,15877.35,15764.2,15853.95,0,15761.372500000001,15487.836000000001,15120.243499999999,,0.5873695326977356,2.3638809191936145,4.852478070210987,,0.26308549962530403,-0.16184235798647473,0.8424768628947588,0.547960843631401,53.79739265638081,49.411855154916616,7.338361561036049,9.873402154056032,120.9035714285714,0.7626085072084332,15915.65,15450.9,,,,
2021-07-15,15872.15,15952.35,15855.0,15924.2,0,15773.0125,15513.963,15127.3965,,0.9585201305077263,2.644308227369119,5.267287731897554,,0.4431072382592438,1.2481005092860542,1.5573979591836817,1.4836152287240223,53.81672544682887,56.17096710655905,7.217838305847908,9.77792889170729,120.89642857142852,0.7591993856609971,15952.35,15450.9,,,,
2021-07-16,15958.35,15962.25,15882.6,15923.4,0,15785.015,15537.935,15135.441,,0.8766858948185999,2.4807994112473772,5.2060524698289194,,-0.005023800253711741,1.4888653775064098,1.2797191232779115,1.5306041120041192,56.86584133400697,59.71605662115754,7.20899183350033,9.701111059077814,117.76428571428563,0.7395674649527465,15962.25,15505.65,,,,
2021-07-19,15754.5,15836.9,15707.5,15752.4,0,15785.310000000001,15556.52,15143.1475,,-0.2084849774885743,1.259150504097312,4.023288421380037,,-1.0738912543803436,0.3810713329849724,-0.5175457154856455,0.0374686438256111,50.22033803759686,52.54449644396945,8.165983919874915,10.01374410192568,125.19642857142844,0.794776850330289,15962.25,15632.75,,,,
2021-07-20,15703.95,15728.45,15578.55,15632.1,0,15778.2775,15570.315,15152.7115,,-0.9264477697264468,0.39681278124430913,3.163714296282886,,-0.763693151519762,-1.1399317621985317,-1.1768052723910682,-0.8917278217178359,45.48347984237651,45.95473833097597,8.576326837815925,10.084128426733919,128.3035714285713,0.8207698993006142,15962.25,15578.55,,,,
2021-07-22,15736.6,15834.8,15726.4,15824.05,0,15785.132499999998,15589.781,15163.874000000002,,0.24654528557173266,1.5027087295196666,4.353610429630302,,1.2279220322285456,-0.18859653272529364,-0.3501336616361206,0.8739748644573941,56.317151252028204,51.623726023928576,9.46488377472345,10.267211504160999,136.4607142857141,0.8623627597594428,15962.25,15578.55,,,,
2021-07-23,15856.8,15899.8,15768.4,15856.05,0,15788.4125,15612.972,15172.614500000001,,0.42839962535814735,1.5568976873845641,4.5044016639320645,,0.2022238301825352,-0.42796498411223904,0.8147940920275376,0.4154409785661395,55.922828443736385,55.54099220132375,9.206661534245727,9.91320874770604,138.53214285714265,0.8736863396441273,15962.25,15578.55,,,,
2021-07-26,15849.3,15893.35,15797.0,15824.45,0,15786.617499999998,15635.905,15179.8855,,0.23964918387363385,1.2058464156695763,4.246174979383081,,-0.19929301433836422,-0.6214125124031189,0.8582008693546195,-0.22635061647441335,49.52830188679247,51.169188445667125,9.099302200219215,9.925030500796915,136.57499999999982,0.8630631712318584,15962.25,15578.55,,,,
2021-07-27,15860.5,15881.55,15701.0,15746.45,0,15783.204999999998,15652.371000000001,15192.058500000001,,-0.2328741215741504,0.6010527095224085,3.649219096938046,,-0.4929081263487789,-0.037772022041082653,0.3431553725959935,-0.4315605101582687,46.76954917664,46.10491758429657,9.21085759341171,9.396713718012716,141.385714285714,0.8978894562629289,15962.25,15578.55,,,,
2021-07-28,15761.55,15767.5,15513.45,15709.4,0,15781.252500000002,15664.396999999999,15201.537,,-0.4553028981698549,0.2872948125612535,3.3408661242609834,,-0.23529112911164773,0.4944953013350739,-0.6510733698659621,-0.24796091043881585,42.16845301071807,46.37770897832814,9.128077839540808,9.061778067572721,151.39999999999978,0.9637541853921843,15962.25,15513.45,,,,
2021-07-29,15762.7,15817.35,15737.8,15778.45,0,15784.1,15679.363000000001,15210.130500000001,,-0.03579551574052138,0.6319580712558255,3.736453806231311,,0.4395457496785493,-0.28816895801010434,-0.4762220140722029,0.36224278853800307,52.5168035847648,51.03000755338873,9.242519891131174,8.99240697439729,144.62142857142837,0.9165756368428355,15962.25,15513.45,,,,
2021-07-30,15800.6,15862.8,15744.85,15763.05,0,15788.252500000002,15696.503,15215.305,,-0.15962817924278228,0.42396067455278835,3.599960697468759,,-0.09760147543010911,-0.5865269092869885,-1.0119817636050854,0.5296556122448948,53.731343283582085,51.437965045855655,9.19353506641201,8.752825843170745,146.0392857142854,0.9264659169024103,15962.25,15513.45,,,,
2021-08-02,15874.9,15892.9,15834.65,15885.15,0,15796.4,15710.7,15223.349000000002,,0.5618368742245069,1.110389734384839,4.347276016597909,,0.7745962868860978,0.38358363165860165,-0.2402125174271852,1.036432560328704,58.745514829449924,56.72468613760774,9.537992612649957,8.00069463168568,144.99642857142823,0.9127797255388098,15962.25,15513.45,,,,
2021-08-03,15951.55,16146.9,15914.35,16130.75,0,15811.219999999998,15729.361,15235.2755,,2.020906672603395,2.5518455581253376,5.877639035802145,,1.54609808531867,2.440550092242999,2.4018562250831543,1.8718798056124752,62.97790820901602,61.816341287057085,10.690751987513273,8.64047408628051,154.53571428571402,0.9580193995053795,16146.9,15513.45,,,,
2021-08-04,16195.25,16290.2,16176.15,16258.8,0,15833.247499999998,15750.368,15248.301500000001,,2.6877145702421545,3.2280642585620787,6.626957763131832,,0.7938254575887704,3.4972691509542075,4.0090582839157785,2.785074202266369,65.41522293721198,62.16433095463268,10.941953461933311,8.770489556150185,157.84285714285696,0.9708149257193457,16290.2,15513.45,,,,
2021-08-05,16288.95,16349.45,16210.3,16294.6,0,15853.995,15770.230999999998,15260.2635,,2.7791417872908344,3.325055923404055,6.777972739461552,,0.2201884517922581,3.271233866444412,2.9736382278872986,2.6130928578400603,64.4834597638226,63.499305693314795,10.9075562560129,8.704938271117072,160.75357142857138,0.9865450605020766,16349.45,15513.45,,,,
2021-08-06,16304.4,16336.75,16223.3,16238.2,0,15879.51,15788.238000000001,15270.8975,,2.2588228478082795,2.8499823729538374,6.334287162886147,,-0.34612693775851744,3.0143278109249216,2.4101210578927335,3.2445526739107056,61.79644757550779,60.18984283968512,10.299632170001608,8.76531776089168,163.16785714285717,1.004839558219859,16349.45,15513.45,,,,
2021-08-09,16281.35,16320.75,16179.05,16258.25,0,15907.9325,15804.69,15283.170499999998,,2.2021560627064467,2.869781058660432,6.380086514116962,,0.12347427670553746,2.348734509903916,2.7413275026936024,3.6230544685082133,71.37364262475177,66.29189322028691,10.190595115554856,8.68346674431779,157.86785714285725,0.9710015354841833,16349.45,15513.45,,,,
2021-08-10,16274.8,16359.25,16202.25,16280.1,0,15937.3075,15818.636,15296.6765,,2.150880881227896,2.9172173884018817,6.429001097068378,,0.13439330801285898,0.9258713946964647,3.3890178421167816,3.7438028115162503,79.86450364088853,68.31637085763933,10.174373920582957,8.464047903852947,156.6642857142858,0.9623054263443456,16359.25,15513.45,,,,
2021-08-11,16327.3,16338.75,16162.55,16282.25,0,15960.8025,15832.784,15310.3945,,2.013980813308104,2.8388311240777386,6.347684248109998,,0.013206307086566227,0.14422958643933725,3.6465428342266515,2.971727795046264,75.59490559713996,68.30358528635726,9.955978929996343,8.459811694264996,154.77142857142877,0.9505530781767185,16359.25,15513.45,,,,
2021-08-12,16303.65,16375.5,16286.9,16364.4,0,15986.325,15848.548,15326.825499999999,,2.3649900774568198,3.254884926997722,6.769663424431894,,0.5045371493497486,0.42836277048838856,3.7136093849522434,3.219702345472264,76.88971171647708,67.5460064202396,10.029490259849393,8.508319735892654,152.0464285714288,0.9291292596821688,16375.5,15513.45,,,,
2021-08-13,16385.7,16543.6,16376.3,16529.1,0,16016.570000000002,15865.323,15346.538,,3.1999985015518115,4.183822793900876,7.705724900299976,,1.006453032191823,1.7914547178874418,4.859782846593763,3.798620966830346,82.67260165994327,69.90125276344872,10.431349902511995,8.634190994431426,157.96428571428584,0.9556738462123519,16543.6,15513.45,,,,
2021-08-16,16518.4,16589.4,16480.75,16563.05,0,16048.5525,15883.179000000002,15364.728500000001,,3.205881028834217,4.280446628474043,7.799171329320906,,0.20539533307923907,1.874740516353235,4.267507703735873,4.017044098622158,89.47597408875549,69.2430494894424,10.406249306087805,8.62020615994981,152.8285714285717,0.9227079036081622,16589.4,15513.45,,,,
2021-08-17,16545.25,16628.55,16495.4,16614.6,0,16091.6625,15900.438,15383.510499999999,,3.249741908270809,4.4914611786165795,8.002656480781809,,0.31123494766964743,2.0546556839331265,2.9995505478666473,5.473451664508255,93.1540808543096,70.2022563862746,9.256862727804839,8.582220910301304,144.19285714285732,0.8678683636251088,16628.55,15513.45,,,,
2021-08-18,16691.95,16701.85,16535.85,16568.85,0,16138.5,15917.013,15401.0515,,2.6666047030393067,4.0952218861666925,7.582589409560763,,-0.2753602253439791,1.7601989896973702,1.9069673038600632,5.99247701844281,88.5372988785957,75.74821028730013,8.6789805326774,8.616111570494677,148.33928571428584,0.8952901723069848,16701.85,15513.45,,,,
2021-08-20,16382.5,16509.55,16376.05,16450.5,0,16169.8225,15933.316,15420.0625,,1.7358106435614848,3.2459282173277635,6.6824469745177755,,-0.7142921808091618,0.5261421133680555,0.9567586807899486,3.9588474505578564,80.45992290309728,75.84149036943481,8.641666924568943,8.639192015531897,153.68571428571445,0.9342312652242452,16701.85,15513.45,,,,
2021-08-23,16592.25,16592.5,16395.7,16496.45,0,16201.842500000002,15948.49,15441.778,,1.818358004652855,3.435811164567937,6.8299906914864374,,0.2793228169356565,-0.1975304160540925,1.5903856338756794,4.038836910832155,79.0458994583295,73.38782608695658,8.646769134734381,8.55657306945021,158.4678571428572,0.9606179338151978,16701.85,15513.45,,,,
2021-08-24,16561.4,16647.1,16495.3,16624.6,0,16241.85,15964.995,15462.951000000001,,2.356566524133631,4.1315703512591,7.512466410842261,,0.7768338036365341,0.3716103012428196,2.2533175464763966,5.056415862794594,76.41332834144521,75.05623838555081,8.743249771292115,8.668113858838158,150.61428571428573,0.9059723885945271,16701.85,15513.45,,,,
2021-08-25,16654.0,16712.45,16617.5,16634.65,0,16286.26,15981.451,15480.8465,,2.1391651613077602,4.087232129297911,7.4531034204105175,,0.06045258231779371,0.12067699493218953,2.1778121756008906,5.640636460916593,73.00605986411232,76.7905561801468,8.331962914143764,8.668483367316972,146.0071428571429,0.8777289745028773,16712.45,15513.45,,,,
2021-08-26,16627.95,16683.7,16603.4,16636.9,0,16332.634999999998,15996.803999999998,15500.308500000001,,1.8629265883919104,4.001399279506101,7.3327024426642895,,0.013525983414131026,0.4107104596879241,2.1781387707472843,5.904108368238137,71.84986595174277,80.99697149023564,8.174763286869466,8.650051122246587,141.8035714285713,0.8523437144454273,16712.45,15737.8,,,,
2021-08-27,16642.55,16722.05,16565.6,16705.2,0,16378.9725,16015.557000000003,15518.687,,1.99174581922035,4.306081892749644,7.645704820259606,,0.41053321231718787,1.5482812072581398,2.0825694800909345,5.873517360704006,79.36368209255544,83.92613791223769,8.16829877997467,8.51036591307543,144.87499999999986,0.8672449297224808,16722.05,15744.85,,,,
2021-08-30,16775.85,16951.5,16764.85,16931.05,0,16437.372499999998,16040.35,15541.619500000003,,3.003384512944521,5.552871352557761,8.940062520511434,,1.3519742355673658,2.6345062119425666,2.4317718448070513,7.409733522383033,83.6063936063937,85.47771484855947,8.854779390195805,8.835862531942428,152.34642857142833,0.8998049652645781,16951.5,15834.65,,,,
2021-08-31,16947.5,17153.5,16915.85,17132.2,0,16499.725,16069.327000000001,15566.106500000002,,3.833245705610259,6.614296914861459,10.06091985815463,,1.188053900968944,3.0533065457214237,3.4362632486166556,7.850413751207896,86.0967550622724,87.81868905891785,9.225696637926923,9.121435465628526,158.10714285714272,0.9228653813120482,17153.5,15914.35,,,,
2021-09-01,17185.6,17225.75,17055.05,17076.25,0,16547.0,16095.922000000002,15588.678500000002,,3.19846497854596,6.090536472530108,9.5426401923678,,-0.32657802267076486,2.6546996780815846,2.7785802848097507,5.8614757528323125,82.16919212381497,84.14850917431197,8.448888265719773,9.176021418412848,157.71428571428558,0.923588526253045,17225.75,16162.55,,,,
2021-09-02,17095.4,17245.5,17059.7,17234.15,0,16595.7675,16125.15,15612.282,,3.846658492895852,6.877455403515638,10.388410867802685,,0.9246760852060776,3.5899115820856142,4.015366184134694,5.998905208256455,83.2003664541742,83.30918311900024,8.565056100646427,9.333636748296255,164.32499999999982,0.953484796175035,17245.5,16162.55,,,,
2021-09-03,17262.45,17340.1,17212.2,17323.6,0,16647.2175,16157.883,15637.1695,,4.063036360280628,7.2145404196824465,10.78475551473685,,0.5190276282845296,3.701841342815393,5.307437463906872,6.314975513360244,82.1764134132513,82.91092291525008,8.59694656598588,9.214461702016072,160.66071428571402,0.9274095123745298,17340.1,16162.55,,,,
2021-09-06,17399.35,17429.55,17345.55,17377.8,0,16704.1975,16189.63,15667.839500000002,,4.032534337551989,7.339080633714298,10.913824461885744,,0.31286799510494845,2.638643202872837,5.342664633906069,7.018019238585538,82.4640395266367,83.1031110567814,8.242821152153104,9.15824188582958,160.46785714285684,0.9234072042655391,17429.55,16162.55,,,,
2021-09-07,17401.55,17436.5,17287.0,17362.1,0,16759.39,16219.665,15696.4125,,3.5962526082393165,7.043517853173895,10.61189937509605,,-0.09034515301131751,1.3419175587490173,4.43619696112989,6.789476112127679,80.66037735849056,85.2231415319042,8.351877171895222,9.161800977671575,161.63571428571413,0.9309686863093412,17436.5,16162.55,,,,
2021-09-08,17375.75,17383.4,17254.2,17353.5,0,16813.06,16250.440999999999,15724.133,,3.2144059439507067,6.787871172234657,10.36220566183204,,-0.04953317859014428,1.6236000292804365,4.321401412112658,6.593325593823129,83.19583703515684,84.57337668487017,8.434209116092225,9.114354752526651,159.00714285714275,0.9162828412547483,17436.5,16162.55,,,,
2021-09-09,17312.85,17379.65,17302.7,17369.25,0,16867.41,16282.857,15751.646999999999,,2.975204847691496,6.672004796209903,10.26942135003407,,0.09075978909154347,0.7839086929149364,4.401961903960472,6.67598151361144,92.56428075052119,84.5137370472479,8.40108723015787,9.011198038745487,150.73214285714286,0.8678103133822292,17436.5,16286.9,,,,
2021-09-13,17363.55,17378.35,17269.15,17355.3,0,16916.954999999998,16315.533000000001,15781.6055,,2.5911578058817395,6.372865661207623,9.971700914713649,,-0.08031434863337017,0.18298736983075603,3.8916026147546745,6.055217423186909,91.00501312962514,83.75114018809174,8.49131464102674,8.994373404649924,144.47499999999985,0.8324546392168378,17436.5,16376.05,,,,
2021-09-14,17420.35,17438.55,17367.05,17380.0,0,16959.5,16349.533000000001,15812.441499999999,,2.4794363041363248,6.302730481659621,9.913450114582249,,0.14231963722897145,0.012659830358274782,2.651637080984348,5.147890689753232,90.0190718372536,83.14188748205198,8.075883273601137,8.932741645666619,139.57857142857134,0.8030987999342425,17438.55,16376.05,,,,
2021-09-15,17387.65,17532.7,17386.9,17519.45,0,17007.32,16385.478,15843.574499999999,,3.0112328103428467,6.920591514022366,10.577635116368482,,0.8023590333716912,0.9062843780418328,2.260363525991993,5.774298815737455,91.22251211330594,82.85941802979534,8.30444125694883,9.031291622585314,143.70357142857134,0.8202516142263104,17532.7,16376.05,,,,
2021-09-16,17539.2,17644.6,17510.45,17629.5,0,17058.065,16421.380999999998,15876.455999999998,,3.3499403361401265,7.356987819721146,11.04178413620774,,0.6281589890093642,1.5904572564612307,3.2398799502232567,6.108482900581436,92.02370872142247,83.68339597612209,8.394755033577253,9.009281435427408,147.54999999999978,0.8369494313508595,17644.6,16376.05,,,,
2021-09-17,17709.65,17792.95,17537.65,17585.15,0,17108.879999999997,16456.718999999997,15907.4575,,2.7837590771576175,6.856962192767613,10.546578546571638,,-0.25156697580758225,1.2430012809994784,2.0366539690092056,6.133799267903339,88.02558229981423,80.79449186153516,8.373591239336529,9.04273534245358,154.61071428571398,0.8792118024908174,17792.95,16376.05,,,,
2021-09-20,17443.85,17622.75,17361.8,17396.9,0,17156.2,16487.064,15934.896,,1.4029913384082764,5.518484067266331,9.17485749514776,,-1.0705055117528173,0.23969623112249927,0.4231222147821567,5.753016625634477,70.80709276877046,74.09433468152599,9.016337103637825,9.480272746312295,155.65714285714265,0.8947406886120092,17792.95,16395.7,,,,
2021-09-21,17450.5,17578.35,17326.1,17562.0,0,17209.4775,16523.746,15961.8705,,2.0484207030689867,6.283405711997757,10.024699172944668,,0.9490196529266637,1.0471806674338335,1.0599730690881604,6.459268509285332,69.83570241831272,81.48546824542521,9.32227891094715,9.264171029750283,156.69999999999968,0.8922673955130377,17792.95,16495.3,,,,
2021-09-22,17580.9,17610.45,17524.0,17546.65,0,17255.58,16560.883,15988.387999999999,,1.6868166703176577,5.952381886883687,9.746210812497186,,-0.08740462361916945,0.15525601545711698,1.062947454513008,5.54629885831841,72.55466052934423,80.27385413663889,9.259067345704363,9.230683206062805,150.68214285714254,0.8587516298389865,17792.95,16565.6,,,,
2021-09-23,17670.85,17843.9,17646.55,17822.95,0,17314.995,16603.49,16020.3065,,2.9336133218635165,7.3446004424370965,11.25224102297918,,1.574659550398505,1.097308488612847,2.705217967556983,7.1435227071203755,75.35308301756814,81.82614931081199,10.301838182417493,9.700202313875323,158.64285714285688,0.8901043718512192,17843.9,16565.6,,,,
2021-09-24,17897.45,17947.65,17819.4,17853.2,0,17375.81,16644.307,16052.497,,2.747440263216503,7.26310203242466,11.217588142206171,,0.16972498940972525,1.5242974896432449,2.7862458079652264,7.310857190943021,74.02903811252287,82.01907664818569,10.249446523677229,9.63213635688749,158.66785714285703,0.8887362329602368,17947.65,16565.6,,,,
2021-09-27,17932.2,17943.5,17802.9,17855.1,0,17433.305,16684.33,16086.082999999999,,2.4194781196107007,7.0171831892560075,10.997189309541671,,0.010642349830836118,2.633802574021793,2.879811930649412,6.883485381797261,72.7350671620464,82.01576872536141,10.31897094204738,9.646344231704267,161.14285714285688,0.9025032463713836,17947.65,16764.85,,,,
2021-09-28,17906.45,17912.85,17576.1,17748.6,0,17474.182500000003,16720.818,16117.390500000001,,1.5704168134903929,6.146720812343029,10.120803984987502,,-0.5964682359661966,1.0625213529210642,2.120828538550046,4.8287022954866865,66.94432266549771,76.88205286752206,10.088335094214806,9.814537627568082,174.51785714285688,0.9832767493935122,17947.65,16915.85,,,,
2021-09-29,17657.95,17781.75,17608.15,17711.3,0,17503.1375,16756.576,16147.255500000001,,1.1892867778705305,5.697607912260824,9.686132110809778,,-0.2101574208669965,0.9383557545172394,1.0950686237296114,3.380184681476983,65.30106055422516,72.26550238278693,9.548281956897979,9.84936472415098,177.6892857142853,1.0032537742248469,17947.65,17055.05,,,,
2021-09-30,17718.9,17742.15,17585.35,17618.15,0,17530.232500000002,16793.891,16175.2055,,0.5015193038654767,4.9080883042530274,8.920718194275809,,-0.5259354197602484,-1.1490802588796978,-0.06438072548852203,3.173413366517841,59.983154179368015,64.77815284493518,9.710110491319062,9.552973689332045,183.39285714285688,1.0409314096137043,17947.65,17059.7,,,,
2021-10-01,17531.9,17557.15,17452.9,17532.05,0,17545.1275,16831.89,16201.1025,,-0.07453636344335154,4.1597230019920515,8.215166220940818,,-0.4887005729886651,-1.7988371832500683,-0.30195932363387135,1.728544778825758,56.701421800947905,63.61165860359557,9.524504108841693,9.425571453118922,187.39642857142852,1.0688791588629312,17947.65,17212.2,,,,
2021-10-04,17615.55,17750.9,17581.35,17691.25,0,17563.510000000002,16869.234,16229.5075,,0.7273033693151195,4.8728709317803025,9.006696598772331,,0.9080512547021025,-0.9176649808738002,1.691968109260844,2.122249416980315,60.708756236022765,63.63989018858919,9.852759174650846,9.277844316953539,197.08214285714297,1.1140091449566478,17947.65,17254.2,,,,
2021-10-05,17661.35,17833.45,17640.9,17822.3,0,17585.735,16908.559,16260.765500000001,,1.3452096258700514,5.404014617685624,9.603081109557836,,0.7407616759697477,0.4152440192465967,1.482177428538889,2.557861179205645,60.480326677509794,64.52073142324721,10.085726156817394,9.34954414272761,199.92857142857142,1.1217888343736298,17947.65,17254.2,,,,
2021-10-06,17861.5,17884.6,17613.15,17646.0,0,17599.93,16944.99,16290.4475,,0.2617624047368354,4.136974999690164,8.321149557125425,,-0.989210146838504,-0.36869117456086453,0.5662049451034656,1.6351708606677784,50.545959896763954,57.29081715870173,10.821962075415163,9.700184162321499,209.73571428571424,1.188573695374103,17947.65,17254.2,,,,
2021-10-07,17810.55,17857.55,17763.8,17790.35,0,17621.7725,16985.868000000002,16319.119499999999,,0.9566432661640559,4.7361842209064395,9.015379169200886,,0.818032415278247,0.9774011459772858,-0.18291023652090566,2.517359610453207,56.36831978151568,60.88061180416175,11.114891525003761,9.651049418734745,206.61071428571424,1.1613639657775943,17947.65,17269.15,,,,
2021-10-08,17886.85,17941.85,17840.35,17895.2,0,17648.07,17029.584,16346.9905,,1.4003230948200058,5.083013184585142,9.470914539284776,,0.5893644588217839,2.071349328800687,0.23525194362914448,3.0280524490118976,66.30883026772275,63.12130607499279,11.233777505170892,9.61697806992583,198.79285714285703,1.1108725085098632,17947.65,17269.15,,,,
2021-10-11,17867.55,18041.95,17839.1,17945.95,0,17677.6025,17072.934,16376.148500000001,,1.5180084516551373,5.113450330212719,9.585901715534636,,0.2835956010550422,1.4396947643609215,0.5088182088031079,3.4032831469349434,63.58297661584187,63.73618521341469,11.208356990516894,9.608597101429952,195.26428571428576,1.0880688161634562,18041.95,17326.1,,,,
2021-10-12,17915.8,18008.65,17864.95,17991.95,0,17708.2,17117.512,16407.0075,,1.6023650060423982,5.108440993060218,9.660155881564636,,0.25632524330001516,0.9518973420939103,1.3710940581229014,3.521001150747982,65.41897506925208,64.93607038123176,11.211949671194429,9.573727656669893,199.35357142857148,1.108015370366033,18041.95,17326.1,,,,
2021-10-13,18097.85,18197.8,18050.75,18161.75,0,17740.315,17163.043999999998,16436.872,,2.3755778857365346,5.818932818677165,10.493955297577305,,0.9437554017213134,2.9227586988552545,2.543291570918016,3.6662109826506972,62.66542056074767,67.17112922002335,11.32743404734023,9.627267847609218,192.82499999999996,1.061709361707985,18197.8,17326.1,,,,
2021-10-14,18272.85,18350.75,18248.7,18338.55,0,17775.767499999998,17207.2,16468.2805,,3.1660095689257925,6.5748640104142355,11.356798908058424,,0.9734744724489541,3.081445840020014,4.088965072950335,4.0219518420828715,66.35221185270038,67.70108484246018,11.571277059762126,9.317778928560099,197.16428571428565,1.0751356334840305,18350.75,17326.1,,,,
2021-10-18,18500.1,18543.15,18445.3,18477.05,0,17820.3625,17251.565,16500.966500000002,,3.6850400770466933,7.103616396541419,11.975562158737771,,0.7552396454463484,3.2514305512092445,5.390128364908842,5.071893046121279,69.18828864961594,68.09341844032198,11.602155702808927,9.306775719851753,201.7357142857145,1.0918177646632687,18543.15,17326.1,,,,
2021-10-19,18602.35,18604.45,18377.7,18418.75,0,17871.454999999998,17294.048,16532.1395,,3.062397549611948,6.503405102148446,11.411774622395358,,-0.31552655862272516,2.634577718092368,4.112202359923689,5.8737476217027185,71.30910362809637,67.69025083824968,10.739746173467415,9.39519786583203,193.87857142857163,1.0526152503756858,18604.45,17326.1,,,,
2021-10-20,18439.9,18458.3,18209.35,18266.6,0,17906.685,17334.615999999998,16561.427,,2.009947681550199,5.376432913195195,10.296051179647737,,-0.8260604004072025,1.5265160252223797,2.492944232787009,4.01207151805032,66.4552835891661,68.74353448275862,11.131793703403075,9.610358803623996,199.26071428571464,1.0908473075762026,18604.45,17452.9,,,,
2021-10-21,18382.7,18384.2,18048.0,18178.1,0,17938.2575,17373.013,16588.8515,,1.337044581950052,4.634124201714461,9.5802201858278,,-0.4844908193095576,0.09002436439218275,3.015414258188809,3.5986926279375053,66.63893263602046,63.731389854684856,11.354405603276833,9.743451045031417,212.07500000000022,1.1666510801458911,18604.45,17452.9,,,,
2021-10-22,18230.7,18314.25,18034.35,18114.9,0,17952.855000000003,17409.709,16614.1725,,0.9026140967550744,4.050561672225553,9.032815206414888,,-0.34767109873967694,-1.2195620700655052,1.8243036252800104,1.6380565506832534,67.55836722397962,62.40043644298968,10.214405806671774,9.826339145437897,220.26428571428602,1.2159287973672832,18604.45,17452.9,,,,
2021-10-25,18229.5,18241.4,17968.5,18125.4,0,17966.465,17446.572,16639.678,15696.11925,0.884620319022141,3.8908961600020984,8.928790569144436,15.476951412687578,0.057963334050969983,-1.9031717725502606,1.2863784702042969,1.524656644187039,64.36583832434408,57.46624206966357,10.209557529878587,9.822108973829167,224.12500000000026,1.236524435322808,18604.45,17452.9,,,,
2021-10-26,18154.5,18310.45,18099.3,18268.4,0,17987.129999999997,17484.652,16666.6,15716.796750000001,1.563729177473027,4.482491272917547,9.610838443353792,16.23488100398066,0.7889481059728309,-0.8162877502544852,1.7967842326541694,2.314744806805913,64.64543663821416,59.70910111308582,10.511148475668671,9.885539481649591,225.45357142857185,1.2341177740172748,18604.45,17452.9,,,,
2021-10-27,18295.85,18342.05,18167.9,18210.95,0,18010.2475,17518.289,16691.805999999997,15736.854000000001,1.1143794664676285,3.95393066069409,9.101136210186029,15.721668384290782,-0.31447745834337626,-0.3046543965488757,1.2172110304886408,2.6049941967253964,70.11715272584843,58.110541310541365,10.303036840409815,9.79098926329313,218.5035714285719,1.199847187700652,18604.45,17452.9,,,,
2021-10-28,18187.65,18190.7,17799.45,17857.25,0,18017.545000000002,17544.173,16713.676,15755.409000000001,-0.8896606058150646,1.7845070269199987,6.842145318600172,13.340440733718802,-1.9422380490858537,-1.7650359498517343,-1.6766005478546897,0.8240501826517477,52.073132940811945,52.22556791413183,12.633810133063312,10.904069617986305,232.78571428571482,1.3035921784469324,18604.45,17452.9,,,,
2021-10-29,17833.05,17915.85,17613.1,17671.65,0,18020.219999999998,17565.314,16732.876,15773.0805,-1.9343271058843683,0.6053748882599137,5.610356522094595,12.036770496416356,-1.0393537638774042,-2.4468807445804264,-3.636601585185295,0.303664119104452,43.40268555407999,49.23433426667958,13.065118521918755,11.22018472253313,243.58928571428623,1.3784184595908486,18604.45,17452.9,,,,
2021-11-01,17783.15,17954.1,17697.1,17929.65,0,18040.1,17592.53,16754.7715,15790.9925,-0.6122471604924424,1.9162678705109646,7.012202464235353,13.54352805879682,1.4599655380227672,-1.0799761660432283,-2.962594137051089,2.2678466009394382,49.57139100709968,55.65520496713991,13.868358124460054,11.571859430248107,249.27500000000015,1.3902948468040375,18604.45,17581.35,,,,
2021-11-02,17970.9,18012.25,17847.6,17888.95,0,18049.985,17621.299,16777.3075,15808.013500000001,-0.8921614062283145,1.5189061827961814,6.625869496640041,13.16380771056401,-0.22699829611844136,-2.07708392634276,-2.876416694944006,1.1175015897689544,47.28404176774602,56.588031158858534,13.590858814853558,11.433269223862542,250.77142857142877,1.4018230727428316,18604.45,17613.1,,,,
2021-11-03,17947.95,17988.75,17757.95,17829.2,0,18050.33,17647.954,16798.221999999998,15824.342249999998,-1.225074555423646,1.0270085699452707,6.1374233534954055,12.669453923116478,-0.3340050701690189,-2.096266257389101,-2.3945342866214747,0.03871554176511083,40.69087142737173,52.64347992718216,13.410117103315624,11.485991867871808,252.5535714285717,1.416516565121103,18604.45,17613.1,,,,
2021-11-04,17935.05,17947.55,17900.6,17916.8,0,18063.870000000003,17673.798,16819.3965,15841.102000000003,-0.8141666209954086,1.374928014906589,6.524630654851382,13.10324243856265,0.4913288313552977,0.3334779991319925,-1.4374439572892639,1.5346254108579815,37.573293261439616,51.84153090653987,12.976575197762422,11.424612067811749,247.507142857143,1.3814249355752313,18604.45,17613.1,,,,
2021-11-08,18040.2,18087.8,17836.1,18068.55,0,18077.78,17702.476000000002,16841.9635,15858.46675,-0.05105715414171189,2.067925413371535,7.282918645441772,13.936298412959749,0.8469704411502077,2.2459702404698856,-0.2558667174536011,1.563769122024028,38.05695240322766,58.31382193802263,12.998810539863653,11.528054132466057,250.87142857142862,1.3884425068499058,18604.45,17613.1,,,,
2021-11-09,18084.35,18112.6,17983.05,18044.25,0,18085.232500000002,17730.623,16863.7135,15876.5195,-0.2266075373927423,1.768843655409065,7.000453962883076,13.653688391841797,-0.13448782553109329,0.6391647355079355,-0.4477142573405368,0.8329049130493038,38.828898699439186,55.2432678010904,12.876571321690939,11.54303957186386,243.92857142857142,1.3518354679666456,18604.45,17613.1,,,,
2021-11-10,17973.45,18061.25,17915.0,18017.2,0,18088.795000000002,17756.862999999998,16886.21,15895.199,-0.395797508899853,1.4661204515685187,6.697713696560695,13.349949251972248,-0.14990925086938445,0.7169230167226148,-1.3750520023647406,0.3970255127201394,41.96054412997231,52.60305538960486,12.861797361471178,11.55033197106984,236.5928571428571,1.3131499741516834,18604.45,17613.1,,,,
2021-11-11,17967.45,17971.35,17798.2,17873.6,0,18082.8775,17775.714,16908.032,15911.96125,-1.1573241039762623,0.5506726762142922,5.710706012385116,12.328076465118329,-0.7970161845347934,0.24902968164581818,-1.8524569009304992,-0.6577941801750309,40.52110571535298,48.51513596716261,13.148564190875032,11.41069926281133,228.22142857142848,1.2768632428354025,18604.45,17613.1,,,,
2021-11-12,17977.6,18123.0,17905.9,18102.75,0,18079.927499999998,17795.125,16932.226000000002,15929.251499999998,0.12623114777424876,1.7287037882566154,6.912995373437594,13.644699501417263,1.282058454927948,1.0378527415610073,1.3747917512494823,-0.3248585626385081,49.657196061281454,52.11498816522867,13.530069680843074,11.458187438289851,226.04285714285703,1.2486658499004681,18604.45,17613.1,,,,
2021-11-15,18140.95,18210.15,18071.3,18109.45,0,18068.4725,17815.789,16955.8555,15946.847,0.22679006208189914,1.6483188030572211,6.803516932542856,13.561320303631188,0.037010951374805146,0.22636016725194885,2.477414389714605,-1.249280886438664,49.54901461814684,48.93539062818061,13.023525007374959,11.415475294908141,216.4678571428571,1.1953309302207251,18604.45,17613.1,,,,
2021-11-16,18127.05,18132.65,17958.8,17999.2,0,18044.58,17831.09,16978.12,15964.9835,-0.2514882585241719,0.9427914950796648,6.014093433195206,12.741738818583812,-0.608798168911806,-0.24966402039430236,0.3879049507380161,-2.586181235640961,42.24475685641852,42.899884925201405,12.789493246043286,11.378676311180428,213.80357142857142,1.187850412399281,18604.45,17613.1,,,,
2021-11-17,17939.35,18022.65,17879.25,17898.65,0,18018.575,17842.591,17000.237,15983.28225,-0.6655631757783247,0.31418643178000943,5.284708677884905,11.983569582524273,-0.5586359393750739,-0.6579823723997014,0.05422341724921065,-2.8237529691211294,41.2211165457919,37.70303597244668,12.865697855588321,11.426529078370377,211.60714285714312,1.1822519735127683,18458.3,17613.1,,,,
2021-11-18,17890.55,17945.6,17688.5,17764.8,0,17993.485,17850.331000000002,17019.980499999998,16002.26875,-1.270932229081811,-0.47915638090970225,4.3761477870083425,11.014258525060704,-0.747821763093881,-0.6087190045653834,-0.36120521391874716,-2.7470903178478667,47.034672996118914,36.52954868477969,12.813253326799003,11.556944973363475,200.5785714285716,1.1290786917306788,18384.2,17613.1,,,,
2021-11-22,17796.25,17805.25,17280.45,17416.55,0,17955.4075,17851.42,17035.5425,16020.26375,-3.0010875553785223,-2.4360527061712682,2.2365445655751772,8.715750700421514,-1.9603372962262444,-3.790584303489808,-2.792072245043753,-4.1893817285634904,42.59076386871909,33.79900512683682,14.327021662821002,12.40251327030464,216.43928571428583,1.2427219266403842,18342.05,17280.45,,,,
2021-11-23,17281.75,17553.7,17216.1,17503.35,0,17924.829999999998,17854.417,17052.429,16039.6075,-2.3513751594854715,-1.9662753479993367,2.644321228371621,9.125799992300301,0.49837654414910393,-3.346871384829475,-3.128087201241936,-3.3759501846546414,36.25104818422234,37.131686850386195,14.532381066537686,12.45006211845973,220.3785714285719,1.2590651014152827,18342.05,17216.1,,,,
2021-11-24,17550.05,17600.6,17354.0,17415.05,0,17889.3125,17855.333,17069.095,16055.27675,-2.651094054061612,-2.465834717280263,2.0267916957518723,8.46932302179094,-0.5044748576701008,-3.2454220187563942,-3.4869833880599166,-3.919085923621013,35.17116215032226,36.77956816593306,14.553730612246241,12.50431281836988,226.23214285714312,1.299061115857509,18342.05,17216.1,,,,
2021-11-25,17417.3,17564.35,17351.7,17536.25,0,17852.704999999998,17858.952,17087.2425,16069.71875,-1.7725885236998993,-1.8069481344706069,2.6277352826238625,9.126054244104303,0.6959497675860904,-2.024733708966886,-2.669393690473554,-4.007740141446437,41.17274836532376,39.31751010861089,14.473804943065632,12.597112801395893,224.93571428571445,1.282689938189262,18342.05,17216.1,,,,
2021-11-26,17338.75,17355.4,16985.7,17026.45,0,17793.48,17851.881,17100.707,16080.90125,-4.310736292169935,-4.623776060349049,-0.4342335085911816,5.8799487373259,-2.907120963718013,-4.156252814554618,-4.739671918360022,-6.504328439757401,28.613292978789914,30.124665930513544,17.379154184125593,14.206982016601374,255.80714285714308,1.5024103254474248,18210.15,16985.7,,,,
2021-11-29,17055.8,17160.7,16782.4,17053.95,0,17753.315,17842.571,17114.0245,16091.692749999998,-3.9393487920424892,-4.41988433169188,-0.3510249736991951,5.9798385722968925,0.16151341001793273,-2.081927821526064,-5.793594895803123,-4.498453009281944,24.081643079752794,31.30493795243021,16.36544622311782,14.084548023706562,264.8500000000001,1.5530126451643174,18210.15,16782.4,,,,
2021-11-30,17051.15,17324.65,16931.4,16983.2,0,17718.8925,17829.645,17125.513,16101.9875,-4.152023045458405,-4.74740243005399,-0.830999923914678,5.4726939764423586,-0.4148599004922593,-2.9717168427757956,-6.219128686956255,-3.8957878862471818,23.523393636930834,34.45553006455745,16.101181668245246,14.020782966290197,283.6857142857144,1.6703902343828867,18210.15,16782.4,,,,
2021-12-01,17104.4,17213.05,17064.25,17166.9,0,17680.754999999997,17821.28,17138.9995,16112.243,-2.906295573916363,-3.6719023549374534,0.16278954906323287,6.545687028180999,1.0816571670827724,-1.4249169540138995,-4.624094404195733,-4.254126544578396,30.32077393075363,41.01724475449806,15.635150875203568,14.249996916540066,289.6571428571429,1.6873002280967613,18210.15,16782.4,,,,
2021-12-02,17183.2,17420.35,17149.3,17401.65,0,17656.39,17821.375,17154.2195,16123.70475,-1.442763781271245,-2.355177420372999,1.4423885621843782,7.925878511264606,1.3674571413592407,-0.7675529260816827,-2.7767457322200317,-2.724027961395159,39.51944216206622,40.52506908803791,16.609537068378067,14.397283577192166,293.375,1.6859033482457122,18210.15,16782.4,,,,
2021-12-03,17424.9,17489.8,17180.8,17196.7,0,17624.765,17814.069,17168.9075,16134.155750000002,-2.428769972252105,-3.4656259611434015,0.16187692781267277,6.585682365189756,-1.1777618789022948,0.9999148383838197,-3.197896964784286,-3.547551208130484,29.66080768626398,38.26913626273069,17.0103281700785,14.4713144683951,297.63214285714275,1.7307514980033536,18210.15,16782.4,,,,
2021-12-06,17209.05,17216.75,16891.7,16912.25,0,17574.5375,17801.380999999998,17181.131999999998,16142.8505,-3.7684490985893575,-4.994730465012786,-1.5649841931253299,4.766193554230088,-1.6540964254769808,-0.8308925498198394,-2.895521788184219,-5.606748973030895,26.10474631751228,35.560979450436975,17.590604573038444,14.919343435929793,310.93214285714254,1.8385025224741978,18210.15,16782.4,,,,
2021-12-07,17044.1,17251.65,16987.75,17176.7,0,17529.945,17788.456000000002,17195.972999999998,16152.9175,-2.015094742168324,-3.439061827513311,-0.11207856630152542,6.338065553792379,1.563659477597601,1.1393612511187534,-1.866214181856607,-4.935924576128126,34.53540405369836,38.96065153187558,18.367590427215877,14.91312903587103,322.75714285714247,1.879040460956659,18210.15,16782.4,,,,
2021-12-08,17315.25,17484.6,17308.95,17469.75,0,17501.22,17780.787,17212.547,16163.692749999998,-0.1798160356820905,-1.7492870253718256,1.4942762393038136,8.080191019468629,1.7060902268771105,1.7641507785330912,0.3140961409815013,-3.183839727336968,42.48018795146923,41.429552871128436,19.634582581864322,15.42978411796633,334.50714285714224,1.9147792204075174,18210.15,16782.4,,,,
2021-12-09,17524.4,17543.25,17379.6,17516.85,0,17476.2025,17774.022,17229.176,16174.709750000002,0.2325877146365129,-1.4468981753257777,1.6696909939279687,8.297770227376084,0.2696088953762832,0.6620061890682649,-0.11062798488845615,-2.7770685789134997,45.51635594293049,42.500426596894364,19.692227581168012,15.444994404871155,327.83214285714246,1.871524519860263,18210.15,16782.4,,,,
2021-12-10,17476.05,17534.35,17405.25,17511.3,0,17458.0875,17769.276,17245.047,16186.221749999999,0.3048014279914556,-1.45180929149844,1.5439389640399392,8.186458028724342,-0.03168377876159312,1.8294207609599322,2.8476282489890536,-2.0270119058275804,51.95574545379487,42.76189658625918,19.536919815302102,15.39108946416515,299.56785714285667,1.7107116955500545,18210.15,16782.4,,,,
2021-12-13,17619.1,17639.5,17355.95,17368.25,0,17421.3625,17762.415,17259.4955,16197.46825,-0.30486995491884905,-2.219095770479413,0.630114014630376,7.228177465327028,-0.8169010867268511,2.6962704548478156,1.842974794695662,-4.05739459474389,47.2746711853466,42.768627563212824,18.9874864471174,15.489140388019118,295.7071428571422,1.7025730448211085,18210.15,16782.4,,,,
2021-12-14,17283.2,17376.2,17225.8,17324.9,0,17382.135000000002,17756.55,17275.2205,16209.184000000001,-0.32927485605192097,-2.430933937054202,0.28757664771921154,6.883233603863095,-0.24959336720740133,0.8627966955235822,2.011988317867064,-4.332268511743864,48.14784377375552,38.24413982801095,18.967269119926435,15.45643236438046,288.83571428571383,1.6671710329393752,18132.65,16782.4,,,,
2021-12-15,17323.65,17351.2,17192.2,17221.4,0,17343.245000000003,17750.337,17291.1135,16221.9125,-0.7025501859657817,-2.9798701849998572,-0.40317530736235135,6.161341950278681,-0.5974060456337416,-1.421600194622119,0.31747141300992876,-4.321303169029733,43.48392971708854,36.96019264936935,18.96417006009402,15.474978710337059,285.0035714285711,1.6549384569696484,18022.65,16782.4,,,,
2021-12-16,17373.0,17379.35,17184.95,17248.4,0,17310.7325,17741.48,17305.357,16234.6155,-0.36008008326624424,-2.779249532733448,-0.3291292979393521,6.2445858357409305,0.1567816786091747,-1.5325243979368297,-0.8806636152318914,-3.6329555581007478,55.7406305770375,38.69923838766971,18.96167138591805,15.33175189136765,259.5642857142853,1.5048600781190444,17945.6,16782.4,,,,
2021-12-17,17276.0,17298.15,16966.45,16985.2,0,17271.7525,17724.737999999998,17316.6485,16244.631500000001,-1.6590817868655656,-4.17234940228734,-1.9140453188733295,4.5588507193899686,-1.5259386377866946,-3.004345765305827,-1.229887129507401,-4.388453571106899,48.41505867164626,36.89285560545837,19.46623502505787,15.576019145636593,256.235714285714,1.5085822615318865,17805.25,16782.4,,,,
2021-12-20,16824.25,16840.1,16410.2,16614.2,0,17231.635000000002,17704.102,17324.546,16252.21575,-3.583148087804792,-6.1562117073207006,-4.100228658228607,2.22729168482766,-2.1842545274709746,-4.3415427576180665,-1.7623320374284823,-4.606825117488822,42.52764165080393,34.54201037160439,19.746423192354325,16.150712135168245,269.2178571428568,1.6204081878324375,17639.5,16410.2,,,,
2021-12-21,16773.15,16936.4,16688.25,16770.85,0,17195.010000000002,17683.712,17334.79,16263.42425,-2.4667621594869877,-5.16216278573187,-3.25322660384119,3.1200425088830754,0.9428681489328294,-3.1979982568442145,-2.3627937846035785,-4.184913173763882,41.89103417210942,40.854366731820605,20.024408075678206,16.190198069281767,275.8142857142856,1.6446052866389334,17639.5,16410.2,,,,
2021-12-22,16865.55,16971.0,16819.5,16955.45,0,17172.030000000002,17664.917,17347.250500000002,16274.39375,-1.2612370232290633,-4.016248703574438,-2.2585740604829634,4.184833306002575,1.1007194030117962,-1.544299534300353,-2.9439459637373155,-2.63909664342048,40.67268698524184,42.448799581024865,20.511715752122722,16.34422644164983,270.75,1.5968316971829117,17639.5,16410.2,,,,
2021-12-23,17066.8,17118.65,17015.55,17072.6,0,17148.8475,17647.45,17360.192,16285.16125,-0.4446217158325148,-3.257411127386688,-1.656617622662241,4.835314418517037,0.6909282855954713,-1.0192249715915813,-2.536129498168904,-2.6439518140993767,47.30697452367513,45.31756341013193,20.509055572646734,16.419137352689734,260.33571428571435,1.5248744437620185,17639.5,16410.2,,,,
2021-12-24,17149.5,17155.6,16909.6,17003.75,0,17147.7125,17627.686,17372.599000000002,16293.952,-0.8395434668035252,-3.539522998083818,-2.1231653364013177,4.356205296296446,-0.40327776671390536,0.10921272637354207,-2.898414166852259,-0.1333219784511841,52.190567392865695,42.61319498390854,17.745207106397327,16.4134371877479,254.68928571428583,1.49784186261434,17639.5,16410.2,,,,
2021-12-27,16937.75,17112.05,16833.2,17086.25,0,17149.3275,17606.176,17384.61,16303.9795,-0.36781325681721,-2.9530887343168644,-1.7162306200714343,4.79803412412289,0.4851870910828504,2.841244236857632,-1.623652354151972,0.18939893690317344,47.627914295455106,50.94110981712882,17.821486002327823,16.294218437651615,250.36428571428561,1.4652968656919196,17639.5,16410.2,,,,
2021-12-28,17177.6,17250.25,17161.15,17233.25,0,17161.829999999998,17584.07,17395.635,16315.455249999999,0.4161560859185873,-1.9951012478908452,-0.9334813014874042,5.62530886166968,0.8603409174043453,2.757164961823655,-0.529007382438007,1.4723373686937657,43.283158193694945,52.71946854334769,17.987177480368747,16.257223649417526,240.08571428571435,1.393154014975204,17639.5,16410.2,,,,
2021-12-29,17220.1,17285.95,17176.65,17213.6,0,17164.165,17558.801,17405.182999999997,16326.74225,0.28801284536706373,-1.9659713667237355,-1.1007238476033188,5.431933305617042,-0.11402376220388533,1.522519307951109,-0.04529248493155835,0.27203513738647267,41.250973716857544,53.54953011862575,17.59993882300052,16.133451263949873,236.20357142857134,1.3721915893745142,17639.5,16410.2,,,,
2021-12-30,17201.45,17264.05,17146.35,17203.95,0,17154.280000000002,17534.505,17414.2765,16337.27,0.2895487306957695,-1.8851687002284938,-1.2077820172431466,5.304925486326664,-0.0560603243946467,0.7693614329393528,-0.25770506249855885,-1.1360991630104067,41.15361367757536,50.60313532696282,16.863816133964566,16.12915710371318,235.38928571428576,1.3682281436198418,17639.5,16410.2,,,,
2021-12-31,17244.5,17400.8,17238.5,17354.05,0,17162.1475,17516.254,17425.435,16348.16625,1.1181730025336292,-0.9260199127050882,-0.40965978754620486,6.152884272265087,0.8724740539236553,2.060133794016017,2.171596448672952,0.9150011339384756,49.59293658984059,49.203160573188654,16.616650944824126,16.203458809197883,229.19642857142858,1.3207085871680018,17639.5,16410.2,,,,
2022-01-03,17387.15,17646.65,17383.3,17625.7,0,17197.82,17505.206,17439.109500000002,16361.14,2.48798975684128,0.6883323738092681,1.0699542886636408,7.729045775538877,1.5653406553513438,3.1572170605018712,6.088165545136093,4.218539815813993,57.62484157160963,57.02472572457837,16.159019137609405,16.600181444650023,239.35357142857148,1.3579805138438272,17646.65,16410.2,,,,
2022-01-04,17681.4,17827.6,17593.55,17805.25,0,17229.2475,17499.013,17454.361,16375.51875,3.343166902675225,1.7500244156627633,2.0103228070050756,8.730906616317121,1.018682945925553,3.3191649862910344,6.167844802141831,3.659317563909248,64.25032339947768,65.1427796242285,15.662454801144518,16.759495578270737,244.71428571428572,1.374393988931836,17827.6,16410.2,,,,
2022-01-05,17820.1,17944.7,17748.85,17925.25,0,17252.0225,17495.01,17470.791,16390.59275,3.9023105841648476,2.459215513452131,2.6012502811120513,9.363036916404383,0.6739585234692091,4.134231073104999,5.719694847379442,2.6073641580446116,65.80280637855759,63.34718185546425,14.733498207861945,16.832827200288538,244.81785714285746,1.365770949598234,17944.7,16410.2,,,,
2022-01-06,17768.5,17797.95,17655.55,17745.9,0,17263.475,17484.56,17484.606,16405.71575,2.7944837293766343,1.494690172357784,1.4944231514281858,8.169008109262176,-1.0005439254682558,3.1501486577210525,3.9437461195131585,1.3075981126743796,68.48422996549553,55.13204110836482,15.257683986591225,16.871726145923148,240.38928571428602,1.354618732858215,17944.7,16410.2,,,,
2022-01-07,17797.6,17905.0,17704.55,17812.7,0,17278.545000000002,17476.595,17497.442,16421.99,3.0914350716452037,1.9231721053214288,1.8017376482802554,8.468583892695094,0.37642497703693767,2.6428989198486796,4.757479967654188,1.7211743274342828,84.17450812660408,55.45818497131162,15.290565978727338,16.887835309424805,213.63571428571464,1.199344929660942,17944.7,16410.2,18604.45,13596.75,-4.255702264780738,31.007042124037
2022-01-10,17913.3,18017.45,17879.15,18003.3,0,17310.2975,17479.516,17511.8445,16438.2865,4.003411841997508,2.996558943622922,2.806417679188506,9.520539138918165,1.0700230734251415,2.142326262219374,5.367181212963645,3.6563844946957857,84.47509021231377,58.49682232660959,15.273538612243057,16.49093688725104,205.24642857142888,1.1400489275378896,18017.45,16410.2,18604.45,13596.75,-3.231216187525035,32.408847702575976
2022-01-11,17997.75,18081.25,17964.4,18055.75,0,17346.84,17487.198,17526.256,16454.88325,4.08668091710075,3.2512469979467244,3.021147243313111,9.7288247244173,0.2913354773847132,1.4068884177419472,4.772750351790878,4.218494767646552,83.23566725064957,62.25664978963136,15.190271180789205,16.320359211240362,199.29642857142866,1.103783717494032,18081.25,16410.2,18604.45,13596.75,-2.9492943892455874,32.79460165112987
2022-01-12,18170.4,18227.95,18128.8,18212.35,0,17396.3875,17492.852,17542.691000000003,16471.87125,4.690413455092316,4.113097166774176,3.8173105825098093,10.566369318847112,0.8673137366213002,1.6016513019344147,5.802098340846773,5.754177941398475,83.62590352559388,65.2072587692993,15.045265439831898,16.10957895518653,199.93928571428583,1.0978225529066037,18227.95,16410.2,18604.45,13596.75,-2.1075602879956254,33.94634747274164
2022-01-13,18257.0,18272.25,18163.8,18257.8,0,17446.857500000002,17500.229000000003,17560.764,16490.413249999998,4.6480720095294945,4.328920495840347,3.9692806076091,10.717661972479688,0.2495559331991748,2.8846099662457103,6.1256281260989365,5.852137009809599,87.51607981571793,68.12014826211625,15.03842954583257,16.105037385541046,190.11428571428587,1.0412770745340945,18272.25,16410.2,18604.45,13596.75,-1.8632638965408892,34.28061853016345
2022-01-14,18185.0,18286.95,18119.65,18255.75,0,17510.385000000002,17508.76,17578.357,16510.0675,4.256702522531617,4.266378658454406,3.853562650934897,10.573442537409365,-0.011228077862612817,2.487270318368351,5.195905278594926,7.480335821774253,86.75592431956767,67.7672539993298,13.495827428788312,16.082166079969674,182.14642857142877,0.9977482632673473,18286.95,16410.2,18604.45,13596.75,-1.8742827656824077,34.265541397760494
2022-01-17,18235.65,18321.55,18228.75,18308.1,0,17595.079999999998,17516.586,17595.192,16529.0715,4.052382825198865,4.51865449123476,4.051720492734604,10.763027433210635,0.2867589663530623,1.6930229457932766,3.8716192832057628,10.195495419580825,85.91812865497089,75.20769817073176,9.59114088459014,16.059990753155077,177.06071428571445,0.9671168187070995,18321.55,16688.25,18604.45,13596.75,-1.5928984732147533,34.65055987644105
2022-01-18,18337.2,18350.95,18085.9,18113.05,0,17662.19,17517.476000000002,17609.976000000002,16545.41125,2.55268457648797,3.3998847779211845,2.8567557389061564,9.474764490970257,-1.065375434916782,0.3173504285338469,1.7287036126985011,8.003172170760585,76.90305985104555,80.61314107146517,10.89003910318451,16.144483183221407,188.18571428571445,1.0389510009949425,18350.95,16819.5,18604.45,13596.75,-2.6413035590947405,33.216025888539534
2022-01-19,18129.2,18129.2,17884.9,17938.4,0,17711.3375,17515.359,17622.990999999998,16561.64975,1.2820178035679122,2.415257374970168,1.7897586170247906,8.312881088431428,-0.9642219283886311,-1.504199073705459,0.07336020418124978,5.797251031379291,69.99428306971944,73.67247217209724,11.544510024694699,16.289486396247497,197.22857142857148,1.0994769401316253,18350.95,16833.2,18604.45,13596.75,-3.5800574593712753,31.931527754794352
2022-01-20,17921.0,17943.7,17648.45,17757.0,0,17745.557500000003,17510.155,17633.509,16576.098,0.064480927127803,1.4097248139722418,0.7003200554126908,7.124125352058115,-1.0112384605093117,-2.7429372651688544,0.06254965935792445,4.008762578634784,60.78588827324077,66.27281401628201,12.306078596867748,16.442513334888037,204.257142857143,1.1502908309801374,18350.95,16833.2,18604.45,13596.75,-4.555093001943087,30.597385404600363
2022-01-21,17613.7,17707.6,17485.85,17617.15,0,17776.2275,17505.025999999998,17640.37,16590.99475,-0.8948889746151111,0.6405246127598064,-0.13162989211676132,6.185013409156794,-0.7875767303035297,-3.4980759486736956,-1.0978122350906894,3.607439535396617,49.75376551565247,60.95431594616897,12.627187944999424,16.440243984242063,202.7250000000001,1.1507252875748921,18350.95,16833.2,18604.45,13596.75,-5.306794879719632,29.568830786768906
2022-01-24,17575.15,17599.4,16997.85,17149.1,0,17779.370000000003,17485.952999999998,17640.539,16603.322750000003,-3.544951255303219,-1.9264205960064014,-2.7858502509475596,3.2871567831203876,-2.6567861430481288,-6.330531294891328,-4.744685696511198,0.36783963713511447,33.79596473464541,52.519282433486424,16.075662201642235,17.192339139944284,230.2428571428575,1.342594405204107,18350.95,16997.85,18604.45,13596.75,-7.822590831763381,26.126464044716556
2022-01-25,17001.55,17309.15,16836.8,17277.95,0,17781.605000000003,17469.323,17642.555999999997,16615.61725,-2.8324496017091954,-1.095480345746653,-2.066627987463926,3.986206109797103,0.7513513828714125,-4.610488018307235,-4.307768993256989,0.259382298753863,34.08409146791246,53.270103374159895,16.00488998858886,17.296608621377477,249.9928571428575,1.446889573953261,18350.95,16836.8,18604.45,13596.75,-7.130014593282789,27.07411697648336
2022-01-27,17062.0,17182.5,16866.75,17110.15,0,17776.4325,17451.542,17641.316000000003,16626.799,-3.748122689971666,-1.9562282805725695,-3.0109205004887447,2.9070598616125833,-0.9711800300382767,-4.617189938902023,-6.051937284315301,-0.6009782962308696,34.27879027671305,47.91490226633696,16.38326666298712,17.371681096980858,260.10000000000036,1.5201503201316198,18350.95,16836.8,18604.45,13596.75,-8.031949345452293,25.839998529060264
2022-01-28,17208.3,17373.5,17077.1,17101.95,0,17771.332499999997,17435.608,17639.0995,16638.1345,-3.7666421468395583,-1.913658531437501,-3.04522064745992,2.787665287836209,-0.04792476980038929,-3.6889677310356417,-6.330718925609869,-0.5928870986023571,31.899559426490427,48.10148106582329,16.38308787113253,17.339442579442508,266.9535714285718,1.5609539931327818,18350.95,16836.8,18604.45,13596.75,-8.076024822018388,25.7796899994484
2022-01-31,17301.05,17410.0,17264.15,17339.85,0,17770.6225,17427.109,17638.72,16653.27975,-2.424070963186589,-0.5007084078030488,-1.6943973258830722,4.122732940939138,1.3910694394498657,-1.5740343926231137,-5.0170494227846145,-0.08182527997787625,33.50160395891872,52.144412535109005,16.856314766691096,17.582226017015707,274.3321428571432,1.5820906343315728,18350.95,16836.8,18604.45,13596.75,-6.797298495789997,27.52937282806552
2022-02-01,17529.45,17622.4,17244.55,17576.85,0,17768.18,17430.315,17640.8675,16668.64,-1.0768125941993032,0.8406904866607395,-0.3628931513713923,5.448614883997729,1.3667938303964622,2.4942999924194353,-3.994133744080486,-0.2771521131075816,39.09211005830899,53.42179628947045,16.625120268821934,17.299997279646963,292.97500000000065,1.6668231224593753,18350.95,16836.8,18604.45,13596.75,-5.52340972186763,29.27243642782281
2022-02-02,17706.2,17794.6,17674.8,17780.0,0,17766.9175,17435.847999999998,17645.1325,16684.63275,0.07363404484768074,1.9738185375325703,0.7643325999393901,6.565126523387213,1.1557816104706076,2.905726663174746,-1.8387295347829236,-0.14181210597997707,40.356864057098285,52.4206959304697,16.74417940235237,17.45493060138639,296.228571428572,1.6660774546038921,18350.95,16836.8,18604.45,13596.75,-4.431466665233322,30.76654347546289
2022-02-03,17767.75,17781.15,17511.15,17560.2,0,17748.665,17438.751,17647.042,16699.3445,-1.061854511311133,0.696431757067926,-0.4921051358068992,5.155025695769085,-1.236220472440941,2.6303100791050804,-2.1083262721313,-2.0365127404080807,35.56351144406277,46.20354160534185,17.090999563788895,17.647977972204263,307.7678571428577,1.7526443727455137,18350.95,16836.8,18604.45,13596.75,-5.612904439529252,29.149980693915833
2022-02-04,17590.2,17617.8,17462.55,17516.3,0,17737.185,17438.352,17648.652,16715.12875,-1.2453216223431283,0.44699177995719047,-0.7499269632604176,4.793090510894206,-0.24999715265202616,2.4228231283567103,-1.355521766064094,-1.293819980953359,34.95799344982606,43.51130503768345,16.76952865127714,17.590063270020845,306.9071428571434,1.752123124501998,18350.95,16836.8,18604.45,13661.75,-5.848869490901378,28.214174611598068
2022-02-07,17456.3,17536.75,17119.4,17213.6,0,17707.23,17442.095,17646.988,16729.71475,-2.787731339119676,-1.3100203845925769,-2.455875189579109,2.892369996924182,-1.7281046796412514,-0.7280916501584467,-2.2906656297982497,-3.3633306573400024,29.793597459661058,41.872289745312365,17.68254668944121,16.76651134420363,330.08928571428623,1.9176075063571028,18350.95,16836.8,18604.45,14151.4,-7.475899583164254,21.63884845315657
2022-02-08,17279.85,17306.45,17043.65,17266.75,0,17670.4025,17446.351000000002,17644.461,16744.01775,-2.284342419477995,-1.0294473612275847,-2.140677462462579,3.12190453811482,0.3087674861737222,-1.7642524115526914,0.6860418330991269,-4.091194392139219,33.51192331670828,41.628973151995574,17.17658918851513,16.775827756086095,329.92857142857196,1.9107740103295177,18350.95,16836.8,18604.45,14151.4,-7.1902152442023315,22.014429667736056
2022-02-09,17370.1,17477.15,17339.0,17463.8,0,17640.805,17455.963,17642.804,16759.63,-1.0033839158700582,0.04489583301705861,-1.0146006269751726,4.201584402519615,1.1412107084425305,-1.7784026996625513,1.0756484420894719,-3.2784570012322933,40.8335908529048,41.74420028156945,17.756171915573145,16.926524069287034,327.50714285714355,1.8753486804541026,18350.95,16836.8,18604.45,14151.4,-6.1310600420867125,23.40687140494933
2022-02-10,17554.1,17639.45,17427.15,17605.85,0,17610.48,17464.742,17643.011,16775.23425,-0.02629116298931669,0.8079592587167916,-0.21062731299096318,4.951440543967349,0.8133968552090476,0.2599628705823198,2.897110779274281,-3.3301578324598458,47.035635136990315,43.29907655644919,17.71576090236922,16.85392569274191,321.5821428571435,1.826564141220921,18350.95,16836.8,18604.45,14151.4,-5.367533036450968,24.410659016069076
2022-02-11,17451.0,17454.75,17303.0,17374.75,0,17566.3275,17464.203999999998,17642.7895,16788.84275,-1.0905950603505452,-0.5122134395589855,-1.5192580515683134,3.4898608482112334,-1.3126318808804993,-0.8081044512825208,1.595139735527229,-4.836563003209582,45.41030787291246,37.795424741366766,18.096711400523198,16.855427280919123,323.846428571429,1.8638911556795292,18350.95,16836.8,18604.45,14151.4,-6.609708967478214,22.777605042610627
2022-02-14,17076.15,17099.5,16809.65,16842.8,0,17495.68,17457.126,17635.5975,16798.734,-3.7316640450671312,-3.5190557712649886,-4.495438841808454,0.2623173865363836,-3.0616267859969293,-2.1541107031649354,-2.866518453158473,-7.739753228434876,44.337425127560465,31.94231750893313,20.642460210054118,18.023898706615903,319.9750000000001,1.8997731968556302,18350.95,16809.65,18604.45,14151.4,-9.468971133250385,19.01861299942055
2022-02-15,16933.25,17375.0,16839.25,17352.45,0,17447.8975,17465.93,17633.6555,16811.02175,-0.5470429889904982,-0.649722058888359,-1.5947090494083886,3.2206742579462837,3.0259220557152133,0.496329650918681,-1.2766792684695938,-5.219820735084458,51.207298891553776,39.79460412147507,23.876868894802385,18.90296140540518,324.5035714285714,1.8700735137030873,18350.95,16809.65,18604.45,14151.4,-6.729572763505505,22.62002346057635
2022-02-16,17408.45,17490.6,17257.7,17322.2,0,17408.355000000003,17468.84,17628.647999999997,16824.47725,-0.49490603793409804,-0.8394375356348757,-1.7383522548070431,2.958325198484255,-0.1743269682379145,-0.8108200964280332,-2.5748031496062973,-4.3661890184148895,53.596689112403936,38.80549562847738,23.685443670885835,18.59130364152806,311.7678571428569,1.7998167504292575,18129.2,16809.65,18604.45,14151.4,-6.892168271569436,22.406263691224904
2022-02-17,17396.55,17442.9,17235.85,17304.6,0,17376.665,17465.537,17623.162,16837.8295,-0.4147228481414721,-0.9214546337739384,-1.8076324782124893,2.7721536199187593,-0.10160372239093052,-1.711078987950032,-1.455564287422706,-3.533202515274514,53.42632513314731,40.43492149879913,23.519614261820923,18.18854102906256,305.38571428571413,1.7647660985270632,17943.7,16809.65,18604.45,14151.4,-6.9867692944430075,22.281894370874962
2022-02-18,17236.05,17380.8,17219.2,17276.3,0,17352.629999999997,17460.726000000002,17617.374,16851.728499999997,-0.43987568455040027,-1.056233286061548,-1.9360093053595873,2.5194537165727655,-0.1635403303167915,-0.566626857940411,-1.3701523723617437,-2.707101424790226,48.843557221625765,41.885432752408256,23.308651154967393,18.1799770491417,294.9249999999998,1.7071074246221691,17794.6,16809.65,18604.45,14151.4,-7.138883439177193,22.081914156903203
2022-02-21,17192.25,17351.05,17070.7,17206.65,0,17332.105,17454.632999999998,17611.9545,16864.6725,-0.7238301406551491,-1.4207288116570345,-2.3013033561947847,2.0277743312240473,-0.40315345299628547,2.160270263851638,-0.040375052284225,-2.3301158246367915,42.826415533077615,43.06505878350284,23.20383001178992,18.200194204296576,287.96071428571383,1.6735431608460323,17794.6,16809.65,18604.45,14151.4,-7.513256237083059,21.58973670449568
2022-02-22,16847.95,17148.55,16843.8,17092.2,0,17329.260000000002,17449.112,17605.763499999997,16876.5095,-1.3679753203541367,-2.045445063336176,-2.917019190903005,1.2780516018433825,-0.6651498112648313,-1.4997882143443775,-1.0109024570344682,-0.3317958376824359,36.197624016696125,43.34250675324346,21.300791610172553,18.169555617647436,298.3249999999997,1.745386784615203,17794.6,16809.65,18604.45,14151.4,-8.128431638667093,20.78098280028832
2022-02-23,17194.5,17220.7,17027.85,17063.25,0,17318.525,17443.879,17600.2145,16887.71,-1.4739996622114264,-2.182020409566019,-3.050897476277907,1.0394541355814428,-0.1693755046161427,-1.4949024950641432,-2.2936016216401844,-1.2426242696616296,39.20026078452679,48.77477914627013,21.11534476987893,18.16536172912344,292.8142857142856,1.7160522509737919,17794.6,16809.65,18604.45,14151.4,-8.284039571177868,20.57640940118999
2022-02-24,16548.9,16705.25,16203.25,16247.95,0,17275.415,17424.41,17587.3735,16894.238,-5.947556107914051,-6.7517924566742815,-7.615824500457675,-3.825493638718718,-4.7781049917219764,-6.106179859690474,-7.712777287094907,-5.039114209986472,29.357290496883323,37.708537196591806,26.852861850160075,21.04110761531427,343.1535714285713,2.1119807202051413,17794.6,16203.25,18604.45,14151.4,-12.666324454633166,14.815141964752613
2022-02-25,16515.65,16748.8,16478.3,16658.4,0,17253.2375,17412.61,17577.045,16903.27625,-3.4476862675773043,-4.331401208664291,-5.226390442762119,-1.4486910488728335,2.5261648392566505,-3.576576002963583,-4.122937020676554,-2.593563891836892,41.270165728482084,44.904174797802625,28.600373106129457,21.850997175981824,349.11785714285696,2.0957466331872023,17794.6,16203.25,18604.45,14151.4,-10.460131850175626,17.7155617112088
2022-02-28,16481.6,16815.9,16356.3,16793.9,0,17225.94,17408.784,17566.761,16913.76325,-2.5080779336279893,-3.5320330242479785,-4.399564609548666,-0.7086728614343027,0.8134034481102725,-2.3987818663133154,-0.29033177381431186,-3.148527813101021,42.7527013564258,46.62214765836596,28.268297116095546,21.67440417899624,363.17500000000007,2.1625411607786162,17794.6,16203.25,18604.45,14151.4,-9.731811475211572,18.673064149130134
2022-03-02,16593.1,16678.5,16478.65,16605.95,0,17177.395,17408.619,17556.3605,16923.404000000002,-3.3267267824952484,-4.610756315592857,-5.41348248117825,-1.8758282908095885,-1.1191563603451304,-2.8448649091398437,-4.301986174862915,-5.523742877705606,36.815086915758606,41.86345595246018,27.88004079560255,21.25359677751682,370.66428571428565,2.232117317674,17794.6,16203.25,18604.45,14151.4,-10.742053648455073,17.34492700368869
2022-03-03,16723.2,16768.95,16442.95,16498.05,0,17113.2975,17403.163,17543.4375,16931.2785,-3.5951428998414907,-5.200853431068831,-5.9588521348795,-2.558746523483156,-0.6497671015509576,-3.312381873324255,-4.757767489118015,-7.210067491563555,32.792792792792824,37.68718042366694,27.38863694379221,21.193929538477715,378.7857142857143,2.295942334310505,17781.15,16203.25,18604.45,14151.4,-11.322022419367418,16.58245827267973
2022-03-04,16339.45,16456.0,16133.8,16245.35,0,17047.555,17388.961,17526.939,16936.96475,-4.705689466905957,-6.576649404182337,-7.312109661590071,-4.083463360812621,-1.5316961701534404,-0.01600201871621021,-6.121204766362687,-7.4876709832462085,32.57421465160775,32.680262281761046,27.53382487266695,21.299179919834437,383.1714285714287,2.3586529595941528,17639.45,16133.8,18604.45,14151.4,-12.68029960573949,14.79676922424637
2022-03-07,15867.95,15944.6,15711.45,15863.15,0,16964.8975,17364.772,17506.110999999997,16941.12975,-6.494277374796987,-8.647519241830535,-9.385071304529017,-6.363092461410376,-2.3526732264925077,-4.773867838447876,-8.179702829888347,-9.43778080987423,34.15241761974863,31.524685645854888,28.406065632421445,21.82462239362466,380.94285714285735,2.4014326104390196,17639.45,15711.45,18604.45,14151.4,-14.734646818368729,12.095976369829135
2022-03-08,15747.75,16028.75,15671.45,16013.45,0,16904.890000000003,17344.966,17486.326,16946.66675,-5.273267084257881,-7.676671144815156,-8.423015789594682,-5.5067864599390886,0.9474789055137212,-4.647223098863284,-6.934528220193936,-6.9721034530836,25.489657697235984,34.00934211506339,28.433411115197593,21.950338157309996,368.1964285714287,2.2992948338517225,17639.45,15671.45,18604.45,14151.4,-13.926775583260994,13.158062099862919
2022-03-09,16078.0,16418.05,15990.0,16345.35,0,16858.82,17330.147999999997,17468.162,16952.517000000003,-3.0457054526947873,-5.682571204816007,-6.427762691919161,-3.581574346747465,2.072632693142329,-1.569317021910821,-4.369536981781163,-5.3362676821057775,33.89710367110101,40.818678820307326,29.635525791524508,22.455384691496914,382.1357142857145,2.337886397573099,17639.45,15671.45,18604.45,14151.4,-12.142793793957898,15.503413089870971
2022-03-10,16757.1,16757.3,16447.9,16594.9,0,16815.375,17317.380999999998,17450.7255,16959.503,-1.3111512529455842,-4.171999218588517,-4.904240227720039,-2.1498448392031246,1.5267339029142901,0.5870390743148546,-2.744787774896329,-4.9754348996209234,39.13203270956484,43.17884156556172,29.907143745696942,22.647720544406656,396.77142857142854,2.390923889697609,17639.45,15671.45,18604.45,14151.4,-10.801448040656936,17.266842856537178
2022-03-11,16528.8,16694.4,16470.9,16630.45,0,16766.605,17305.718,17432.2595,16966.612999999998,-0.8120606407796858,-3.9019935491841484,-4.599572992818283,-1.981320608892281,0.21422244183453287,2.3705244885459553,2.3541431380574185,-5.540203966295287,40.13170962763766,41.25229622631609,29.702732411051002,22.656084521433982,401.1928571428572,2.412399286506722,17490.6,15671.45,18604.45,14151.4,-10.610364724568583,17.51805475076672
2022-03-14,16633.7,16887.95,16606.5,16871.3,0,16741.432500000003,17299.065,17416.785,16974.46225,0.775725135826917,-2.4727637013907944,-3.1319500125884345,-0.6077497388761238,1.4482470408196946,6.355295133690353,1.2780339048167777,-2.8975956488582644,45.13075169519824,42.44608755566069,30.029599897969007,22.907346870577253,401.27142857142877,2.3784262538833927,17490.6,15671.45,18604.45,14151.4,-9.315781976892632,19.220006501123564
2022-03-15,16900.65,16927.75,16555.0,16663.0,0,16732.4425,17285.244,17400.749,16981.088,-0.4150171142079288,-3.599856617586647,-4.2397542772440415,-1.8731897508569517,-1.2346410768583338,4.056277691565513,-0.7794496811342255,-1.0675184648633151,43.9333974105275,42.64607118871727,28.315135196715257,22.96935193363148,401.97857142857146,2.412402157045979,17490.6,15671.45,18604.45,14151.4,-10.43540658283368,17.74806732902752
2022-03-16,16876.65,16987.9,16837.85,16975.35,0,16713.5875,17272.237,17388.7215,16988.786500000002,1.5661658515863042,-1.7188682624028517,-2.377239177704934,-0.07909040472080471,1.8745123927264018,3.8543071882829016,2.224503867589611,-2.1731801561162944,48.8497173366834,51.43463249380363,26.92318958408641,23.092774532746542,411.4107142857143,2.4235772121677277,17490.6,15671.45,18604.45,14151.4,-8.756507179733893,19.955269443305955
2022-03-17,17202.9,17344.6,17175.75,17287.05,0,16711.829999999998,17261.873,17380.443,16997.30775,3.4419928876729915,0.14585323388718988,-0.5373453369399159,1.7046361356844841,1.836191890005212,4.170859721962761,4.78238337258039,-0.2029187978432434,65.66230555890508,49.26046543184747,27.777901703429396,23.361390386506162,376.35714285714283,2.177104496470727,17442.9,15671.45,18604.45,14151.4,-7.081101564410673,22.157878372457844
2022-03-21,17329.5,17353.35,17096.4,17117.6,0,16702.480000000003,17245.72,17370.365,17005.021500000003,2.4853794167093466,-0.7429089652389266,-1.4551507697161403,0.6620309183378331,-0.9802135124269418,2.929265293482719,5.369228733145159,-1.0806375183477268,57.46375398218577,47.75702164046567,27.99664599616843,23.393491877111508,358.9357142857142,2.0968810714452624,17380.8,15671.45,18604.45,14151.4,-7.9919051624745805,20.960470342156952
2022-03-22,17120.4,17334.4,17006.3,17315.5,0,16704.440000000002,17237.112,17360.836,17013.718,3.658069351621471,0.45476295565056957,-0.2611394981209392,1.7737569178000907,1.156120016824791,2.6328735782067847,9.155495598289122,0.22690043585722464,58.30943732874527,50.11494980173797,28.30917350771002,23.458676887790663,349.54285714285703,2.0186703077754444,17353.35,15671.45,18604.45,14151.4,-6.928181160958806,22.35891855222805
2022-03-23,17405.05,17442.4,17199.6,17245.65,0,16706.39,17225.770999999997,17351.183,17021.4945,3.227866702501271,0.11540267196170467,-0.6082178949988565,1.316896703753015,-0.40339580144955756,3.4966692672387945,7.694781574239151,0.226656554297322,60.589306406224146,49.67957764884221,28.309222314924416,23.453096957852114,344.36785714285725,1.9968389544195622,17442.4,15671.45,18604.45,14151.4,-7.303628970488239,21.865327812089276
2022-03-24,17094.95,17291.75,17091.15,17222.75,0,16712.9175,17210.16,17344.838,17029.256999999998,3.050529627756497,0.07315446224788233,-0.7038866549229214,1.1362386509288236,-0.1327871086332033,1.4574073583166314,5.367887503173674,0.7637986918009432,62.34372338613525,50.16997466216214,28.199552034000774,23.311676297594094,335.4107142857143,1.9474864019144116,17442.4,15671.45,18604.45,14151.4,-7.426717801386232,21.703506366861234
2022-03-25,17289.0,17294.9,17076.55,17153.0,0,16717.405,17192.105,17339.6515,17036.26375,2.60563765727995,-0.22745905751506032,-1.0764432030251585,0.6852221338731138,-0.4049875890900112,-0.7754359477180839,3.363081428631687,0.5259842058224606,66.48743892027392,50.648008014835966,28.236594099665407,23.30735741846854,324.98928571428587,1.8946498321826262,17442.4,15671.45,18604.45,14151.4,-7.80162810510389,21.210622270588072
2022-03-28,17181.85,17235.1,17003.9,17222.0,0,16766.107500000002,17172.298,17332.575,17043.67325,2.719131438230359,0.28943126889599247,-0.6379606030840814,1.0462929404023875,0.4022619949862971,0.6098985839136484,3.5570294249403833,5.99491012712372,77.8527066636604,51.67763957432868,21.752289433199383,23.232189485185497,303.36785714285713,1.7615135126167525,17442.4,15671.45,18604.45,14151.4,-7.430749094974592,21.698206537869048
2022-03-29,17297.2,17343.65,17235.7,17325.3,0,16799.4525,17153.648,17326.9385,17052.123,3.1301466521007146,1.0006734427568889,-0.00945637338068079,1.6020116674035232,0.5998141911508492,0.056596690826138385,2.690960388351815,4.0033856792969225,77.41760193951552,63.40204261883138,20.15405301337131,23.272657789418513,286.5357142857144,1.6538571585237452,17442.4,15671.45,18604.45,14151.4,-6.875505591404214,22.428169651059257
2022-03-30,17468.15,17522.5,17387.2,17498.25,0,16834.67,17138.498,17323.629,17060.925499999998,3.9417464078595055,2.0990870961971138,1.0079931866469731,2.56331053083845,0.9982511125348426,1.464717189552145,5.012602772609975,4.1940823751481116,75.81042356944569,61.10369263720134,20.238673833692225,23.401155690268155,270.0464285714288,1.5432767766572588,17522.5,15671.45,18604.45,14151.4,-5.945889289927951,23.65031021665701
2022-03-31,17519.2,17559.8,17435.2,17464.75,0,16877.609999999997,17121.631,17319.108500000002,17069.2525,3.478810092187242,2.0040088470543416,0.8409295432267653,2.3170171042932393,-0.1914477162001882,1.4051182302477816,2.883003885045099,5.171640285560297,71.55922373410661,59.115181325325736,19.688996987711942,23.387863145400924,249.52142857142877,1.4287145740501799,17559.8,15671.45,18604.45,14151.4,-6.125953736874783,23.41358452167277
2022-04-01,17436.9,17703.7,17422.7,17670.45,0,16936.23,17112.779,17315.1275,17078.5455,4.3352032890436725,3.258798585548275,2.052092888140743,3.4657781600898074,1.1778009991554539,3.0166734681979834,2.2178451499822227,7.1062943802449485,73.77142857142857,64.39447209000431,19.63794422657462,23.44567720112625,253.62857142857163,1.4353260467536006,17703.7,15671.45,18604.45,14151.4,-5.020304282040049,24.86715095326258
2022-04-04,17809.1,18114.65,17791.4,18053.4,0,17026.6325,17115.079,17315.218999999997,17089.46625,6.0303615527028125,5.4824228389480405,4.263191819866698,5.640514079835583,2.1671774063478866,4.827546161885965,5.4668878814787325,11.12964632956508,75.3713083791209,69.57572401293848,19.320986599197123,23.860233320391806,265.25357142857166,1.469272111782665,18114.65,15671.45,18604.45,14151.4,-2.961925775822447,27.573243636672
2022-04-05,18080.6,18095.45,17921.55,17957.4,0,17131.344999999998,17119.087000000003,17314.621,17100.4155,4.821892268236989,4.896949235668924,3.71234807854011,5.011483492901108,-0.5317557911529103,3.648421672351998,3.7070832491120864,13.20198069109857,79.18865286609841,72.43281489537337,16.599588930827753,23.77738908053762,251.05000000000032,1.3980308953411982,18114.65,15671.45,18604.45,14151.4,-3.4779313551327733,26.894865525672383
2022-04-06,17842.75,17901.0,17779.85,17807.65,0,17221.055,17122.897,17313.961499999998,17110.996750000002,3.4062663408252347,3.999048759097252,2.8513896140984483,4.071377373150394,-0.8339180504972843,1.768176817681777,3.258792797024168,11.20433135895138,70.25356499732324,77.13129621878053,17.331827318594044,23.785845133875384,240.5250000000004,1.3506835545397646,18114.65,15990.0,18604.45,14151.4,-4.282846308275704,25.836666336899544
2022-04-07,17723.3,17787.5,17623.7,17639.55,0,17285.765,17132.706000000002,17309.3295,17120.777749999997,2.0466840779103492,2.9583417820862468,1.9077602052696465,3.030074086441557,-0.9439763247817812,1.0008731874203702,2.42005486928627,7.917848195358301,59.22243733975195,72.57656957209892,17.095439672501342,23.09052795999755,227.2892857142862,1.288520884684055,18114.65,16447.9,18604.45,14151.4,-5.186393577880569,24.648797998784573
2022-04-08,17698.15,17842.75,17600.55,17784.35,0,17345.2375,17142.834,17306.0785,17130.967,2.5316026949760664,3.7421817186119846,2.763604129034772,3.814046224010577,0.8208826188876639,0.6445789439431193,3.680697254124632,7.167563528553944,67.67208248297061,71.07375080545951,16.64919478026361,23.101653540492773,226.235714285715,1.2721056113139644,18114.65,16470.9,18604.45,14151.4,-4.40808516242083,25.672018316208987
2022-04-11,17740.9,17779.05,17650.95,17674.95,0,17397.4625,17154.13,17302.836,17140.478,1.5949883495940818,3.036120164648395,2.150595428402612,3.1181860855922547,-0.6151475876261858,-2.096281032935632,2.630066194402514,6.280647847773202,59.99610667704888,66.49409752447275,16.996822490558845,23.032995769643282,212.32857142857185,1.201296588836584,18114.65,16555.0,18604.45,14151.4,-4.996116520509878,24.898949927215693
2022-04-12,17584.85,17595.3,17442.35,17530.3,0,17430.4125,17162.697,17299.1525,17149.694750000002,0.5730644641944116,2.141871991330961,1.3361781740463825,2.2193120959193564,-0.8183898681467405,-2.378406673571909,1.1832406942448248,3.9060416209776294,57.59978641035903,63.298996497347126,16.888327218109612,23.11898893201224,211.60000000000036,1.2070529312105347,18114.65,16555.0,18604.45,14151.4,-5.773618677251956,23.876789575589694
2022-04-13,17599.9,17663.65,17457.4,17475.65,0,17471.045,17165.413,17296.261000000002,17158.12075,0.026357896737162555,1.8073378135440201,1.0371547931659866,1.850606220963932,-0.31174594844354253,-1.8643672803542288,-0.12915577272012424,4.876972934045498,56.639537936466304,59.45197766621314,16.152292938776537,22.930051341305,212.0035714285719,1.2131369730371795,18114.65,16837.85,18604.45,14151.4,-6.0673656033905825,23.490608703025863
2022-04-18,17183.45,17237.75,17067.85,17173.65,0,17480.96,17157.349000000002,17293.832,17164.68725,-1.7579698140147777,0.09500885014345442,-0.6949414103247741,0.05221621500853396,-1.7281188396425895,-2.6412238407442223,-1.6667859545656194,1.1681644266539504,50.48321048321051,57.75910534392903,16.387242343146884,23.051618927586507,225.53571428571482,1.3132660458651177,18114.65,17003.9,18604.45,14151.4,-7.6906331549709845,21.356544228839564
2022-04-19,17258.95,17275.65,16824.7,16958.65,0,17464.54,17140.922000000002,17288.385,17170.407,-2.8966694799863,-1.063373370463974,-1.907263171198449,-1.2332672137591019,-1.251917909122402,-4.6428460978331865,-4.028193962236381,-1.899687916677495,44.23173803526451,49.7385150158144,15.603148625417557,23.045160029574504,241.23214285714363,1.4224725603579507,18114.65,16824.7,18604.45,14151.4,-8.846270650301403,19.837259917746668
2022-04-20,17045.25,17186.9,16978.95,17136.55,0,17465.4875,17132.449,17285.6,17177.3475,-1.8833571064077084,0.023937033170206713,-0.8622784282871251,-0.23750756628752248,1.0490221804211775,-3.0461189423449664,-5.07854476165156,0.1107047716969678,45.99656393832057,47.540447785585876,15.731896446762676,23.02868980258547,248.84642857142924,1.4521384325983309,18114.65,16824.7,18604.45,14151.4,-7.890047811141966,21.09437935469282
2022-04-21,17234.6,17414.7,17215.5,17392.6,0,17469.3425,17129.975000000002,17284.1635,17185.703,-0.43929815904634245,1.5331312509212438,0.6273748799008977,1.2038902336436117,1.4941747317867238,-0.7854971107168818,-3.1452214685867785,0.4452658023158307,47.83544018521171,54.370490448491786,16.099952900402315,23.277843074775134,254.62857142857214,1.464005217325599,18114.65,16824.7,18604.45,14151.4,-6.513764180075208,22.903740972624608
2022-04-22,17242.75,17315.3,17149.2,17171.95,0,17465.6575,17129.142,17285.618499999997,17193.16275,-1.6816286475330253,0.24991327645016254,-0.6575900075545238,-0.12337898680101064,-1.2686429860975235,-1.7378466609253462,-3.5698140967505565,-0.42735414437844454,44.42837570406454,47.734982722438744,16.68897648632171,23.125138429692907,263.1142857142864,1.5322330062356715,18114.65,16824.7,18604.45,14151.4,-7.699770753771275,21.34453128312394
2022-04-25,17009.05,17054.3,16888.7,16953.95,0,17452.217500000002,17122.886,17284.6185,17199.321500000002,-2.8550383353863293,-0.9866093834882618,-1.9130795394760942,-1.4266347657958547,-1.2695121986728397,-1.2792854169032197,-3.8867204662250354,-1.560726364837206,36.42941020493197,45.60295447693697,17.27192068810118,23.289592549181904,263.27500000000066,1.5528829564791724,18114.65,16824.7,18604.45,14151.4,-8.87153342345514,19.804047656062306
2022-04-26,17121.3,17223.85,17064.45,17200.8,0,17454.607500000002,17117.626,17286.7945,17206.15375,-1.4541002998778552,0.4858968177012342,-0.4974577559766833,-0.031115321168172384,1.456002878385254,1.4278848847048442,-3.2812557107794182,0.2786684544977547,32.97387970285156,49.690054928762045,18.043515026902046,23.381267702479636,250.82500000000047,1.458217059671646,18114.65,16824.7,18604.45,14151.4,-7.544700327072294,21.548398038356627
2022-04-27,17073.35,17110.7,16958.45,17038.4,0,17445.4275,17106.277000000002,17285.5095,17212.2545,-2.333147181403265,-0.39679586621916857,-1.4295760272498688,-1.0100623366915569,-0.9441421329240418,-0.5727523918174771,-3.601424615062554,-1.0660782719776996,32.12201385106211,48.423051519154576,18.296411670087156,23.39214259823666,255.71428571428598,1.5008116120896677,18114.65,16824.7,18604.45,14273.3,-8.417609765405585,19.372534732682716
2022-04-28,17189.5,17322.5,17071.05,17245.05,0,17441.415,17103.683,17283.9435,17219.0815,-1.1258547543304347,0.826529584300635,-0.22502677123424955,0.15081234152936113,1.2128486242839465,-0.8483492979772911,-1.6271826494697716,-0.46319544250316147,39.29237562331079,50.30560159098441,18.70873175437617,23.38084865164457,263.32499999999993,1.5269599102351106,18114.65,16824.7,18604.45,14416.25,-7.3068540053589395,19.62230122257868
2022-04-29,17329.25,17377.65,17053.25,17102.55,0,17421.63,17108.878,17283.002,17225.954749999997,-1.8315163391714882,-0.036986645179194914,-1.0441010190243636,-0.7163884486576739,-0.8263240756043011,-0.4041474614123741,-2.134970659174351,-2.2613689940422677,39.679031328079894,47.077116875959526,18.516036319654557,22.395396081956438,273.35714285714283,1.5983414336291537,18114.65,16824.7,18604.45,14416.25,-8.072799787147707,18.633833347784613
2022-05-02,16924.45,17092.25,16917.25,17069.1,0,17401.8475,17103.211,17284.5705,17232.85125,-1.912138926628344,-0.19944208137291172,-1.2466060409195765,-0.9502272585333269,-0.19558486892305993,0.6791927544908205,-0.6087814762732568,-2.2654203466983547,35.63841535650455,44.154782821885306,18.51628986159886,21.329154396426535,269.29285714285703,1.5776628946040334,18114.65,16824.7,18604.45,14416.25,-8.252595481188651,18.401803520332948
2022-05-04,17096.6,17132.85,16623.95,16677.6,0,17352.205,17090.319,17279.579500000003,17237.77625,-3.8877191688318753,-2.4149285920292125,-3.4837624376218463,-3.2497013644668957,-2.293618292704358,-3.041718989814435,-1.657266350800346,-5.6187024099556115,32.011903688339686,40.2313257796696,19.39806631097843,21.928196612813597,296.1142857142856,1.7755209725277357,18114.65,16623.95,18604.45,14416.25,-10.356930734313575,15.686118095898715
2022-05-05,16854.75,16945.7,16651.85,16682.65,0,17283.6675,17077.88,17271.7085,17242.12775,-3.4773724963176837,-2.3142802268197196,-3.4105398432355383,-3.2448300935480434,0.03028013623065373,-2.0879307916236267,-2.648724509892586,-7.592752611696407,33.90120221070022,37.098712222135134,17.175920965290736,21.92910689933929,300.4892857142856,1.801208355472815,18095.45,16623.95,18604.45,14416.25,-10.32978669081859,15.721148010058103
2022-05-06,16415.55,16484.2,16340.9,16411.25,0,17206.36,17060.578999999998,17260.6525,17244.91425,-4.621023853970279,-3.8060197136333884,-4.92103354725437,-4.834261498284931,-1.6268398605737144,-4.835010626237668,-5.642342145510149,-8.610099457605225,31.322383659717772,27.908791282706602,17.728064557703384,22.207638548306065,310.16785714285714,1.889970947629566,17901.0,16340.9,18604.45,14416.25,-11.788577463993832,13.838550247116968
2022-05-09,16227.7,16403.7,16142.1,16301.85,0,17131.07,17042.483,17248.558,17246.8025,-4.840444875889243,-4.345804540336052,-5.488621135749438,-5.479001107596618,-0.6666158884911288,-4.681757983458601,-5.066984238831351,-8.455916417943977,33.59304426377591,27.808533168907346,17.689067916958606,22.23441987300239,300.2642857142855,1.8419031319407646,17842.75,16142.1,18604.45,14461.5,-12.37660882208289,12.725858313452964
2022-05-10,16248.9,16404.55,16197.3,16240.05,0,17061.095,17025.44,17237.275999999998,17248.38575,-4.812381620288743,-4.613037900929429,-5.785287652178911,-5.845971702018561,-0.37909807782553484,-4.857022338611872,-4.210818127928895,-7.933875864180207,35.64866592107359,28.48003953654377,17.586787081755137,22.20617123927307,282.8571428571426,1.7417258127723905,17842.75,16142.1,18604.45,14506.6,-12.70878741376392,11.949388554175332
2022-05-11,16270.05,16318.75,15992.6,16167.1,0,16980.2325,17007.517,17225.698,17250.45925,-4.788700625860088,-4.941444421310879,-6.145457792189321,-6.280176279944544,-0.4491981243900045,-3.0609919892550352,-6.009604204455599,-9.093669434081075,29.79175786379838,29.244019678324207,16.978362780919305,22.220028943441665,289.84999999999974,1.7928385424720559,17779.05,15992.6,18604.45,14591.9,-13.100897903458582,10.795030119449837
2022-05-12,16021.1,16041.95,15735.75,15808.0,0,16886.885000000002,16998.718,17211.564,17251.33875,-6.3888929189723385,-7.004751770104079,-8.15477315135335,-8.366531843796755,-2.2211775766835085,-5.242872085669847,-7.221335336651336,-10.562689003363523,18.329535915577395,23.728182700360207,18.08155153001003,20.089785573167926,300.7928571428568,1.9027888230190841,17663.65,15735.75,18604.45,14591.9,-15.031081273566274,8.334075754356872
2022-05-13,15977.0,16083.6,15740.85,15782.15,0,16799.4775,16981.193,17196.9015,17251.12925,-6.055709173097801,-7.061005666680778,-8.226781435016072,-8.515264297843006,-0.16352479757085758,-3.833346027877216,-8.483013966326569,-9.972162484384183,19.877324548094805,24.267224971450275,18.10224348105577,19.206045373696213,307.8892857142855,1.9508703548900848,17663.65,15735.75,18604.45,14591.9,-15.170026525911817,8.156922676279306
2022-05-16,15845.1,15977.95,15739.65,15842.3,0,16717.81,16962.161,17185.4725,17251.0605,-5.236989773182025,-6.602112785039599,-7.815743791740381,-8.166225490890836,0.3811267793044637,-2.8190052049307357,-7.368784187153377,-9.346433465994119,24.136246248342246,26.51184148275952,18.37185871100271,19.124565245715868,304.6785714285713,1.9231965776975015,17414.7,15735.75,18604.45,14591.9,-14.846716780125194,8.56913767227023
2022-05-17,15912.6,16284.25,15900.8,16259.3,0,16672.0925,16955.228,17181.9235,17253.23475,-2.4759489548177567,-4.1045039323564385,-5.369733487638921,-5.760860293169085,2.632193557753615,0.1185341178136845,-4.744245449379281,-5.324144838167788,29.70205243187307,34.62515642182696,20.81036383546661,19.94283159595098,316.9678571428572,1.949455740055582,17414.7,15735.75,18604.45,14591.9,-12.60531754499596,11.426887519788373
2022-05-18,16318.15,16399.8,16211.2,16240.3,0,16636.174999999996,16950.073,17176.618000000002,17255.703999999998,-2.379603484575009,-4.18743329306016,-5.451119655801874,-5.884454207142165,-0.11685619922137125,0.45277136901484827,-2.6220799155753816,-4.2358914182437974,31.65961945031711,37.293235129946986,20.483904687933602,19.894097707478224,313.1285714285715,1.9280959799299984,17414.7,15735.75,18604.45,14591.9,-12.707443649234465,11.29667829412208
2022-05-19,15917.4,15984.75,15775.2,15809.4,0,16569.817499999997,16941.354,17165.1575,17256.204,-4.589172451657949,-6.681602899036286,-7.8983108660669235,-8.38425414998572,-2.6532761094314794,0.008856275303648076,-5.2344801335519335,-7.744557685181674,20.091248098997994,35.222640830129436,21.65229127049117,20.481958503279103,326.05714285714294,2.0624257900814893,17414.7,15735.75,18604.45,14725.35,-15.023556192201335,7.361794456498483
2022-05-20,16043.8,16283.05,16003.85,16266.15,0,16513.495000000003,16949.414,17157.093,17258.6425,-1.4978355581298988,-4.031195414779538,-5.1928552232012795,-5.750698526839535,2.889103950814076,3.066755796897125,-0.8841495925051457,-6.476604992928026,34.59271266993335,39.557037961318805,23.731485711681213,20.823976742852988,336.7178571428571,2.0700525763186564,17377.65,15735.75,18604.45,14884.9,-12.568498396888922,9.27953832407339
2022-05-23,16290.95,16414.7,16185.75,16214.7,0,16465.6325,16953.439000000002,17149.2025,17260.90075,-1.523977290274145,-4.357458094490453,-5.4492475670515805,-6.0611017069894215,-0.316301030053201,2.350668779154552,-0.5346019010112335,-5.574497945777857,34.36482084690559,35.13803371353589,23.467814924091986,20.739653342204655,339.83571428571435,2.095849533359941,17377.65,15735.75,18604.45,14884.9,-12.845045137050542,8.933886018716962
2022-05-24,16225.55,16262.8,16078.6,16125.15,0,16424.192499999997,16949.035,17139.5915,17262.10075,-1.8207440030917672,-4.860955210724387,-5.918702904908784,-6.586398529738633,-0.5522766378656452,-0.8250662697656064,-0.7075101369761749,-4.88853629980035,38.63435307671738,36.34026672234255,23.201690053908226,20.24352419346755,316.6428571428573,1.9636583668546173,17377.65,15735.75,18604.45,14884.9,-13.326381591500963,8.332269615516397
2022-05-25,16196.35,16223.35,16006.95,16025.8,0,16365.4425,16937.653000000002,17127.517,17261.576,-2.075363987255462,-5.383585317280987,-6.4324385140006015,-7.159114555936269,-0.6161182996747394,-1.3207884090811084,-0.8739971918278577,-6.831077624296544,36.99126611609526,37.501514927081494,22.3425111506663,19.97173335058999,311.1107142857142,1.9413115993317913,17377.65,15735.75,18604.45,14985.85,-13.860393615505975,6.9395463053480375
2022-05-26,16105.0,16204.45,15903.7,16170.15,0,16322.029999999999,16928.447,17117.0825,17261.13275,-0.930521509885714,-4.479424485896435,-5.532090530030458,-6.320458603737933,0.900735064708158,2.28187027970701,2.290928643724688,-5.095842332613398,44.97205538872205,35.72724377172453,22.642701231374836,20.079744785771137,308.18214285714265,1.9058706496670883,17377.65,15735.75,18604.45,15145.45,-13.08450397619925,6.7657283210469075
2022-05-27,16296.6,16370.6,16221.95,16352.45,0,16277.4,16918.07,17108.5675,17261.422,0.4610687210488229,-3.3432891576876025,-4.419525480435461,-5.265916098916984,1.1273859549849607,0.5305496383594122,3.613576097046356,-5.175978034276496,51.02408419348311,40.552824030078924,22.57131356469281,19.969376768159457,303.2749999999999,1.8546150576824874,17377.65,15735.75,18604.45,15163.4,-12.104630881321404,7.841579065381123
2022-05-30,16527.9,16695.5,16506.15,16661.4,0,16255.342499999999,16918.038,17101.641,17263.538,2.4979941210097705,-1.516948951172701,-2.5742617331284063,-3.487917714202031,1.8893193374693196,2.754907583859101,5.170335115481972,-2.5794399080838692,57.75210199988964,42.18203737191084,23.691503125773963,20.24965143138382,312.97499999999985,1.878443588173862,17132.85,15735.75,18604.45,15194.95,-10.444006675822177,9.650903754207816
2022-05-31,16578.45,16690.75,16521.9,16584.55,0,16231.115,16910.222,17091.2295,17265.1695,2.1775152230761687,-1.9258883768646107,-2.964558518156941,-3.9421535942638775,-0.4612457536581682,2.8489657460550655,2.00039362088158,-2.838755411826044,57.66934283772112,42.93719833110634,23.721490278184838,19.81658322916102,301.7392857142855,1.819399897581095,17132.85,15735.75,18604.45,15272.5,-10.85707989217634,8.590931412669827
2022-06-01,16594.4,16649.2,16438.85,16522.75,0,16223.372499999998,16894.936,17078.4045,17266.38275,1.845346890728191,-2.202944124795746,-3.253550412159406,-4.306824195704804,-0.37263597746094446,3.1009372387025946,1.7391920099998126,-0.9284909099630534,64.74167268227285,42.60780148561072,22.34105742262996,19.356774036758075,285.9535714285713,1.7306657271251535,16945.7,15735.75,18604.45,15374.0,-11.18925848385736,7.472030701183817
2022-06-02,16481.65,16646.4,16443.05,16628.0,0,16220.64,16885.144,17065.432,17268.1115,2.511368232079626,-1.522900841118087,-2.5632635610982524,-3.706899275001781,0.6370004993115463,2.831451779977301,5.177932116335859,-0.32758584517448286,66.89233718770593,49.27255661152179,22.46882011215139,19.31175508325875,275.9964285714286,1.659829375579917,16695.5,15735.75,18604.45,15374.0,-10.623533616957237,8.156628073370625
2022-06-03,16761.65,16793.85,16567.9,16584.3,0,16229.292500000001,16870.52,17053.816000000003,17269.211,2.187449021576251,-1.696568926150475,-2.7531433434018706,-3.966081600369583,-0.26280971854703017,1.417830355695937,1.9559022878800514,1.0544595932667988,64.9163718237375,48.57374885798393,21.67205378898145,19.117448943012157,275.1142857142855,1.658883918611491,16793.85,15735.75,18604.45,15450.9,-10.858423656705796,7.335495019707587
2022-06-06,16530.7,16610.95,16444.55,16569.55,0,16242.6775,16856.998,17041.3845,17269.413249999998,2.0124299088004394,-1.705214653285243,-2.7687568460180034,-4.052617421729708,-0.088939539202737,-0.5512742026480444,2.18844628639443,1.6421449099335295,57.44022638432575,52.4802582100777,21.51112634949725,19.10304982983071,255.43214285714268,1.5415756182705185,16793.85,15735.75,18604.45,15450.9,-10.93770576394358,7.24003132503608
2022-06-07,16469.6,16487.25,16347.1,16416.35,0,16251.492499999998,16840.87,17025.515,17268.67975,1.0144145222354197,-2.520772382899461,-3.577953442230681,-4.935697241128123,-0.9245875717807661,-1.0141969483645985,1.805874674034036,1.0855877906779776,53.96660883671674,51.769706336939684,21.75472432692578,19.198289026421293,257.84999999999985,1.5706901960545423,16793.85,15735.75,18604.45,15450.9,-11.761164667592979,6.248503323430991
2022-06-08,16474.95,16514.3,16293.35,16356.25,0,16260.95,16824.935,17008.52,17267.388,0.5860666197239354,-2.785657121409392,-3.8349603610425858,-5.276640566598719,-0.36609843235554385,-1.0077015024738567,2.0619875450835545,1.1699686400158393,64.79292341818376,51.7969257415025,21.730766600870353,19.195192386554268,240.41071428571416,1.469840056771657,16793.85,15735.75,18604.45,15450.9,-12.084205660473707,5.859529218362687
2022-06-09,16263.85,16492.8,16243.85,16478.1,0,16294.455000000002,16810.057,16991.1775,17266.934250000002,1.1270398426949337,-1.9747523759140266,-3.0196700611243865,-4.568467329398694,0.7449751623996859,-0.9014914601876423,1.9044350237938268,4.238992914979756,57.00221348574444,54.73767594905853,20.075892454275102,19.255526966883693,224.3607142857141,1.3615690782657837,16793.85,15739.65,18604.45,15450.9,-11.429254828817847,6.648156418072728
2022-06-10,16283.95,16324.7,16172.6,16201.8,0,16315.4375,16787.587,16970.6175,17265.690749999998,-0.6965029285914076,-3.4894055947409255,-4.530285948640354,-6.16187771114804,-1.6767709869463077,-2.3063982200032584,-0.9212686783937718,2.6590166739005827,49.62894782258524,56.154278927298854,21.14481192394986,19.518015405947285,229.82857142857105,1.4185372701093153,16793.85,15739.65,18604.45,15450.9,-12.914383386770375,4.859911073141368
2022-06-13,15877.55,15886.15,15684.0,15774.4,0,16312.0425,16753.11,16945.804,17262.080499999996,-3.2959851594305247,-5.841960089798258,-6.91264929064446,-8.61819929527033,-2.6379784962164643,-4.79886297455272,-5.323682283601627,-0.42859938266539555,41.55287431062303,49.892389508324186,23.294138380476618,20.13756662966309,253.65714285714253,1.6080303710895028,16793.85,15684.0,18604.45,15450.9,-15.21168322632489,2.093729167880188
2022-06-14,15674.25,15858.0,15659.45,15732.1,0,16285.6825,16718.457,16920.043999999998,17257.618000000002,-3.3991974238721676,-5.899808816088699,-7.020927368746782,-8.839678801558835,-0.2681559995942773,-4.168100704480581,-5.140024902695572,-3.2424520120792333,42.726957555346466,48.462225447238445,21.100541410212674,20.138148520690795,252.3821428571425,1.6042495461962643,16793.85,15659.45,18604.45,15450.9,-15.439048184708499,1.8199587079069874
2022-06-15,15729.25,15783.65,15678.9,15692.15,0,16258.275,16678.891,16895.835,17252.905499999997,-3.4820729751465023,-5.91610677232677,-7.124152194904837,-9.046334253671057,-0.2539393977917803,-4.060221627818117,-5.027008215944684,-3.3752455311786056,37.51762678226355,41.15500382090112,21.102755267087623,19.889030414731852,238.3821428571425,1.5191171563943915,16793.85,15659.45,18604.45,15450.9,-15.653781756515247,1.5613977179322887
2022-06-16,15832.25,15863.15,15335.1,15360.6,0,16235.835000000001,16625.035,16870.057,17246.523999999998,-5.390760623029247,-7.605608048343955,-8.947551273833872,-10.935096254758337,-2.112839859420146,-6.7817284759772,-7.6220832331007955,-2.8388174124255094,25.972043896412202,37.49928949013814,20.32998267155254,19.554794547781974,261.7821428571424,1.7042442538516878,16793.85,15335.1,18604.45,15335.1,-17.435882275477105,0.1662851888804116
2022-06-17,15272.65,15400.4,15183.4,15293.5,0,16187.2025,16571.756999999998,16845.422,17239.465500000002,-5.521043552769537,-7.7134669546506025,-9.212722602022074,-11.287852862955651,-0.43683189458745275,-5.606167215988345,-7.783264895111641,-5.979595663386849,12.463640853959646,41.82357043235705,16.905283913711557,19.550546525217225,252.778571428571,1.6528497167330631,16793.85,15183.4,18604.45,15183.4,-17.796548675182553,0.7251340279515811
2022-06-20,15334.5,15382.5,15191.1,15350.15,0,16143.975,16522.607,16822.752,17231.560999999998,-4.9171594975834685,-7.096077513675658,-8.75363317488126,-10.918401414706413,0.3704188053748281,-2.6894842276092956,-7.359282539356826,-5.331890198400224,15.74726677396076,33.37387011289796,17.07271110595227,19.572523394788107,254.38928571428536,1.6572429957641153,16793.85,15183.4,18604.45,15183.4,-17.492051632808284,1.098238866130116
2022-06-21,15455.95,15707.25,15419.85,15638.8,0,16119.657500000001,16482.592,16807.649,17224.094,-2.9830503532720956,-5.119291917193614,-6.9542682620276155,-9.203932584204438,1.8804376504464093,-0.5930549640543958,-4.736436540400268,-3.016095974301014,28.21441774491676,40.37568100538118,18.646859405547385,20.10633965259741,264.8714285714281,1.6936812835475108,16793.85,15183.4,18604.45,15183.4,-15.940541107100728,2.9993282137070727
2022-06-22,15545.65,15565.4,15385.95,15413.3,0,16089.032500000001,16435.171000000002,16789.0025,17215.77925,-4.199957331181983,-6.217586662164956,-8.194069302211371,-10.469925431926065,-1.4419264905235707,-1.7770031512571616,-5.765074512800917,-3.8219620861361103,21.73801768264302,38.62077785060025,19.146456360056828,20.138301988309,268.4071428571421,1.7413995890376632,16793.85,15183.4,18604.45,15183.4,-17.152616712668213,1.5141536151323132
2022-06-23,15451.55,15628.45,15367.5,15556.65,0,16058.357499999998,16392.805,16773.4675,17207.39175,-3.1242765643995574,-5.100743893433739,-7.254418324654692,-9.593213044620777,0.9300409386698627,1.2763173313542486,-5.591967520527241,-3.7940278847135023,27.149623107197613,42.60447372984221,19.168822490022066,20.30331211729391,270.9071428571424,1.7414233967926411,16793.85,15183.4,18604.45,15183.4,-16.3821021314793,2.4582768022972457
2022-06-24,15657.4,15749.25,15619.45,15699.25,0,16025.697499999998,16356.184000000001,16759.4405,17199.27,-2.0370252215231095,-4.016425836246407,-6.325930152620551,-8.721416664777054,0.916649792853863,2.6530879131657192,-3.1018158476218693,-3.9945084681500376,31.689459288870182,42.57278950190846,18.991049774627143,20.425455950540584,272.7785714285709,1.7375261329590324,16793.85,15183.4,18604.45,15183.4,-15.615618843878753,3.3974603843671405
2022-06-27,15926.2,15927.45,15815.5,15832.05,0,15984.23,16323.312,16744.3625,17191.54125,-0.9520633774664172,-3.009573057232507,-5.448475569016139,-7.907907907907903,0.845900281860601,3.139383002771967,0.3654655644588667,-4.977672944650524,37.600271635329555,41.6618598987374,17.79433212571596,20.561352145435407,273.1892857142853,1.7255458750716761,16793.85,15183.4,18604.45,15183.4,-14.901811125832806,4.272099793195197
2022-06-28,15757.45,15892.1,15710.15,15850.2,0,15947.5125,16296.843,16727.096,17183.98175,-0.6102048830499427,-2.7406719203222365,-5.242368430240376,-7.761773548205719,0.11464087089165798,1.3517661201626785,0.750694440030264,-4.427916343826022,39.06617980684053,35.6668315782034,17.820611196392125,20.266070676763764,270.4035714285711,1.7059946967771455,16793.85,15183.4,18604.45,15183.4,-14.80425382099444,4.391638236495127
2022-06-29,15701.7,15861.6,15687.8,15799.1,0,15911.330000000002,16273.652,16707.287,17176.209749999998,-0.7053464418122266,-2.9160756294899244,-5.435873580192881,-8.01754153008057,-0.322393408285071,2.50303309479476,0.6815509665660802,-4.379718872463723,34.866720156904734,35.994365293058266,17.815801808424496,20.113545837195495,265.03571428571416,1.6775367855492667,16793.85,15183.4,18604.45,15183.4,-15.078919290814833,4.055086476019869
2022-06-30,15774.5,15890.0,15728.85,15780.25,0,15868.942500000001,16246.526000000002,16689.4875,17168.26475,-0.5589061779006447,-2.870004332003049,-5.447965373412451,-8.084770186223967,-0.1193105936414085,1.437327445176173,2.731989635821508,-5.0983281212412805,39.38669150784262,36.55427184817645,17.53464408812986,19.93041992695685,254.72499999999997,1.614201295923702,16793.85,15183.4,18604.45,15183.4,-15.180239136335667,3.9309377346312444
2022-07-01,15703.7,15793.95,15511.05,15752.05,0,15827.329999999998,16213.714999999998,16671.845,17160.2485,-0.4756329715751099,-2.8473733502778305,-5.517055850747184,-8.206166128654852,-0.17870439314966458,0.3363217988120448,2.998332624971378,-5.018300440778322,49.29573026626752,33.682308451779946,17.536718915100447,19.568189399899133,237.9464285714287,1.510574360616102,16610.95,15183.4,18604.45,15183.4,-15.331815775258075,3.745208583057811
2022-07-04,15710.5,15852.35,15661.8,15835.35,0,15790.619999999999,16186.983,16658.0625,17152.52525,0.28326943463905396,-2.172319573079182,-4.938824668234974,-7.679191435675039,0.528820058341628,0.02084379470757014,3.160881164027707,-4.431019550923221,53.17155582859775,36.250986727369536,17.748383346020898,19.4747221843338,237.37500000000026,1.4990195985563959,16514.3,15183.4,18604.45,15183.4,-14.884073434044007,4.293834055613372
2022-07-05,15909.15,16025.75,15785.45,15810.85,0,15760.345000000001,16164.121000000001,16643.5035,17143.982249999997,0.32045618290715844,-2.1855255847193957,-5.002873944178872,-7.7760944368686395,-0.15471713602793757,-0.24826185158547398,1.1001483489781805,-3.6883960198216936,53.6810767226943,36.121679959025414,17.552549328764858,19.306572444351445,247.05714285714308,1.5625797655226827,16514.3,15183.4,18604.45,15183.4,-15.015762357930495,4.1324736225087975
2022-07-06,15818.2,16011.35,15800.9,15989.8,0,15742.022500000001,16139.900999999998,16628.763499999997,17135.78375,1.5739877134592986,-0.9299995086710802,-3.8425196196939,-6.687664636290706,1.1318177074603808,1.2070307802343194,3.740276254922703,-2.2404279709591135,71.55237377543324,42.270264393019595,18.139566311125,19.182737079081644,224.37142857142888,1.4032159787578886,16492.8,15183.4,18604.45,15183.4,-14.053895707747346,5.311063398184857
2022-07-07,16113.75,16150.5,16045.95,16132.9,0,15724.7625,16121.791,16614.034,17128.5225,2.595508199249425,0.06890673623048692,-2.8959492920262475,-5.812658388953277,0.8949455277739604,2.2347554696535266,3.704203668527617,-2.094901718037878,77.3295565540144,46.07075629365092,18.240518692327758,19.229891052288153,220.35000000000036,1.3658424709754624,16324.7,15183.4,18604.45,15183.4,-13.28472489108789,6.2535400503181116
2022-07-08,16273.65,16275.5,16157.9,16220.6,0,15725.7025,16101.302,16602.4925,17122.641,3.1470613157027545,0.7409214484642341,-2.300211850720607,-5.268118393652003,0.5436096424077608,2.974533473420937,3.3208592767170364,0.11603648977274172,77.7788415509813,45.41488603988607,17.37631812098106,19.052438262423223,216.86428571428613,1.3369683347982573,16275.5,15183.4,18604.45,15183.4,-12.813332294155433,6.831144539431226
2022-07-11,16136.15,16248.55,16115.5,16216.0,0,15747.782500000001,16083.570999999998,16596.2245,17115.911,2.973228135453349,0.8233805788528052,-2.2910301074801698,-5.257745264041161,-0.028359000283595392,2.403799095062631,2.425143932718754,2.7994725631402817,72.49941529586025,50.27993533887948,14.29460658927324,18.983391723161176,200.86071428571464,1.2386575868630652,16275.5,15183.4,18604.45,15183.4,-12.838057561497388,6.800848294848323
2022-07-12,16126.2,16158.75,16031.15,16058.3,0,15764.092499999999,16063.355,16583.283,17108.469250000002,1.866314220117653,-0.031469142031663316,-3.1657362417321115,-6.138300479454072,-0.9724962999506759,1.5650644968486782,1.3129171871648193,2.073467623521319,76.54539468268982,56.262684196593995,14.773281476007044,19.083500490371,196.0035714285719,1.2205748518122834,16275.5,15183.4,18604.45,15183.4,-13.68570422667696,5.762213996864995
2022-07-13,16128.2,16140.0,15950.15,15966.65,0,15777.817500000001,16049.136,16569.7275,17099.187749999997,1.1968226910977935,-0.5139591315071464,-3.6396343874695662,-6.623342386541125,-0.5707328920246835,-0.14477979712066436,1.0605034463988305,1.7492822844543232,67.6237964236588,55.06379671409138,14.91796510113197,18.45349653687265,190.92500000000044,1.1957736907867362,16275.5,15183.4,18604.45,15183.4,-14.178328303174784,5.158594254251354
2022-07-14,16018.85,16070.85,15858.2,15938.65,0,15806.719999999998,16034.256000000001,16556.068,17089.615,0.8346450117418549,-0.5962609054015452,-3.7292550380923757,-6.734879633040311,-0.17536552752143164,-1.2040612661083916,1.0037863785427925,3.763199354191893,61.41522029372491,55.3493923611111,12.513274063061214,18.452924505500327,192.35714285714326,1.2068596955020863,16275.5,15183.4,18604.45,15183.4,-14.328829930473628,4.974182330703268
2022-07-15,16010.8,16066.95,15927.3,16049.2,0,15844.505,16027.015,16543.797,17080.5855,1.2918989895866202,0.13842253220578699,-2.9896220317500144,-6.0383497977865,0.6935970110392153,-1.0566810105668067,1.8864211324875368,4.941314937718633,60.57874993910461,66.52904464714351,12.407748997319201,18.188960375085493,186.0321428571433,1.1591365479721312,16275.5,15191.1,18604.45,15183.4,-13.734617255549075,5.702280121711876
2022-07-18,16151.4,16287.95,16142.2,16278.5,0,15890.9225,16026.548,16534.5155,17073.235,2.438986786324075,1.5720915071667292,-1.5483701351878216,-4.6548589063525485,1.4287316501756964,0.38542180562406436,2.798485666562467,6.047823636902572,67.30505050505042,71.93568501692495,13.099766790789177,18.42340834600744,190.0892857142861,1.1677321971575152,16287.95,15367.5,18604.45,15183.4,-12.502116429133894,7.2124820527681575
2022-07-19,16187.05,16359.5,16187.05,16340.55,0,15926.009999999998,16028.558,16526.999,17066.38125,2.6029118404421503,1.9464757840349602,-1.1281479474888365,-4.252988605888547,0.38117762693121726,1.757658033540288,3.3502310122479173,4.487236872394296,71.68488926268564,72.0030214165111,11.703126386014356,18.4212225370393,189.9928571428575,1.1627078473053691,16359.5,15367.5,18604.45,15183.4,-12.16859407292342,7.6211520476309635
2022-07-20,16562.8,16588.0,16490.95,16520.85,0,15981.3875,16035.633,16521.575,17060.89475,3.375567359217076,3.025867454063078,-0.004388201488067468,-3.165395238136622,1.1033900327712232,3.4709848340133798,3.321179752091963,7.185677304665439,76.26427406199014,70.58699964990075,10.306755439400641,18.54762977430631,196.1571428571433,1.1873308144383814,16588.0,15367.5,18604.45,15183.4,-11.199471094281218,8.808633112478095
2022-07-21,16523.55,16626.95,16483.9,16605.25,0,16033.817500000001,16051.578000000001,16525.147999999997,17056.26075,3.563920445021898,3.449330651478619,0.4847278826186767,-2.6442533718886847,0.5108695981139055,4.182286454624462,2.9278678972782357,6.7405257558664555,79.09760589318599,79.78162556529989,10.098945495602711,17.827261440903804,186.16785714285743,1.121138538371042,16626.95,15511.05,18604.45,15183.4,-10.745816189137548,9.364503339173048
2022-07-22,16661.25,16752.25,16610.9,16719.45,0,16084.8275,16070.323999999999,16525.7585,17051.40175,3.945472837678871,4.039283837712308,1.1720581539419253,-1.9467710330618428,0.6877343008988124,4.176220621588622,3.0754102807541095,6.498399605076677,79.52905811623245,79.4827586206896,9.953802531493114,17.863804196842974,183.05714285714308,1.0948753867928853,16752.25,15511.05,18604.45,15183.4,-10.131984552082969,10.116640541644172
2022-07-25,16662.55,16706.05,16564.25,16631.0,0,16124.775,16086.097999999998,16524.129500000003,17045.44525,3.1394236508726503,3.3874094264501062,0.6467541905913848,-2.4314134592641437,-0.5290245791578108,2.165432933009792,2.559200789343863,5.04640902473148,76.2708606938082,74.29152436321915,10.179062932296288,17.912607049127317,176.97857142857174,1.064148706803991,16752.25,15511.05,18604.45,15183.4,-10.607408442603788,9.534096447436017
2022-07-26,16632.9,16636.1,16463.3,16483.85,0,16156.4575,16090.589,16522.908499999998,17039.6345,2.026387900936812,2.4440435337699484,-0.23638997940343973,-3.2617160890393606,-0.8847934580001326,0.8769594658686541,2.6500314479116716,3.9977413534213913,66.15439950299178,66.8667839768139,10.942828987987221,17.079984408315298,174.2892857142859,1.057333606616694,16752.25,15511.05,18604.45,15183.4,-11.398348244640406,8.564945927789552
2022-07-27,16475.35,16653.45,16438.75,16641.8,0,16198.592499999999,16098.618999999999,16524.346,17033.89175,2.7360864840571826,3.374084447864755,0.7107936374607376,-2.3018330499840096,0.9582106122052902,0.7321051882923646,4.2285012823604085,5.333848130589702,66.47992227979267,69.1023166023165,11.0777381747488,17.20152815293023,178.14642857142877,1.07047572120461,16752.25,15511.05,18604.45,15183.4,-10.549357814931382,9.60522676080456
2022-07-28,16774.85,16947.65,16746.25,16929.6,0,16256.059999999998,16121.023000000001,16531.1885,17029.06375,4.143316400160931,5.015668050346417,2.4100596275942188,-0.5840823163281811,1.7293802353110843,1.9532979027717001,6.217276871002242,7.283471427892452,70.32566939969028,74.48347554901017,12.126691608716614,16.45085993222941,189.8071428571432,1.1211555078510018,16947.65,15511.05,18604.45,15183.4,-9.00241608862397,11.500717889273805
2022-07-29,17079.5,17172.8,17018.15,17158.25,0,16326.369999999999,16138.865,16544.1395,17025.12525,5.09531512516255,6.316336371857625,3.711951896923976,0.7819311050296034,1.3505930441357172,2.6244882457257868,6.910313286643577,8.927092029291428,73.9374539542209,77.35755409966242,12.445006762809124,15.462625466300384,197.67500000000044,1.1520697040782157,17172.8,15661.8,18604.45,15183.4,-7.773409049985356,13.006638829247732
2022-08-01,17243.2,17356.25,17154.8,17340.05,0,16401.605000000003,16161.372,16557.405499999997,17021.86575,5.721665654062489,7.293180306721483,4.726854699548201,1.8692677681352199,1.0595486136406596,4.263423726775284,6.5211782412384345,9.502158146172945,82.16840255991963,79.71445679428159,12.641171127994767,15.57495555652649,198.86071428571475,1.146828955428126,17356.25,15785.45,18604.45,15183.4,-6.796223484166431,14.20399910428494
2022-08-02,17310.15,17390.15,17215.85,17345.45,0,16478.335,16185.777999999998,16567.4065,17017.78425,5.262151789000537,7.164759086650036,4.696229913837146,1.9254313322252872,0.031141778714594004,5.226934241697201,6.149731802173131,9.705993036427518,86.16998950682049,79.10531184951039,12.538505952175576,15.496656761534672,197.75000000000065,1.140068432931983,17390.15,15800.9,18604.45,15183.4,-6.767198170330216,14.239564260969223
2022-08-03,17349.25,17407.5,17225.85,17388.15,0,16548.2525,16213.025,16575.339,17013.03225,5.075445277379003,7.248030518672499,4.903736810450764,2.204884728881891,0.24617406870390823,4.484791308632485,5.249729886779453,8.745262604910643,87.73363877752895,80.18871535752558,12.307856226422503,15.397819394010314,195.53571428571507,1.124534319555071,17407.5,15858.2,18604.45,15183.4,-6.537683188699474,14.52079244438006
2022-08-04,17463.1,17490.7,17161.25,17382.0,0,16610.7075,16237.261999999999,16582.8545,17007.557,4.643345263890774,7.050067924013305,4.81910698788317,2.2016271943113246,-0.035368915036970705,2.672242699177785,4.677737462549492,7.742563333312669,86.68997412321738,78.53336612559427,12.277613489225866,15.31187617177775,209.09285714285787,1.2029274947811408,17490.7,15858.2,18604.45,15183.4,-6.570739796124049,14.480287682600737
2022-08-05,17423.65,17474.4,17348.75,17397.5,0,16669.552499999998,16258.163,16588.1165,17002.45075,4.366928866266819,7.007784335782582,4.879297176385275,2.323484160070277,0.08917270739845495,1.3943729692713402,4.055456369677235,7.255588572555882,84.91419656786256,77.34861591695491,12.301472738137116,15.147289751135052,201.01428571428656,1.1554205242953675,17490.7,15858.2,18604.45,15183.4,-6.487426395297903,14.582372854564857
2022-08-08,17401.5,17548.8,17359.75,17525.1,0,16735.0075,16275.437,16596.7375,16998.74325,4.721195971976702,7.678214723205273,5.593644534053752,3.0964450857271406,0.7334387124586783,1.0671826205806756,5.376104864409825,8.07289097187962,85.50702916579223,77.7328968068369,12.28488328035104,14.671025781230874,202.20000000000073,1.1537737302497604,17548.8,15858.2,18604.45,15183.4,-5.8015689794646015,15.42276433473398
2022-08-10,17566.1,17566.1,17442.8,17534.75,0,16808.829999999998,16294.440999999999,16602.3315,16995.5265,4.318682501994499,7.611853637691536,5.616190111611733,3.1727378378069075,0.055063879806693805,1.0913524872516955,6.3753310058026536,9.194310730276566,83.85534927207144,77.97577377543001,11.27103104811595,14.614160445666059,193.33214285714348,1.1025657215366258,17566.1,15858.2,18604.45,15183.4,-5.749699668627671,15.486320586956811
2022-08-11,17711.65,17719.3,17631.95,17659.0,0,16893.4475,16317.166,16606.051,16993.247,4.531653470968561,8.223450077053826,6.340754945290729,3.9177503863740735,0.7085929368824795,1.5576700224003037,6.112319580814574,10.599280375031706,84.27386566921435,84.44587906176018,10.641964898826783,14.629947072246818,196.2964285714292,1.111594249795737,17719.3,15858.2,18604.45,15183.4,-5.081848697489046,16.30464849770144
2022-08-12,17659.65,17724.65,17597.85,17698.15,0,16981.4225,16338.569,16611.856499999998,16991.11075,4.220656426162183,8.321297905587704,6.539266095875579,4.161230306853256,0.22169998301151406,1.8188355770337283,4.53968197712884,11.039203445712165,83.46669402270535,88.12197269925132,10.394691531877791,14.586637020411853,194.85357142857225,1.100982709653677,17724.65,15927.3,18604.45,15183.4,-4.871415172176545,16.562495883662436
2022-08-16,17797.2,17839.1,17764.05,17825.25,0,17070.225,16363.388,16616.953999999998,16988.895,4.423052420222941,8.933736705381545,7.271465035047953,4.922951139553217,0.7181541573554107,2.4586865929012713,3.8873428234231344,11.066283677691091,89.78578805343624,89.80000843846238,10.4002766985101,14.617348327014115,193.83571428571486,1.0874221359347827,17839.1,16142.2,18604.45,15183.4,-4.188245285402152,17.399594293768196
2022-08-17,17868.15,17965.95,17833.35,17944.25,0,17153.5125,16390.881999999998,16623.94,16987.5615,4.6097701564038225,9.477025092365391,7.942220676927379,5.631699994139831,0.6675923198833145,2.3917124581314786,3.4844190183995982,10.2328224344995,99.58239967406794,89.83624477097379,9.863229895915554,14.652751430635075,191.54285714285783,1.0674330615258807,17965.95,16187.05,18604.45,15183.4,-3.54861336938206,18.18334496884756
2022-08-18,17898.65,17968.45,17852.05,17956.5,0,17234.31,16421.685,16631.2775,16988.05775,4.190420156072385,9.346269886433692,7.968254392965301,5.7007237922769605,0.06826699360520383,2.4052239125165853,3.5228258707614923,9.889202015844024,99.53654860587781,88.8156372889196,9.971028757080475,14.441512934504269,184.5214285714293,1.0276024201343765,17968.45,16438.75,18604.45,15183.4,-3.4827689074388157,18.26402518539985
2022-08-19,17966.55,17992.2,17710.75,17758.45,0,17296.19,16449.729,16637.332,16988.49175,2.6726117139092604,7.955881826381464,6.738568419503814,4.53223429913959,-1.1029432239022086,0.5631689223625447,2.129611258241959,7.491139983717554,83.49565568801778,80.85745375408045,11.133292779429922,14.678545928856392,182.77857142857206,1.0292484503353168,17992.2,16438.75,18604.45,15183.4,-4.54729916767225,16.959640133303484
2022-08-22,17682.9,17690.05,17467.35,17490.7,0,17340.4625,16469.981,16640.019,16986.297,0.8663984596719913,6.197450986737635,5.11225978768414,2.9694700381136756,-1.5077329384039717,-1.1721564118283623,0.6253595673685552,5.332349708676487,63.0234653504133,70.332711377597,12.939753645708512,15.089293143848447,186.20000000000073,1.0645657406507498,17992.2,16438.75,18604.45,15183.4,-5.986470978717457,15.196201114374915
2022-08-23,17357.35,17625.55,17345.2,17577.5,0,17383.365,16497.495,16642.540999999997,16984.739749999997,1.1167860768038778,6.54647872298189,5.617886114866731,3.4899578016790223,0.49626372872439983,-1.3898823298410967,1.0346314125592837,5.132046807759827,60.04994286197995,70.36253586612767,12.874127859817532,14.534144587116518,191.83571428571486,1.0913708677895881,17992.2,16438.75,18604.45,15183.4,-5.519915934091041,15.767878077373975
2022-08-24,17525.45,17623.65,17499.25,17604.95,0,17432.0625,16534.106,16643.608,16983.6185,0.9917787984066758,6.4765763567742995,5.776043271386833,3.6584164911617636,0.15616555255297815,-1.8908564024687546,0.4556322075195185,5.856232337201606,60.78195113844107,69.24497957054677,12.547220323092004,13.037187638720685,188.27142857142903,1.0694232506847734,17992.2,16438.75,18604.45,15183.4,-5.372370588756991,15.948667623852373
2022-08-25,17679.0,17726.5,17487.45,17522.45,0,17483.9925,16569.913,16644.185,16981.64675,0.21995834189473848,5.748593852001518,5.276707751085436,3.1846337281748065,-0.46861820113093255,-2.4172305293347796,-0.070146423530415,6.30071251558344,55.40138352638349,69.42453097422262,12.11068437652151,13.083721940596348,192.37142857142888,1.0978569125403632,17992.2,16438.75,18604.45,15183.4,-5.815812883476802,15.405311063398191
2022-08-26,17619.3,17685.85,17519.35,17558.9,0,17529.8475,16607.248,16643.069499999998,16979.0985,0.16573161860079844,5.730341354570016,5.502773992501826,3.4147955499522036,0.2080188558106988,-1.1236904121699753,-0.5668497649923498,5.510822146642802,56.94542599136244,74.61251402275695,11.86741110288775,13.038847897461276,180.73214285714312,1.0292908032800636,17992.2,16746.25,18604.45,15183.4,-5.619892015082409,15.645375871017045
2022-08-29,17188.65,17380.15,17166.2,17312.9,0,17549.0125,16646.293999999998,16635.664500000003,16975.44175,-1.3454460756694957,4.004530978486884,4.070985562374132,1.9879202849021567,-1.400998923622776,-1.0165402185161265,-2.1767811889943256,2.2640818448161903,47.18750000000005,64.76892605633805,11.967676049386206,12.466900837106678,199.80714285714308,1.154094015775191,17992.2,17018.15,18604.45,15183.4,-6.94215631206512,14.025185399844581
2022-08-30,17414.95,17777.65,17401.5,17759.3,0,17579.065000000002,16695.61,16633.6835,16974.15225,1.025282061361039,6.371075989436736,6.767091005428834,4.62554911983896,2.5784241808131325,1.0342767742853143,-0.36998078568323267,3.5029796162195925,56.42418257625633,67.06780218875997,14.229304653467539,13.422899318512064,219.50000000000026,1.235972138541498,17992.2,17154.8,18604.45,15183.4,-4.542730368272115,16.965238352411184
2022-09-01,17485.7,17695.6,17468.45,17542.8,0,17589.2025,16739.463,16631.035,16972.49825,-0.26381241559985535,4.79906075840067,5.482310631899935,3.360152062469641,-1.2190795808393329,-0.3530257115186397,-2.2372069047187804,1.1692584508118387,50.19831005345747,57.95034009386175,14.64566495027349,13.849332227469539,231.46785714285735,1.319446480281696,17992.2,17161.25,18604.45,15183.4,-5.706430450779257,15.53933901497688
2022-09-02,17598.4,17643.85,17476.45,17539.45,0,17598.902500000004,16777.476000000002,16630.034,16969.68175,-0.3378193611789317,4.541648576937307,5.468515578500929,3.3575659131026483,-0.019096153407660577,0.09701839640003929,-2.322557291231586,1.1184489304111533,46.868369351669955,54.45089285714289,14.64816211226676,13.362125961914648,230.24285714285725,1.312714236437615,17992.2,17161.25,18604.45,15183.4,-5.724436895473932,15.517275445552386
2022-09-05,17546.45,17683.15,17540.35,17665.8,0,17612.785,16822.525999999998,16628.8485,16967.4635,0.30100293621933966,5.012766810406483,6.235858724673564,4.1157389258565225,0.7203760665243086,0.608808068842559,-0.5217234612255095,1.5967771154492993,49.189608958140184,56.78434528473705,14.823903653591328,12.839653512269633,231.44999999999996,1.310158611554529,17992.2,17161.25,18604.45,15183.4,-5.045298302287901,16.349434250563114
2022-09-06,17695.7,17764.65,17587.65,17655.6,0,17626.465,16864.505,16628.655,16965.745499999997,0.16529122543855732,4.6908877550808485,6.175755044530058,4.066160841561612,-0.05773868152022521,1.9794488502792529,0.9427867380950916,1.574042112530205,45.48575077831878,55.74309089737803,14.826492592847353,12.772351309422847,234.02500000000015,1.3255001246063582,17992.2,17166.2,18604.45,15183.4,-5.100123895089627,16.282255621270593
2022-09-07,17519.4,17650.75,17484.3,17624.4,0,17637.81,16903.007999999998,16629.595999999998,16964.37425,-0.0760298472429392,4.267832092370799,5.982129692146483,3.890657800124874,-0.17671447019640407,-0.7596020113405211,0.2668183757644771,1.3042103750539047,41.07187718073971,55.14977692797965,14.854858938377932,12.71751612394159,236.21071428571435,1.3402482597178589,17992.2,17166.2,18604.45,15183.4,-5.267825708365467,16.07676804931703
2022-09-08,17748.15,17807.65,17691.95,17798.75,0,17651.4925,16942.342,16632.827,16964.544,0.8342495684146806,5.054838345253563,7.009770497823363,4.917349974157856,0.9892535348720921,1.4590031237886825,1.1008267561112062,1.5614746848805483,45.96206517009239,57.98555137620159,15.033311397791241,12.75695612877589,240.98571428571424,1.353947408024239,17992.2,17166.2,18604.45,15183.4,-4.330684325524273,17.225061580410188
2022-09-09,17923.35,17925.95,17786.0,17833.35,0,17666.4225,16982.005,16639.424000000003,16966.627999999997,0.9448857005429252,5.013218403833926,7.175284432922652,5.108392781405955,0.19439567385348688,1.6756511749228098,1.7742952612220142,1.7029042330229949,52.09229565897532,56.3705127410255,15.038166051897395,12.754258482513789,230.87857142857138,1.2946449849779844,17992.2,17166.2,18604.45,15183.4,-4.144707314647851,17.4529420287946
2022-09-12,17890.85,17980.55,17889.15,17936.35,0,17680.29,17024.75,16649.200999999997,16968.793,1.448279411706469,5.354557335643687,7.730995619549559,5.701978920952109,0.5775695536733183,1.531490224048726,2.149622128948825,1.5705872359703221,63.71104205765623,57.99140366935966,14.973587183626321,12.71041135916327,220.59999999999985,1.2299046350009888,17992.2,17166.2,18604.45,15183.4,-3.5910763285128136,18.131314461846486
2022-09-13,18044.45,18088.3,18015.45,18070.05,0,17698.885000000002,17070.546,16658.536,16972.068,2.0971095071808037,5.855137849720806,8.47321757446152,6.4693471650007535,0.7454136432440306,2.34741385169579,4.373328558473721,2.1013495760856316,64.72892557040764,58.14880161766748,15.15264553273075,12.726913841931593,211.42857142857142,1.170049731066441,18088.3,17166.2,18604.45,15183.4,-2.872431058160824,19.011881396788596
2022-09-14,17771.15,18091.55,17771.15,18003.75,0,17707.81,17115.58,16664.6475,16974.4055,1.6712399782920568,5.189248626105561,8.035588511548179,6.064097502560541,-0.36690545958644183,2.152413699189748,1.3764619100978148,1.0013884798249606,61.654684668887754,55.993802220217304,15.062719597058875,12.768326462399262,225.42857142857116,1.2521200940280284,18091.55,17166.2,18604.45,15183.4,-3.228797411372014,18.57522030638724
2022-09-15,18046.35,18096.15,17861.5,17877.4,0,17704.4675,17156.421,16671.702,16978.66025,0.9767732353430151,4.2023858006282495,7.23200306723333,5.293349043838724,-0.7017982364785014,0.44188496383172904,1.9073352030462676,-0.3725427365311895,60.11397634990748,51.02313079986662,15.10722436931189,12.938164518700493,225.11428571428561,1.2592115504172061,18096.15,17166.2,18604.45,15183.4,-3.907936004558045,17.743061501376516
2022-09-16,17796.8,17820.05,17497.25,17530.85,0,17683.185,17190.821,16677.470999999998,16981.04475,-0.8614681122207495,1.9779683588119417,5.1169568815319835,3.2377586779517653,-1.9384809871681674,-1.6962600969531838,-0.049032324274722594,-2.3704508116837997,49.3207739060948,42.55430279889048,16.570147566260484,13.812560389585915,240.375,1.3711542794559308,18096.15,17166.2,18604.45,15183.4,-5.770662395287161,15.460634640462603
2022-09-19,17540.65,17667.2,17429.7,17622.25,0,17676.375,17223.47,16681.6855,16984.24,-0.3061996591495711,2.315329024871288,5.638306153176191,3.75648248022872,0.5213666194166411,-1.7511924109420152,-0.2465215274711552,-0.7669588280508788,58.097107708415116,44.146747220033255,16.285991045284845,13.670398260144404,229.28928571428565,1.301135131520014,18096.15,17166.2,18604.45,15183.4,-5.2793820833187795,16.06260784804458
2022-09-20,17770.4,17919.3,17744.4,17816.25,0,17692.6525,17257.137,16689.464,16987.48675,0.6985809504821272,3.23989431155354,6.751481054154886,4.878669000286343,1.1008809885230342,-1.4045340217652913,0.9099096037517906,1.861274848919714,51.71758603009925,51.01360830527496,15.778534783044993,13.732053211796105,217.31071428571417,1.2197331890028158,18096.15,17166.2,18604.45,15183.4,-4.2366208084624954,17.34031903262774
2022-09-21,17766.35,17838.7,17663.6,17718.35,0,17699.695,17287.092,16694.197,16989.07025,0.10539729639408384,2.4946821593822603,6.1347844403657055,4.292640734709999,-0.549498351224309,-1.5852253002846761,0.5330677923787386,0.8013084909685553,55.702452493097276,54.24506312118892,15.863930244001873,13.811397680116452,209.0428571428573,1.1798099548934144,18096.15,17166.2,18604.45,15183.4,-4.762838998196679,16.695535914222106
2022-09-22,17609.65,17722.75,17532.45,17629.8,0,17700.9375,17315.368000000002,16699.469500000003,16991.23575,-0.40188549335311047,1.8159128931016482,5.571018288934246,3.7581978108920033,-0.49976436857833706,-1.3849888686274459,-0.9492239623569154,0.14115348240124614,52.78094124165098,50.97461891096119,15.973258834046266,13.888391002235009,210.6785714285717,1.195013961749831,18096.15,17166.2,18604.45,15183.4,-5.238800394529274,16.11233320600129
2022-09-23,17593.85,17642.15,17291.65,17327.35,0,17691.182500000003,17340.749,16702.052,16993.31125,-2.0565753589394267,-0.07726886537600683,3.743839379736088,1.9657072426069975,-1.7155611521401326,-1.1608107992481798,-2.837380525812594,-1.1134287728029046,40.60148288023102,45.30779892498559,17.047835044763037,14.297217969469859,225.45000000000022,1.3011222143028234,18096.15,17166.2,18604.45,15183.4,-6.864486722262695,14.120355124675626
2022-09-26,17156.3,17196.4,16978.3,17016.3,0,17664.052499999998,17361.742,16705.439,16992.50925,-3.6670662069193845,-1.9896736168524973,1.8608370603131161,0.14000727997249798,-1.795138898908366,-3.4385506958532597,-5.129527467963102,-3.0901707965761083,34.788712287046735,42.0582743633596,18.095617227066775,14.870147390924245,237.73928571428587,1.397126788516222,18096.15,16978.3,18604.45,15183.4,-8.536398549809327,12.071736238260202
2022-09-27,17110.9,17176.45,16942.35,17007.4,0,17648.777500000004,17383.117,16708.6865,16990.1975,-3.6341185671358947,-2.1613902731023265,1.7877736828684987,0.10124955875294007,-0.05230279202880217,-4.539956500385878,-5.880725288529909,-1.7645801685448381,35.16184887691789,41.271248140293096,17.482513811036977,14.859640145259108,242.22500000000036,1.4242329809377114,18096.15,16942.35,18604.45,15183.4,-8.584236567057877,12.013119591132433
2022-09-28,16870.55,17037.6,16820.4,16858.6,0,17603.7425,17399.305,16713.16,16986.90625,-4.2328641196609285,-3.1076241263659767,0.8702124553345908,-0.7553244134728856,-0.8749132730458631,-4.852314126315371,-6.360619315420402,-5.071708907445682,27.109152443329847,42.58140370358268,14.563034989277856,14.972750418353066,244.65000000000015,1.45118811763729,18096.15,16820.4,18604.45,15183.4,-9.384045214988898,11.033101940276874
2022-09-29,16993.6,17026.05,16788.6,16818.1,0,17567.5075,17410.096999999998,16718.3225,16983.44025,-4.26587266292615,-3.4003084531924173,0.5968152606219922,-0.9735380321428169,-0.24023347134399797,-4.604136178515928,-5.925358273574477,-4.1310395147866945,25.351428779528575,32.28162650602407,14.111877051463495,14.678572629490528,251.61428571428587,1.4960922203714206,18096.15,16788.6,18604.45,15183.4,-9.601735068760442,10.766363265144822
2022-09-30,16798.05,17187.1,16747.7,17094.35,0,17545.2525,17425.173,16726.8655,16982.070750000003,-2.5699402160214007,-1.898534952852407,2.196971692036375,0.6611634803134708,1.6425755584756896,-1.3446949475828696,-2.4898963826625597,-2.5377078528688313,31.14390648094239,41.743533093988745,15.563276822117272,15.083914040105373,272.4857142857142,1.5940103852191763,18096.15,16747.7,18604.45,15183.4,-8.116875263713801,12.585784475150486
2022-10-03,17102.1,17114.65,16855.55,16887.35,0,17506.329999999998,17432.503,16734.068,16979.882999999998,-3.5357496402729733,-3.1272216043789123,0.9159876725730961,-0.5449566407495238,-1.2109264172080247,-0.7578028125973413,-4.170296074564838,-4.406536924452897,24.356027753686064,38.83160923477422,15.68318037436049,15.182450651658716,280.1392857142858,1.658870608557801,18096.15,16747.7,18604.45,15183.4,-9.22951229410169,11.222453468919998
2022-10-04,17147.45,17287.3,17117.3,17274.3,0,17487.265,17445.884,16748.731,16980.1475,-1.2178290887683132,-0.9835213853307687,3.1379631089662823,1.732331830450826,2.2913601009039386,1.5693168855909656,-3.0418859187539504,-2.1596547271120703,36.11444235052254,43.844339622641506,18.045215829806676,15.967288777300439,285.82142857142884,1.6546049829598237,18096.15,16747.7,18604.45,15183.4,-7.149633555412825,13.770960390953277
2022-10-06,17379.25,17428.8,17315.65,17331.8,0,17472.635,17458.131,16764.2275,16980.5645,-0.8060318320619594,-0.7236227062335707,3.3856167843105114,2.0684559691758118,0.33286442865991805,2.806876015802029,-2.1816365519362613,-1.6601983613626636,39.33458440847601,44.98342267530134,18.108143391748754,15.918079910194802,280.0964285714287,1.616083895333599,18096.15,16747.7,18604.45,15183.4,-6.840567713638411,14.149663448239522
2022-10-07,17287.2,17337.35,17216.95,17314.65,0,17448.43,17471.804,16778.951,16982.21175,-0.766716546990181,-0.8994720865687289,3.1926846916711336,1.9575674528967226,-0.09895106105538565,2.952473822845647,-1.7875982711091365,-2.7198539223259988,45.14898581942207,45.180113592157475,17.664452935055422,15.863075562365852,261.54285714285703,1.5105292751678898,18096.15,16747.7,18604.45,15183.4,-6.932749960358942,14.036711145066336
2022-10-10,17094.35,17280.15,17064.7,17241.0,0,17418.8125,17486.947,16788.768,16985.34575,-1.0208072450403838,-1.406460487356656,2.693658045664816,1.50514598738739,-0.425362337673596,0.8578857926742067,-0.4983451018187979,-3.321585680761041,41.376970574265485,41.040304573420514,17.649596336714126,15.751693693726763,262.4321428571428,1.5221399156495725,18096.15,16747.7,18604.45,15183.4,-7.328622990736091,13.551641924733593
2022-10-11,17256.05,17261.8,16950.3,16983.55,0,17371.172499999997,17493.782,16796.2005,16986.40925,-2.231412416173967,-2.9166477551852426,1.11542786119992,-0.016832574547804086,-1.4932428513427354,0.5696571694197239,-0.19246252122964158,-5.312117571300734,31.691658238423997,37.260898243089315,18.02404393734715,16.019687670491724,263.4642857142857,1.5512910181574862,18096.15,16747.7,18604.45,15183.4,-8.712431703167798,11.85604014911021
2022-10-12,17025.55,17142.35,16960.05,17123.6,0,17323.85,17497.662,16809.3425,16987.25,-1.1559208836372978,-2.137782750632637,1.8695407033320888,0.802660819143761,0.8246214719537459,-0.8723942504182514,0.683232004891976,-5.23767228092894,37.16135995682677,37.950154931874465,18.08510959683309,15.655258237993763,263.97857142857123,1.5416067382359506,18096.15,16747.7,18604.45,15183.4,-7.959654813767686,12.778429073856968
2022-10-13,17087.35,17112.35,16956.95,17014.35,0,17274.379999999997,17494.784,16816.8245,16986.95875,-1.5052928093511828,-2.7461556541652707,1.174570740153706,0.16124869909392664,-0.6380083627274602,-1.8316043342295751,0.9238608188105735,-5.495521766298694,36.83219581077899,34.233870967741936,18.1314168765511,15.42583060190648,262.2892857142854,1.5415768790126303,18096.15,16747.7,18604.45,15183.4,-8.546879913139072,12.0588932650131
2022-10-14,17322.3,17348.55,17169.75,17185.7,0,17239.795000000002,17491.697,16826.534499999998,16987.8685,-0.31377983322888214,-1.749384293587977,2.134518548664925,1.1645457462777054,1.0070910731235783,-0.7447450569315617,2.185740363061228,-3.869130857954739,46.78921957522049,38.154674852666524,18.60762188802324,15.40752517439692,261.1249999999997,1.519431853226809,17919.3,16747.7,18604.45,15183.4,-7.625863704651306,13.187428375726128
2022-10-17,17144.8,17328.55,17098.55,17311.8,0,17228.8425,17491.023999999998,16838.401,16988.99625,0.48150361813337395,-1.024662706997591,2.811424909051623,1.9000754679665026,0.7337495708641395,0.4106490342787428,1.2720577266757793,-1.2495115753086705,57.31109901529022,41.80954587581092,17.672549142512636,15.498413284137147,252.62142857142837,1.4592441489124666,17919.3,16747.7,18604.45,15183.4,-6.94806887599473,14.017940645705176
2022-10-18,17438.75,17527.8,17434.05,17486.95,0,17222.0775,17493.0,16853.0125,16990.264750000002,1.5379822788510928,-0.03458526267649501,3.7615678502582255,2.9233520331106,1.0117376587067906,2.9640446196466774,3.550586681746992,-0.7677793698307456,60.962896920650124,49.33107819833002,17.968630525962727,15.655254479911909,251.32857142857105,1.4372350320014127,17919.3,16747.7,18604.45,15183.4,-6.006627446659267,15.171503088899726
2022-10-19,17568.15,17607.6,17472.85,17512.25,0,17206.8775,17495.605,16866.4335,16991.758,1.774711884826293,0.09513817898838273,3.8290045136098323,3.063202759832139,0.14467931800570266,2.269674601135274,1.3774798399935229,-1.7063074440468728,65.83723015046158,48.28942866917551,17.48272646738392,15.657428581079241,245.43928571428555,1.40152913368805,17838.7,16747.7,18604.45,15183.4,-5.870638476278529,15.33813243410567
2022-10-20,17423.1,17584.15,17421.0,17563.95,0,17199.1575,17498.933999999997,16878.548499999997,16993.558,2.120990519448406,0.37154263225407486,4.060784610714622,3.3565189820754417,0.2952219160873071,3.230214495411232,1.3394454124788124,-0.8714129701693274,67.9735884521773,45.894890986007184,17.4390979948961,15.668959655149914,240.13214285714275,1.3671875794291304,17722.75,16747.7,18604.45,15183.4,-5.592747971587443,15.678635878656962
2022-10-21,17622.85,17670.15,17520.75,17576.3,0,17196.482500000002,17499.958,16887.6975,16994.66925,2.208692969623278,0.43624104697851596,4.07753928562494,3.4224305365636947,0.07031447937393409,2.2728198444055048,1.511148074029789,-0.3034634539246017,63.30655180982359,47.62255435237411,17.35610985977904,15.585006591301514,219.4178571428573,1.2483734184262745,17670.15,16747.7,18604.45,15183.4,-5.526366003832424,15.759974709221911
2022-10-24,17736.35,17777.55,17707.4,17730.75,0,17216.6525,17503.878,16899.159499999998,16995.194499999998,2.986047955605771,1.2961242074470547,4.920898580784459,4.328020488379831,0.8787401216410862,2.4200256472463932,2.840612493474848,2.328111338433181,73.98202911737945,51.65310233022747,16.39001511716806,15.706332236035433,215.28571428571428,1.2141940655962904,17777.55,16747.7,18458.3,15183.4,-3.941587253430702,16.777204051793408
2022-10-25,17808.3,17811.5,17637.0,17656.35,0,17248.655,17503.825,16910.4955,16994.45,2.3636335702696805,0.8713809695880632,4.410601096815866,3.894800949721808,-0.4196099995770197,0.9687223901251985,3.9614803736556903,3.761393487420883,63.21195144724552,55.82239054259725,14.919339407127316,15.65869908217468,199.1821428571428,1.128104862313801,17811.5,16747.7,18384.2,15183.4,-3.9591061890101398,16.28719522636563
2022-10-27,17771.4,17783.9,17654.5,17736.95,0,17285.1325,17504.601000000002,16921.585,16993.5085,2.6139082243078033,1.3273595896301682,4.818490702850836,4.374855845689551,0.4564929897742376,1.2831018287198903,3.581898666168337,4.2896033491303776,63.7904625753089,63.886159122878006,14.91952256987901,15.684302019008287,197.38928571428576,1.112870508820771,17811.5,16747.7,18350.95,15183.4,-3.345875826592084,16.81803812057906
2022-10-28,17756.4,17838.9,17723.7,17786.8,0,17331.5425,17503.832,16933.61,16993.713,2.6267569663808037,1.6166060094726729,5.038441301057475,4.6669435926098055,0.28105170280121605,1.2687920427921773,4.539991242686314,5.5057952617655115,65.72104018912518,64.78488504438872,14.353623590360268,15.613221566232777,197.0178571428574,1.107663307300118,17838.9,16747.7,18350.95,15183.4,-3.0742277647751286,17.14635720589591
2022-10-31,17910.2,18022.8,17899.9,18012.2,0,17391.2475,17505.191000000003,16948.036500000002,16994.710499999997,3.570488546034431,2.8963351499563648,6.278978098731371,5.987095220009799,1.267231879821007,2.480044150361582,4.809230930366515,7.100088595025622,73.32164025644123,71.2653001032296,14.634484499159544,15.801894112319115,196.02142857142877,1.0882703310613293,18022.8,16747.7,18350.95,15183.4,-1.8459534792476684,18.630873190458008
2022-11-01,18130.7,18175.8,18060.15,18145.4,0,17443.8,17508.968999999997,16965.327,16995.421000000002,4.022059413659881,3.634885640610845,6.95579283558755,6.766404904003257,0.7394987841573997,2.338592558126429,4.815212745064068,6.148522757519315,87.99005983716438,73.65869309472033,13.907626245499596,15.885725710671608,185.45714285714297,1.0220614748484076,18175.8,16855.55,18350.95,15183.4,-1.1201054986254078,19.50814705533676
2022-11-02,18177.9,18178.75,18048.65,18082.85,0,17503.575,17515.457000000002,16982.593,16995.5565,3.3094667803577145,3.2393845047833825,6.478733842352565,6.397516315514587,-0.3447154650765616,2.4155615401824315,3.407684015794632,7.0792634723624515,83.03998897805926,69.07270201435512,12.965461676292483,15.698744589262597,181.72857142857148,1.0049774865608656,18178.75,16950.3,18350.95,15183.4,-1.4609597868230373,19.096183990410573
2022-11-03,17968.35,18106.3,17959.2,18052.7,0,17542.495000000003,17526.697,16998.339,16994.75825,2.9083947294840216,3.0011530409865625,6.202729572577654,6.2251062029670345,-0.16673256704555772,1.7801820493376752,3.086125426487185,4.5061160220674745,87.82558012458553,74.1318258060508,10.833861741205345,15.302027037438743,180.33214285714297,0.9989206205007725,18178.75,16950.3,18350.95,15183.4,-1.6252564581125228,18.89761186559006
2022-11-04,18053.4,18135.1,18017.15,18117.15,0,17581.7625,17537.49,17017.4925,16994.055,3.0451298611274082,3.3052620414894025,6.461924399261532,6.608752296023527,0.3570103087072951,1.8572761823374861,3.149633197543844,4.531266227397057,86.79729783115383,70.14411701441169,10.837452707256151,15.28515930084908,164.88571428571413,0.9101084568252408,18178.75,16950.3,18350.95,15183.4,-1.2740484825036267,19.322088596757
2022-11-07,18211.75,18255.5,18064.75,18202.8,0,17626.170000000002,17549.447,17041.7765,16993.790250000002,3.2714424063764125,3.7229264261147326,6.812807925277036,7.114420810272136,0.47275647659812403,1.058171683636644,3.5644589589390208,5.129471285876397,86.36141038197832,70.54051504575035,10.801408067596833,15.311368641923748,162.0821428571427,0.8904242361457728,18255.5,16950.3,18350.95,15183.4,-0.8073151526215343,19.886191498610323
2022-11-09,18288.25,18296.4,18117.5,18157.0,0,17671.97,17562.138,17066.0255,16993.034750000003,2.7446289236570616,3.387184407729862,6.392668873019089,6.849660858840986,-0.25160964247258333,0.06392804787989093,2.404015622576594,5.312916884171459,80.57215859834822,69.60001861460773,10.67360987544243,15.279727238367252,159.4321428571428,0.8780753585787454,18296.4,16950.3,18350.95,15183.4,-1.056893512324979,19.584546280806673
2022-11-10,18044.35,18103.1,17969.4,18028.2,0,17724.2025,17571.524,17089.386,16992.6105,1.715154743915848,2.5989549910411838,5.493550207128578,6.094352012599842,-0.7093682877127194,-0.30222005933797647,2.1060411693243575,6.150951950563943,71.50956768249468,67.85843920145189,9.229577572173996,15.377360797868716,163.2071428571427,0.9052880645718525,18296.4,16956.95,18350.95,15183.4,-1.758764532626376,18.736251432485485
2022-11-11,18272.35,18362.3,18259.35,18349.7,0,17785.5075,17592.26,17119.277000000002,16994.667,3.1722035483103364,4.305529818226892,7.187353764998362,7.973283618914094,1.7833172474234882,1.6451832689846846,3.45465257555555,7.160293396248463,76.74165333696354,80.11728136504927,10.49258286920538,15.485562140959269,175.41785714285677,0.9559712537145391,18362.3,16956.95,18362.3,15183.4,-0.06861885493646518,20.85369548322511
2022-11-14,18376.4,18399.45,18311.4,18329.15,0,17851.2475,17603.657,17149.6335,16997.527749999997,2.67713783028329,4.121262985299033,6.877794210587658,7.834211360531558,-0.11199093173185348,1.1701619735996038,3.049171295567521,7.727594648047109,75.4797441364606,78.05496730353032,9.990815543849793,14.431949544425127,171.03571428571377,0.9331350023635234,18399.45,17098.55,18399.45,15183.4,-0.38207663816037585,20.718350303621072
2022-11-15,18362.75,18427.95,18282.0,18403.4,0,17912.1325,17620.869000000002,17180.165999999997,17001.459,2.7426522218948626,4.440933077704618,7.120035976369519,8.246004063533622,0.4050924347282825,1.1020282593886765,2.1718612940118343,7.085542049494631,74.072218444691,82.86059000260228,9.710037413712174,14.145227401316099,167.0857142857138,0.9079067687803003,18427.95,17098.55,18427.95,15183.4,-0.13322154661804092,21.207371208029834
2022-11-16,18398.25,18442.15,18344.15,18409.65,0,17967.025,17638.273,17207.874499999998,17007.761749999998,2.4635408477474705,4.373313645842767,6.983869506951621,8.242638100219176,0.033961115880765114,1.3914743625048187,1.45629195278143,6.341628253561171,78.34085778781049,81.40829890425724,9.655681837096957,14.143436797578584,161.6214285714281,0.8779168999488208,18442.15,17421.0,18442.15,15183.4,-0.17622674145910316,21.24853458382182
2022-11-17,18358.7,18417.6,18312.95,18343.9,0,18009.8725,17651.835,17237.180500000002,17013.091500000002,1.8546910867914257,3.920640545303094,6.420536699723015,7.8222614625919045,-0.35714964706010655,1.7511454277187921,1.443633055630067,4.9005115243081265,73.092873720656,77.331709125576,9.557666824661887,14.107498333315224,159.8535714285707,0.8714263129899894,18442.15,17421.0,18442.15,15183.4,-0.532746995334058,20.815495870490153
2022-11-18,18382.95,18394.6,18209.8,18307.65,0,18049.642499999998,17664.876,17264.6905,17019.079,1.4294327436125307,3.638712210603693,6.040997375539404,7.5713321502297495,-0.19761337556354341,-0.22915905982113793,1.4122541226520235,4.541963482704969,70.0242205220869,73.45929567802425,9.67996577755301,14.117973499403153,164.82499999999916,0.9003067023894337,18442.15,17421.0,18442.15,15183.4,-0.729307591576904,20.57674829089665
2022-11-21,18246.4,18262.3,18133.35,18159.95,0,18079.442499999997,17675.587000000003,17289.2975,17024.369,0.4452985759931666,2.740293716978098,5.035788758912848,6.670326518416054,-0.8067665702588878,-0.9231197300474947,0.2362402475002856,3.3933141463053484,56.04121519401399,67.30337678991238,10.340393955668196,14.24634741518845,160.41785714285652,0.8833606763391778,18442.15,17520.75,18442.15,15183.4,-1.530190351992586,19.603975394180495
2022-11-22,18179.15,18261.85,18137.7,18244.2,0,18112.8375,17684.496,17313.418999999998,17028.89075,0.7252452852845351,3.164941765940073,5.376066968632844,7.136749350511877,0.46393299541023225,-0.8650575437147534,0.22743753708220904,3.800003413687758,54.20819490586929,67.86230076412046,10.384872712272397,14.119098220235133,157.5999999999993,0.8638361780730276,18442.15,17637.0,18442.15,15183.4,-1.0733564145178338,20.15885769985643
2022-11-23,18325.2,18325.4,18246.0,18267.25,0,18139.6625,17693.174,17337.5895,17032.34275,0.7033620388472027,3.2446185178532745,5.362109305910154,7.25036636548428,0.12634152223720552,-0.7735073724921548,0.6072038332323615,3.0258167308207407,58.127644569816745,68.04188317622791,10.060116634165961,14.116427652951142,154.10714285714235,0.8436253013296601,18442.15,17637.0,18442.15,15183.4,-0.9483709871137662,20.31066822977726
2022-11-24,18326.1,18529.7,18294.25,18484.1,0,18181.05,17704.129,17364.4395,17035.86325,1.6668454242191693,4.405588097556212,6.448008298799383,8.501105748192714,1.1870971273727493,0.7642867656277863,2.528815966097553,4.688115040764362,66.32730300507151,69.05044885573395,10.45997728559197,14.298295409948098,162.34642857142822,0.878303128480306,18529.7,17654.5,18529.7,15183.4,-0.24609141000664975,21.738872716255905
2022-11-25,18528.45,18534.9,18445.1,18512.75,0,18219.84,17712.983,17391.7645,17040.626,1.6076430967560629,4.515145754952736,6.445496085230448,8.638907983779468,0.1549980794304462,1.1202967065680136,0.8885703853468874,4.373919980605456,65.38940325215903,72.16929847268966,10.428623950158533,14.214815162543692,160.33571428571435,0.8660826418858049,18534.9,17723.7,18534.9,15183.4,-0.11950428650816274,21.927565630886367
2022-11-28,18430.55,18614.25,18365.6,18562.75,0,18258.6375,17724.163,17419.8715,17045.85825,1.665581563794118,4.731320739941285,6.56077457287787,8.898887505414981,0.27008413120686026,2.218067781023625,1.27447262966367,4.362504778824761,64.4020325691194,71.72128991530329,10.427793627830093,14.190105106020736,164.47142857142873,0.8860294329850305,18614.25,17899.9,18614.25,15183.4,-0.27666975569791963,22.256872637222234
2022-11-29,18552.45,18678.1,18552.15,18618.05,0,18288.93,17738.976000000002,17447.6985,17052.8805,1.7995585307614987,4.955607358620908,6.707770082111407,9.178329139173877,0.2979084456774972,2.0491443856129443,1.1663605638088548,3.363553591454682,68.30798554580471,71.8021349699688,9.671704048122487,14.089374785766697,160.68928571428555,0.8630833288893602,18678.1,17959.2,18678.1,15183.4,-0.3214995101214753,22.621086186229697
2022-11-30,18625.7,18816.05,18616.55,18758.35,0,18319.5775,17763.526,17477.1735,17060.3385,2.395101633757651,5.60037461031102,7.330570357958612,9.952976607117126,0.7535697884579751,2.6884177968769185,1.8941153145225265,3.3779911162057363,78.73135796639511,70.48455730954014,9.682867716738546,13.379249129068505,161.53928571428565,0.8611593541771301,18816.05,17959.2,18816.05,15183.4,-0.30665309669139235,23.545121646008134
2022-12-01,18871.95,18887.6,18778.2,18812.5,0,18356.06,17787.331000000002,17505.4005,17067.082,2.4865902595654985,5.763478511756474,7.466835734492337,10.226809714747967,0.28867144498316843,1.7766621041868547,2.554527663146877,4.035038724537343,73.063889165753,69.14533348639651,9.497280156676938,13.355218121014282,146.9071428571429,0.780901756051258,18887.6,17959.2,18887.6,15183.4,-0.39761536669560216,23.901761133869886
2022-12-02,18752.4,18781.95,18639.2,18696.1,0,18388.23,17804.928,17531.0325,17072.53325,1.6742775133876342,5.005198560758003,6.645743768942287,9.509817472459737,-0.618737541528247,0.9903985091355816,2.1217906175833523,3.564009815706215,66.69244416139729,67.07218618635343,9.857274471052046,13.272851981049815,152.99642857142862,0.8183333880939268,18887.6,17969.4,18887.6,15183.4,-1.013892712679218,23.13513442311998
2022-12-05,18719.55,18728.6,18591.35,18701.05,0,18417.425,17824.582,17555.837,17079.16475,1.5399818378519257,4.917186837817576,6.523260611271338,9.49627967023387,0.026476109990847263,0.7450404708354119,2.979633754498212,3.2229130961547447,64.45113366024165,68.30618064771153,9.847070712797345,13.190660002891452,152.375,0.8147938217372821,18887.6,17969.4,18887.6,15183.4,-0.9876850420381589,23.167735816747236
2022-12-06,18600.65,18654.9,18577.9,18642.75,0,18439.422499999997,17844.841,17580.1045,17088.1645,1.1026782427703639,4.471370745191844,6.044591486927729,9.097439926915504,-0.31174720136034617,0.1326669549174042,2.184529877988628,2.416935856022162,60.77271466863842,64.89204964016545,9.910720299535686,13.152557246239668,154.1714285714284,0.8269779328233677,18887.6,17969.4,18887.6,15183.4,-1.2963531629216976,22.78376384735962
2022-12-07,18638.85,18668.3,18528.4,18560.5,0,18459.597499999996,17869.504,17605.1265,17094.204749999997,0.5466126766848725,3.8669008384340113,5.426677848636882,8.577733047218842,-0.4411902750398933,-1.0547302934426406,1.6053319465163085,2.2222834168640127,59.85979606700648,60.15443138590816,10.02749544380867,12.537070477506646,156.68928571428555,0.8442083225898308,18887.6,17969.4,18887.6,15183.4,-1.7318240538766099,22.24205382193712
2022-12-08,18570.85,18625.0,18536.95,18609.35,0,18488.655000000002,17901.365,17631.5535,17100.6405,0.6528057341109781,3.9549218732761267,5.545719496583194,8.822532115098245,0.2631933406966436,-1.079867109634558,0.6776094048398296,3.2235608657547488,63.57785778577844,62.81916853232066,9.554196421110127,11.728086903326425,149.77857142857127,0.8048565448474626,18887.6,18133.35,18887.6,15183.4,-1.4731887587623627,22.56378676712725
2022-12-09,18662.4,18664.7,18410.1,18496.6,0,18496.0,17931.148999999998,17657.133,17106.6005,0.003243944636670333,3.1534565910974304,4.7542655990641105,8.125515645262178,-0.6058782278800745,-1.0670674632677457,-0.08723717437982836,0.8005580472705054,65.64286046187436,63.395870273980385,7.76893620150485,11.850127628494022,155.5142857142855,0.8407722809288491,18887.6,18133.35,18887.6,15183.4,-2.070141256697516,21.82119946783987
2022-12-12,18402.15,18521.55,18345.7,18497.15,0,18504.4,17963.92,17681.6125,17112.70475,-0.03917987073344718,2.968338759023661,4.612347997107177,8.090160323720893,0.0029735194576385737,-1.0903131107611541,-0.3533959138597331,0.9165727816074387,62.74499924421828,55.165166217115654,7.749600283945844,11.613262663623141,159.2071428571427,0.8607117467131028,18887.6,18133.35,18887.6,15183.4,-2.067229293292939,21.824821844909582
2022-12-13,18524.4,18617.25,18490.2,18608.0,0,18514.629999999997,17999.718,17704.9075,17119.711499999998,0.50430389373162,3.379397388336857,5.100803265987121,8.693420446950888,0.5992815109354677,-0.1863995386946704,-0.05397987436922547,1.1117510894725902,65.77327223070867,59.186900800579785,7.897927080934375,11.60687876349544,162.4821428571426,0.8731843446751,18887.6,18133.35,18887.6,15183.4,-1.4803363053008247,22.55489547795619
2022-12-14,18671.25,18696.1,18632.9,18660.3,0,18527.1625,18031.037,17728.105,17127.552,0.7186070721838853,3.4898880191971156,5.25828902750745,8.949019684774564,0.2810619088563948,0.5377010317609843,-0.5227005573517851,1.3615142058648555,59.62210572302317,58.587952129437646,7.937194254087704,11.132455872452814,150.028571428571,0.8039987107847731,18887.6,18133.35,18887.6,15183.4,-1.2034350579215956,22.899350606583504
2022-12-15,18614.4,18652.9,18387.7,18414.9,0,18530.7125,18061.588,17747.0455,17134.310250000002,-0.6249759689488463,1.9561513638778703,3.7631869484979976,7.47383309462369,-1.3150913972444056,-1.044904846219763,-2.1134883720930198,0.3870496459313477,45.67933942685571,50.15130991151973,9.24044268653344,11.201527403397,163.08571428571355,0.885618245473576,18887.6,18133.35,18887.6,15183.4,-2.502700184247851,21.283111819487083
2022-12-16,18319.1,18440.95,18255.15,18269.0,0,18528.780000000002,18081.482,17763.683,17144.4155,-1.4020351043080141,1.0370720718578268,2.8446634630892653,6.559479965939935,-0.7922931973564973,-1.2304964155574472,-2.2844336519381003,-0.2111139332464873,38.04192957459801,47.936639118457265,9.658629184519842,10.310084583316662,158.59642857142768,0.8681177326149635,18887.6,18133.35,18887.6,15183.4,-3.2751646582943232,20.322193974999013
2022-12-19,18288.1,18431.65,18244.55,18420.45,0,18541.805,18103.255,17780.693,17153.225749999998,-0.654493993438069,1.7521434681221675,3.59804311339272,7.387673131976376,0.8289999452624652,-0.4146584744136317,-1.500450509463369,1.4344753151853462,42.54001812141353,52.92197699720234,9.611406526959476,10.423762497711653,162.96428571428518,0.8846922073797608,18887.6,18137.7,18887.6,15183.4,-2.4733158262563686,21.31966489719036
2022-12-20,18340.3,18404.9,18202.65,18385.3,0,18548.86,18124.667999999998,17798.235999999997,17161.18275,-0.881779257593196,1.4379959952921701,3.2984392385852295,7.133058763097195,-0.1908205282715736,-1.1967970765262237,-1.38096579099114,0.7733964766884815,34.70166085708435,56.19893818942036,9.538903433681277,10.435902406954044,164.271428571428,0.8934933265784514,18887.6,18202.65,18887.6,15183.4,-2.659416760202457,21.088162071736235
2022-12-21,18435.15,18473.35,18162.75,18199.1,0,18545.4525,18143.83,17815.3885,17169.1485,-1.8675872157878102,0.30462146084920766,2.153820557996799,5.998850205064038,-1.0127656334136592,-2.471557263280877,-1.9471458204251002,-0.37307202780934023,27.303337526826013,48.82527609918728,10.234181801108601,10.674983709920104,177.2249999999993,0.9738118917968435,18887.6,18162.75,18887.6,15183.4,-3.645248734619539,19.861822780141463
2022-12-22,18288.8,18318.75,18068.6,18127.35,0,18527.614999999998,18166.706000000002,17830.244,17177.295,-2.160369804748207,-0.21663806305889138,1.6663036131193705,5.530876660149345,-0.3942502651229973,-1.5615072577098044,-2.5900958389196815,-1.9300371670787353,28.23632954501973,46.446171823400874,9.260145057833077,10.095278234528235,182.71428571428518,1.0079481320451429,18887.6,18068.6,18887.6,15183.4,-4.025127596941909,19.389267226049494
2022-12-23,17977.65,18050.45,17779.5,17806.8,0,18492.3175,18180.37,17839.016,17185.10225,-3.7070394232632102,-2.0547986647136427,-0.1805929205960707,3.6176552280915257,-1.7683224519855267,-2.5299687996058973,-3.729334039769472,-3.813317848509812,22.43797195253505,33.65588803088808,10.93460057201496,10.832315736537979,197.75714285714224,1.1105709215420079,18887.6,17779.5,18887.6,15183.4,-5.722272813909651,17.27808000843026
2022-12-26,17830.4,18084.1,17774.25,18014.6,0,18464.91,18200.375,17847.5795,17195.8595,-2.438733792907744,-1.0207207269081076,0.9358159743734366,4.761265349952412,1.1669699216029894,-2.203257792290647,-2.6087802715553665,-2.952956862533851,32.27317623818254,38.93565510961062,11.861413227985143,10.973540311625921,211.09285714285656,1.1717876452591596,18887.6,17774.25,18887.6,15183.4,-4.622080094877062,18.646679926762115
2022-12-27,18089.8,18149.25,17967.45,18132.3,0,18440.622499999998,18219.307,17855.502,17206.45375,-1.6719744683239324,-0.47755383890288156,1.5502112458109487,5.380808058720401,0.6533589421913399,-1.3760993837467983,-2.556427343078249,-2.609027261179342,38.15294378043381,40.718459581257946,12.102931844966813,10.854007558381152,214.0857142857138,1.1806870296968053,18887.6,17774.25,18887.6,15183.4,-3.99891992630085,19.42186861967675
2022-12-28,18084.75,18173.1,18068.35,18122.5,0,18408.829999999998,18235.521,17863.2725,17215.3395,-1.5553948838682206,-0.6197848693218068,1.4511758693710848,5.269489457352856,-0.05404719754250609,-0.42089993461214004,-2.8820544149879668,-3.389690457849426,36.232785679948016,39.10088635713818,11.652676061167918,10.764746382454126,215.278571428571,1.187907691701316,18887.6,17774.25,18887.6,15183.4,-4.0508058196912184,19.357324446434927
2022-12-29,18045.7,18229.7,17992.8,18191.0,0,18377.754999999997,18249.602,17871.301,17223.32,-1.0162013804188674,-0.32111385223633343,1.7888960630230588,5.6184289672374454,0.377983170092433,0.35112688837586337,-1.2158632411797043,-3.303654485049834,41.13637682000121,37.11476005541555,11.703474519183246,10.579250557827752,214.01428571428525,1.1764844467829434,18781.95,17774.25,18887.6,15183.4,-3.688134013850349,19.808475045115063
2022-12-30,18259.1,18265.25,18080.3,18105.3,0,18348.215,18261.463,17878.534,17230.69425,-1.323916250163849,-0.8551505429767619,1.2683702142468707,5.075859029882088,-0.47111208839536456,1.6763258979715534,-0.8960534238327211,-3.160017329817444,39.169729968768074,34.16550982938516,11.639159851190366,10.650320608145197,214.6642857142854,1.185643351473245,18728.6,17774.25,18887.6,15183.4,-4.141870857070243,19.24404283625538
2023-01-02,18131.7,18215.15,18086.5,18197.45,0,18323.035,18274.133,17886.5335,17237.325,-0.6853940954650751,-0.41962592698652734,1.7382714207870371,5.570034793681734,0.5089669875671943,1.0150100474060064,-1.2106110328466424,-2.6928969229000455,38.53436478900777,38.71245218099923,11.864340112104294,10.6844422583598,214.77857142857127,1.180267407953154,18696.1,17774.25,18887.6,15183.4,-3.6539846248332126,19.850955648932395
2023-01-04,18230.65,18243.0,18020.6,18042.95,0,18293.045,18283.466,17891.712,17244.224749999998,-1.36715893936738,-1.3154836178216955,0.845296414339786,4.631842031634407,-0.8490200550077098,-0.49276705106355845,-1.8620854704573642,-3.2173364981024744,33.689994980317636,36.0477442333786,12.121744710256872,10.883171980054705,224.37142857142862,1.2435407102022042,18696.1,17774.25,18887.6,15183.4,-4.471981617569187,18.833396999354566
2023-01-05,18101.95,18120.3,17892.6,17992.15,0,18264.627500000002,18288.694,17896.286,17249.30875,-1.4918316839475694,-1.6214607778991659,0.5356642154690722,4.3064986589680085,-0.2815504116566281,-0.7192716236722241,-1.1371441444906427,-3.0621481102340864,37.551164639712624,36.1627461823132,12.085925745667906,10.742183179064254,221.1642857142859,1.229226555549425,18696.1,17774.25,18887.6,15183.4,-4.7409411465723394,18.49882108091733
2023-01-06,18008.05,18047.4,17795.55,17859.45,0,18227.1325,18292.756,17898.2905,17252.17075,-2.017226242251758,-2.3687300043798785,-0.21700675827112334,3.5200164593780148,-0.7375438733003059,-1.8226045846847283,-1.4778773510744747,-4.029694750219637,37.84537765247074,35.403002477772944,12.151136098337705,10.834169132860943,225.88214285714326,1.2647765908644626,18696.1,17774.25,18887.6,15183.4,-5.443518498909326,17.624840286101932
2023-01-09,17952.55,18141.4,17936.15,18101.2,0,18207.3625,18300.041,17902.321,17257.08875,-0.5830745666759727,-1.0865604071597452,1.1109118197579009,4.891388473620742,1.3536251116355702,-0.022645302756640895,1.6533009861401382,-2.1376901700853046,41.00729556913891,40.20622530596518,13.231433748372456,11.198921327088646,232.65714285714316,1.2853133651754753,18696.1,17774.25,18887.6,15183.4,-4.163578220631514,19.217039661735853
2023-01-10,18121.3,18127.6,17856.0,17914.15,0,18178.2125,18302.588,17903.21,17260.082,-1.4526318250488048,-2.12231188288781,0.061106360256078816,3.78948373478181,-1.0333569045146151,-1.5568115312859732,-0.5576032773417006,-3.1518369046042216,37.77472171047517,39.086769968709675,13.625109304881247,11.441429219078794,236.50000000000026,1.320185440001341,18696.1,17774.25,18887.6,15183.4,-5.153910502128365,17.985102151033377
2023-01-11,17924.25,17976.35,17824.35,17895.7,0,18142.5975,18300.257999999998,17902.7245,17263.33225,-1.3608718376737352,-2.2106682867531013,-0.03923704461854135,3.663068872465229,-0.10299121085846075,-0.816108230638557,-1.3048537692405215,-3.827923473774719,41.37676216462035,38.80585903329672,13.33336397348886,11.079075452214514,225.17142857142895,1.2582432012797988,18696.1,17774.25,18887.6,15183.4,-5.251593638154121,17.863587865695436
2023-01-12,17920.85,17945.8,17761.65,17858.2,0,18102.4925,18294.514000000003,17901.7415,17266.5095,-1.3494964850834743,-2.3849444702384663,-0.2432249398752594,3.4268101494398775,-0.20954754494096894,-0.7444913476154946,-1.4584080562836221,-4.29843035749693,42.1983245891186,35.65305575752939,13.21589968071757,10.952775773323348,220.45714285714297,1.234486918374433,18652.9,17761.65,18887.6,15183.4,-5.450136597556058,17.61660761094354
2023-01-13,17867.5,17999.35,17774.25,17956.6,0,18079.5775,18291.989,17903.723,17270.5275,-0.6802011827986626,-1.833529420994091,0.29534080704888455,3.9725046035797016,0.5510073803630666,0.5439697191122805,-1.2885492826122835,-2.4887455267202263,54.98402981101942,36.76857701564379,12.811651923167439,11.004704434641882,211.68928571428583,1.1788940318004848,18473.35,17761.65,18887.6,15183.4,-4.92915987208539,18.26468379941251
2023-01-16,18033.15,18049.65,17853.65,17894.85,0,18060.87,18288.832,17907.7645,17273.89175,-0.9192248213956495,-2.1542217676886093,-0.0721167625361758,3.5947790977675873,-0.34388469977613134,-1.1399796698561504,-1.1623668207651927,-2.0480048169029597,45.586880412751064,39.49627355537149,12.597974467444567,11.024711239473753,203.55714285714308,1.1375180169553982,18473.35,17761.65,18887.6,15183.4,-5.256093945233911,17.85798964658771
2023-01-17,17922.8,18072.05,17886.95,18053.3,0,18042.512499999997,18287.555,17912.5225,17277.531750000002,0.059789344748976535,-1.2809530853085664,0.7859166680739698,4.490040945808114,0.8854502831820321,0.776760270512411,-0.7921439542353581,-1.9931652049759996,47.173524150268335,45.665367147622675,12.654676468138943,11.179211888175189,203.7928571428573,1.128839919254969,18473.35,17761.65,18887.6,15183.4,-4.417183760774261,18.901563549666083
2023-01-18,18074.3,18183.75,18032.45,18165.35,0,18031.515,18286.806,17918.1265,17280.86725,0.7422282597995739,-0.6641728468055161,1.3797396731181693,5.118277556353541,0.6206621504101673,1.5067865464888142,0.6783813068262035,-1.1963362033798774,51.42857142857138,44.79111365214191,12.90082153526243,11.216563266428965,207.11785714285725,1.14018093316593,18473.35,17761.65,18887.6,15183.4,-3.823937398081281,19.639540550864755
2023-01-19,18119.8,18155.2,18063.75,18107.85,0,18026.9525,18285.823,17923.9805,17284.08275,0.44875860187682376,-0.9732840572721378,1.025829614130617,4.766045510861703,-0.3165367031188526,1.3979572409313246,0.6430582226137238,-0.5013984208010247,47.20738874895041,44.38598976143743,12.44539043084605,11.224947685392088,197.45357142857134,1.0904307879100577,18318.75,17761.65,18887.6,15183.4,-4.128369935830916,19.260837493578506
2023-01-20,18115.6,18145.45,18016.2,18027.65,0,18021.967500000002,18285.811999999998,17928.668,17285.86875,0.03153096353102945,-1.4118158931088027,0.5520878628574079,4.291258141133346,-0.44290183539181793,0.3956762416047699,0.9417983196571056,-0.5499976554763752,47.38243721557398,46.37534090188374,12.465861630404437,11.154426149181356,193.47499999999985,1.0732125374078143,18265.25,17761.65,18887.6,15183.4,-4.552987145005174,18.732629055415796
2023-01-23,18118.45,18162.6,18063.45,18118.55,0,18037.555,18281.189,17936.7245,17286.194499999998,0.4490353598367349,-0.8896521993181037,1.0137051500121943,4.815145982535379,0.5042254536780977,1.2500803303743924,0.09584999889509227,1.7507356740121827,47.338056680161884,49.81545172384869,10.740429315372207,10.45160631337099,193.92499999999953,1.0703119178962972,18265.25,17761.65,18887.6,15183.4,-4.071719011414893,19.331309192934388
2023-01-24,18183.95,18201.25,18078.65,18118.3,0,18042.739999999998,18276.971999999998,17940.3145,17286.999,0.4187833998605606,-0.8681525583121683,0.9920979924850195,4.808821936068831,-0.0013798013637988937,0.36004497792647694,1.1396019347833741,0.5756441997046835,52.837507060817124,57.54639275158682,9.957283971943601,10.449724732981917,186.7964285714279,1.030982093085046,18265.25,17761.65,18887.6,15183.4,-4.073042631144239,19.32966265790271
2023-01-25,18093.35,18100.6,17846.15,17891.95,0,18030.7225,18266.743,17943.806,17287.420499999997,-0.7696446994844446,-2.051777922314875,-0.2889910869522317,3.496932928773291,-1.2492893924926696,-1.5050632110033546,-0.020954754494095784,-1.3255350948307654,46.66733186988621,47.05515138418694,10.645567097459564,10.758267273875074,189.97142857142768,1.061770397141886,18265.25,17761.65,18887.6,15183.4,-5.271447934094315,17.838889840220247
2023-01-27,17877.2,17884.75,17493.55,17604.35,0,18004.815,18250.637,17944.455,17287.2445,-2.224210579225614,-3.541175028575717,-1.8953208665295387,1.8343322442162362,-1.6074268036742945,-2.780562021443733,-1.4214758486297718,-2.8591529866188514,42.307924255216406,38.28001864719067,11.970734341776321,11.30628737611998,200.43928571428478,1.1385781679771465,18265.25,17493.55,18887.6,15183.4,-6.794140070734239,15.944715939776327
2023-01-30,17541.95,17709.15,17405.55,17648.95,0,17977.7125,18236.738,17944.286500000002,17286.5675,-1.8287226475559706,-3.2230983413810104,-1.6458525670552642,2.0963242124267856,0.25334647402490695,-2.100662038590728,-1.7132976175890602,-2.9797702160409,34.52311693644977,39.64759635354044,11.906901591149616,11.314315719578653,201.98571428571344,1.1444630659938038,18265.25,17405.55,18887.6,15183.4,-6.5580063110188584,16.238457789427933
2023-01-31,17731.45,17735.7,17537.55,17662.15,0,17955.555,18223.828,17944.352,17286.503500000003,-1.6340625505588595,-3.082107666951202,-1.5726508262878345,2.1730623546861216,0.07479198479229954,-2.518965369745363,-1.300374129987103,-2.447625833319511,40.211311373523905,38.15220556937073,11.86832005421034,11.315626014006922,196.7392857142851,1.1139033793410489,18243.0,17405.55,18887.6,15183.4,-6.488119189309373,16.32539483910061
2023-02-01,17811.6,17972.2,17353.4,17616.3,0,17926.4975,18212.955,17944.271,17286.9335,-1.7303854252622521,-3.275992281318448,-1.8277198332548663,1.90529164701189,-0.25959466995808533,-2.7706793683734077,-2.420610082367214,-3.193579320179485,39.37319336680352,38.845802919708035,11.638430017584326,11.19828915948135,230.08214285714217,1.3060752987695612,18243.0,17353.4,18887.6,15183.4,-6.730871047671484,16.023420314290604
2023-02-02,17517.1,17653.9,17445.95,17610.4,0,17904.870000000003,18200.279,17942.3875,17287.60725,-1.6446363475412058,-3.241043722461602,-1.8502972360841012,1.8671915976110602,-0.03349170938277135,-1.573612714097672,-3.054992059057471,-2.3973352472849485,40.342946219797355,36.060785943250615,11.35424382942266,11.134480876881737,231.7821428571424,1.3161662588989596,18201.25,17353.4,18887.6,15183.4,-6.7621084732840435,15.984562087542987
2023-02-03,17721.75,17870.3,17584.2,17854.05,0,17897.965,18192.015,17942.5945,17291.00925,-0.2453630901613724,-1.857765618596951,-0.4934877171749045,3.25626307787673,1.38355744332892,1.4183994296864233,-1.4016020676115515,-0.7675569623419198,46.40994223700334,45.6968426807599,12.51661758703772,11.595667229560162,236.13928571428525,1.322609075891942,18201.25,17353.4,18887.6,15183.4,-5.472108685063213,17.58927512941765
2023-02-06,17818.55,17823.7,17698.35,17764.6,0,17893.2225,18177.625,17940.877,17295.039,-0.718833625413205,-2.272161517249924,-0.9825439414137996,2.7150039962326646,-0.5010067743733249,0.6552797758506701,-1.4591474762379097,-0.5310913829933317,45.526975514269026,44.906091200107376,12.367948085897359,11.28986655237312,233.26071428571387,1.3130648271602732,18201.25,17353.4,18887.6,15183.4,-5.945699824223301,17.00014489508278
2023-02-07,17790.1,17811.15,17652.55,17721.5,0,17874.2375,18161.8,17937.3915,17297.96375,-0.854511975685672,-2.424319175412125,-1.203583586833133,2.44847460730747,-0.242617340103346,0.3360293056054786,-2.1914005259802805,-2.097650984465127,37.62494405490077,46.78280743487485,11.258327984615478,11.28315226954085,231.367857142857,1.3055771641387974,18201.25,17353.4,18887.6,15183.4,-6.1738918655625845,16.716282255621273
2023-02-08,17750.3,17898.7,17744.15,17871.7,0,17872.114999999998,18147.979,17936.071,17300.359249999998,-0.00232205309778521,-1.5223678625592338,-0.35889130902748534,3.302479108923724,0.8475580509550662,1.4497936570108338,-1.3610548451013504,-0.23696351766621104,39.350861287398054,44.40898460339114,11.17743975077964,11.449822108184708,233.2178571428571,1.3049561997059993,18201.25,17353.4,18887.6,15183.4,-5.37866113217136,17.705520502654224
2023-02-09,17885.5,17916.9,17779.8,17893.45,0,17872.0025,18133.487,17936.231499999998,17303.96675,0.12000613809225932,-1.3237222383097098,-0.23852000349124247,3.4066365158728775,0.12170078951638796,1.60728887475583,0.008383658572719277,-0.01257285269645747,42.017870439315026,49.45153939907793,11.180969492063204,11.427254114134545,235.75357142857163,1.3175411752824169,18201.25,17353.4,18887.6,15183.4,-5.263506215718238,17.848769050410322
2023-02-10,17847.55,17876.95,17801.0,17856.5,0,17871.9175,18115.45,17939.488,17308.4795,-0.0862666247200367,-1.4294428236670949,-0.46259960150479873,3.166196661006524,-0.20650014390740656,0.01372237671564136,1.432316444515136,-0.009519436449367813,43.41604154645119,48.97145256087319,11.180210946252158,11.270651317123761,233.12500000000026,1.3055469996919902,18201.25,17353.4,18887.6,15183.4,-5.459137211715616,17.605411172728115
2023-02-13,17859.1,17880.7,17719.75,17770.9,0,17862.6325,18094.618000000002,17940.9745,17311.33,-0.5135441262646939,-1.7890292019428138,-0.9479669011290262,2.654735366953317,-0.4793772575812594,0.03546378753251922,0.690975950410655,-1.0341601416749113,36.57151686044275,47.76577775502893,11.107007667605352,11.2677251673945,234.98214285714337,1.3222861130114025,18201.25,17353.4,18887.6,15183.4,-5.912344607043759,17.04163757788112
2023-02-14,17840.35,17954.55,17800.05,17929.85,0,17864.3825,18079.293,17942.1105,17315.78725,0.3664694259653186,-0.8265975887442221,-0.06833365561983537,3.5462594979618802,0.8944397863923426,1.1756905453827127,1.5156705157639117,0.19558699849397954,43.51581048067987,49.335981134417274,11.53349526743834,11.428263390346082,239.3428571428576,1.3348848827115545,18201.25,17353.4,18887.6,15183.4,-5.070787183125438,18.088504551022822
2023-02-15,17896.6,18034.1,17853.8,18015.85,0,17862.510000000002,18065.589,17945.0855,17319.64125,0.8584459854745862,-0.2753245410376678,0.394339163221025,4.0197642661911255,0.47964706899388254,0.8065824739672101,2.2680699125241954,-0.20744129882072082,54.718921389396634,52.96786853078245,11.211477553397199,11.495292733578554,232.78214285714344,1.2920963643521868,18201.25,17353.4,18887.6,15183.4,-4.615461996230332,18.65491260192051
2023-02-16,18094.75,18134.75,18000.65,18035.85,0,17856.035,18053.450999999997,17949.145999999997,17324.30775,1.007026475922559,-0.09749382541874543,0.48305362271832636,4.107190083828883,0.11101335768226583,0.795821934842067,2.4159019670194626,-0.712895705285066,70.6419823957138,49.54080155785371,10.97592349864186,11.489136563517231,213.90357142857178,1.1859910757107195,18201.25,17353.4,18887.6,15183.4,-4.509572417882633,18.786635404454856
2023-02-17,17974.85,18034.25,17884.6,17944.2,0,17847.8525,18041.125,17955.3145,17328.68325,0.5398268503171452,-0.5372447671639062,-0.06190089290833463,3.552011085435488,-0.5081545921040487,0.49113768095652155,0.5049274534349335,-0.9037516878038998,63.51567864499894,44.117255872103875,11.062198163006451,11.501431861276483,203.02142857142877,1.1314041783497106,18201.25,17353.4,18887.6,15183.4,-4.994811410660952,18.183015661841228
2023-02-20,17965.55,18004.35,17818.4,17844.6,0,17838.7,18025.83,17963.5975,17334.51825,0.03307415899139409,-1.0053905978254716,-0.6624369088652833,2.9425781705816805,-0.5550540007356219,0.41472294593969394,0.45033380993662053,-1.0153847007236316,57.73978704449998,43.1507740340835,11.122958089640617,11.528040380155625,202.1499999999999,1.1328357037983474,18201.25,17353.4,18887.6,15183.4,-5.522141510832505,17.527036105220166
2023-02-21,17905.8,17924.9,17800.3,17826.7,0,17824.107500000002,18012.432,17971.7905,17340.2385,0.014544907788504056,-1.0311322757526578,-0.8073235663413639,2.8053910561841535,-0.10031045806573324,-0.5752976182176517,0.593629207459867,-1.610780112095056,59.14226123229353,44.59652047648493,10.929710712249953,11.465429752394144,166.8500000000001,0.9359556171360942,18201.25,17353.4,18887.6,15183.4,-5.616912683453683,17.409144196951942
2023-02-22,17755.35,17772.5,17529.45,17554.3,0,17795.9075,17993.575,17978.7475,17345.95375,-1.3576576524687032,-2.441288070880864,-2.360829084450972,1.2011230573008917,-1.528045011134993,-2.5619107619124226,-1.7759922111494797,-3.112874828212364,48.020745131244624,36.176780420882416,12.070039780521276,11.920654046269169,173.22857142857148,0.9868156031774066,18134.75,17353.4,18887.6,15183.4,-7.059128740549352,15.615079626434131
2023-02-23,17574.65,17620.05,17455.4,17511.25,0,17776.8725,17971.64,17985.679,17352.00075,-1.4942026501005803,-2.5617584149248454,-2.6378153418617116,0.917757279373105,-0.245239058236435,-2.9086513804450487,-2.1359771312966513,-2.1277725457538255,35.91155679763271,35.433713257348515,11.368795370614999,11.815521286723008,164.55357142857142,0.9397020282879374,18134.75,17353.4,18887.6,15183.4,-7.28705605794277,15.331546293978954
2023-02-24,17591.35,17599.75,17421.8,17465.8,0,17769.945,17947.749999999996,17989.393500000002,17358.1295,-1.7115697319265786,-2.685294814113174,-2.9105678298715443,0.6202886088619178,-0.25954743379256184,-2.666042509557409,-2.1879987679556456,-0.7870213895997291,37.25908238103358,38.80232283154212,9.920892372493274,11.783743509908746,166.14285714285714,0.9512467630618532,18134.75,17353.4,18887.6,15183.4,-7.527690124737919,15.032206225219646
2023-02-27,17428.6,17451.6,17299.0,17392.7,0,17757.1325,17927.306,17994.447,17364.2575,-2.0523161608440943,-2.982076615415611,-3.344070534648825,0.16379911435891237,-0.41853221724741374,-2.5324187709447,-2.1281983467353993,-1.4519277350777293,36.32961915848991,43.732046080492836,9.946146928359665,11.488027142980807,166.72857142857123,0.9586123570726295,18134.75,17299.0,18887.6,15183.4,-7.914716533598752,14.550759381956619
2023-02-28,17383.25,17440.45,17255.2,17303.95,0,17739.2225,17908.005,17994.743499999997,17371.737250000002,-2.453729299578937,-3.373100465406394,-3.838862721216316,-0.3902157223797592,-0.5102715507080524,-2.9323991540778693,-3.4908267498054757,-2.0280656658447582,25.123778644349883,40.04329004329,10.048506589056778,11.419327183609775,167.30357142857116,0.9668519120118306,18134.75,17255.2,18887.6,15183.4,-8.384601537516668,13.966239445710455
2023-03-01,17360.1,17467.75,17345.25,17450.9,0,17730.9525,17888.613999999998,17995.934500000003,17380.081000000002,-1.5794554748257206,-2.4468860471806053,-3.028653499489018,0.40747220913412024,0.8492280664241347,-0.5890294685632402,-3.1358498211297103,-0.9389031749005072,32.52655269080424,44.340254521098444,10.572810730266086,11.427931596964031,169.2107142857138,0.96963889705238,18134.75,17255.2,18887.6,15183.4,-7.6065778606069445,14.934072737331572
2023-03-02,17421.5,17445.8,17306.0,17321.9,0,17716.5275,17867.346,17996.006999999998,17387.479,-2.2274539974043934,-3.0527533300133096,-3.745869847683413,-0.37716220965671854,-0.7392168885272388,-1.0813048754372057,-3.958504866696033,-1.6382364966156415,30.322438162544145,42.44895865394483,10.855567906076992,11.514963537114939,172.95714285714243,0.9984882885661643,18134.75,17255.2,18887.6,15183.4,-8.289565640949604,14.084460660985036
2023-03-03,17451.25,17644.75,17427.7,17594.35,0,17703.5425,17855.251,17999.5405,17394.15425,-0.6167833358775568,-1.4612004054157608,-2.2511157993172137,1.1509369591798289,1.5728644086387522,0.7360098020130712,-1.9496550417405167,-1.454571931858606,44.287332146901676,49.63785283963981,11.209193354300323,11.935374949958383,184.521428571428,1.0487538816235213,18134.75,17255.2,18887.6,15183.4,-6.8470848599080885,15.878854538509154
2023-03-06,17680.35,17799.95,17671.95,17711.45,0,17700.885000000002,17846.932999999997,18006.819499999998,17401.51,0.05968628122265462,-0.7591388391495422,-1.640320213128127,1.7811098002414867,0.6655545672332508,1.832665428599345,-0.7461641056678125,-0.29919052497662246,42.736464014899624,46.58753709198815,11.37904005442358,12.021758854550114,186.08928571428547,1.0506722245456215,18134.75,17255.2,18887.6,15183.4,-6.227101378682299,16.65009154734777
2023-03-08,17665.75,17766.5,17602.25,17754.4,0,17702.530000000002,17845.885,18013.1275,17411.235,0.29300896538516796,-0.5126391882498231,-1.4363274783903974,1.9709400280910623,0.2424984967351662,2.6031628616587588,-0.4055714181536607,0.18565019891092494,41.04837881329828,49.75035488765977,11.37924116574774,11.367912051524353,184.94285714285692,1.0416733719126352,18134.75,17255.2,18887.6,15183.4,-5.999703509180612,16.932966265790284
2023-03-09,17772.05,17772.35,17573.6,17589.6,0,17688.425,17837.385,18018.88,17417.85225,-0.5586986970292761,-1.3891329923080085,-2.3823900264611475,0.9860443614682668,-0.9282206101023038,0.7948014142536985,0.20109033114392716,-1.5784732286240333,36.09942995981686,46.953247713203325,11.395063117700497,11.230869492694959,189.56071428571417,1.0776863276351605,18134.75,17255.2,18887.6,15183.4,-6.872233634765666,15.847570372907246
2023-03-10,17443.8,17451.5,17324.35,17412.9,0,17664.3975,17822.997,18021.152,17423.84325,-1.4237536264681412,-2.300942989554439,-3.3752115292074385,-0.06280617796535941,-1.0045708827943645,0.525346526651238,-0.5616389463915961,-2.685619598232869,34.282925097621614,39.53037287207338,11.827585703250957,11.316892346857916,197.70357142857134,1.1353856705578698,18134.75,17255.2,18887.6,15183.4,-7.8077680594675725,14.683799412516313
2023-03-13,17421.9,17529.9,17113.45,17154.3,0,17629.2875,17803.633,18019.577,17428.988999999998,-2.6943091148748883,-3.6471938058934503,-4.801871875238812,-1.5760466657015995,-1.4851058697862074,-2.5010869966779037,-1.7834854401172606,-3.9324615686164743,31.335171966255714,34.77831092073555,12.765983655642904,11.748808495581024,214.1678571428573,1.2484791401739348,18134.75,17113.45,18887.6,15183.4,-9.176920307503332,12.980623575747197
2023-03-14,17160.55,17224.65,16987.1,17043.3,0,17592.9075,17780.679,18015.1405,17434.0765,-3.1240288167262964,-4.147080097447351,-5.394576300973073,-2.2414522501378262,-0.6470680820552244,-3.7724184073015032,-2.0088887866748784,-4.094333995464505,29.833187458168155,33.74900079936046,12.828846636607203,11.756535446638686,222.2357142857145,1.303947676129121,18134.75,16987.1,18887.6,15183.4,-9.764607467333063,12.249562021681571
2023-03-15,17166.45,17211.35,16938.9,16972.15,0,17545.0225,17758.016,18009.7395,17438.0865,-3.2651568272425853,-4.425415541916384,-5.761268784592905,-2.6719474066148243,-0.41746610104849147,-4.405950074347764,-1.917481268727661,-5.341372069481887,33.28164038942023,33.94504633072698,12.164706053408786,11.749087889053023,220.46428571428572,1.2989767690851524,18134.75,16938.9,18887.6,15183.4,-10.14130964230499,11.780958151665647
2023-03-16,16994.65,17062.45,16850.15,16985.6,0,17493.510000000002,17733.779,18003.956000000002,17441.252249999998,-2.903419611044344,-4.218948482441335,-5.656290206441314,-2.6124973337278536,0.07924747306615743,-3.4338472733888237,-2.666338125827339,-5.718575587607577,34.6431388588623,29.84137827971219,11.917390715973747,11.668891490060552,223.86785714285725,1.3179861597050282,18134.75,16850.15,18887.6,15183.4,-10.070098900866178,11.869541736369976
2023-03-17,17111.8,17145.8,16958.15,17100.05,0,17446.719999999998,17714.921000000002,17999.1935,17443.4455,-1.9870210561068116,-3.470921490420436,-4.995465491273272,-1.9686219674891772,0.6738060474755114,-1.796656501788918,-1.280748647665686,-5.1885550168137335,39.72872026734814,30.683400126555554,12.329697011747779,11.690518170930464,224.56071428571417,1.3132167115634994,18034.25,16850.15,18887.6,15183.4,-9.464145788771466,12.623325473872779
2023-03-20,17066.6,17066.6,16828.35,16988.4,0,17398.93,17694.846,17991.77,17445.46475,-2.3595129125756515,-3.9923828667398396,-5.576827627298476,-2.6199631626322697,-0.6529220674793224,-0.9671044577744259,-3.4440033306146423,-5.326512187782118,38.88675096206707,28.7289563998944,12.378458400019698,11.74900485846627,232.05357142857142,1.3659530704985248,18004.35,16828.35,18887.6,15183.4,-10.055274359897485,11.887982928724803
2023-03-21,17060.4,17127.7,17016.0,17107.5,0,17362.075,17679.807,17986.281499999997,17448.3885,-1.4662705926567,-3.237065879735003,-4.885843135503008,-1.9536961823150654,0.7010666101575191,0.3766876133143304,-3.409941026849872,-4.130661376550881,44.68867439911317,33.196095758354716,12.791515897875493,11.798920032680911,228.77142857142852,1.337258094820567,17924.9,16828.35,18887.6,15183.4,-9.424701920836945,12.67239221781683
2023-03-22,17177.45,17207.25,17107.85,17151.9,0,17328.335,17660.821,17980.430999999997,17451.008,-1.0181878408975684,-2.881638401748132,-4.607959620100295,-1.7139869513554755,0.25953529153881494,1.0590879764791117,-3.3935249853557448,-3.7853332361008962,41.4414930158003,35.772674991784456,12.89490904008987,11.361218123106928,224.19642857142858,1.307122992621392,17799.95,16828.35,18887.6,15183.4,-9.189627056905044,12.964816839443088
2023-03-23,17097.4,17205.4,17045.3,17076.9,0,17304.465,17644.076,17973.332,17453.470999999998,-1.315065215827237,-3.2145406764287316,-4.987567135576181,-2.157570835050497,-0.43726934042293,0.5375141296156905,-2.914790558057012,-2.7195615888984337,42.76346880907371,34.952839654826406,11.939167587936026,11.188261529572827,225.2821428571429,1.319221538201564,17799.95,16828.35,18887.6,15183.4,-9.586712975708917,12.470856329939288
2023-03-24,17076.2,17109.45,16917.35,16945.05,0,17276.155,17625.063000000002,17962.6605,17455.3485,-1.9165433512260084,-3.8582159961641134,-5.6651435348343995,-2.923450654680431,-0.7720956379670962,-0.9064300981576068,-2.686801164653807,-3.2333499892926,29.084525190052858,37.042472192092546,12.148280465976868,11.291619505682315,215.94285714285746,1.2743713187205554,17799.95,16828.35,18887.6,15183.4,-10.284790020966133,11.602473754231593
2023-03-27,16984.3,17091.0,16918.55,16985.7,0,17252.15,17607.613,17951.0635,17458.19525,-1.5444451850928766,-3.5320687704801355,-5.377751017370082,-2.7064381124961923,0.23989306611666983,-0.015893197711380758,-0.98284395166226,-2.7488005130025472,25.41080806369642,38.811181367226595,12.223898969383256,11.315606963715767,213.57500000000022,1.2573812088992518,17799.95,16828.35,18887.6,15183.4,-10.069569452974427,11.870200350382662
2023-03-28,17031.75,17061.75,16913.75,16951.7,0,17230.1,17587.515,17939.752,17461.1725,-1.6157770413404322,-3.615149724108259,-5.507612368331511,-2.917745071243067,-0.20016837692883316,-0.910711676165421,-0.5374546009282111,-2.535546522391574,22.63771475320422,39.00132643019129,12.181567726248987,11.219409993214695,212.4142857142859,1.2530559514047908,17799.95,16828.35,18887.6,15183.4,-10.249581736165515,11.646271586074272
2023-03-29,16977.3,17126.15,16940.6,17080.7,0,17218.9375,17571.232,17930.032,17464.1855,-0.802822473802459,-2.791676758920486,-4.736924061262124,-2.1958395941224906,0.7609856238607327,-0.4151143605081731,0.6395771896901659,-1.2901678518488557,32.21872816212442,43.48098620977853,12.481160130944291,11.37541196563309,211.471428571429,1.2380723774284952,17799.95,16828.35,18887.6,15183.4,-9.566593955822857,12.495883662420809
2023-03-31,17210.35,17381.6,17204.65,17359.75,0,17214.38,17557.360999999997,17922.458,17469.975250000003,0.8444684037415171,-1.125516528366633,-3.139680952244378,-0.6309410770344572,1.6337152458622883,1.6563310671140474,2.202748210248684,-0.5223226309244877,48.266866664492724,51.08001393566367,13.50908224349768,11.82090298222293,214.0178571428574,1.2328395117605806,17799.95,16828.35,18887.6,15183.4,-8.08916961392659,14.333746064781277
2023-04-03,17427.95,17428.05,17312.75,17398.05,0,17218.1875,17542.015,17914.4105,17478.093500000003,1.0446076278353877,-0.8206867911126524,-2.8823750577782197,-0.4579647087939162,0.22062529702329137,2.6733470836616036,1.7426849629094576,0.43961690114824314,59.28182475914858,48.9321722263754,13.261279983419538,11.733516396086985,192.507142857143,1.1064868928250178,17799.95,16828.35,18887.6,15183.4,-7.88639107139075,14.585995231634547
2023-04-05,17422.3,17570.55,17402.7,17557.05,0,17216.322500000002,17530.999,17908.411,17487.218249999998,1.9790957098997024,0.14859963200043236,-1.9619886990532034,0.39933023652862115,0.9138955227740997,3.3637118281848677,3.3472840291022044,-0.21199987495985617,68.87329635208117,54.69426866029182,12.420972667616473,11.93137818860395,187.86071428571424,1.0700015907325788,17799.95,16828.35,18887.6,15183.4,-7.044568923526544,15.633191511782602
2023-04-06,17533.85,17638.7,17502.85,17599.15,0,17210.7075,17522.429,17904.1205,17496.75325,2.2569815912564954,0.4378445476937094,-1.7033537056455772,0.5852328631313348,0.2397897141034555,3.81938094704366,2.8738857226362713,-0.6340531125345383,73.53603603603604,50.105526975333134,12.204953138093998,11.916835579384736,178.10357142857174,1.0120009854372043,17772.35,16828.35,18887.6,15183.4,-6.821671361104626,15.910468011117418
2023-04-10,17634.9,17694.1,17597.95,17624.05,0,17204.19,17512.539,17896.863999999998,17508.0705,2.440452006168268,0.6367494741910273,-1.5243676210536021,0.6624345041333803,0.14148410576646508,3.1810757170373405,2.7527562544091166,-0.7341842022259404,73.76158398154008,47.99734200999034,12.180393356428187,11.858485774388868,169.80714285714308,0.9634967153244747,17772.35,16828.35,18887.6,15183.4,-6.689838836061751,16.074462900272664
2023-04-11,17704.8,17748.75,17655.15,17722.3,0,17210.825,17504.619000000002,17890.7955,17520.2145,2.9718215134951316,1.2435631989476426,-0.9417999328202085,1.1534419284649802,0.5574768569085897,2.0884517346159814,3.779374476632169,0.7544230681766573,73.4413260501036,49.28264950388839,11.871574419345913,11.937008533837762,165.3107142857147,0.9327836357905843,17748.75,16828.35,18887.6,15183.4,-6.16965628242868,16.72155116772264
2023-04-12,17759.55,17825.75,17717.25,17812.4,0,17230.8,17503.028,17884.8855,17532.52575,3.3753511154444493,1.7675341660883082,-0.4052891476436842,1.5963144956453335,0.5083990227002344,2.3815887412669934,5.118603958088075,2.2942760826743402,81.55395573255714,55.150968696536815,11.30683934512356,11.671583799580908,153.65357142857178,0.8626213841401033,17825.75,16828.35,18887.6,15183.4,-5.692623731972284,17.314962393139886
2023-04-13,17807.3,17842.15,17729.65,17828.0,0,17264.485,17507.501,17879.069,17543.47175,3.264012798528305,1.830638193309255,-0.28563567823357866,1.6218468844400733,0.08757943904245113,1.543254703950847,4.958877173151532,3.9272951971225822,79.9658958575943,60.36920463629094,9.603073301048088,11.081099759707188,151.73928571428613,0.8511290425975214,17842.15,16828.35,18887.6,15183.4,-5.610029860861087,17.41770617911667
2023-04-17,17863.0,17863.0,17574.05,17706.85,0,17297.6625,17508.659,17872.698500000002,17554.9395,2.365565289529727,1.131959906238387,-0.9279432537845568,0.8653433411148933,-0.6795490240071866,0.6119613731344842,4.4547154562669,3.8933187821607262,71.69553149067576,64.8204275407022,9.641443188462183,11.1808434357057,165.2535714285719,0.9332748141457792,17863.0,16828.35,18887.6,15183.4,-6.25145598170228,16.619795302764857
2023-04-18,17766.6,17766.6,17610.2,17660.15,0,17332.0625,17508.619,17866.2235,17565.457000000002,1.8929512860918973,0.8654651746091608,-1.1534250648996898,0.539086458154771,-0.2637397391404894,0.20483373571908992,3.3924253689837203,4.053699737511152,73.31787470515329,67.13615023474189,9.5271314812973,11.196414596327081,164.98928571428587,0.9342462307187983,17863.0,16828.35,18887.6,15183.4,-6.498708147144143,16.312222558847175
2023-04-19,17653.35,17666.15,17579.85,17618.75,0,17363.72,17508.667999999998,17860.8115,17575.054500000002,1.4687520876862723,0.6287285817516339,-1.3552659687383175,0.2486222731201089,-0.2344260949086019,-0.5842921065550177,1.4919569694264112,3.727569235116812,79.03378727805553,68.26450483023555,9.644458858616305,11.19353017013037,157.43214285714308,0.893548877514824,17863.0,16828.35,18887.6,15183.4,-6.717899574323888,16.039556357601068
2023-04-20,17638.6,17684.45,17584.35,17624.45,0,17389.940000000002,17508.949,17854.613999999998,17584.016499999998,1.348538292829063,0.6596683787245037,-1.2891009573211554,0.22994462044552125,0.0323518978361248,-1.0551638184635448,1.3012952601009875,3.066657699831299,78.38258164852255,68.12494680398336,9.480567270806215,11.19341097009307,152.26428571428602,0.8639378006932756,17863.0,16828.35,18887.6,15183.4,-6.687721044494791,16.07709735632336
2023-04-21,17639.75,17663.2,17553.95,17624.05,0,17421.7225,17504.349,17848.182,17592.88575,1.1613518697706235,0.6838357713274623,-1.2557693551085563,0.1771412060696068,-0.0022695743697065396,-1.143986986762402,0.3816130842026366,3.7416707871253285,80.79512664315475,65.89516471516104,9.017123555164261,10.738144450137398,149.49642857142888,0.8482524083364997,17863.0,16913.75,18887.6,15183.4,-6.689838836061751,16.074462900272664
2023-04-24,17707.55,17754.5,17612.5,17743.4,0,17453.517499999998,17503.925,17840.775,17602.60725,1.66088297101145,1.3681217212710988,-0.5458002805371404,0.7998403191095484,0.6771996221073051,0.20641729048365143,0.8196418577033571,3.717083150664924,80.62384473197775,72.79589371980666,8.999400067711248,10.794426406093958,146.38571428571439,0.8250150156436443,17863.0,16913.75,18887.6,15183.4,-6.057942777271846,16.860518724396393
2023-04-25,17761.55,17807.45,17716.85,17769.25,0,17484.385000000002,17504.88,17833.34,17612.55225,1.6292537598548529,1.5102645662238128,-0.35938304322129305,0.8896935990636982,0.14568797411995682,0.6177750472108112,0.8238741946374528,3.5993096974679117,74.7043918918918,71.17261238201877,8.995827665775742,10.784760475791884,131.36428571428613,0.7392787299086125,17863.0,16913.75,18887.6,15183.4,-5.921080497257453,17.030770446672026
2023-04-26,17767.3,17827.75,17711.2,17813.6,0,17521.22,17503.718,17825.8485,17622.86,1.6687194156571137,1.7703781562294236,-0.0687120167099003,1.0823441824993103,0.24958847447134058,1.1059240865554987,0.5151701528582686,4.314014838758773,74.88770437803187,71.17169002367682,8.697727317607159,10.627664906530258,131.45357142857185,0.7379393914120215,17863.0,16913.75,18887.6,15183.4,-5.686270357271438,17.32286576129193
2023-04-27,17813.1,17931.6,17797.9,17915.05,0,17569.72,17504.15,17818.8185,17633.2585,1.965483798261999,2.347443320583963,0.5400554475595452,1.598068218644894,0.569508689989684,1.6488457795845957,0.5762839370326178,5.724385587531455,73.02843175093263,76.37101595192384,7.954758682542979,10.70226064191156,128.68214285714308,0.7182907268310337,17931.6,16913.75,18887.6,15183.4,-5.149145471102731,17.99102967714741
2023-04-28,17950.4,18089.15,17885.3,18065.0,0,17623.685,17508.32,17811.885,17644.52925,2.5041017244690806,3.179516938232796,1.421045554695652,2.3830091698252613,0.8370057577288481,2.5019788300645995,1.32936953107472,6.354168506449542,76.31474891261355,84.84056618447653,8.19371312920107,10.851739949809115,133.5392857142859,0.7392155312166394,18089.15,16913.75,18887.6,15183.4,-4.355238357440854,18.978621389148678
2023-05-02,18124.8,18180.25,18101.75,18147.65,0,17683.482500000002,17515.855,17805.2365,17655.318499999998,2.624864757267125,3.6069892106323205,1.923105598737778,2.7885733129085377,0.45751453086078087,2.278311935705668,2.4894320559557537,7.055044626792606,77.76540460282105,85.22661815976953,7.980658795251459,10.831380833770519,134.90357142857178,0.7433666145675709,18180.25,16940.6,18887.6,15183.4,-3.9176496749189793,19.522965870621874
2023-05-03,18113.8,18116.35,18042.4,18089.85,0,17733.94,17519.055,17799.174,17665.10325,2.006942619632185,3.258138067378624,1.6330870185324302,2.4044396683613973,-0.3184985383782646,1.804240471601215,2.433161666237238,5.908130228854769,70.36400908637576,84.01422551627248,8.14827192106135,10.68301488807678,133.51428571428602,0.7380618728971552,18180.25,17204.65,18887.6,15183.4,-4.223670556343845,19.142286971297594
2023-05-04,18081.0,18267.45,18066.7,18255.8,0,17778.7425,17523.854000000003,17794.7215,17675.27925,2.683302826395056,4.176855159829545,2.591097028408113,3.284365365825831,0.9173652628407636,2.4823730183680004,3.615750266051787,5.1616526735696056,72.66176019625856,84.35964912280683,6.877596994227837,10.82413749864303,140.10357142857174,0.7674469014152858,18267.45,17312.75,18887.6,15183.4,-3.3450517800038084,20.235256925326343
2023-05-05,18117.3,18216.95,18055.45,18069.0,0,17812.29,17524.517000000003,17788.984,17684.54425,1.4411959383100046,3.106978640267212,1.5740977674722718,2.173964703670557,-1.0232364508813596,0.8593333538003067,2.522348215121606,3.8564666729892227,60.48281861678984,71.92087776232412,8.237669495198897,11.076380784828425,146.37857142857163,0.8101088683854759,18267.45,17402.7,18887.6,15183.4,-4.334060441771313,19.004965949655546
2023-05-08,18120.6,18286.95,18100.3,18264.4,0,17847.6575,17530.921,17786.023,17695.57475,2.3349983043993325,4.183915950565307,2.6896231945725044,3.2145056492160657,1.0814101499806439,1.1037918627179621,3.633387331515747,4.028865897175216,72.78038815117466,74.40628785531165,8.451420920043113,11.27003044245033,141.30714285714308,0.7736752527164488,18286.95,17502.85,18887.6,15183.4,-3.2995192613142863,20.291897730416125
2023-05-09,18303.4,18344.2,18229.65,18265.95,0,17880.997499999998,17539.348,17782.589,17707.07125,2.1528580830012594,4.142696752467645,2.7181700032543112,3.156246123988459,0.008486454523559672,0.6518750361617087,2.9450387186221283,3.788819346388883,75.69998303071417,71.91480153332502,8.476470805572113,11.188273571806342,138.31785714285746,0.7572442558030513,18344.2,17553.95,18887.6,15183.4,-3.2913128189923437,20.30210624761253
2023-05-10,18313.6,18326.75,18211.95,18315.1,0,17915.55,17549.116,17780.773999999998,17718.9535,2.2301855092363856,4.364801053226822,3.005077281787626,3.3644565972815434,0.2690799000325539,1.2451733983421587,3.0718797923378727,3.9210624118746873,79.34842162936718,72.03668934100757,8.47939021016133,11.193632898481724,140.35357142857148,0.7663270821812138,18344.2,17553.95,18887.6,15183.4,-3.0310891802028848,20.625815034840674
2023-05-11,18357.8,18389.7,18270.4,18297.0,0,17944.285,17563.97,17778.7725,17730.1925,1.965611892588644,4.173486973617005,2.9148665916052465,3.196849103584177,-0.09882555923800274,0.22568170115799813,2.7136569811829325,3.2428070848592006,78.0521376433784,70.80023490866375,8.425957027777825,10.597107163620505,141.72499999999985,0.7745805323277032,18389.7,17553.95,18887.6,15183.4,-3.1269192486075443,20.5066058985471
2023-05-12,18273.75,18342.75,18194.55,18314.8,0,17969.405,17580.041,17775.840500000002,17740.374,1.9221281951183162,4.179506748590621,3.0319775877826824,3.237958793878863,0.0972837077116484,1.3603409153799317,2.231364132391489,2.8205070624957695,78.39904617029146,69.27205308352843,8.3269549749751,10.570061283751391,144.50714285714275,0.7890184050993883,18389.7,17553.95,18887.6,15183.4,-3.0326775238780965,20.623839192802667
2023-05-15,18339.3,18458.9,18287.9,18398.85,0,17997.9475,17598.702,17773.226,17750.6655,2.227490106858019,4.546630768564621,3.5200362612842477,3.651606752434152,0.45891847030816724,0.7361314907689209,1.8480487129808987,3.201985640565397,77.75331329127314,69.15063840903883,8.399677596347097,10.570256451469644,146.57857142857134,0.7966724628363804,18458.9,17553.95,18887.6,15183.4,-2.587676570871895,21.177404270453252
2023-05-16,18432.35,18432.35,18264.35,18286.5,0,18026.93,17616.578,17771.942,17759.49375,1.4399013032169077,3.8027930282487246,2.8953391812779996,2.9674621214920527,-0.6106359908363723,0.11250441395054267,0.7651128383013628,3.2735918585180324,70.40675425099619,64.08256035383008,8.31152620805193,10.627952257832309,152.1071428571426,0.8318001960853231,18458.9,17553.95,18887.6,15183.4,-3.1825112772400868,20.43745142721657
2023-05-17,18300.45,18309.0,18115.35,18181.75,0,18053.01,17634.134000000002,17771.069499999998,17767.37625,0.7131220777033946,3.1054317722662086,2.3109498277523604,2.33221689105615,-0.5728269488420423,-0.7280877527286123,0.5080196905999923,2.953542297205858,63.86367915646776,64.73471920570901,8.589518561341933,10.647410290898023,157.61428571428561,0.8668818222354043,18458.9,17553.95,18887.6,15183.4,-3.7371079438361607,19.74755324894293
2023-05-18,18287.5,18297.2,18104.85,18129.95,0,18078.57,17647.715,17768.164500000003,17774.42875,0.28420389444519684,2.7325633941844627,2.0361444762625767,2.000183831505705,-0.28490106837900653,-0.912991200743285,-0.6893699536585585,2.9014544164597478,58.40701040607158,64.53049610293203,8.621059866199971,10.541549473469217,161.8035714285717,0.8924656241664852,18458.9,17553.95,18887.6,15183.4,-4.011361951756697,19.406391190378976
2023-05-19,18186.15,18218.1,18060.4,18203.4,0,18107.517499999998,17665.345,17766.3455,17782.29075,0.5295176437079426,3.045822201604329,2.4600135126270173,2.368138368224585,0.40513073670915833,-0.6082512503548965,0.7438153743981379,3.2849252033396725,55.75898801597876,67.73117399084103,8.658206937242843,10.397066774163001,158.50714285714275,0.8707556986999283,18458.9,17553.95,18887.6,15183.4,-3.6224824752747686,19.89014318268637
2023-05-22,18201.1,18335.25,18178.85,18314.4,0,18142.034999999996,17679.746,17767.498499999998,17791.443499999998,0.9500863602126514,3.589723517521136,3.0781007241959446,2.939370827330587,0.6097761956557646,-0.4589960785592373,0.27375659753399173,3.9170905665837363,56.778730842717195,69.66846261295933,8.774900554805432,9.909471309482765,161.44642857142858,0.8815272603603097,18458.9,17612.5,18887.6,15183.4,-3.034795315445039,20.62120473675199
2023-05-23,18362.9,18419.75,18324.2,18348.0,0,18172.265000000003,17692.477000000003,17769.705,17799.9745,0.9670506125680915,3.7050945438561107,3.2543871718748183,3.078799354459748,0.1834621936836589,0.33631367402182644,0.4491964557003625,3.4074641838655495,60.70495542193669,70.25431553031368,8.58712579756801,9.82222642433456,161.45357142857134,0.8799518826497238,18458.9,17711.2,18887.6,15183.4,-2.856900823820912,20.842499045009685
2023-05-24,18294.8,18392.6,18262.95,18285.4,0,18198.072500000002,17703.097,17774.491,17806.7535,0.4798722502067151,3.289271927957011,2.874394546656777,2.688005424458774,-0.3411816001744006,0.570077137789271,-0.16216127676068615,2.9047371160853874,51.34252539912929,65.66111881645867,8.776523540333091,9.857620954624439,156.37499999999974,0.8551904798363708,18458.9,17711.2,18887.6,15183.4,-3.1883352040492023,20.43020667307719
2023-05-25,18268.9,18338.1,18202.4,18321.15,0,18223.45,17717.728,17777.5565,17812.568,0.536122413703227,3.405752701475055,3.057751496950679,2.8551862931835665,0.1955111728482839,1.0546085344967926,0.13198885063125942,2.8492275564737213,63.25222052872254,65.85646152962141,8.770050354635867,9.597137988848276,151.7571428571425,0.8283166878560707,18458.9,17797.9,18887.6,15183.4,-2.99905758275269,20.665661182607334
2023-05-26,18368.35,18508.55,18333.15,18499.35,0,18252.665,17739.457000000002,17781.227,17818.3645,1.3515012739235486,4.283631680496175,4.038658299565039,3.821818214572942,0.9726463677225405,1.6257951811200044,1.0076550112477323,3.2615035961384375,62.575603489803584,68.29496038203992,9.139640238200993,9.470154546295372,149.57499999999942,0.8085419217431934,18508.55,17885.3,18887.6,15183.4,-2.0555814396747074,21.839311353188343
2023-05-29,18619.15,18641.2,18581.25,18598.65,0,18279.3475,17768.343999999997,17785.9885,17824.6305,1.7467937518010508,4.672950951422396,4.569110679454234,4.342415400981255,0.5367756164405879,1.55205739745774,1.0859374363071828,2.954054802103534,66.12074813450934,68.25854700854711,8.90474066449575,8.76625440249994,151.52499999999964,0.814709669787859,18641.2,18042.4,18887.6,15183.4,-1.5298396831783663,22.493315067771395
2023-05-30,18606.65,18662.45,18575.5,18633.85,0,18303.6575,17800.155,17790.417,17830.859,1.803970053526173,4.683638990784067,4.740940024059005,4.5033781042180765,0.18926104851695325,1.55793546980596,1.899488693845175,2.679134764005231,65.65646642762431,66.18580167875945,8.831347991860602,8.567463008028634,149.53571428571402,0.8024949985414396,18662.45,18042.4,18887.6,15183.4,-1.3434740252864312,22.725147200231827
2023-05-31,18594.2,18603.9,18483.85,18534.4,0,18325.885000000002,17831.4,17794.708,17836.621,1.137816809392831,3.942483484190809,4.156808866995753,3.9120582312087158,-0.5337061315831004,1.3617421549432907,1.9395822734335377,2.4574554238979474,60.797780405712906,60.90020010709965,9.008773677221928,8.613007243718027,151.72857142857123,0.8186322267166525,18662.45,18055.45,18887.6,15183.4,-1.8700099536203492,22.070155564629808
2023-06-01,18579.4,18580.3,18464.55,18487.75,0,18337.482500000002,17861.443,17797.610999999997,17842.07225,0.8194554514230515,3.50647481281328,3.8777058336649954,3.6188495425468243,-0.25169414709945714,0.9093315648853739,1.973529987672329,1.270555111252314,57.6652040952002,61.28538204095537,8.587442487259219,8.664354008684782,149.41071428571402,0.8081606160063503,18662.45,18055.45,18887.6,15183.4,-2.116997395116365,21.76291212771843
2023-06-02,18550.85,18573.7,18478.4,18534.1,0,18360.7375,17890.124,17802.5225,17847.11725,0.9442022685635546,3.599617308409929,4.10940359715877,3.849264507969763,0.2507065489310456,0.18784443777755122,1.8166935847149235,2.574021805301885,56.20156815993403,58.467717397918875,7.578519794840534,8.5898472985889,144.00357142857112,0.7769655469031198,18662.45,18060.4,18887.6,15183.4,-1.8715982972955802,22.068179722591772
2023-06-05,18612.0,18640.15,18582.8,18593.85,0,18377.21,17922.233,17808.5395,17852.41275,1.1788514143332933,3.7473957625704246,4.409741180628539,4.153148710949443,0.3223787505193032,-0.0258083247977825,1.5258485126457666,1.8037822211515175,64.8070530423472,67.30750206100589,6.7454903245093485,8.390369722288762,139.57857142857134,0.7506706326477376,18662.45,18060.4,18887.6,15183.4,-1.5552531819818294,22.461701595163134
2023-06-06,18600.8,18622.75,18531.6,18599.0,0,18393.8625,17952.063000000002,17815.935,17857.11275,1.1152497198454145,3.6036916759928816,4.395306785751063,4.154575604614468,0.027697330031184464,-0.18702522559749246,1.3679965118813975,1.8233379594272403,72.23554489741558,62.616892911010645,6.742744782437526,8.3120015334651,132.25714285714275,0.7110981389168383,18662.45,18060.4,18887.6,15183.4,-1.5279866155572892,22.495620216815738
2023-06-07,18665.6,18738.95,18636.0,18726.4,0,18414.427499999998,17983.553,17822.186999999998,17862.254,1.6941743097905353,4.130702092072693,5.073524366005157,4.8378328961171455,0.684983063605582,1.035911602209949,2.4117602021284767,2.2456879842316146,79.41510085318359,65.85735440989099,7.043157222648875,8.390429263960431,128.5142857142855,0.6862733131530112,18738.95,18060.4,18887.6,15183.4,-0.8534700014824388,23.334694468959537
2023-06-08,18725.35,18777.9,18615.6,18634.55,0,18431.305,18014.706,17829.391,17866.3005,1.1027162753803867,3.4407666714072436,4.5159085916058475,4.299992043680213,-0.49048402255640333,0.7940392962907827,1.7105913111349347,1.84483795157675,70.88399128118185,60.68716336020884,7.3300459128888855,8.41129538524401,128.84285714285735,0.691419203269504,18777.9,18060.4,18887.6,15183.4,-1.3397678900442582,22.72975749832053
2023-06-09,18655.9,18676.65,18555.4,18563.4,0,18443.735,18047.073,17836.068,17869.39625,0.6488111003546779,2.8610013380009107,4.077871871760089,3.8837560054666076,-0.38181764518058214,0.1580869856103284,0.34622838099718223,1.3573721798763927,62.54534461910527,58.60687516154054,7.520663999687864,8.228682160807006,126.33214285714295,0.6805442044945589,18777.9,18060.4,18887.6,15183.4,-1.716470065016186,22.26115362830461
2023-06-12,18595.05,18633.6,18559.75,18601.5,0,18453.8675,18079.389,17843.501,17872.62125,0.8000084535125209,2.8878796733672845,4.2480396644133895,4.078186069097167,0.20524257409741953,0.041142635871538324,0.015323692848667747,1.1014275348731006,62.714414685525206,59.1428024746477,7.398922593860267,8.227837478311427,124.08214285714295,0.667054500213117,18777.9,18060.4,18887.6,15183.4,-1.5147504182638267,22.512085567132527
2023-06-13,18631.8,18728.9,18631.8,18716.15,0,18475.350000000002,18114.678,17851.0965,17877.40975,1.3033582584362366,3.320357115925558,4.84594041604112,4.691620663894011,0.6163481439668939,0.629872573794299,0.4416693275946848,2.3495474803817196,70.53243719910392,59.924929621520306,7.21262540235489,8.236359008673984,123.92142857142893,0.6621096142712519,18777.9,18060.4,18887.6,15183.4,-0.9077384103856344,23.26718653266068
2023-06-14,18744.6,18769.7,18690.0,18755.9,0,18504.057500000003,18148.182,17859.707,17883.73575,1.3610123077060197,3.34864395783556,5.017960261050212,4.876857174541967,0.2123834228727528,0.1575316131237292,1.1950751035911589,3.157836841888173,70.64438007502736,65.38108657185934,6.739353981587902,8.135503563075192,119.92142857142919,0.6393797608828645,18777.9,18060.4,18887.6,15183.4,-0.6972828734195827,23.5289856026977
2023-06-15,18774.45,18794.1,18669.05,18688.1,0,18531.965000000004,18174.749,17866.055,17889.28875,0.8425172398069752,2.82452869087765,4.6011556552355755,4.465304692451783,-0.3614862523259488,0.2873694293664242,1.0836905518518902,3.078607497538588,60.01273142008378,67.00359313610261,6.810973542103637,7.522803700533316,115.46785714285787,0.6178683608438411,18794.1,18060.4,18887.6,15183.4,-1.0562485440182978,23.08244530210624
2023-06-16,18723.3,18863.95,18712.7,18823.6,0,18562.975,18203.26,17872.6375,17895.381999999998,1.4040044766531228,3.4078511211728024,5.320773165124608,5.186913584744941,0.7250603325110738,1.4016828813687043,1.5619857451939945,3.407055824736016,61.49169859514672,72.0535402028423,7.058482612658806,7.63206048726765,117.8964285714293,0.6263224280766129,18863.95,18178.85,18887.6,15183.4,-0.33884665071263687,23.974867289276443
2023-06-19,18873.3,18879.0,18719.3,18754.2,0,18584.965,18227.202999999998,17879.101,17901.54075,0.9106016610738873,2.8912664219518653,4.894535804680571,4.76304951572395,-0.3686861174270528,0.8209015401983821,0.8623819166014624,2.4013890708950214,55.940569623377364,67.55705724850188,7.101715689630697,7.521788676951606,123.09285714285787,0.6563482160948366,18879.0,18202.4,18887.6,15183.4,-0.706283487579141,23.517789164482274
2023-06-20,18752.35,18838.35,18661.15,18833.7,0,18609.250000000004,18251.894,17887.1615,17907.91475,1.2061206120611903,3.187647265538582,5.29171998586809,5.1696987780221635,0.42390504526985673,0.6280672039922663,1.2618958008495218,2.6471550032701074,65.07049345417917,66.89219959664305,7.181203032752756,7.54653414222773,125.0357142857148,0.6638935221741601,18879.0,18202.4,18887.6,15183.4,-0.28537241364703736,24.0413873045563
2023-06-21,18849.4,18875.65,18794.9,18862.1,0,18638.085,18276.655,17894.596999999998,17915.66075,1.2019206908864264,3.2032393236070806,5.406676663352635,5.282748223506071,0.15079352437386007,0.5662218288644993,0.7246454203690966,3.1538823323525644,69.20235957937925,66.77981591487696,6.960476726845341,7.546592844231477,122.5357142857148,0.6496398295296644,18879.0,18202.4,18887.6,15183.4,-0.13500921239331626,24.228433684155057
2023-06-22,18853.6,18886.05,18760.6,18779.35,0,18660.995,18297.796,17901.2075,17920.761000000002,0.6342373490802584,2.6317595845969652,4.9054931070990495,4.79102980057597,-0.43871042990971665,0.48827863720763975,0.7770512301075172,2.500934712067737,62.127280818869586,65.9128249734222,7.270254383494092,7.59236952444275,124.68928571428634,0.6639701891401265,18886.05,18333.15,18887.6,15183.4,-0.573127342806921,23.6834305886692
2023-06-23,18741.85,18751.2,18647.45,18668.55,0,18669.454999999998,18314.919,17908.9735,17926.38975,-0.0048474901918606405,1.930835730149817,4.241317906914091,4.140043033483643,-0.5900097713712138,-0.8237000361248636,0.5664371828436376,0.914626730128365,53.51628695160989,60.67543482269064,6.962099393051556,7.700874951651274,126.53571428571455,0.6778015126280003,18886.05,18464.55,18887.6,15183.4,-1.1597556068531698,22.95368626262892
2023-06-26,18682.35,18721.75,18647.65,18694.7,0,18674.2575,18332.253,17919.877,17932.166,0.10946887714277807,1.977100141482883,4.323818740496937,4.252325123468072,0.14007515313188001,-0.3172622665856162,0.5010348627798811,0.5164353326719828,54.417466765140354,56.62180943018889,6.730080042152364,7.701513515033756,125.31785714285719,0.670338957794761,18886.05,18464.55,18887.6,15191.1,-1.0213049831635455,23.063504288695356
2023-06-27,18748.55,18829.15,18714.5,18818.6,0,18683.495000000003,18354.487999999998,17931.5735,17937.93,0.7231248757258527,2.528602268829297,4.946729856138949,4.9095408444564015,0.6627546844827581,-0.08017543021286988,0.5473882181965761,0.9914751916539011,54.26970454755938,57.33337778815049,7.08249450103158,7.59504622968991,124.92500000000005,0.6638379050513856,18886.05,18464.55,18887.6,15367.5,-0.36531904529956166,22.4571335610867
2023-06-28,18908.15,19010.4,18861.45,18993.0,0,18706.425,18381.145,17944.881999999998,17944.617000000002,1.5319602756806858,3.328709936187324,5.840762842575406,5.842325862959337,0.926742690742155,0.6939842329327206,1.2641355520129682,2.4743180248618657,65.42052054205215,60.95737864966292,7.37647143268674,7.751919265872809,127.03214285714292,0.668836639062512,19010.4,18464.55,19010.4,15367.5,-0.09152884736776425,23.591996095656416
2023-06-30,19076.85,19201.1,19028.15,19183.2,0,18741.1975,18412.434,17960.551,17952.411,2.358453882149219,4.186116838219214,6.807413647832972,6.855842371255876,1.0014215763702428,2.1505004166811004,2.649279488016454,3.761680031372139,74.1863732147038,68.75578168362622,7.857021396985528,7.933728610198104,133.23571428571424,0.6945437376752275,19201.1,18478.4,19201.1,15367.5,-0.09322382571830687,24.829673011224994
2023-07-03,19246.5,19344.6,19242.2,19330.65,0,18781.025,18446.558,17977.753500000003,17960.070499999998,2.9264909662811265,4.792720679923054,7.525392424587414,7.63125901983516,0.7686413111472667,3.546606458455548,2.693693023651167,4.297753869893883,76.2161579117679,73.02502185314688,8.124179638211377,8.038809999003433,139.48928571428561,0.7215964580305659,19344.6,18531.6,19344.6,15511.05,-0.07211314785520037,24.625025385128684
2023-07-04,19406.6,19433.55,19300.25,19385.55,0,18820.61,18481.788,17993.0685,17967.8315,3.001709296351174,4.890013888266648,7.738988488817224,7.8903149776309895,0.2840049351677143,3.695432395277809,3.366445916114791,4.257859453528989,75.14839582237579,73.15043910927433,8.118395889585607,8.029971943051567,139.91071428571402,0.7217268237719023,19433.55,18531.6,19433.55,15511.05,-0.24699553092461232,24.978966607676465
2023-07-05,19405.95,19421.25,19340.55,19415.3,0,18861.425,18515.226000000002,18009.5755,17975.22625,2.93654906774011,4.861263913278708,7.805428284525642,8.011436017390878,0.15346482302540654,3.1707991030150984,3.0880814709802085,4.388945642238817,74.96025437201904,72.70516045219604,8.093185611978365,7.952920105304936,139.9821428571426,0.7209888225118469,19433.55,18555.4,19433.55,15511.05,-0.09390975915362865,25.170765357599905
2023-07-06,19385.7,19511.95,19374.9,19486.25,0,18899.4175,18549.566000000003,18027.222999999998,17982.307249999998,3.1050295597734716,5.049627576192335,8.09346508888253,8.363458198613541,0.36543344681772005,2.597009424524832,3.3090164933915256,4.057640550239228,80.14047807862256,73.66315508734498,7.925459122301964,7.963127354755185,140.83928571428547,0.7227623873977059,19511.95,18555.4,19511.95,15511.05,-0.13171415465907163,25.628181199854303
2023-07-07,19422.8,19523.45,19304.95,19324.65,0,18933.9225,18579.787,18041.7525,17988.91175,2.0636373683266154,4.0089964432853895,7.110714438633403,7.425342169461708,-0.829302713451785,0.7373639434505197,2.903721374807988,3.703336007577329,68.55534570232956,65.66960894732709,8.394488806724661,8.280761956124236,143.88571428571387,0.7445708682212296,19523.45,18555.4,19523.45,15511.05,-1.0182626533732473,24.586343284303787
2023-07-10,19400.35,19435.75,19327.4,19367.85,0,18974.145,18608.843,18056.496499999997,17996.363999999998,2.0749551560821216,4.078743638172442,7.2625024461417595,7.620906089696791,0.22354868005369788,0.19244050251800981,3.745872068264533,4.333527263324588,73.1749688432343,69.70918669031883,8.124653774990067,8.229966384897246,140.41428571428514,0.7249864373912703,19523.45,18559.75,19523.45,15511.05,-0.7969902860406444,24.864854410243016
2023-07-11,19427.1,19513.95,19408.8,19448.15,0,19016.4775,18636.506,18072.413,18005.9505,2.2699919057038853,4.35512965788759,7.61235923503962,8.009571613561874,0.41460461538065374,0.3229209385341214,4.030286658785642,4.551514662796019,73.1911681449331,73.66337692904334,8.155732848542621,8.10424871231531,138.19285714285692,0.7105707079740587,19523.45,18631.8,19523.45,15661.8,-0.38569002917004563,24.175701388090783
2023-07-12,19497.45,19497.45,19362.65,19384.75,0,19049.907499999998,18661.248,18088.5515,18014.763,1.7577119468952933,3.8770290175662443,7.165850178771907,7.604801684041034,-0.3259950175209525,-0.157350131082179,3.0084597153879677,3.5723158876157735,69.21860636146356,70.66895368782161,8.240064424229116,8.141622663834593,142.05357142857116,0.7328109541189396,19523.45,18647.45,19523.45,15785.45,-0.7104277164128303,22.801377217627618
2023-07-13,19495.2,19566.45,19386.6,19443.2,0,19084.2725,18688.315,18103.685,18022.89775,1.8807502355670178,4.039342230693362,7.399128961866047,7.880543238392399,0.301525683849424,-0.22092501122585873,2.370346969936299,3.664446920702291,74.85491781796405,69.77237496940522,8.25121895001133,8.083468778325676,146.0714285714283,0.7512725712404763,19566.45,18647.45,19566.45,15800.9,-0.6299047604445364,23.051218601472076
2023-07-14,19493.45,19594.55,19434.15,19587.35,0,19129.234999999997,18714.946,18119.4,18032.24275,2.394842240162775,4.661536292971396,8.101537578506997,8.62403679653213,0.7413903061224358,1.3594036631970008,2.106791359105875,4.811885638454427,83.562244301578,71.39658766308959,8.217450657759425,8.006356574212468,148.1071428571426,0.7561367048484997,19594.55,18647.45,19594.55,15858.2,-0.036744911212560266,23.51559445586509
2023-07-17,19612.15,19731.55,19563.7,19719.1,0,19174.010000000002,18747.947999999997,18136.2325,18042.68925,2.8428586404200087,5.180044237374683,8.727653331528478,9.291357439966989,0.6726279971512206,1.813572492558535,2.0095030430947514,4.757325910027843,84.73955507325012,75.68638198216162,8.178121609274672,7.63338557778139,154.80357142857116,0.7850437972755916,19731.55,18647.45,19731.55,15858.2,-0.06309691838705386,24.346394925023002
2023-07-18,19787.5,19817.75,19690.25,19751.55,0,19223.8775,18777.691000000003,18154.306,18054.81025,2.7448806828903307,5.186255328197682,8.798155104359257,9.397715769402787,0.1645612629379567,1.5600455570323968,1.8880042093208704,5.318008766036408,83.7304313243429,74.37035480736411,7.870242758034276,7.346253743007053,154.30714285714254,0.7812406765906602,19817.75,18647.45,19817.75,15858.2,-0.33404397572883265,24.55102092292945
2023-07-19,19802.95,19849.2,19727.55,19847.15,0,19274.55,18809.315,18174.3315,18068.9645,2.97075677512576,5.517665050534816,9.204291778214793,9.841103512046876,0.4840126471087114,2.3853802602561425,2.2242767302076416,5.381045678756702,82.74738335314191,78.31403331519913,7.889655539441537,7.374086998653986,149.29642857142815,0.7522310688004481,19849.2,18647.45,19849.2,15858.2,-0.010327872156053002,25.15386361629946
2023-07-20,19831.7,19990.8,19758.45,19969.95,0,19329.942499999997,18842.412,18195.764000000003,18083.77725,3.310964323872166,5.984042807258437,9.750544137635538,10.43019234269766,0.618728633582144,2.709173387096775,2.482263134261342,5.873418124174945,81.80715585203153,78.78987508551451,7.975314286061813,7.440402138352317,151.028571428571,0.7562791665906575,19990.8,18647.45,19990.8,15858.2,-0.10429797706944467,25.928226406527855
2023-07-21,19800.45,19886.35,19700.1,19780.9,0,19380.02,18872.09,18218.03,18098.38875,2.0685221171082437,4.815629853397272,8.578699233671273,9.296469830774319,-0.9466723752437955,0.9881377521717027,2.360974196169141,5.333251683364981,67.61059177846445,71.5276476101219,8.75413713754258,7.833505223857373,158.7749999999999,0.8026682304647407,19990.8,18647.45,19990.8,15858.2,-1.0499829921763901,24.736098674502784
2023-07-24,19748.45,19782.15,19659.6,19665.4,0,19429.8625,18899.102,18239.5715,18112.625249999997,1.2122448113052895,4.054679423392723,7.817225859719365,8.572886197156894,-0.5838965871118096,-0.27232480184185004,1.5363088830200766,5.339729116615932,60.45035288845745,70.44652128764285,8.74627316165237,8.007665940011474,158.007142857143,0.8034778995451045,19990.8,18647.65,19990.8,15927.3,-1.6277487644316277,23.469765748118025
2023-07-25,19729.35,19729.35,19616.65,19678.85,0,19479.07,18924.702,18261.702,18125.547749999998,1.025613645826001,3.984992735949012,7.760218625843295,8.569684466501162,0.06839423556090907,-0.3680723791297469,1.1862310811053822,5.264326252895191,59.962953162212216,74.4104571373345,8.763198345895331,7.976527071556375,160.29285714285703,0.8145438231545901,19990.8,18714.5,19990.8,16142.2,-1.5604678151949933,21.90934321220154
2023-07-26,19733.35,19825.1,19716.75,19773.1,0,19526.795,18954.433999999997,18285.506,18139.9765,1.2613693132948869,4.319126595919463,8.13537235447571,9.002897550611479,0.4789405884998432,-0.3731014276609157,2.003378944789058,5.07210950867758,60.656042200676076,75.22573099415203,8.674519128141295,7.825761835958968,160.94999999999996,0.8139846559214285,19990.8,18861.45,19990.8,16187.05,-1.0890009404326026,22.15382049230712
2023-07-27,19850.9,19867.5,19603.85,19700.2,0,19562.155,18984.803,18309.468500000003,18152.106,0.7056737869626424,3.768261382538449,7.595695636932322,8.528453943580987,-0.36868270529152314,-1.350779546268266,1.3217988808426506,3.72347707049967,64.93537482600917,71.12628804217599,8.55021885018322,7.7407232115708196,164.17500000000004,0.8333671739373206,19990.8,19028.15,19990.8,16438.75,-1.453668687596287,19.840012166375185
2023-07-28,19659.75,19692.05,19563.6,19638.0,0,19584.895,19014.964,18331.3395,18163.637,0.27115284508801074,3.2765562953471807,7.128014294863733,8.11711332923027,-0.3157328351996447,-0.7224140458725437,0.2585852603848915,2.3708244714124804,60.58374142997067,66.33490351010488,8.14970080029926,7.7501755134621915,165.99642857142888,0.8452817423944846,19990.8,19242.2,19990.8,16438.75,-1.7648118134341761,19.461637898258687
2023-07-31,19666.35,19772.25,19599.15,19740.75,0,19605.4,19045.711,18355.528000000002,18175.7675,0.690371020229113,3.649320311538911,7.546620287904536,8.610269139941398,0.5232202871982894,0.383160271339511,0.10979202904799479,2.1215013463075305,61.26511126511124,64.77462437395661,7.933720028357142,7.773796714532645,167.92500000000004,0.8506515709889443,19990.8,19300.25,19990.8,16438.75,-1.2508253796746467,20.086685423161736
2023-08-01,19784.0,19793.7,19704.85,19736.1,0,19622.9275,19074.145,18376.945499999998,18188.243000000002,0.5767360655029528,3.4704307847088196,7.395976115834923,8.510206290953976,-0.023555336043468156,0.2909214715290709,-0.07822170918232452,1.8083056709765843,64.1679099963708,61.62380665691918,7.9174017222376,7.7166104314626365,164.6428571428574,0.8342218429317717,19990.8,19304.95,19990.8,16438.75,-1.2740860795966182,20.058398600866845
2023-08-02,19655.4,19673.4,19424.7,19514.8,0,19627.9025,19097.481,18394.979,18200.899250000002,-0.5762332475413553,2.1852044256517362,6.087644894837879,7.218878210097213,-1.1212954940439057,-1.306320202699629,-1.674547731034437,0.5124824236555803,52.55203877958364,53.382710879635695,9.002359344164134,8.227253420997972,173.9071428571429,0.8911551379319436,19990.8,19304.95,19990.8,16438.75,-2.3810953038397664,18.712189187134054
2023-08-03,19463.75,19536.8,19297.85,19394.45,0,19623.3125,19119.662,18411.3795,18212.2535,-1.166278629054087,1.437201138806745,5.339472254102424,6.491214829620079,-0.6167114190255507,-1.5520147003583729,-2.881829949499126,-0.47110141766629754,43.00580130529375,49.4790235126559,9.185959841028522,8.330103853366577,179.5178571428574,0.9256145811964628,19990.8,19297.85,19990.8,16438.75,-2.983122236228658,17.98007756064178
2023-08-04,19462.8,19538.45,19436.45,19510.05,0,19632.5825,19143.44,18430.584,18224.732000000004,-0.6241282826648056,1.915068556121578,5.856927810860472,7.052603023188464,0.5960468072051528,-0.6515429269783102,-1.36925013523147,0.9593964185638404,42.33041053674285,50.58170797282102,8.91388276400601,8.397239516093375,177.8142857142861,0.9113984111485418,19990.8,19297.85,19990.8,16746.25,-2.404856233867579,16.503993431365227
2023-08-07,19576.85,19619.85,19525.55,19597.95,0,19644.0875,19165.412,18452.4345,18236.79325,-0.23486710696030408,2.256867736524529,6.207936952709418,7.463794381723343,0.45053703091484376,-0.7233767713992645,-0.3429881924598588,1.1880513324917352,44.585066629063,56.92951318458417,9.008660704773035,8.206536452213085,176.55000000000032,0.9008595286751946,19990.8,19297.85,19990.8,16747.7,-1.965153970826573,17.018754814093874
2023-08-08,19627.2,19631.55,19533.45,19570.8,0,19650.22,19184.855,18476.5995,18248.08825,-0.4041685029480682,2.0117170549373435,5.922088098516174,7.248494921104946,-0.1385348977826828,-0.8375514919360949,-0.5490666375321696,0.630651244462821,39.76367744564198,55.188016053580114,8.934031484599847,8.168734445914405,174.86785714285725,0.8935140982630105,19990.8,19297.85,19990.8,16747.7,-2.1009664445644995,16.8566430017256
2023-08-09,19578.8,19645.2,19468.25,19630.95,0,19662.53,19204.797,18502.476,18258.80825,-0.16061005374180284,2.218992473599185,6.099043176707821,7.514957883409519,0.30734563737813136,0.5951892922295032,-0.7189059884388227,1.27007054514503,36.83188315724048,54.72156214484966,8.879232287321011,8.179423489589071,170.91071428571453,0.8706186622945631,19990.8,19297.85,19990.8,16747.7,-1.8000780358965054,17.215796795977955
2023-08-10,19605.55,19621.95,19496.3,19549.2,0,19667.829999999998,19225.093,18528.2465,18268.993000000002,-0.6031677109269167,1.6858540034110625,5.510254302801938,7.007540043394829,-0.41643425305448734,0.7979086800605328,-0.7664896803078136,0.5451777485187659,40.181371302652714,54.207711792851136,8.990198621414969,8.136407187348897,161.25357142857163,0.8248602061903896,19990.8,19297.85,19990.8,16747.7,-2.2090161474278096,16.72767006812876
2023-08-11,19554.25,19555.15,19413.8,19424.25,0,19659.675,19243.823,18552.633,18278.2945,-1.1975019932933748,0.93758397175031,4.698077086955788,6.269488107875711,-0.6391565895279672,-0.43977334758239506,-1.0884509624197958,-0.8326802757902318,39.86210955563956,49.53109148046419,8.873520074499503,8.269890452345411,162.59642857142873,0.8370795710075226,19990.8,19297.85,19990.8,16747.7,-2.8340536646857517,15.981597473085852
2023-08-14,19383.95,19465.3,19258.2,19413.65,0,19644.4025,19261.414,18575.769,18287.48125,-1.1746475872707183,0.7903677268968975,4.510612723489408,6.158140285174595,-0.054570961555777675,-0.9404044810809253,-1.656978584906843,-1.5490057862681206,38.824273072060805,45.397700174871574,8.464626680573781,8.269717041666853,169.33928571428598,0.8722691802638141,19990.8,19258.2,19990.8,16747.7,-2.887078055905706,15.918305200117032
2023-08-16,19369.0,19482.1,19319.25,19447.0,0,19629.175,19278.477,18600.355,18296.0625,-0.9280828155029403,0.8741510026959134,4.55176796356844,6.2906294728715535,0.17178634620484967,-0.6325750608048741,-1.4648284108815801,-1.5419043062443127,35.51439232409386,42.393917370157126,8.467396073376667,8.25523636447182,170.52500000000015,0.8768704684527183,19990.8,19258.2,19990.8,16747.7,-2.720251315605175,16.117437021202907
2023-08-17,19450.55,19455.5,19326.65,19346.2,0,19604.1275,19293.421,18622.742,18304.51175,-1.3156795679889246,0.2735595724573795,3.884809229489419,5.690882467815615,-0.5183318763819611,-1.4505156398442298,-0.8639596613851941,-2.5240399755128595,34.65539661898569,39.08618507848471,8.33413241776271,8.367055855110124,160.89642857142852,0.8316694160684192,19990.8,19258.2,19990.8,16747.7,-3.2244832623006507,15.515563331084268
2023-08-18,19301.75,19373.45,19253.6,19281.5,0,19569.705,19304.522999999997,18644.038,18312.234500000002,-1.4727099871970564,-0.11926220606433742,3.419119828011504,5.292994145526028,-0.33443260175125555,-1.36936549833242,-0.582383104444828,-3.447429763219245,34.58044982698962,34.512498973249635,7.878109935315226,8.300813622250779,159.69999999999996,0.8282550631434275,19886.35,19253.6,19990.8,16747.7,-3.548132140784757,15.129241627208506
2023-08-21,19320.65,19425.4,19296.55,19380.15,0,19549.6675,19319.435,18667.0705,18320.20125,-0.8671119342566727,0.3142690249481941,3.8199861086933797,5.785682894722585,0.5116303192179039,-0.2270357928877531,-0.6658106975635514,-2.025944218918252,34.34759961802247,33.63485016648167,7.67946169888393,8.263958357148303,157.61428571428587,0.8132769133070995,19867.5,19253.6,19990.8,16747.7,-3.054655141365017,15.718277733658953
2023-08-22,19417.1,19443.05,19382.2,19390.05,0,19535.9,19335.968,18691.5205,18327.090500000002,-0.7465742556012376,0.2796963668950968,3.7371464777303727,5.799935892715743,0.05108319595048538,-0.1215639511374822,-1.0608252393745299,-1.400174926520703,35.04731452274986,37.9579135471546,7.478207204014864,8.19646107990557,155.76071428571413,0.803302282798209,19867.5,19253.6,19990.8,16747.7,-3.005132360886008,15.777390328224165
2023-08-23,19439.2,19471.45,19366.85,19442.3,0,19524.072500000002,19352.784,18716.086499999998,18333.575,-0.4188291146737073,0.4625484374754538,3.8801567838447513,6.047511191897917,0.2694681034860702,-0.0241682521725739,-0.6565904306415682,-1.2020519491738546,46.3313429814796,42.847525006411814,7.560958330840402,8.202432386440028,140.98928571428587,0.7251677307432036,19867.5,19253.6,19990.8,16747.7,-2.743762130580067,16.08937346620729
2023-08-24,19535.15,19584.0,19369.35,19380.4,0,19504.4375,19366.069,18740.3735,18340.06275,-0.6359450253307667,0.07400056253027887,3.415228090304603,5.672484681111576,-0.3183779696846467,0.1767789023167321,-1.276300943153541,-1.986031527681531,49.24433926746629,40.720126861727,7.334365419633001,8.162148897380366,139.25357142857163,0.7185278499338075,19867.5,19253.6,19990.8,16747.7,-3.053404566100395,15.719770475945955
2023-08-25,19297.4,19338.85,19230.65,19244.3,0,19481.6425,19375.837,18762.0095,18346.02075,-1.218287934397741,-0.6788713179203576,2.5705695330769296,4.896316548644477,-0.7022558873914009,-0.1929310478956503,-1.559654615022621,-2.314189703657843,36.01536599484294,33.97478635068792,7.588091406491299,8.33711799082325,139.6642857142859,0.7257436524804015,19793.7,19230.65,19990.8,16747.7,-3.734217740160474,14.907121574902812
2023-08-28,19298.35,19366.8,19250.25,19302.65,0,19464.875,19388.128,18781.4385,18351.94825,-0.8334243091722836,-0.44087804660666136,2.7751415313582144,5.180385957114935,0.30320666379137773,-0.39989370567307114,-0.6260215967154426,-1.7076586210408307,33.961546817293154,37.84510960956374,7.689300834828472,8.300724726667864,140.57142857142884,0.728249378046169,19793.7,19230.65,19990.8,16747.7,-3.4423334733977526,15.255527624688767
2023-08-29,19374.85,19374.85,19309.95,19352.95,0,19445.485,19398.715,18800.9875,18357.699,-0.4758688199342925,-0.23591768836234472,2.9358165362324797,5.421436531887794,0.26058598171754266,-0.1913352466857976,-0.3126666031374903,-1.9644643693881858,38.458278145695445,41.22085681727189,7.467086872075964,8.175638168767167,138.72142857142873,0.716797328425014,19793.7,19230.65,19990.8,16747.7,-3.190717730155865,15.555867372833285
2023-08-30,19433.45,19451.95,19334.85,19342.0,0,19425.78,19410.471,18818.837,18363.624,-0.4312825533903855,-0.3527529033169848,2.7799964471768392,5.327793686039314,-0.05658052131587432,-0.5158854662256962,-0.5399290378978794,-1.9968484148337184,33.84942149684193,36.982992197956456,7.463633585449686,8.121954996096903,134.44642857142884,0.6951009645922286,19673.4,19230.65,19990.8,16747.7,-3.2454929267462997,15.490485260662654
2023-08-31,19375.55,19388.0,19224.6,19279.55,0,19414.017499999998,19419.388,18835.641,18369.88075,-0.6926309817120483,-0.7200947836255177,2.3567501631614216,4.951960561856119,-0.32287250542860635,-0.5203710965718034,-0.3445121005675622,-1.2054953163752602,34.595829762924794,35.63811381295419,6.4886454615538725,8.124338250322092,136.50000000000026,0.7080040768586416,19645.2,19224.6,19990.8,16747.7,-3.557886627848811,15.117598237369897
2023-09-01,19258.15,19458.55,19255.7,19435.3,0,19416.06,19430.852,18853.753500000003,18375.30875,0.09909322488701601,0.0228914305970748,3.0845131183029237,5.768562936391472,0.807850805646404,0.9925016758209004,0.7976557840416953,0.21062726707896662,50.609789746702674,47.39156112605814,6.828540707210486,8.299088427326547,140.89285714285714,0.7249327622566009,19645.2,19224.6,19990.8,16747.7,-2.778778237989475,16.047576682171275
2023-09-04,19525.05,19545.15,19432.85,19528.8,0,19416.9975,19445.841,18871.818499999998,18381.307,0.5757970561617364,0.4266156449597573,3.481283480974564,6.242717125610266,0.4810833895026123,1.1716007905650194,0.7670219270748513,0.09610431546818177,55.821831235148274,54.48715807755247,6.709141745741584,8.27097359196915,134.12142857142888,0.6867878649554959,19645.2,19224.6,19990.8,16747.7,-2.3110630890209496,16.6058622975095
2023-09-05,19564.65,19587.05,19525.75,19574.9,0,19415.844999999998,19463.968,18889.4435,18387.1645,0.8192020486360699,0.5699351745748898,3.628780805532996,6.45959032998265,0.23606161156857208,1.146853580461893,0.9533239986488029,-0.11761434231640777,56.384146950184736,52.27137403243325,6.562097021964315,8.133790613892156,126.8678571428575,0.648114969388643,19645.2,19224.6,19990.8,16747.7,-2.080457010224692,16.881123975232423
2023-09-06,19581.2,19636.45,19491.5,19611.05,0,19417.8575,19482.295,18907.274,18393.1715,0.9949218135934977,0.6608820983359559,3.7222499658068,6.621362172369234,0.18467527292602703,1.3910143728673274,0.8679528656589053,0.20566353955893124,64.13211674937291,50.47608664050003,6.575189913052036,8.135645433086953,128.01785714285765,0.6527843085549099,19645.2,19224.6,19990.8,16747.7,-1.8996238269604018,17.096974509932696
2023-09-07,19598.65,19737.0,19550.05,19727.05,0,19422.6625,19500.464,18927.476,18400.087249999997,1.5671770026380305,1.1619518386844505,4.224409002024362,7.211719879208739,0.591503259641879,2.321112266624481,1.7886627726981796,0.48953310970685227,72.54009207264625,55.334038848871735,6.817888428056336,8.11170247129823,132.8107142857147,0.6732416366649586,19737.0,19224.6,19990.8,16747.7,-1.319356904175921,17.789606931100977
2023-09-08,19774.8,19867.15,19728.05,19819.95,0,19436.2,19517.003,18949.074,18407.64875,1.9744085778084193,1.552220901948932,4.595876294535555,7.672360925509296,0.4709269759036516,1.9791307569216876,2.9912753386717172,1.3849671597814694,72.37940158762459,56.31093896086549,6.7828704710950465,7.934117169054387,132.5392857142862,0.6687165493065633,19867.15,19224.6,19990.8,16747.7,-0.8546431358424802,18.344309964950412
2023-09-11,19890.0,20008.15,19865.35,19996.35,0,19464.805,19533.266,18972.85,18416.83075,2.7308005397433894,2.370745373559132,5.394550634195706,8.57649870078758,0.8900123360553236,2.3941563229691543,3.5938070679414347,2.945287462836399,76.38151596901915,64.04321472315561,6.835099673748725,7.871743120244176,141.48928571428638,0.7075755611113348,20008.15,19224.6,20008.15,16747.7,-0.058975967293342514,19.397588922658024
2023-09-12,20110.15,20110.35,19914.65,19993.2,0,19493.7825,19546.517,18996.5375,18425.57575,2.5619322468587074,2.285230662833695,5.24654821964267,8.507871185517775,-0.015752874899654934,2.1369202396947173,3.3082811664371548,2.985270672954332,75.04090909090915,69.34875021254896,6.821357596541507,7.716461534107791,147.99642857142888,0.7402338223567456,20110.35,19224.6,20110.35,16747.7,-0.5825358584012601,19.378780369841827
2023-09-13,19989.5,20096.9,19944.1,20070.0,0,19524.932500000003,19560.206000000002,19020.997,18434.5895,2.7916485754816174,2.606281344889711,5.5149737944861705,8.871423472706034,0.38413060440549707,2.340262250108993,3.7638300072381448,3.2035789581940755,80.92654049690545,71.35930228774122,6.872603469166191,7.734090855036923,143.57857142857185,0.715388995658056,20110.35,19224.6,20110.35,16747.7,-0.20064295250952144,19.83735080040841
2023-09-14,20127.95,20167.65,20043.45,20103.1,0,19562.7775,19573.962,19044.593999999997,18442.6845,2.7619927691760457,2.703274891409307,5.558039199995554,9.003111775837185,0.16492277030393243,1.906265761986714,4.27162459704713,3.9123962328519113,92.43502322363875,71.35464132274443,6.390969616176212,7.734765070557935,141.7535714285719,0.7051328970585229,20167.65,19224.6,20167.65,16747.7,-0.3200670380535308,20.03498987920728
2023-09-15,20156.45,20222.45,20129.7,20192.35,0,19608.32,19588.084,19068.825,18451.0825,2.978480563352693,3.084865268088495,5.891946672120583,9.437210526807833,0.4439613790907959,1.8789149316723597,3.895231871903193,4.7239581982729595,92.65918680475646,77.74899157183613,6.1312022608498316,7.752137727486849,141.52857142857206,0.7009019328041168,20222.45,19224.6,20222.45,16747.7,-0.14884447730122802,20.567898875666497
2023-09-18,20155.95,20195.35,20115.7,20133.3,0,19645.9775,19604.256999999998,19092.022,18458.93525,2.4805205034974636,2.698612857401337,5.4539953913734145,9.070754771730405,-0.29243748251194246,0.6848749896856132,3.09542829052476,3.8861928313248306,87.10475013075944,78.03818301514158,6.306233565783229,7.5212455327462875,142.06071428571497,0.705600742479946,20222.45,19224.6,20222.45,16747.7,-0.440846682770888,20.21531314747696
2023-09-20,19980.75,20050.65,19878.85,19901.4,0,19671.545,19614.928,19111.8855,18465.352,1.1684643987038295,1.460479487867616,4.131013133162613,7.776986867079503,-1.1518230990448575,-0.4591561130784405,1.6679523267040919,2.6371773151693922,71.9803536345778,65.77394462097148,7.904618590948238,8.007275725045226,151.87142857142913,0.763119321110219,20222.45,19224.6,20222.45,16747.7,-1.5875920078922152,18.83064540205521
2023-09-21,19840.55,19848.75,19709.95,19742.35,0,19686.547499999997,19620.811999999998,19128.659,18470.272,0.28345498366334476,0.6194340988538114,3.2082280310397024,6.887164412088776,-0.7991900067332081,-1.6325361235675184,0.6695204999222382,1.5432844879463836,66.90161419910895,59.7785056067503,8.5416093451908,8.189015968755275,153.8750000000005,0.7794158243572854,20222.45,19224.6,20222.45,16747.7,-2.3740941379506544,17.88096275906541
2023-09-22,19744.85,19798.65,19657.5,19674.25,0,19701.24,19626.602,19143.925,18474.58075,-0.1369964530151483,0.24277253902637375,2.7701999459358557,6.493620971615277,-0.34494373770092013,-2.1332530803706784,-0.2676527914716065,1.5162225753854397,59.32342268523945,56.38189572155733,8.558463289822809,8.193377623377865,149.46785714285787,0.7597131130429768,20222.45,19224.6,20222.45,16747.7,-2.7108485865955942,17.474339760086455
2023-09-25,19678.2,19734.15,19601.55,19674.55,0,19722.7525,19631.229,19159.772,18479.473,-0.244400470978883,0.2206739068654332,2.6867647485575423,6.467051306062664,0.001524835762478638,-2.5643374842452715,-0.7336042724628511,2.2357269425232307,56.13296865137812,58.37723919915695,8.058966275336015,8.170076336073562,150.91785714285783,0.7670714559817523,20222.45,19224.6,20222.45,16747.7,-2.7093650868218315,17.47613105083085
2023-09-26,19682.8,19699.35,19637.45,19664.7,0,19740.855,19632.776,19173.860999999997,18484.29125,-0.38577356451885614,0.1626056345776016,2.5599382409208227,6.386010337291144,-0.05006467746402343,-2.327487297164388,-1.6585526858651556,1.8756491984261103,53.89756944444446,62.900454154903734,8.04525651191708,8.004684558905236,150.96071428571486,0.7676736196622113,20222.45,19224.6,20222.45,16747.7,-2.758073329393817,17.417317004723035
2023-09-27,19637.05,19730.7,19554.0,19716.45,0,19759.03,19632.723,19190.3355,18489.659750000003,-0.2154964084775321,0.42646656808634725,2.7415596772656716,6.635007169345007,0.26316190941126916,-0.9293316048117228,-1.3842206350159092,1.8782666208510879,54.513532031517734,62.74956864678338,8.045968340461728,7.881977767079521,153.228571428572,0.7771610580432684,20222.45,19224.6,20222.45,16747.7,-2.502169618419133,17.72631465813216
2023-09-28,19761.8,19766.65,19492.1,19523.55,0,19768.107500000002,19628.163,19202.927,18494.475,-1.2371315767075963,-0.5329739721440117,1.6696569226139306,5.564229317133905,-0.978370852765087,-1.1082773833915427,-2.7227204783258685,0.9386309585358354,41.824025713137765,54.83176617197234,8.895687894252594,8.172257752521746,159.485714285715,0.8168889074257243,20222.45,19224.6,20222.45,16747.7,-3.456059972950861,16.57451470948249
2023-09-29,19581.2,19726.25,19551.05,19638.3,0,19786.045000000002,19623.985999999997,19216.6505,18499.61975,-0.7467131506069181,0.07294134840904457,2.194188316012718,6.155154891764721,0.5877517152362177,-0.18272615220402688,-2.312081221304174,1.8607799455900187,42.827812216211846,57.92585063128612,8.978739552754957,8.208524781661781,163.95714285714348,0.8348846023186501,20222.45,19255.7,20222.45,16747.7,-2.8886213094852575,17.25968341921576
2023-10-03,19622.4,19623.2,19479.65,19528.75,0,19790.717500000002,19615.162,19228.787,18504.7805,-1.3236887444833794,-0.44053676436626044,1.559968395302313,5.5335403735267175,-0.5578385094432758,-0.741058880635137,-3.28639311422394,0.4808261256579627,30.508545227177933,56.502113447790066,8.845822024820556,8.162653877549369,161.846428571429,0.8287597955395455,20222.45,19432.85,20222.45,16747.7,-3.430345976872242,16.605563749052106
2023-10-04,19446.3,19457.8,19333.6,19436.1,0,19786.082499999997,19608.266,19240.178,18509.47525,-1.7688317027890605,-0.8780276644553938,1.018296192478046,5.006218369156625,-0.47442872687705195,-1.1624891302689733,-3.46291964059543,-0.4746835443038,28.39022498060497,50.0215842866393,8.843313940424299,7.960229975907692,161.8071428571436,0.8325082853923554,20222.45,19333.6,20222.45,16747.7,-3.8885001570037367,16.05235345748967
2023-10-05,19521.85,19576.95,19487.3,19545.75,0,19784.625,19605.873,19252.4875,18514.164,-1.2073769404272257,-0.3066581120871261,1.5232447235714386,5.571874592879264,0.5641563893991064,-0.8657745182322429,-1.787060206819624,-0.14891519241477802,30.169837727427435,50.45336614331186,9.044843650456523,7.969554314755742,160.9535714285721,0.8234709408877741,20222.45,19333.6,20222.45,16747.7,-3.346280989692153,16.70707022456814
2023-10-06,19621.2,19675.75,19589.4,19653.5,0,19786.7475,19605.366,19265.034,18519.13,-0.6734179025633258,0.2455144168183251,2.0164303888589052,6.125395739432679,0.5512707366051472,0.6656064086705493,-0.4500477400106839,0.21645959803273662,33.902613677049814,52.03521491455201,9.238822095782481,8.067412400959274,161.36785714285776,0.821064223384424,20222.45,19333.6,20222.45,16747.7,-2.813457320947762,17.350442150265405
2023-10-09,19539.45,19588.95,19480.5,19512.35,0,19776.012499999997,19600.151,19277.2925,18524.61725,-1.3332439995170846,-0.44796083458746366,1.2193491383709563,5.332000854160694,-0.7181926883252476,-0.6413487929199602,-0.8229030331524778,-1.0883533016847413,26.525821596244157,47.57612966601177,9.319367803716808,8.148165264969172,165.20000000000047,0.8466432797689694,20222.45,19333.6,20222.45,16747.7,-3.511443964504806,16.507639855024856
2023-10-10,19565.6,19717.8,19565.45,19689.85,0,19769.5075,19599.944,19292.3735,18531.7215,-0.4029311301761117,0.4587053922194831,2.0602778605753045,6.249438294224306,0.9096802794127834,0.8249375920117652,0.0777654380913484,-0.6564093249478486,35.84899639403899,49.113230035756835,9.765992669914143,8.373369347719068,174.18571428571497,0.8846472384792926,20222.45,19333.6,20222.45,16828.35,-2.6337065983597543,17.004043771373905
2023-10-11,19767.0,19839.2,19756.95,19811.35,0,19760.2575,19603.411,19309.1875,18538.676,0.2585619139831494,1.0607286660469368,2.600640239264332,6.86496705589978,0.6170692006287615,1.9306856828273267,0.7457525413558264,-0.925168843313906,46.90857907926799,49.79775175203419,9.468056916877234,8.453779920153172,166.6785714285722,0.8413286900113935,20222.45,19333.6,20222.45,16828.35,-2.0328891899844095,17.72603968897723
2023-10-12,19822.7,19843.3,19772.65,19794.0,0,19750.297499999997,19604.476,19325.093500000003,18545.7195,0.22127514788069935,0.9667384121871009,2.4264125811344575,6.730828102948504,-0.08757606119723649,1.2700970799278677,0.3933263848207913,-0.9963387551767622,51.96425175888958,44.856511019038685,9.468569848912061,8.377275102208646,158.05000000000058,0.7984742851369131,20222.45,19333.6,20222.45,16828.35,-2.1186849269005523,17.62293986041413
2023-10-13,19654.55,19805.4,19635.3,19751.05,0,19734.35,19604.775,19339.46,18553.47925,0.08462401852607625,0.7461192490094776,2.1282393613885815,6.454696361061223,-0.21698494493280762,0.4963492507695788,1.1652593918626497,-1.5891878425510764,52.977667493796496,43.966913321872546,9.34400565245561,8.392116078834972,160.11785714285776,0.8106802278504573,20222.45,19333.6,20222.45,16828.35,-2.331072644511429,17.367715789129658
2023-10-16,19737.25,19781.3,19691.85,19731.75,0,19715.782499999998,19609.114,19353.2975,18561.50125,0.08098841625993021,0.6254030651257297,1.9554936309949218,6.304709593465661,-0.09771632394226515,1.1244160749474208,0.47585585310336853,-1.8472275420208795,52.185541800397395,41.3240310872855,9.299691694965736,7.992023642196454,157.03571428571482,0.7958529491084918,20222.45,19333.6,20222.45,16828.35,-2.4265111299570563,17.253028371765513
2023-10-17,19843.2,19849.75,19775.65,19811.5,0,19696.739999999998,19617.455,19368.5585,18571.524749999997,0.5826344867221787,0.9891446163633266,2.286909993843893,6.676755229804184,0.4041709427698992,0.6178310144566934,1.4478653267618213,-1.886110333864055,55.32462821907867,42.69539078156316,9.270328287143572,7.89962605900624,161.04285714285783,0.8128756386081711,20195.35,19333.6,20222.45,16828.35,-2.032147440097519,17.726931041961937
2023-10-18,19820.45,19840.95,19659.95,19671.1,0,19673.63,19620.676,19382.058,18579.80725,-0.012859853519673156,0.2569942034616905,1.4912864258274205,5.873541825898096,-0.7086793024253635,-0.7079275263927043,1.2090903010377518,-2.295699165064846,48.45448658964652,37.268886012260964,9.503585505754659,7.973219049722805,161.35000000000062,0.8202388275185456,20050.65,19333.6,20222.45,16828.35,-2.726425334220147,16.89262464828697
2023-10-19,19545.2,19681.8,19512.35,19624.7,0,19659.795000000002,19621.211,19393.3115,18587.26925,-0.17851152567969888,0.017781777077884732,1.1931355818216034,5.58140486397699,-0.2358790306591807,-0.8553096898049839,0.4039241267283167,-1.3903544474258123,53.829553628894914,37.5006144015729,8.69953381271513,7.930372852879095,153.8428571428576,0.7839246314229396,19849.75,19333.6,20222.45,16828.35,-2.9558732992293217,16.616899458354517
2023-10-20,19542.15,19593.8,19518.7,19542.65,0,19649.81,19620.648,19402.751500000002,18594.37,-0.5453487845429541,-0.39753019370206116,0.7210240258965298,5.099823226062526,-0.41809556324428065,-1.0551337776978809,-0.5640216755285254,-1.0115310487353146,46.28673473349129,40.482317671716245,8.374114939257261,7.980878938913158,146.9357142857147,0.7518720044912778,19849.75,19333.6,20222.45,16828.35,-3.3616104873543966,16.1293293757261
2023-10-23,19521.6,19556.85,19257.85,19281.75,0,19630.184999999998,19613.664,19409.2305,18599.82375,-1.7749960074242688,-1.6922590292155544,-0.6568034729661306,3.6663049024859737,-1.3350287704072983,-2.280588391805083,-1.181815619338511,-1.9949934559131854,41.41944000555827,38.40674553234336,9.49929118014426,8.48938229371227,156.96071428571486,0.8140377003421103,19849.75,19257.85,20222.45,16828.35,-4.651760790606483,14.578969417679104
2023-10-25,19286.45,19347.3,19074.15,19122.15,0,19602.565,19605.123,19415.108,18604.908,-2.4507762121946657,-2.463504054526963,-1.5089176944058138,2.780137370203615,-0.8277256991714887,-3.4795447088811993,-2.883211400797858,-2.807688104683448,39.578423236514624,36.715591915303214,9.833091419648701,8.633538203294124,162.53214285714316,0.8499679317291368,19849.75,19074.15,20222.45,16828.35,-5.440982670250139,13.630569841963133
2023-10-26,19027.25,19041.7,18837.85,18857.25,0,19562.192499999997,19593.783,19418.803,18608.207,-3.603596580495757,-3.7590137647232265,-2.8918002824375932,1.3383503311200349,-1.3853044767455636,-4.137287696163405,-4.815926224108901,-4.106088574959199,29.280770388203422,32.55570733373179,10.768094826287806,9.051046435792161,172.77857142857178,0.916244794063672,19849.75,18837.85,20222.45,16828.35,-6.750912970485776,12.056440470990927
2023-10-27,18928.75,19076.15,18926.65,19047.25,0,19528.732500000002,19586.455,19423.9345,18613.2285,-2.465508194144202,-2.752948402352553,-1.9392801185568218,2.3317905327385784,1.0075700327460302,-2.942465362527835,-3.772607860967969,-3.3941201382601927,32.61648745519713,37.762362501238734,11.498807900269236,9.361664681711895,179.1285714285719,0.9404432210874111,19849.75,18837.85,20222.45,16828.35,-5.811363113767128,13.185487584938521
2023-10-30,19053.4,19158.5,18940.0,19140.9,0,19509.6,19580.333,19429.405,18618.97225,-1.8898388485668445,-2.244257030766521,-1.4848884976148133,2.803203866421803,0.49167202614550654,-2.0557600939483667,-3.0892028525065673,-1.959940687016437,39.050847457627206,38.77917064706689,11.310593707982914,9.425574511423115,182.3785714285719,0.9528212959086138,19849.75,18837.85,20222.45,16828.35,-5.348263934389746,13.741988965050068
2023-10-31,19232.95,19233.7,19056.45,19079.6,0,19481.665,19575.001,19434.211,18625.073,-2.063812307623616,-2.5307840341872865,-1.8246740245847943,2.440403857745944,-0.32025662325179116,-1.0484006897714226,-3.3050793771459808,-2.844950937708457,30.68890224992883,40.876677421343594,11.03797400306442,9.383191486611572,180.36428571428613,0.9453252988232779,19849.75,18837.85,20222.45,16828.35,-5.651392388162671,13.377722711971169
2023-11-01,19064.05,19096.05,18973.7,18989.15,0,19454.684999999998,19569.154000000002,19436.838499999998,18629.512749999998,-2.392919751720453,-2.963868545364816,-2.3032989650039877,1.930470511098061,-0.4740665422755086,-0.6955284839832321,-4.150871968301228,-2.7631056775267115,23.46029696578448,36.52516865594195,11.000046547770479,9.411986187948754,178.43571428571445,0.9396719404802977,19849.75,18837.85,20222.45,16828.35,-6.098667569953191,12.84023686219982
2023-11-02,19120.0,19175.25,19064.15,19133.25,0,19439.5425,19564.216,19441.8255,18635.60825,-1.5756157841677578,-2.2028278567359934,-1.5871734884154733,2.6703810432374744,0.7588543984327734,1.463628047567922,-2.7342141517251117,-1.558182968805466,30.284947038639416,41.906438014161175,11.364423897003507,9.500938988900817,186.68214285714308,0.975694891652715,19849.75,18837.85,20222.45,16828.35,-5.386093178620794,13.696529962830589
2023-11-03,19241.0,19276.25,19210.9,19230.6,0,19423.785,19561.027,19448.4975,18642.28275,-0.9945795837423104,-1.6892108987938093,-1.1203821786233243,3.1558219446060063,0.5088001254360819,0.9626061504941497,-2.0081835645895385,-1.6123709757875804,34.95939658411116,45.802696078431374,11.32469243395959,9.574793822183954,184.74642857142862,0.9606898826423962,19849.75,18837.85,20222.45,16828.35,-4.904697502033641,14.275018049897941
2023-11-06,19345.85,19423.0,19309.7,19411.75,0,19411.697500000002,19560.416,19456.6,18650.0505,0.0002704554817937109,-0.7600349604016656,-0.230513039277153,4.084168565656156,0.9419882894969644,1.41503273095831,-0.6698170411894022,-1.2300608034192417,41.54334038054969,47.340742210756105,11.691990183402567,9.79398106679217,192.1000000000001,0.9896068103081902,19849.75,18837.85,20222.45,16828.35,-4.008910888641093,15.351475337748512
2023-11-07,19404.05,19423.5,19329.1,19406.7,0,19406.415,19560.942,19463.5055,18657.301,0.0014685865472827127,-0.7885203074575773,-0.291856469534733,4.016652783808341,-0.02601517122361452,1.7143965282291118,0.6480220934303116,-0.5414519522251138,38.862598360204714,44.89407480966569,11.429841056356583,9.767256055001644,190.4142857142859,0.9811780762019606,19849.75,18837.85,20222.45,16828.35,-4.033883134832822,15.321466453930435
2023-11-08,19449.6,19464.4,19401.5,19443.5,0,19394.0975,19564.926,19470.3815,18665.04425,0.2547295639820319,-0.6206310210424485,-0.13806355052672958,4.170661154473293,0.18962523252279428,2.3926821369044893,1.6805118671278985,-1.2511522434147437,43.3593977942464,48.511319163657625,10.923713497251681,9.63972012811067,181.97857142857174,0.9359352556307854,19849.75,18837.85,20222.45,16828.35,-3.851907162584161,15.540145052842385
2023-11-09,19457.4,19463.9,19378.35,19395.3,0,19373.295000000002,19566.779,19477.4535,18671.75425,0.11358418895700177,-0.8763782736034346,-0.4217876838982075,3.8750817963448583,-0.24789775503382128,1.3696052683156212,2.8532792427315767,-2.100058804675098,43.31390265228792,43.25401369580653,10.639732916585071,9.636556669426795,175.98571428571475,0.907362682122549,19849.75,18837.85,20222.45,16828.35,-4.090256126235948,15.25372362709357
2023-11-10,19351.85,19451.3,19329.45,19425.35,0,19354.8625,19568.227,19483.471,18678.05425,0.3641849690226385,-0.7301479076259715,-0.29830926943152386,4.00092932592268,0.1549344428804833,1.0127089118384225,1.9850634606045414,-1.862433060523394,46.47430117222714,40.77305540947553,10.67942532523676,9.625418220421428,177.1178571428575,0.9117872117766604,19849.75,18837.85,20222.45,16828.35,-3.9416588988970283,15.432291341694226
2023-11-12,19547.25,19547.25,19510.25,19525.55,0,19343.5875,19571.898,19491.1845,18685.14275,0.9406864161055843,-0.23680891858317357,0.17631304039013063,4.4977298875599985,0.5158208217612481,0.5862428683658161,2.0095711277944073,-1.1417114533151418,58.11152515304762,43.82745855464348,10.880394678796314,9.690835017063264,164.4678571428576,0.8423212516054995,19849.75,18837.85,20222.45,16828.35,-3.446169974459086,16.027715135470803
2023-11-13,19486.75,19494.4,19414.75,19443.55,0,19329.1775,19575.178,19497.283,18692.222250000003,0.5917090885010376,-0.6724230042761329,-0.2755922453400311,4.019467241247876,-0.41996256187405434,0.18988287550174565,1.90753474915617,-1.4605901655960651,61.275610440639824,43.05430068666425,10.95696878345627,9.7109690025057,152.87142857142913,0.7862320850432619,19849.75,18837.85,20222.45,16828.35,-3.8516599126218702,15.540442170503946
2023-11-15,19651.4,19693.2,19579.65,19675.45,0,19322.375,19579.981,19505.4165,18700.00675,1.8272857244515786,0.4875847428044029,0.8717245284149732,5.216272181292128,1.1926834348665816,1.1929436572633456,3.614169143958512,-0.6867223582262771,79.38514581238329,48.83974940235761,11.740263984611584,9.908213242148387,150.39642857142903,0.7643862202461902,19840.95,18837.85,20222.45,16828.35,-2.704914587500525,16.918473884843152
2023-11-16,19674.7,19875.25,19627.0,19765.2,0,19327.079999999998,19584.709,19515.275,18708.24125,2.266871146598465,0.9215914313559717,1.2806634802737817,5.649695959528005,0.45615220998758144,1.90716307559049,3.3028889498647684,0.4783667410566794,77.78551801540308,49.04974961004845,11.576557859694335,9.902486808581527,152.4928571428575,0.7715219534477642,19875.25,18837.85,20222.45,16828.35,-2.261100905182112,17.451800087352606
2023-11-17,19674.75,19806.0,19667.45,19731.8,0,19332.434999999998,19587.846999999998,19525.9075,18717.4405,2.065777021880594,0.7349097631812285,1.054458032232295,5.419328032590774,-0.16898387064133713,1.5775777527818002,2.6062629351138344,0.5457408266113628,73.98717220102287,51.30302249699469,11.558878777323569,9.9000437328139,146.78214285714316,0.7438862286113946,19875.25,18837.85,20222.45,16828.35,-2.426263879994765,17.253325489427073
2023-11-20,19731.15,19756.45,19670.5,19694.0,0,19340.0025,19589.506,19535.9005,18727.88875,1.830390146019895,0.5334182495464601,0.8092767466746684,5.158676788914617,-0.1915689394784037,0.8627157749717673,1.4540162530426226,0.7744599632086624,75.42625393146841,51.49314832370938,11.470102140461467,9.903475345071689,140.26071428571464,0.7122002350244473,19875.25,18837.85,20222.45,16828.35,-2.6131848514893137,17.02870453728382
2023-11-21,19770.9,19829.1,19754.05,19783.4,0,19365.085,19590.632999999998,19545.5485,18738.560999999998,2.160150600939796,0.9839753518939561,1.2169088015104854,5.575876397339175,0.4539453640702851,1.7478804024985362,1.941082203568878,2.601682938529959,82.8977343329329,55.17085848063746,10.324063227507754,9.866708191789954,141.17142857142895,0.71358527134582,19875.25,18837.85,20222.45,16828.35,-2.1711019189069534,17.55995091616233
2023-11-22,19784.0,19825.55,19703.85,19811.85,0,19399.57,19590.471,19553.737,18749.3095,2.1252017441623647,1.1300340864698821,1.320018776973412,5.667091366751395,0.14380743451578581,0.693249709663557,1.8944634453673448,3.6068119955130484,81.0856619331195,62.64853256979238,9.684222470921695,9.814902448112873,136.5714285714291,0.6893421289351025,19875.25,18837.85,20222.45,16828.35,-2.0304166903614655,17.729010865592883
2023-11-23,19828.45,19875.15,19786.75,19802.0,0,19446.8075,19586.584000000003,19559.925,18760.238,1.826482315927697,1.0998140359748154,1.2376069949143504,5.553031896503652,-0.04971771944567438,0.18618582154492636,2.0968997643759035,5.0100094128253,78.45617529880485,67.47012720030833,7.799761110483751,9.601595859337513,132.6714285714292,0.6699900442956732,19875.25,18926.65,20222.45,16828.35,-2.079124932933451,17.670478686264556
2023-11-24,19809.6,19832.85,19768.85,19794.7,0,19484.18,19582.613999999998,19564.5655,18771.159499999998,1.5937031992108492,1.0830321222692894,1.1762821924156717,5.452729225384307,-0.036864963135030404,0.3187747696611565,1.9013814422906172,3.9241885311527946,73.06510871529252,77.76560139798009,7.312864236888116,9.601690404757289,123.50000000000053,0.6239043784447378,19875.25,18940.0,20222.45,16828.35,-2.115223427428427,17.62709950767605
2023-11-28,19844.65,19916.85,19800.0,19889.7,0,19521.620000000003,19579.007999999998,19569.607,18781.33775,1.8854992567215123,1.5868628277796442,1.6356639149677394,5.90140204469728,0.47992644495749026,0.9937036660911946,1.864992279346822,3.912041753522555,76.24714704923382,76.43975771270759,7.306631714718091,9.624712856840555,125.48214285714312,0.630890073038523,19916.85,18973.7,20222.45,16828.35,-1.6454484990691038,18.191623064649846
2023-11-29,19976.55,20104.65,19956.3,20096.6,0,19572.469999999998,19578.878,19576.42,18792.99775,2.677894001114837,2.644288401000292,2.6571763376552013,6.936638142257001,1.04023690653956,1.5831454653901567,3.3586973572212964,5.330300425585444,79.9532195927353,78.00339896858885,7.627825017109785,9.905942586133705,136.34285714285735,0.6784374329133155,20104.65,18973.7,20222.45,16828.35,-0.6223281550949671,19.421095948206453
2023-11-30,20108.5,20158.7,20015.85,20133.15,0,19629.670000000002,19577.694,19582.889000000003,18805.055999999997,2.5648928382392544,2.837188077410966,2.8099071592551974,7.062430444238001,0.18187156036346686,1.6217566759288093,2.326249209039699,6.024492934122905,84.20564646979754,81.32488924568152,7.12836366983274,9.863086924320077,140.43571428571445,0.6975347339373841,20158.7,19064.15,20222.45,16828.35,-0.4415884326577604,19.638288958810598
2023-12-01,20194.1,20291.55,20183.7,20267.9,0,19686.402500000004,19580.386,19592.3215,18817.037,2.953802758020403,3.5112382360593037,3.448179941310188,7.710369066075606,0.6692941740363612,2.352792647207358,2.543359035071746,5.9302523094612924,85.60321149376729,87.04481589849075,7.057619775555186,9.954328620222402,143.04642857142866,0.7057782432882965,20291.55,19210.9,20291.55,16828.35,-0.11655097811649588,20.43902105672869
2023-12-04,20601.95,20702.65,20507.75,20686.8,0,19759.2125,19596.093999999997,19605.511000000002,18831.00375,4.694455813965247,5.565935742092287,5.515229875926197,9.855004409948139,2.0668150129021567,4.506761911016577,4.839903100578757,7.572306636298398,88.6580778321516,88.8241909284019,9.458470642699206,10.614324933211568,165.39285714285714,0.7995091417853759,20702.65,19309.7,20702.65,16828.35,-0.0765602471181331,22.92827282532156
2023-12-05,20808.9,20864.05,20711.15,20855.1,0,19831.379999999997,19618.349,19619.5805,18845.996750000002,5.162121849311553,6.304052395030796,6.297379803813841,10.660636721164648,0.813562271593482,4.853768533462022,5.895704275413816,7.435445026852294,94.43727372894703,89.20693150552691,9.365507156398339,10.544888205808796,170.13928571428576,0.8158162066558576,20864.05,19329.1,20864.05,16828.35,-0.04289675302733998,23.928370874149874
2023-12-06,20950.75,20961.95,20852.15,20937.7,0,19907.93,19643.618,19635.11,18861.83075,5.172662351133445,6.587798642795854,6.633983715904826,11.005661526254547,0.3960661900446416,4.185285073096945,5.834689689335493,7.8890280160975434,93.86010632753057,88.66786610242512,9.253411896161586,10.51095881276553,160.1499999999999,0.7648882159931601,20961.95,19329.45,20961.95,16828.35,-0.11568580213195814,24.419209251055527
2023-12-07,20932.4,20941.25,20850.8,20901.15,0,19980.8125,19668.15,19649.6895,18876.687250000003,4.606106483407527,6.2690186926579266,6.368856362844823,10.724671777353297,-0.1745654966877841,3.8146042720587747,5.498224547429964,7.49684984699257,90.98683023633424,87.27458658618717,9.44220162382561,10.529162388098975,148.87857142857138,0.7122984688812404,20961.95,19329.45,20961.95,16828.35,-0.2900493513246586,24.202016240451403
2023-12-08,20934.1,21006.1,20862.7,20969.4,0,20059.517499999998,19694.244,19663.51,18891.455,4.535914186370651,6.474764911006499,6.64118461047902,10.99939099449989,0.32653705657343934,3.461138055743307,5.895364104635892,8.115883745031027,93.55905955230207,87.47114581798543,9.164735147162201,10.531238601600727,149.22499999999985,0.7116321878546827,21006.1,19329.45,21006.1,16828.35,-0.17471115533105666,24.60758184848784
2023-12-11,20965.3,21026.1,20923.7,20997.1,0,20138.105000000003,19719.857,19676.29,18906.26125,4.2655205144674495,6.476938448387322,6.712698379623383,11.058975237634565,0.13209724646388032,1.4999903319991459,6.074353235967189,8.091231303425683,96.19283941864606,89.73506648144482,9.172941481986411,10.526870914478252,150.39999999999964,0.7162893923446555,21026.1,19414.75,21026.1,16828.35,-0.13792381849225488,24.772185032994916
2023-12-12,21018.55,21037.9,20867.15,20906.4,0,20207.1475,19747.514,19687.8385,18921.07225,3.4604216156684275,5.868515905343844,6.189412311564825,10.492680984292528,-0.43196441413336784,0.24598299696478865,5.111690975731165,7.0720158971194325,89.77192236860778,85.66646598434697,9.608966410495528,10.300545046068867,152.9464285714283,0.7315770700428017,21037.9,19414.75,21037.9,16828.35,-0.6250623874055871,24.233213594915743
2023-12-13,20929.75,20950.0,20769.5,20926.35,0,20281.2875,19773.275,19698.6305,18936.481,3.1805796352918922,5.83148213940279,6.23251195051351,10.50812450317458,0.09542532430260042,-0.05420843741195114,4.1288078580456355,7.626179375679842,89.70996935794233,85.09018036072162,9.232288205092795,10.249415071463677,157.14642857142826,0.7509500155135906,21037.9,19579.65,21037.9,16828.35,-0.5302335309132704,24.351763541880224
2023-12-14,21110.4,21210.9,21074.45,21182.7,0,20356.65,19806.354000000003,19710.757999999998,18953.261,4.057887717281573,6.949012422983037,7.467708750723857,11.762825405084657,1.2250105727946048,1.347055066348024,5.21304415851469,7.6605617660587155,91.84446599587851,90.06611836800536,9.271138296923725,10.414991506522494,171.15714285714265,0.8080043755382583,21210.9,19627.0,21210.9,16828.35,-0.13295051129372504,25.875085792724796
2023-12-15,21287.45,21492.3,21235.3,21456.65,0,20441.2225,19846.765,19727.5155,18972.77275,4.967547806888759,8.111573850952546,8.765090059110586,13.091798877947355,1.2932723401643864,2.3236239472755438,5.865185835730391,8.557717604678938,93.36011896997069,90.25492677635167,9.831923047778249,10.611211215370957,188.69999999999968,0.8794476304548924,21492.3,19667.45,21492.3,16828.35,-0.16587335929610986,27.50299346044029
2023-12-18,21434.8,21482.8,21365.35,21418.65,0,20525.565000000002,19884.222999999998,19745.048,18992.30975,4.35108607241749,7.716806434930867,8.47605941499865,12.775382678244288,-0.17710127163373945,2.007658200418172,3.537763211323175,8.548890623257899,91.1129635107157,88.2627912896584,9.838338367380217,10.610940062463744,188.36428571428561,0.8794405142914498,21492.3,19670.5,21492.3,16828.35,-0.34268086710123075,27.27718403765077
2023-12-19,21477.65,21505.05,21337.75,21453.1,0,20613.52,19920.215,19762.7905,19012.24625,4.072957942166103,7.695122768504248,8.552990024359158,12.838323877695402,0.16084113611267714,2.6149887115906933,2.8674041361585356,8.93216207982126,90.2045050385301,89.81357265115443,9.628497602271437,10.577848651239059,184.9607142857141,0.8621631106260359,21505.05,19703.85,21505.05,16828.35,-0.24157116584244503,27.481898106469142
2023-12-20,21543.5,21593.0,21087.35,21150.15,0,20681.857500000002,19952.970999999998,19776.560999999998,19031.0335,2.264267123975685,6.000003708720891,6.945540228151921,11.135057378780822,-1.4121502253753415,1.0694650524339044,1.0146768747283597,6.908569811053722,76.03153475990598,80.00082411356308,11.63704522912169,10.986888469589625,210.87499999999974,0.9970378460672842,21593.0,19703.85,21593.0,16828.35,-2.050896123743799,25.681662195045877
2023-12-21,21033.95,21288.35,20976.8,21255.05,0,20754.0175,19984.275,19792.1095,19050.789,2.4141470440602526,6.358874665205507,7.391533984793288,11.570444667672286,0.49597756989903097,0.34155230447487916,1.693208268444546,7.284529208529245,75.65958774141576,80.12774581857657,11.626591893851398,10.881170928923998,221.81428571428555,1.0435839281219548,21593.0,19768.85,21593.0,16828.35,-1.5650905386004759,26.305015049009565
2023-12-22,21295.85,21390.5,21232.45,21349.4,0,20831.3875,20015.036,19809.2235,19070.281499999997,2.4866922570568124,6.666807893825428,7.775047315711296,11.951152897244882,0.4438945097753333,-0.49984503638732525,1.8121643919234653,7.814362185637824,70.7191994996875,80.64985547692638,11.530479798883144,10.850285159895204,202.04999999999978,0.9463966200455272,21593.0,19768.85,21593.0,16828.35,-1.1281433797990021,26.86567607638303
2023-12-26,21365.2,21477.15,21329.45,21441.35,0,20913.72,20047.983,19826.2295,19090.87875,2.5228892803384446,6.950160522382717,8.146382548431598,12.31201182920927,0.4306912606443225,0.10598240318600016,2.115768368012727,8.318640848307869,69.25097691524661,81.64340726156713,11.425566865022617,10.853831764241786,199.93928571428555,0.9324939227907084,21593.0,19800.0,21593.0,16828.35,-0.7023109340990202,27.412075456001332
2023-12-27,21497.65,21675.75,21495.8,21654.75,0,21001.9725,20086.057,19845.416,19111.18075,3.1081723395266807,7.80986034242559,9.117138184455285,13.309325484768914,0.9952731521102987,0.9399573954347096,3.5795258868097646,8.87419116427095,71.68344975656976,83.25734413273987,11.616558482480139,10.97647530779662,208.83928571428572,0.9644040486003567,21675.75,19956.3,21675.75,16828.35,-0.09688246081450469,28.680173635561427
2023-12-28,21715.0,21801.45,21678.0,21778.7,0,21086.077500000003,20126.996,19868.055,19131.517000000003,3.284738472577451,8.206410931864852,9.616668566701675,13.836764747928754,0.5723917385331179,2.9718465353673507,4.073094447908976,8.370072549585505,75.20464141080522,83.42889502371361,11.406629570998996,10.990309838591767,212.85714285714286,0.9773638594458937,21801.45,20015.85,21801.45,16828.35,-0.10435085739709973,29.41672831858146
2023-12-29,21737.65,21770.3,21676.9,21731.4,0,21165.989999999998,20165.394,19891.4245,19151.402,2.6713137443606634,7.765809088580175,9.250094180032207,13.471588137516008,-0.21718468044464867,2.2411144645625436,2.590321347137059,7.938400101325427,72.15245072387947,80.66246530122308,11.596608783482228,11.019417352482954,209.88571428571439,0.9658177304992516,21801.45,20183.7,21801.45,16828.35,-0.3213089037655719,29.135655010740823
2024-01-01,21727.75,21834.35,21680.85,21741.9,0,21239.69,20206.81,19913.743000000002,19172.163500000002,2.364488370592993,7.596894314342541,9.180378595827007,13.40347686895117,0.04831718158977427,1.838459160444783,1.3294246771979878,7.2725837407920935,71.87114582721581,80.47163557155051,11.604332718965487,10.832251085505312,213.53571428571453,0.9821391611851518,21834.35,20507.75,21834.35,16828.35,-0.4234153982142683,29.198049719669505
2024-01-02,21751.35,21755.6,21555.65,21665.8,0,21288.64,20247.632,19934.4215,19193.428,1.7716491048747118,7.004117814863475,8.685371180698667,12.881346677623192,-0.3500154080370299,1.0468090861816215,1.1539009227939045,4.732486416458803,72.49274332089331,77.07953973112248,9.922720990450285,10.859012580787608,215.62142857142862,0.9952156328011365,21834.35,20711.15,21834.35,16828.35,-0.7719487871175432,28.745836638767326
2024-01-03,21661.1,21677.0,21500.35,21517.35,0,21321.752500000002,20287.126,19953.887,19215.24325,0.91736127225,6.064062499537877,7.835380645385031,11.980627671731394,-0.685181253403988,-0.6345028227063398,0.299490516522094,3.175482256138795,66.2666519872289,67.97221561032615,10.183058188438306,10.953389012861564,215.34642857142873,1.00080367039356,21834.35,20769.5,21834.35,16828.35,-1.45184079214632,27.86369430158037
2024-01-05,21705.75,21749.6,21629.2,21710.8,0,21360.4075,20335.707,19974.6855,19238.58075,1.6403830310821463,6.761963082965352,8.69157364204808,12.850320312739278,0.899041935926137,-0.31177251167425757,2.6508086231066708,3.6923826399270165,65.05673718423901,68.31706481719334,10.490638193390206,10.486770489742979,211.61071428571424,0.9746794880230771,21834.35,20769.5,21834.35,16828.35,-0.5658515137844693,29.013242534175966
2024-01-08,21747.6,21763.95,21492.9,21513.0,0,21391.0,20383.523999999998,19994.3235,19261.285,0.5703333177504557,5.541122329975928,7.595538303659044,11.69036749105784,-0.911067302909152,-1.004997377067296,1.2135939459093192,2.9273508873913556,51.67953265178381,61.73602611179114,11.130326796968726,10.53197057960577,208.85714285714286,0.9708415509559004,21834.35,20769.5,21834.35,16828.35,-1.4717635285685104,27.837845065024215
2024-01-09,21653.6,21724.45,21517.85,21544.85,0,21419.7725,20437.276,20015.5295,19284.08125,0.5839347733501812,5.419381721908521,7.640669710986152,11.723497327620933,0.14805001626922998,-0.9063145355281854,0.9154824023157371,2.744236840348302,53.77527820988386,63.156603850713324,11.110092200063027,9.857451485502638,215.57142857142858,1.0005705705606147,21834.35,20769.5,21834.35,16828.35,-1.325892458442775,28.02710901544121
2024-01-10,21529.3,21641.85,21448.65,21618.7,0,21450.8525,20488.705,20037.58,19306.6745,0.7824747291512066,5.515209477612172,7.890773237087506,11.975265341527354,0.3427733309816494,-0.2173933111170534,0.8271400821310282,2.960408818360638,54.839841010053846,63.24075206982344,11.133805684531044,9.713114641489987,217.4214285714284,1.0057100037071074,21834.35,20769.5,21834.35,16828.35,-0.9876639332061538,28.46595180157296
2024-01-11,21688.0,21726.5,21593.75,21647.2,0,21487.8925,20538.831,20059.582,19329.968500000003,0.7413826181418162,5.396456107945006,7.914511877665259,11.987766560509385,0.13183031357111297,0.6034665049367227,-0.03486532977753365,3.5434125435273467,67.30253768231972,63.252741876299666,10.921923640586416,9.701690023647974,190.78571428571402,0.8813413018113845,21834.35,20769.5,21834.35,16828.35,-0.857135660095207,28.635308868665092
2024-01-12,21773.55,21928.25,21715.15,21894.55,0,21536.302499999998,20595.13,20085.0655,19353.90375,1.6634587111692054,6.309355658352232,9.009104301900328,13.127306422612534,1.142642004508665,0.8463529671868475,0.5319417596091558,4.626702697794882,70.2527235875348,68.93479218962577,11.439147014094459,9.816049970934824,188.6071428571426,0.861434205576925,21928.25,20976.8,21928.25,16828.35,-0.15368303444187625,30.105149940427918
2024-01-15,22053.15,22115.55,21963.55,22097.45,0,21582.04,20657.296,20113.225,19378.631500000003,2.3881431041736545,6.97164817699278,9.86527521071336,14.029981941707273,0.9267146390311787,2.716729419420827,1.68442898294634,4.318382453606007,72.16641479242594,70.97016796189526,11.13970590967553,9.768106977122468,193.10357142857123,0.8738726478782448,22115.55,20976.8,22115.55,16828.35,-0.08184286621855909,31.31085341105933
2024-01-16,22080.5,22124.15,21969.8,22032.3,0,21610.822500000002,20715.277,20139.746499999997,19403.4085,1.9503075368834166,6.357737818326065,9.397106860307314,13.548606679079079,-0.2948303989826928,2.2624896436967523,1.3356698356629337,2.682851237262107,67.79380325795665,66.33155203567719,10.507286438712752,9.802966689598307,193.57857142857134,0.8786126343076817,22124.15,20976.8,22124.15,16828.35,-0.4151571924797209,30.92370909803992
2024-01-17,21647.25,21851.5,21550.45,21571.95,0,21618.4875,20762.104,20161.5655,19426.543,-0.21526714114481205,3.900596972252915,6.995411641025593,11.043689039269617,-2.089432333437724,-0.21624797050701083,-0.433171173000757,0.7157313836306134,47.82961992136307,52.068161434977576,13.125941002793324,11.141179910999616,211.25357142857112,0.9792975202917266,22124.15,20976.8,22124.15,16828.35,-2.4959150973031763,28.188146788009533
2024-01-18,21414.2,21539.4,21285.55,21462.25,0,21618.945,20803.113999999998,20181.765,19448.925750000002,-0.7248041012177038,3.1684487235901426,6.344762214801334,10.35185323796096,-0.5085307540579342,-0.8543830148933895,-0.25607242527541096,0.042651178617547636,41.64267793476825,50.762451035254585,13.257872997847512,11.14200090143138,221.2321428571426,1.0307965980134544,22124.15,20976.8,22124.15,16828.35,-2.9917533554961495,27.536270638535576
2024-01-19,21615.2,21670.6,21575.0,21622.4,0,21642.5575,20847.428,20204.185,19472.27925,-0.09313825318471501,3.7173506487227184,7.019412067351392,11.041957248019653,0.7461938985893868,-1.2430033958222397,-0.40717062475817967,2.2328446843166594,47.28328597776781,52.835940902542845,12.381652613574252,11.194953971502335,228.84285714285684,1.0583601133216332,22124.15,20976.8,22124.15,16828.35,-2.267883737906315,28.48793850852878
2024-01-20,21706.15,21720.3,21541.8,21571.8,0,21658.395,20889.994000000002,20227.46,19494.73475,-0.39982187045716533,3.2637922251198193,6.646113748340128,10.654493516512193,-0.23401657540329523,-2.378781262091334,0.2733231069585784,1.4902340855467378,45.84351480793663,57.71532085414717,12.353585078732477,11.240955139157155,230.62857142857112,1.0691206641475033,22124.15,21232.45,22124.15,16828.35,-2.4965930894520336,28.187255435024834
2024-01-23,21716.7,21750.25,21192.6,21238.8,0,21652.864999999998,20926.863999999998,20246.8215,19514.13,-1.9122873578161539,1.4906007894924034,4.89942828804018,8.838057346138404,-1.5436820293160514,-3.6015304802494486,-1.4205250906829225,-0.5180473455928647,40.72988580608747,49.725567020755584,13.529102418242323,11.871395184273336,256.17857142857144,1.2061819473255149,22124.15,21192.6,22124.15,16828.35,-4.001735659901068,26.208451809000888
2024-01-24,21185.25,21482.35,21137.2,21453.95,0,21653.495000000003,20967.436,20267.8315,19534.409499999998,-0.9215371467746978,2.3203313938814416,5.852222029771663,9.826457769301923,1.0130045011959243,-0.5470066452036071,-0.7620717249418374,0.058764956497614484,48.66233437420884,51.696441610280864,13.939491447979071,12.015819017284395,268.21428571428544,1.250186029678849,22124.15,21137.2,22124.15,16828.35,-3.029268921065897,27.486949106715763
2024-01-25,21454.6,21459.0,21247.05,21352.6,0,21638.3875,21003.977,20287.9375,19553.38725,-1.3207430544443395,1.6597951902156416,5.247761138854053,9.201540004277257,-0.472407179097567,-0.5108970401519031,-1.360915037510635,-1.395305879772346,42.136804671379025,48.56431078829449,13.526281632407311,12.087542511084044,266.7642857142855,1.2493292887717915,22124.15,21137.2,22124.15,16828.35,-3.4873656163061764,26.884691606723184
2024-01-29,21433.1,21763.25,21429.6,21737.6,0,21636.332499999997,21049.858000000004,20312.518,19574.0795,0.4680437407772402,3.26720493791452,7.015782090630017,11.052987191556053,1.803059112239258,0.5327808198904771,-0.7168450596153009,-0.18871649822993497,54.55596575925996,51.269751260555694,14.930136901609256,12.540080714187848,276.7357142857142,1.2730739101175579,22124.15,21137.2,22124.15,16828.35,-1.7471857675888245,29.172497600774882
2024-01-30,21775.75,21813.05,21501.8,21522.1,0,21625.8675,21086.791,20333.386,19593.569750000002,-0.4798304622924456,2.0643681629888464,5.8461192838221825,9.842669174666325,-0.9913697924333831,-0.23039338395498543,-2.6036940913996998,-0.9631224863561605,49.57051971833645,46.174716756112076,15.32362857425824,12.632771364190337,283.8642857142856,1.3189432523512372,22124.15,21137.2,22124.15,16828.35,-2.721234488104641,27.89192047942906
2024-01-31,21487.25,21741.35,21448.85,21725.7,0,21625.0575,21126.001,20355.355,19613.586750000002,0.4653976064572395,2.838677324686298,6.732110542901371,10.768623184130249,0.946004339725226,2.292502401265617,-1.3915932517258645,-0.07451050736136944,51.92563798005973,49.91881035808904,15.721456353598034,12.734761946992409,290.95714285714297,1.339230233581164,22124.15,21137.2,22124.15,16828.35,-1.8009731447309871,29.101783597322388
2024-02-01,21780.65,21832.95,21658.75,21697.45,0,21626.64,21165.314,20376.5805,19633.012,0.3274202557586445,2.514189016992624,6.4822922570349855,10.515136444677985,-0.13003033273956133,1.134989127876218,0.581774016720793,0.14608276638758966,50.90441136768597,49.37004861042218,15.675649579184384,12.7293748492986,293.9178571428573,1.3546193545456138,22124.15,21137.2,22124.15,16828.35,-1.9286616660979097,28.93391211853808
2024-02-02,21812.75,22126.8,21805.55,21853.8,0,21643.462499999998,21208.51,20399.007999999998,19653.141,0.9718292532906945,3.0425994093880284,7.131680128759209,11.197492553480382,0.7205915902559923,2.3472551352060167,1.8243660380435456,1.5636219144086194,49.24173349956272,52.60510489704293,15.64066830447642,12.752251567196238,304.5107142857144,1.3933993826506805,22126.8,21137.2,22126.8,16828.35,-1.233797928304138,29.862999046252312
2024-02-05,21921.05,21964.3,21726.95,21771.7,0,21646.5075,21248.276,20419.454500000003,19673.46525,0.5783496483208712,2.46337161659609,6.622339005187417,10.665303358288645,-0.3756783717248191,0.15687104372148486,0.6904876424448592,0.28050555483907225,43.65319045299564,53.590536286508865,15.410545478490276,12.807028716782376,305.67857142857144,1.404017928910335,22126.8,21137.2,22126.8,16828.35,-1.6048411880615299,29.375131845962333
2024-02-06,21825.2,21951.4,21737.55,21929.4,0,21667.3275,21290.626999999997,20440.549,19694.8115,1.2095284939963271,3.000254525148577,7.283811212702762,11.346077112746174,0.7243348016002349,1.892473318124166,1.6577198008511207,1.9355738390740562,48.06491650368592,53.117335006559834,15.19403736764666,12.861313840146346,309.92857142857144,1.4133016472341762,22126.8,21137.2,22126.8,16828.35,-0.8921308096968283,30.312240950538843
2024-02-07,22045.05,22053.3,21860.15,21930.5,0,21686.61,21333.196999999996,20459.8905,19716.37025,1.1246109926816568,2.799875705455697,7.187768184780845,11.229905514682653,0.005016097111631979,0.9426623768163944,3.2567753357063634,1.789986934232557,58.1505307903889,56.307599335247,15.19655329376329,12.85629173734811,289.3071428571428,1.319199940070417,22126.8,21137.2,22126.8,16828.35,-0.8871594627329721,30.31877753909327
2024-02-08,22009.65,22011.05,21665.3,21717.95,0,21691.572500000002,21371.662,20477.138,19736.837750000002,0.12160252558913692,1.620313852989068,6.059499135084218,10.037637614972024,-0.9691981486970147,0.09448114870640456,1.230542627348341,0.4590932849801277,55.552901320361364,52.479800584493745,15.618401801775331,13.11524735297463,293.5464285714284,1.351630464990611,22126.8,21137.2,22126.8,16828.35,-1.8477592783411905,29.05573035977979
2024-02-09,21727.0,21804.45,21629.9,21782.5,0,21698.3375,21409.518000000004,20494.263,19757.63,0.3878753383755716,1.7421317004894565,6.285842042721912,10.248547017025821,0.2972195810378109,-0.3262590487695505,2.013337954160166,0.6250230976754478,53.62742432481417,52.35283978281478,15.644065893680375,13.100807835643986,291.13214285714275,1.3365414569362688,22126.8,21137.2,22126.8,16828.35,-1.5560315996890617,29.4393092608604
2024-02-12,21800.8,21831.7,21574.75,21616.05,0,21684.4125,21439.906999999996,20509.3925,19776.99325,-0.3152610198685313,0.8215660636960957,5.395857044522393,9.298970408456805,-0.7641455296683142,-0.7149189084913021,-0.5591693655233265,-1.2720060471669847,50.952575721697194,49.56961465658978,15.315457663698986,13.121491284226048,296.7357142857142,1.372756420741598,22126.8,21137.2,22126.8,16828.35,-2.308286783448126,28.450204565509996
2024-02-13,21664.3,21766.8,21543.35,21743.25,0,21666.7025,21472.109,20524.9015,19796.86325,0.35329556954963764,1.2627590517540668,5.935952969128744,9.831793680748902,0.5884516366311265,-0.8488604339380035,1.0275484269657742,-1.6028998821130958,61.91510971490659,47.83776831394519,15.071670485479183,13.158389276278164,272.8642857142856,1.2549379035529904,22126.8,21137.2,22126.8,16828.35,-1.7334182981723487,29.206071896531753
2024-02-14,21578.15,21870.85,21530.2,21840.05,0,21657.09,21503.551999999996,20541.969,19816.995499999997,0.8448041726750877,1.5648484492236598,6.3191654120400935,10.208684257913882,0.44519563542708696,-0.41243929686965997,0.5263351698679308,-0.8725825265632703,59.65974480860642,46.20644933089664,15.158136140541112,13.123120645966205,272.54285714285703,1.247903998126639,22126.8,21137.2,22126.8,16828.35,-1.2959397653524234,29.781291689321893
2024-02-15,21906.55,21953.85,21794.8,21910.75,0,21674.03,21528.031000000003,20562.0625,19836.974,1.09218267207345,1.777770572701225,6.559106120798923,10.454094460173218,0.32371720760713263,0.8877449298851925,0.9830648301989431,1.5705580626693472,64.18172116777198,48.21152686020336,13.111845672361605,12.37799405957311,268.7642857142855,1.226632067429392,22126.8,21137.2,22126.8,16828.35,-0.9764177377659639,30.20141606277503
2024-02-16,22020.3,22068.65,21968.95,22040.7,0,21702.9525,21551.743,20585.046000000002,19856.8525,1.556228351879779,2.268758494382576,7.071414851344021,10.997953980873856,0.5930878678274354,1.1853552163433978,0.8552288389204632,2.695197381448833,58.84808500700614,57.6399641431016,13.037589874601998,12.324057908583573,250.7107142857141,1.1374897997146827,22126.8,21137.2,22126.8,16828.35,-0.3891208850805293,30.973624865182874
2024-02-19,22103.45,22186.65,22021.05,22122.25,0,21727.945,21575.433999999997,20609.526,19876.7255,1.8147367364930291,2.534438009450946,7.339926206939443,11.29725567724925,0.3699973231340081,2.3417784470335823,1.6101177216294449,2.31172302797098,69.00592203185869,60.856691669956554,12.871496706407697,12.32112372137034,240.3071428571428,1.086268995500651,22186.65,21137.2,22186.65,16828.35,-0.29026464112428624,31.45822377119564
2024-02-20,22099.2,22215.6,22045.85,22196.95,0,21759.2025,21601.35,20634.75,19897.261000000002,2.011780992432978,2.7572350802149046,7.570724142526567,11.557816927666568,0.33766908881329716,2.086624584641217,1.2200516201993583,2.897996458339125,66.25056036415052,59.72445542711098,12.824328864971676,12.313284621051583,231.53928571428565,1.0431130660486492,22215.6,21137.2,22215.6,16828.35,-0.08395001710508751,31.902117557573987
2024-02-21,22248.85,22249.4,21997.95,22055.05,0,21800.015,21623.063,20658.6535,19916.257250000002,1.1698845161345066,1.9978066937140266,6.759378097899744,10.73892912284007,-0.6392770177884866,0.9844299807005852,0.5679305077403551,3.8432020641467446,61.4351496546431,57.933967065622475,11.585861389213962,12.42173761086493,237.0571428571428,1.0748429174141196,22249.4,21137.2,22249.4,16828.35,-0.8735067013043145,31.05889763405207
2024-02-22,22081.55,22252.5,21875.25,22217.45,0,21838.19,21647.47,20683.6635,19936.9995,1.7366823898867172,2.633009769732904,7.415448912133008,11.438283378599667,0.7363392964423232,1.3997695195280935,2.2999408323529646,3.5587852120471997,61.58379256522158,67.02088804633284,11.365119520795755,12.502570650213626,233.33571428571435,1.0502362525209434,22252.5,21247.05,22252.5,16828.35,-0.15751039209077305,32.02393579881571
2024-02-23,22290.0,22297.5,22186.1,22212.7,0,21881.195,21673.596,20710.555,19956.740999999998,1.51502237423505,2.4873768063223074,7.253040780413661,11.304245517842832,-0.02137959126722322,0.7803744890135134,1.9749799150694303,4.028080889446728,64.77584936004823,64.23839816847752,11.13348123311261,12.44384878549765,224.33928571428598,1.0099595533829113,22297.5,21429.6,22297.5,16828.35,-0.38031169413611066,31.995709620967016
2024-02-26,22169.2,22202.15,22075.15,22122.05,0,21900.417500000003,21697.51,20735.3925,19976.021500000003,1.012001255227194,1.9566300464892095,6.687394511582056,10.743022578344725,-0.4080998707946426,-0.0009040671721916027,2.3408532086111933,1.768594509053445,56.75846342746877,64.49740932642486,9.567225155534496,12.501071308191818,218.88928571428576,0.9894620331944181,22297.5,21448.85,22297.5,16828.35,-0.7868595133983664,31.45703530054938
2024-02-27,22090.2,22218.25,22085.65,22198.35,0,21934.23,21717.822999999997,20762.0885,19995.437749999997,1.2041453016586359,2.2125928551862772,6.917712059651401,11.01707438238006,0.3449047443613962,0.006307172832298313,2.09306336449242,3.1421190311354374,58.92565563664227,59.823884352146,8.701752611870663,12.252566975148952,214.56428571428583,0.9665776317351777,22297.5,21448.85,22297.5,16828.35,-0.4446686848301445,31.910436852097803
2024-02-28,22214.1,22229.15,21915.85,21951.15,0,21945.502500000002,21727.713000000003,20787.238999999998,20013.7085,0.025734202258522566,1.0283502916298557,5.599161100711854,9.680572193804066,-1.1135962808046407,-0.47109392180021414,0.5086984690969132,1.0377110979163051,57.595596378086135,59.02598085621127,9.27476297942434,12.235105134497985,212.24642857142888,0.9669034586863507,22297.5,21530.2,22297.5,16828.35,-1.5533131516986143,30.441487133319683
2024-02-29,21935.2,22060.55,21860.65,21982.8,0,21959.77,21738.995999999996,20811.6095,20032.0485,0.1048735938491106,1.1215053353890114,5.627582527915492,9.738152840434658,0.14418378991531977,-1.0561518086009025,0.32883401983043736,1.3151315016280751,56.66688856344026,55.83046081277211,9.253942963807592,12.225895651793186,214.05714285714308,0.9737483071180336,22297.5,21530.2,22297.5,16828.35,-1.4113689875546618,30.629562613090417
2024-03-01,22048.3,22353.3,22047.75,22338.75,0,21984.0175,21756.709,20838.462,20051.748,1.6135926929643238,2.6752253753083757,7.199610028801552,11.405499410824435,1.6192204814673428,0.567468160106599,1.3522710258748516,2.219064876588961,71.36017024295089,62.6614017769003,10.554195804413121,12.719307260141996,222.1678571428573,0.9945402367762624,22353.3,21530.2,22353.3,16828.35,-0.06509106038034326,32.74474324577277
2024-03-02,22406.95,22419.55,22367.05,22378.4,0,22014.3525,21781.273999999998,20867.1225,20072.2075,1.6536825237081152,2.7414649850142094,7.24238571944934,11.489481164440935,0.17749426445079486,1.1587985742731899,1.1578840307834959,2.786645048388503,69.79708880092264,60.857686894610524,10.396736524724199,12.24958080970691,211.97857142857148,0.9472463242616606,22419.55,21530.2,22419.55,16828.35,-0.1835451648226562,32.98035755139394
2024-03-04,22403.5,22440.9,22358.3,22405.6,0,22038.1625,21804.285,20894.28,20093.32675,1.6672782950937948,2.757783619137242,7.233175778251272,11.507667589191014,0.12154577628427088,0.9336279498250999,0.9399940081858071,2.1715140405118127,68.42722622267112,63.42496505569906,10.164641213572084,12.218632368971946,193.54642857142895,0.8638305984728325,22440.9,21530.2,22440.9,16828.35,-0.15730206899011587,33.14198955928537
2024-03-05,22371.25,22416.9,22269.15,22356.3,0,22059.4525,21824.423,20919.7295,20114.458499999997,1.3456702971209276,2.437072448604943,6.867060589860867,11.145423079622068,-0.22003427714499812,1.8456891780157303,1.3659003266825565,1.941588199083455,64.7225985526881,59.47613762486123,10.22650192403217,12.215788684263835,192.73928571428613,0.8621251536000417,22440.9,21530.2,22440.9,16828.35,-0.37699022766467555,32.84903154498214
2024-03-06,22327.5,22497.2,22224.35,22474.05,0,22097.2575,21845.077,20946.53,20135.81175,1.705155040167313,2.8792436849730407,7.2924727866620405,11.612336661818457,0.5266971726090697,2.234701675855666,1.154948025088376,3.4814519786628084,64.43585729038273,61.471413798197666,9.509090584268156,12.231243786144102,200.95000000000047,0.8941423552942193,22497.2,21530.2,22497.2,16828.35,-0.10290169443309147,33.54874363796808
2024-03-07,22505.3,22525.65,22430.0,22493.55,0,22132.809999999998,21861.853000000003,20973.955,20156.7075,1.6298879356033042,2.8894943168815397,7.245152380654947,11.593374066672341,0.0867667376374115,0.6929662581836471,1.2643667811657266,3.2643176862160006,62.902216971297506,67.8208722025642,9.501956453104613,12.056929955609245,195.95357142857185,0.8711544928593835,22525.65,21530.2,22525.65,16828.35,-0.14250421186515008,33.66461952597849
2024-03-11,22517.5,22526.6,22307.25,22332.65,0,22168.64,21872.931999999997,20999.964,20176.63075,0.7398288753843358,2.10176669501832,6.346134688611854,10.685724870095079,-0.7153161684127163,-0.20443820827226178,0.9519913389582024,3.315129267373096,54.44888859746906,62.10477678276754,9.440182767270015,12.132192686203012,199.49642857142888,0.8932949227764232,22526.6,21530.2,22526.6,16828.35,-0.860982127795571,32.70849489106183
2024-03-12,22334.45,22452.55,22256.0,22335.7,0,22198.2625,21885.017999999996,21025.206000000002,20196.882250000002,0.6191362950140804,2.0593174746303813,6.232966278665705,10.589841162241752,0.013657134285449679,-0.3119755775341737,0.6187396811024426,2.724753659181589,60.12263300270525,67.06099902799846,9.317813628945755,12.116801801927034,195.57500000000022,0.8756161660480763,22526.6,21530.2,22526.6,16828.35,-0.847442578995489,32.7266190684173
2024-03-13,22432.2,22446.75,21905.65,21997.7,0,22206.145,21890.134000000005,21048.472,20215.265,-0.9386816126797322,0.4913903222337297,4.509724031274095,8.81727249185208,-1.5132724741109493,-1.6040221324637782,0.2120617826400828,0.721839006778846,42.965073470563716,55.48419078819754,10.913036977596864,12.619762573137885,207.27857142857152,0.9422738351217241,22526.6,21794.8,22526.6,16828.35,-2.3478909378246064,30.71810367623684
2024-03-14,21982.55,22204.6,21917.5,22146.65,0,22217.94,21899.751,21073.6915,20233.501500000002,-0.3208668310383287,1.1274055125101707,5.091459652429668,9.455350572909978,0.6771162439709544,-1.4567912770506286,0.7453554597230738,1.0766404618737457,48.064241962427836,56.46290050590225,11.106052552828402,12.67272007841884,219.82857142857134,0.9926041700599022,22526.6,21860.65,22526.6,16828.35,-1.6866726447843754,31.603217190039445
2024-03-15,22064.85,22120.9,21931.7,22023.35,0,22217.072500000002,21909.871,21098.4985,20250.625,-0.8719533142811838,0.5179355003961428,4.383494398902353,8.753927347921353,-0.5567433449302883,-2.0903770191899484,-1.4118963684181196,-0.0787180080487615,47.161672513947174,52.32203250020619,11.118359098648527,12.637786852511686,225.35714285714286,1.0232645935207083,22526.6,21860.65,22526.6,16828.35,-2.2340255520140637,30.870525036619757
2024-03-18,21990.1,22123.7,21916.55,22055.7,0,22213.745000000003,21916.769,21126.237999999998,20267.73425,-0.7114739095096386,0.633902743602401,4.399562288373365,8.821734723505166,0.146889551317142,-1.2401125706085092,-1.4420155149608593,-0.30082835154651155,45.7914146629297,50.32230339492909,11.047437045119551,12.489730675591446,230.68214285714308,1.0459071480712154,22526.6,21860.65,22526.6,16828.35,-2.0904175508065923,31.062760163652424
2024-03-19,21946.45,21978.3,21793.1,21817.45,0,22194.769999999997,21922.857999999997,21153.191000000003,20284.1495,-1.7000401445926052,-0.48081322243658114,3.1402307103453,7.559106680810064,-1.080219625765677,-2.3202765080118426,-2.625013389509756,-1.7096943498994266,46.03452366828803,43.86399323589807,11.584335540323876,12.561163976509903,227.06071428571445,1.0407298482898526,22526.6,21793.1,22526.6,16828.35,-3.1480560759280047,29.646994506294455
2024-03-20,21843.9,21930.9,21710.2,21839.1,0,22183.9725,21928.743000000002,21183.0095,20300.90625,-1.5546020894138834,-0.40879224130632413,3.097248764392984,7.576970855673,0.09923249508994036,-0.7209844665578724,-2.3134418486064345,-0.9791408316916161,45.71249552452558,42.63880032090177,11.409831120589814,12.559306090549715,228.54642857142895,1.0465011313260573,22526.6,21710.2,22526.6,16828.35,-3.0519474754290488,29.775646453752152
2024-03-21,21989.9,22080.95,21941.3,22011.95,0,22173.6975,21936.608000000004,21212.656499999997,20318.2955,-0.7294566005511606,0.34345328138241293,3.7680028430197012,8.335613093135693,0.7914703444739102,-0.6082183987194512,-2.0561492031921147,-0.9249486327188805,39.053393180143395,49.12455313617163,11.461575942281195,12.656753916458326,219.35714285714337,0.9965366215039712,22526.6,21710.2,22526.6,16828.35,-2.284632390152077,30.802782209782915
2024-03-22,21932.2,22180.7,21883.3,22096.75,0,22167.9,21945.599,21242.215,20335.81,-0.3209595857072679,0.6887531299555855,4.022814946558068,8.659305923885002,0.38524528721899376,0.3332826295727065,-1.7640612531147792,-0.5219986764328555,40.842734987157336,47.46854026845635,11.562645267656393,12.679060805385408,234.8285714285721,1.0627290050734706,22526.6,21710.2,22526.6,16828.35,-1.9081885415464321,31.306693763797412
2024-03-26,21947.9,22073.2,21947.55,22004.7,0,22162.032499999998,21947.802000000003,21271.466,20352.8385,-0.7099190924839444,0.2592423605789655,3.447030872249239,8.116123458651721,-0.41657709844207247,-0.23123274255634207,-1.468477766857046,-0.5304662090538592,37.49298059524559,45.79168858495528,11.566422253927316,12.465791485929085,239.58571428571486,1.0887933681700495,22526.6,21710.2,22526.6,16828.35,-2.316816563529329,30.759700148855963
2024-03-27,22053.95,22193.6,22052.85,22123.65,0,22158.2975,21948.325999999997,21302.811,20369.82475,-0.1563635473348037,0.7988035169516079,3.8531957120588447,8.609918207568288,0.540566333556014,1.4034637411796558,-0.9493770063172424,-0.33651149747615516,43.0442192124855,50.03200512081938,11.669598290514156,12.349843126825803,242.5250000000004,1.0962250804003877,22526.6,21710.2,22526.6,16913.75,-1.7887741603260017,30.80274924248024
2024-03-28,22163.6,22516.0,22163.6,22326.9,0,22177.085,21954.218000000004,21334.7475,20388.2865,0.6755396392267169,1.6975416751350332,4.650406572658055,9.508467030812048,0.9187001240753778,2.2336085278239715,1.4965200907367526,1.711755420558836,45.814489290895196,52.447126458662574,11.355932068732049,12.497762559520101,251.06071428571445,1.12447636835259,22526.6,21710.2,22526.6,16913.75,-0.8865075066809777,32.0044342620649
2024-04-01,22455.0,22529.95,22427.75,22462.0,0,22201.045000000002,21972.019,21367.0615,20407.7795,1.1754176436289285,2.2300226483510674,5.124422466795447,10.065869733647403,0.605099677966936,2.044571244255966,1.4239173870540078,2.179886092763428,49.15797058902027,60.158285112052326,11.503437920341007,11.578312193191326,258.73214285714283,1.1518660086240888,22529.95,21710.2,22529.95,16913.75,-0.3015985388338666,32.80319266868672
2024-04-02,22458.8,22497.6,22388.15,22453.3,0,22206.7725,21991.84,21397.477000000003,20427.038500000002,1.1101455648271272,2.0983237418969907,4.934334080602103,9.919506931951965,-0.03873208084765878,1.6135857083055205,1.9522461387572854,0.5127860780034688,53.50472040668112,59.44210315071241,10.030256964445645,11.502559122055766,250.88214285714275,1.117350869837141,22529.95,21710.2,22529.95,16913.75,-0.3402138042916272,32.75175522873401
2024-04-03,22385.7,22521.1,22346.5,22434.65,0,22209.585,22008.085,21427.7565,20445.631,1.0133687774895495,1.9382195225073073,4.699015036875195,9.72833266921427,-0.08306128720498851,1.95390075756543,1.7181499567005432,0.25135845279375957,52.848547658116715,52.22588431900477,10.021208430466269,11.410627395809856,249.31428571428555,1.1112911755444614,22529.95,21710.2,22529.95,16913.75,-0.4229925055315225,32.641489912053814
2024-04-04,22592.1,22619.0,22303.8,22514.65,0,22215.0375,22026.942000000003,21458.467999999997,20464.424750000002,1.3486922990789592,2.2141430253913534,4.921982314860522,10.01848463881204,0.3565912550452133,1.7673394760810313,3.195607185991034,0.48670867997286926,67.47810798931603,53.1042810598984,10.089025903993255,11.405054231575487,233.17857142857142,1.0356748669358458,22619.0,21710.2,22619.0,16913.75,-0.46133781334275853,33.11447786564187
2024-04-05,22486.4,22537.6,22427.6,22513.7,0,22222.9075,22052.44,21489.652000000002,20483.552750000003,1.308525898332608,2.0916506291367396,4.765307507073632,9.911109048209413,-0.0042194748752555356,0.8366589181659778,3.0889551309349006,0.7040521016447254,63.79005898485926,52.492736244984606,10.04816624589065,10.77872822873938,220.52857142857152,0.9795305588533716,22619.0,21710.2,22619.0,16940.6,-0.4655378221848856,32.897890275433
2024-04-08,22578.35,22697.3,22550.35,22666.3,0,22232.52,22076.687,21522.0615,20502.76625,1.951105857545608,2.670749465261692,5.316584101388241,10.55239924027324,0.6778095115418603,0.9095361054224815,2.972703463346038,0.8554310415790578,73.63526081682174,56.823384398661744,10.159543071769239,10.66136398638671,218.28928571428565,0.9630565452424333,22697.3,21710.2,22697.3,17204.65,-0.1365801218647152,31.74519679272753
2024-04-09,22765.1,22768.4,22612.25,22642.75,0,22239.980000000003,22102.49,21553.233500000002,20522.209,1.8110178156634886,2.4443399816038753,5.055002535930388,10.332908119199065,-0.10389873953843276,0.8437512525998336,2.4709516105309692,0.6633012574715824,71.72087172087177,53.87388628639665,10.171570700291479,10.589295925272793,214.64642857142852,0.9479697853459873,22768.4,21710.2,22768.4,17312.75,-0.5518613516979737,30.786559038858645
2024-04-10,22720.25,22775.7,22673.7,22753.8,0,22261.0375,22122.814,21586.335999999996,20541.8095,2.213564843956625,2.852195927697086,5.408347206306821,10.768235875228031,0.4904439610913025,1.4225762380959628,3.4042727235545023,1.8858039686288741,88.24490462770098,55.7350316225567,9.888403408266223,9.903935783881092,205.38571428571413,0.9026435772737482,22775.7,21710.2,22775.7,17402.7,-0.0961551126858953,30.748676929441977
2024-04-12,22677.4,22726.45,22503.75,22519.4,0,22270.2225,22142.76,21614.775500000003,20560.096,1.1188819509998231,1.700962300995915,4.185213489726035,9.529644219560064,-1.0301576000492085,0.02109737437623327,1.788809712683026,0.8224501582668076,73.67248938687472,53.98621101837821,10.66628101048274,9.926141148695297,207.4821428571426,0.9213484500348259,22775.7,21710.2,22775.7,17502.85,-1.1253221635339385,28.6613322973116
2024-04-15,22339.05,22427.45,22259.55,22272.5,0,22283.9625,22153.696,21639.8485,20577.56175,-0.05143833822194529,0.5362716902859013,2.9235486560823194,8.236827426845162,-1.0963880032327733,-1.071347668308631,-0.24365227595412042,1.2492215095214476,58.622058969522506,48.77817731894984,9.937211785092634,10.080828589352613,208.76785714285688,0.9373346375254545,22775.7,21710.2,22775.7,17553.95,-2.2093722695680076,26.880274809943057
2024-04-16,22125.3,22213.75,22079.45,22147.9,0,22284.025,22162.705,21664.0095,20594.9585,-0.610863611937251,-0.06680141255320725,2.2336146963007995,7.540396354768089,-0.5594342799416285,-2.287095820667673,-1.398361677499771,0.005644194494425214,51.649201999032776,53.16490370432806,9.894545367536114,10.166370676887281,201.3142857142853,0.9089542833148301,22775.7,21710.2,22775.7,17553.95,-2.7564465636621454,26.170463058172093
2024-04-18,22212.35,22326.5,21961.7,21995.85,0,22282.65,22165.546000000002,21687.028000000002,20611.46425,-1.2871000531804022,-0.76558456985451,1.423994103756386,6.716581283156521,-0.6865210697176827,-2.8569851276898817,-2.037339722891518,-0.12486747020775679,49.72528325314288,46.826599326599265,10.00190875873038,10.174916079777558,216.71428571428518,0.9852507891910756,22775.7,21710.2,22775.7,17553.95,-3.42404404694478,25.304276245517375
2024-04-19,21861.5,22179.55,21777.65,22147.0,0,22287.215000000004,22173.052000000003,21710.664000000004,20628.10625,-0.6291275065099151,-0.11749397421700591,2.009777314963723,7.363224387115028,0.6871750807538657,-2.666807302516505,-1.2821684314219373,0.4139519489293031,50.7106120088864,52.57191588493462,10.289988977969386,10.244593471953317,231.9285714285709,1.0472234227144575,22775.7,21710.2,22775.7,17553.95,-2.7603981436355443,26.16533600699557
2024-04-22,22336.9,22375.65,22198.15,22336.4,0,22313.1625,22181.192000000003,21735.9095,20644.82325,0.10414256607508196,0.6997279496971971,2.7626656248269708,8.193709045196112,0.8551948345148386,-0.8126326633924541,-0.7917067331715155,2.3786006155623207,50.29157203363821,55.48049513842791,9.8214213979186,10.293890506568317,220.23571428571398,0.9859946736524863,22775.7,21710.2,22775.7,17553.95,-1.92881009145712,27.244295443475686
2024-04-23,22447.05,22447.55,22349.45,22368.0,0,22339.6075,22189.942000000003,21761.5695,20660.74725,0.12709489188653716,0.8024266129221845,2.7867038726227835,8.263267196204627,0.14147311115488836,0.4287798855090452,-0.6471615061051761,2.4218030962814385,46.91924488725747,61.69268344483381,9.82141397228639,10.296142160353028,213.67142857142815,0.9552549560596751,22775.7,21777.65,22775.7,17553.95,-1.790065727946894,27.424311907006683
2024-04-24,22421.55,22476.45,22384.0,22402.4,0,22359.129999999997,22203.631,21787.6465,20676.106,0.19352273545528864,0.8952094366907837,2.8215690942112657,8.349222044034798,0.15379113018598733,1.1490931420134576,-1.1642835398807838,1.7738092263520633,48.359440469283896,61.89902830587248,9.500089164765765,10.034505296370767,213.59999999999985,0.953469271149519,22775.7,21777.65,22775.7,17553.95,-1.639027560074989,27.620279196420185
2024-04-25,22316.9,22625.95,22305.25,22570.35,0,22382.809999999998,22219.388,21814.453,20692.03,0.8378751372146789,1.5795304533140135,3.4651201201331845,9.077504720416506,0.7496964610934409,2.6118563274435846,-0.31974914707798563,2.143301616753579,53.98976831706448,61.81999068625374,9.735651877443535,10.139447882715098,224.03571428571428,0.9926107228541617,22775.7,21777.65,22775.7,17553.95,-0.9016188305957761,28.57704391319331
2024-04-26,22620.4,22620.4,22385.55,22419.95,0,22403.572500000002,22235.466,21837.6865,20707.05325,0.073102180466971,0.8296835335045389,2.666324109012193,8.27204493715203,-0.6663609558557937,1.2324468325281002,-1.4672274521178807,1.887096847491665,47.326369282890994,56.65650615809205,9.95208581715746,10.100223745980587,218.29642857142866,0.9736704523044373,22775.7,21777.65,22775.7,17553.95,-1.5619717505938346,27.720256694362238
2024-04-29,22475.55,22655.8,22441.9,22643.4,0,22429.56,22253.469000000005,21862.789000000004,20722.839,0.9533847297940758,1.7522256867007873,3.5705005431832006,9.267846939311749,0.9966569952207793,1.3744381368528513,0.5506363402222103,2.34929588924071,53.25307248557815,62.47899652221488,10.346544859747281,10.247437964790135,227.28571428571428,1.0037614240163326,22775.7,21777.65,22775.7,17612.5,-0.5808822560887229,28.56437189496097
2024-04-30,22679.65,22783.35,22568.4,22604.85,0,22443.457499999997,22268.765,21886.158499999998,20739.24,0.7191071161829756,1.5092215486579483,3.283771795767635,8.995556249891495,-0.17024828426828176,1.0588787553647894,1.4921988999887725,1.2449108474530624,48.36521322727392,59.706701093315,9.943284026680661,10.228758523974596,229.5249999999999,1.0153794429071632,22783.35,21777.65,22783.35,17711.2,-0.7834668738354983,27.63025656082026
2024-05-02,22567.85,22710.5,22567.85,22648.2,0,22452.767499999998,22283.514000000003,21905.7725,20755.64175,0.8704160856785368,1.636573118584429,3.389186571713011,9.118283466229137,0.1917730044658672,1.0972038710138188,2.2589049074630108,0.8289555694061201,50.1434776885613,56.92815249266861,9.751207230890019,10.216268027367304,228.56071428571417,1.0091782759147048,22783.35,21777.65,22783.35,17711.2,-0.5931963473325821,27.875016938434438
2024-05-03,22766.35,22794.7,22348.05,22475.85,0,22453.894999999997,22292.217,21921.98,20770.78025,0.09777813604277455,0.8237538688951305,2.526550977603296,8.208982664481267,-0.7609876281558847,-0.4186908931407829,2.1822298297178744,0.10043067166072284,42.911427915635926,50.293924152713195,10.16003321980041,10.31035652584883,250.9678571428571,1.116611194428051,22794.7,21777.65,22794.7,17797.9,-1.3987900696214566,26.283718865708856
2024-05-06,22561.6,22588.8,22409.45,22442.7,0,22454.2975,22298.626,21937.03,20786.07,-0.05164935576363435,0.6461115586224933,2.3050978186199402,7.9699048449274015,-0.14749164102803025,0.1014721263874252,1.3351695489230986,0.0358819950389222,47.82015574376172,49.77735769796265,10.17017440115177,10.29091415359483,245.91785714285703,1.0957587863441431,22794.7,21777.65,22794.7,17885.3,-1.5442186122212618,25.48126114742275
2024-05-07,22489.75,22499.05,22232.05,22302.5,0,22443.69,22300.736999999997,21951.043499999996,20800.3665,-0.6290855024285164,0.007905568322709014,1.6010924492040841,7.221668425890476,-0.6247020189192987,-1.5055159560843356,-0.15177020468831737,-0.9422753629303671,50.9076606559361,47.35916548430285,10.314107932816462,10.369832623902594,246.42857142857116,1.1049369865646057,22794.7,21777.65,22794.7,18042.4,-2.1592738662934834,23.611603777767915
2024-05-08,22231.2,22368.65,22185.2,22302.5,0,22433.129999999997,22305.686,21964.374499999998,20813.94225,-0.5823083983376256,-0.014283353580793315,1.5394269479424598,7.151733833603771,0.0,-1.3375448189215988,-0.29282904148784095,-0.9380954707578049,55.05890052356013,45.62044549039035,10.31434181219168,10.262236127374393,245.742857142857,1.1018623792976439,22794.7,21777.65,22794.7,18042.4,-2.1592738662934834,23.611603777767915
2024-05-09,22224.8,22307.75,21932.4,21957.5,0,22397.69,22300.486999999997,21973.978499999997,20825.13425,-1.965336603908701,-1.5380247077115283,-0.07499097170772895,5.4374955590022225,-1.546911781190452,-3.0496904831289084,-1.985947934149923,-3.127109409122797,48.885789825387185,39.94613354542496,11.228795143391503,10.717630094248861,246.49642857142837,1.1226069842715627,22794.7,21777.65,22794.7,18055.45,-3.672783585658073,21.611480190191877
2024-05-10,21990.95,22131.3,21950.3,22055.2,0,22368.3125,22297.337000000003,21985.4665,20836.6525,-1.3998038519892784,-1.0859458239340527,0.3171799879706992,5.848096281300466,0.44495047250370234,-1.8715643679771743,-2.282419191549967,-2.594870322730225,47.24737631184411,38.730082620242,11.430002957809448,10.768622300161356,230.7178571428571,1.0460927905566808,22794.7,21777.65,22794.7,18055.45,-3.2441751810727935,22.152591045916882
2024-05-13,22027.95,22131.65,21821.05,22104.05,0,22335.825,22296.977,21997.243499999997,20847.936999999998,-1.037682736142504,-0.8652607929765531,0.48554492748149297,6.025118936228564,0.22148971671078765,-1.5089539137447927,-1.409012954979838,-2.8555669822183494,42.39169586430459,40.1571350264937,11.275538251498787,10.7422420398313,236.57142857142858,1.0702628186754402,22794.7,21777.65,22794.7,18060.4,-3.029870978780161,22.389592700050926
2024-05-14,22112.9,22270.05,22081.25,22217.85,0,22320.7475,22297.367000000002,22007.595,20859.176499999998,-0.4609948658753599,-0.35662058215215925,0.9553747240441193,6.513552919982249,0.5148377785971325,-0.3795538616747085,-1.8793555738096046,-1.3390676483387765,45.33449336606279,40.2172127407137,10.992226923915402,10.776969703152101,242.11785714285725,1.0897447644252582,22794.7,21777.65,22794.7,18060.4,-2.530632120624541,23.019700560341946
2024-05-15,22255.6,22297.55,22151.75,22200.55,0,22317.15,22302.355,22015.034000000003,20871.27475,-0.5224681466943681,-0.4564764573068642,0.8426786894809971,6.368922195324934,-0.0778653200017021,-0.4571236408474455,-1.7885542261948162,-0.32304411269502564,43.66068904871071,43.67900402434429,10.297435314958038,10.4710780125369,244.78571428571428,1.102611035698279,22794.7,21777.65,22794.7,18060.4,-2.6065269558274573,22.923910876835492
2024-05-16,22319.2,22432.25,22054.55,22403.85,0,22329.947500000002,22310.776,22024.885999999995,20884.967,0.3309568909644615,0.417170608498767,1.72061730535179,7.2726138375033,0.9157430784372478,2.032790618239777,-1.0788936869155275,1.1556400381074416,44.88447830895909,52.649734723931296,10.588675993853839,10.657944243839625,248.85714285714286,1.110778472705106,22794.7,21777.65,22794.7,18060.4,-1.7146529675758058,24.04957808243448
2024-05-17,22415.25,22502.15,22345.65,22466.1,0,22353.46,22313.323000000004,22035.016,20898.90325,0.5039040935944566,0.6846895910573004,1.956358915282834,7.49894255814596,0.2778540295529597,1.8630527041241907,-0.043379894420014775,2.1379032863017233,51.499106707812174,56.58471980796284,10.234839272771094,10.043602851489378,243.26071428571413,1.0827901339605635,22794.7,21777.65,22794.7,18060.4,-1.441563170386108,24.394254833779964
2024-05-18,22512.85,22520.25,22470.05,22506.8,0,22371.45,22315.891,22048.5825,20912.57175,0.6050121918784814,0.8554845513450466,2.0782174999231757,7.6233008023032856,0.18116183939358432,1.822064282337399,0.2856162582933308,1.6245992685239408,44.96498341319566,61.084235416621475,10.010067146029751,10.043914508966518,230.2821428571429,1.0231669666818157,22794.7,21821.05,22794.7,18060.4,-1.2630128933480214,24.619609753936775
2024-05-21,22404.55,22591.1,22404.55,22529.05,0,22381.0825,22318.36,22061.3225,20926.716,0.6611275392957371,0.9440209764516689,2.1201244848308662,7.656882236085198,0.09885901149875309,1.4006755829209405,1.0158054029817176,0.8624935083540564,47.17206387106405,58.77892414807324,9.586804887995715,10.04278742152922,228.25357142857163,1.0131522253649028,22794.7,21821.05,22794.7,18060.4,-1.16540248391074,24.742807468273114
2024-05-22,22576.6,22629.5,22483.15,22597.8,0,22392.572500000002,22323.19,22073.8065,20941.515,0.9164980932851606,1.2301557259513565,2.3738248317072115,7.909098267245708,0.3051615580772271,1.7893700831736137,1.3240668086537344,1.0273605150214582,48.15465729349731,56.359168977764746,9.626249842435698,10.049335750259917,228.51785714285714,1.011239400042735,22794.7,21821.05,22794.7,18060.4,-0.8637972862112748,25.123474563132586
2024-05-23,22614.1,22993.6,22577.45,22967.65,0,22420.835,22333.062,22089.0695,20957.649500000003,2.438869917199794,2.8414733277505775,3.9774445908642737,9.590772572086378,1.6366637460283773,2.516531756818585,4.600478196516011,2.523167160661366,65.73155908131288,62.526372960665135,11.150816111766774,10.627507601612589,226.33928571428547,0.9854699358196658,22993.6,21821.05,22993.6,18060.4,-0.1128574907800305,27.171325109078424
2024-05-24,22930.75,23026.4,22908.0,22957.1,0,22440.1725,22342.333,22102.092999999997,20973.754500000003,2.303580776841167,2.7515792553982608,3.8684435903875785,9.45632075554234,-0.04593417262978017,2.1855150649200406,4.089285066560255,1.7135312478539388,66.69587796170063,61.70401316622349,10.916732466943092,10.629043289767079,221.98571428571424,0.9669588680003757,23026.4,21821.05,23026.4,18060.4,-0.30095889935032355,27.112910013067243
2024-05-27,23038.95,23110.8,22871.2,22932.45,0,22465.7975,22354.328999999998,22113.6305,20990.84275,2.0771686382377483,2.586170222331446,3.702781865691395,9.249782265173707,-0.1073741892486324,1.8912062132333318,3.7477294884874057,2.2859105394971824,72.10428436085478,58.13196191160621,10.580072990590235,10.492732700997642,220.02857142857127,0.9594638663926935,23110.8,21821.05,23110.8,18178.85,-0.771717119268907,26.14906883548741
2024-05-28,22977.15,22998.55,22858.5,22888.15,0,22478.035,22365.378000000004,22125.197999999997,21008.31125,1.8245144648987404,2.3374163405599364,3.4483397617504026,8.948071682820306,-0.19317604529824894,1.5939420437169005,3.0169435836501,1.080888912442468,69.93023651522891,61.04089044003206,10.09726586192045,10.507204837406466,216.92857142857116,0.9477767815597641,23110.8,21821.05,23110.8,18202.4,-0.9634023919552669,25.742484507537466
2024-05-29,22762.75,22825.5,22685.45,22704.7,0,22483.0275,22379.517999999996,22134.826,21024.284499999998,0.9859548497194188,1.453033975083844,2.574558300119458,7.9927357337654135,-0.8015064563977492,0.4730548991494832,2.270889685165467,0.4417193655343876,78.56924371033114,51.473345190597485,10.524212146505354,10.074839884044867,204.59642857142848,0.9011192773805796,23110.8,21821.05,23110.8,18202.4,-1.7571871159804013,24.734650375774617
2024-05-30,22617.45,22705.75,22417.0,22488.65,0,22475.05,22386.357999999997,22143.054500000002,21038.737999999998,0.06051154502438119,0.4569389982953231,1.560739960243513,6.891630096824268,-0.9515650944518117,-2.0855420558916538,0.37850637278862287,-0.7044709954874939,65.19757371761162,47.426698556116634,11.051949437201646,10.228472739971146,212.29285714285703,0.9440000050819282,23110.8,21821.05,23110.8,18202.4,-2.6920314311923335,23.547718982112247
2024-05-31,22568.1,22653.75,22465.1,22530.7,0,22477.792500000003,22396.505,22153.188000000002,21053.5375,0.23537676130784427,0.5991783092942391,1.7040978481291214,7.01621995828493,0.18698321153114428,-1.857377456211795,0.287544344590307,0.24403971373720967,65.03082614056726,47.396410370042105,10.731423664966396,10.143983919785976,203.5821428571427,0.903576643677927,23110.8,21821.05,23110.8,18333.15,-2.510081866486658,22.895956232289592
2024-06-03,23337.9,23338.7,23062.3,23263.9,0,22518.8525,22420.668999999998,22168.718999999997,21071.702250000002,3.3085500249180124,3.760953787775037,4.940208768941518,10.403515216716766,3.2542264554585643,1.4453318332755538,3.3638722519416353,3.6590962762947488,75.65545826895254,63.9856602835999,15.695926459255723,12.439409903007922,247.81071428571417,1.0652156959310957,23338.7,21821.05,23338.7,18464.55,-0.3204977140971831,25.99223918265001
2024-06-04,23179.5,23179.5,21281.45,21884.5,0,22497.9525,22422.01,22172.433999999997,21083.37875,-2.726703685590942,-2.3972427092843076,-1.2986125023531359,3.7997763996911558,-5.929358362097503,-4.385020196040312,-2.860972832853581,-1.8742293464858228,45.35323090494745,43.296666346430975,26.735290314704812,18.237329374589255,379.0,1.7318193241792137,23338.7,21281.45,23338.7,18464.55,-6.230852618183535,18.52170781307966
2024-06-05,22128.35,22670.4,21791.95,22620.35,0,22513.845,22437.635,22183.189000000002,21099.359249999998,0.4730644632225076,0.8143237912551843,1.9706860001057394,7.208705875748341,3.362425460942675,-0.3715089827216467,0.09978847498428589,1.4251765497141466,52.75214196730481,53.33928665230865,29.40129007308141,19.727436121684416,414.76785714285717,1.8336049492729212,23338.7,21281.45,23338.7,18464.55,-3.0779349321084815,22.50691189333073
2024-06-06,22798.6,22910.15,22642.6,22821.4,0,22557.04,22453.824,22195.216,21116.398,1.1719622787387023,1.6370307347202906,2.821256616741198,8.074303202657955,0.8888014553267487,1.4796352826870418,-0.6367651892988602,3.934418763520453,54.362613884727814,55.230530411467065,28.8721055533115,19.74674048028798,424.28928571428594,1.859172906632748,23338.7,21281.45,23338.7,18464.55,-2.2164902072523285,23.595755109114506
2024-06-07,22821.85,23320.2,22789.05,23290.15,0,22618.7875,22477.692000000003,22211.6455,21135.613750000004,2.968163081243868,3.6145081087506608,4.8555812760473005,10.19386650174754,2.0539931818380985,3.3707341538434354,1.4507494413493083,5.599359788167879,58.70359876892994,63.10618502965156,29.602126078176706,20.228917912825715,458.3607142857145,1.96804535087028,23338.7,21281.45,23338.7,18478.4,-0.20802358314730157,26.039862758680403
2024-06-10,23319.15,23411.9,23227.15,23259.2,0,22676.545000000002,22502.782000000003,22225.292,21155.17875,2.5694169901102604,3.3614421541300885,4.651943380541409,9.945655741623085,-0.13288879633664985,-0.020202975425442915,1.4248368578150261,5.2259653773856,58.09685396497999,61.99848524106591,29.639639288143538,20.200706632885616,458.2321428571431,1.9701113660708154,23411.9,21281.45,23411.9,18531.6,-0.6522324117222469,25.51101901616699
2024-06-11,23283.75,23389.45,23206.65,23264.85,0,22728.894999999997,22525.606,22236.965999999997,21175.095500000003,2.358033683555676,3.2817940613895082,4.622411168861804,9.868925974855674,0.024291463162962046,6.3074322008727535,1.6458298289726114,4.712427170045697,57.502108755553046,61.66844253231739,29.63744934164398,20.17853348273287,460.8357142857146,1.9808239222935657,23411.9,21281.45,23411.9,18531.6,-0.6280993853553232,25.541507479116753
2024-06-12,23344.45,23441.95,23295.95,23322.95,0,22785.015,22545.527000000002,22249.8725,21194.809500000003,2.360915715877305,3.4482360957896385,4.822847861263022,10.040856937166609,0.24973296625596664,3.106052735700393,2.7230044880575344,5.055730601268893,54.2972907595549,61.23434450227717,29.612577552062135,20.0961434151307,443.7607142857149,1.9026783245074699,23441.95,21281.45,23441.95,18555.4,-0.5076369499977604,25.693598628970538
2024-06-13,23480.95,23481.05,23353.9,23398.9,0,22834.7675,22564.265,22268.141999999996,21214.85375,2.4704981121441225,3.698923940132781,5.077918040939408,10.294891851422747,0.325644911985834,2.530519600024528,4.047597343548848,4.441424130227634,55.26027527742062,62.03875789875529,29.514163167862044,20.069458458944318,446.596428571429,1.9086214675537265,23481.05,21281.45,23481.05,18555.4,-0.34985658648143,26.10291343759768
2024-06-14,23464.95,23490.4,23334.25,23465.6,0,22884.7425,22584.511000000002,22288.175499999998,21234.970250000002,2.538186741668595,3.9012976636952477,5.282731643960723,10.504510831608046,0.2850561351174452,0.7533227566159928,4.149449417905338,4.4489252696284565,56.2849968760683,60.967472032558945,29.514315526539768,20.07196664349112,440.6357142857149,1.8777943640295367,23490.4,21281.45,23490.4,18555.4,-0.10557504342200606,26.4623775289134
2024-06-18,23570.8,23579.05,23499.7,23557.9,0,22937.2975,22606.976000000002,22307.530499999997,21255.85775,2.7056478645751567,4.206329939926503,5.605145311804032,10.83015457233196,0.3933417428064967,1.2842230171287161,1.2637605904427085,4.6701441342172245,57.80694494632178,61.20829483625912,29.518833544209844,20.078582370010082,438.735714285715,1.8623719189134642,23579.05,21281.45,23579.05,18559.75,-0.08969827028653748,26.930050243133667
2024-06-19,23629.85,23664.0,23412.9,23516.0,0,22986.645,22627.002999999997,22326.9725,21277.21625,2.302880650917085,3.9289206794200857,5.325520511121694,10.521976764700122,-0.17785965642099777,1.0795255503474266,7.45504809339943,4.380788359917531,59.7796475324863,60.35778065151794,29.553346999218945,20.08008626314355,442.1928571428577,1.880391465992761,23664.0,21281.45,23664.0,18631.8,-0.625422582826234,26.21432175098488
2024-06-20,23586.15,23624.0,23442.6,23567.0,0,23035.105000000003,22648.069,22350.254499999995,21298.537999999997,2.3090626241990075,4.057436419855487,5.443989463296737,10.650787392073594,0.21687361796223215,1.0463942168550622,4.184948508754283,4.28891308003434,63.53741667398969,60.59035394708648,29.552083339580864,20.080602031477333,434.52500000000066,1.8437858021810187,23664.0,21281.45,23664.0,18647.45,-0.4099053414469236,26.381891357799585
2024-06-21,23661.15,23667.1,23398.2,23501.1,0,23061.7775,22664.765,22370.726000000002,21319.278750000005,1.9049810882964178,3.690022817355482,5.052916029636213,10.234029375876485,-0.27962829380066,0.4367726688006668,2.9783448868167417,2.322614634061382,62.10971622532253,59.221863770009776,29.119317198622863,20.053798505369823,440.25714285714326,1.8733469618747347,23667.1,21281.45,23667.1,18647.45,-0.7013956082494265,26.02849183132277
2024-06-24,23382.3,23558.1,23350.0,23537.85,0,23090.815,22682.666999999998,22392.5785,21340.257999999998,1.9359862352195012,3.770204799991116,5.114513721588601,10.297869875800005,0.15637565901169825,0.30789751806901133,1.0635397367556587,2.529718474894471,54.137904992070034,56.24602913791211,29.111857748298725,20.050017196650703,397.4071428571432,1.6883748637073617,23667.1,21281.45,23667.1,18647.45,-0.5461167612423998,26.22556971596651
2024-06-25,23577.1,23754.15,23562.05,23721.3,0,23130.2575,22702.017000000003,22412.4155,21362.46675,2.555278513436349,4.4898345376095685,5.839997478183466,11.041951651018952,0.7793829937738694,0.6936102114365017,1.9867407305496299,3.439885402562748,93.43754434091646,58.065605606450795,29.181511346074952,20.09048206539933,271.2535714285719,1.1435021328028898,23754.15,21281.45,23754.15,18647.45,-0.13829162483188065,27.209350340126925
2024-06-26,23723.1,23889.9,23670.45,23868.8,0,23179.29,22729.005,22435.8825,21384.63425,2.974681277985643,5.014715778363366,6.386722251732239,11.616592179966792,0.6218040326626317,1.5002551454328827,2.5959763333956554,4.284531515216372,90.90730364690829,59.632734941618196,29.184616043019435,19.958124764807852,224.18214285714333,0.9392267012046828,23889.9,21281.45,23889.9,18647.45,-0.08832184312199792,28.00034321046577
2024-06-27,23881.55,24087.45,23805.4,24044.5,0,23246.280000000002,22764.445,22459.0705,21407.21275,3.4337537016675244,5.623045059960831,7.059194635859923,12.319619937443754,0.7361073870492119,2.0261382441549625,3.0937338544223536,5.900980854184379,90.75369852059156,61.582843348391776,28.97602123133311,19.80512597810019,223.62857142857163,0.9300612257629463,24087.45,21281.45,24087.45,18647.45,-0.17830862129449454,28.942563192286343
2024-06-28,24085.9,24174.0,23985.8,24010.6,0,23322.3775,22801.699,22482.201999999997,21429.39125,2.950910557896595,5.301802291136279,6.798257572812491,12.045180004821638,-0.14098858366778932,2.167983626298353,2.6142254550427513,6.767636118664289,83.80014074595319,63.4848516139691,28.651513913268385,19.749049134624443,199.132142857143,0.8293509652284533,24174.0,21281.45,24174.0,18647.45,-0.6759328203855443,28.760768898696593
2024-07-01,23992.95,24164.0,23992.7,24141.95,0,23402.94,22844.620999999996,22505.0835,21452.04575,3.157765648247622,5.678925467837726,7.273318937030384,12.539150257965487,0.5470500528933053,2.5665045872923953,2.8823043092867984,7.151353486576095,87.8489045148563,67.37608777903893,28.65389718466852,19.668126767720544,198.17142857142866,0.8208592453030042,24174.0,21281.45,24174.0,18647.45,-0.132580458343672,29.46515475306275
2024-07-02,24228.75,24236.35,24056.4,24123.85,0,23445.9375,22884.158,22528.605,21474.02975,2.891385767790256,5.4172497847637615,7.080975497595164,12.339650642423074,-0.07497323124272537,1.6969980565989085,2.4023788198438645,3.6964997270448885,86.44154081113145,66.82863450548746,26.556683535846858,19.644251953670995,197.9678571428571,0.8206312721346597,24236.35,21281.45,24236.35,18647.65,-0.4641788058020288,29.366703043010762
2024-07-03,24291.75,24309.15,24207.1,24286.5,0,23566.0375,22923.16,22552.176,21496.3625,3.0572067960088813,5.947434821377158,7.690273435255208,12.979579684702475,0.6742290306066545,1.74998324172142,3.2764926007824435,10.9758047933469,87.54627284417215,62.282303202094624,13.485847212420115,19.616385540050054,198.55357142857142,0.8175470793591972,24309.15,21791.95,24309.15,18714.5,-0.09317479220787833,29.77370488124182
2024-07-04,24369.95,24401.0,24281.0,24302.15,0,23650.1275,22961.842999999997,22575.8925,21517.891500000005,2.756951310304787,5.837105497150227,7.646464032374355,12.939271954224676,0.06443909167646034,1.0715548254278673,3.1194042517079135,7.434898222176067,86.93216665985159,93.18543129164189,8.409835612782407,19.617827607081097,195.83214285714297,0.8058222949703748,24401.0,22642.6,24401.0,18837.85,-0.40510634810048174,29.007025748692143
2024-07-05,24213.35,24363.0,24168.85,24323.85,0,23725.25,23000.271999999997,22601.9515,21539.54475,2.5230503366666253,5.75461890189821,7.618362069310694,12.92648141971523,0.08929251115641357,1.3046321208133094,3.500899957874304,6.583513719578971,86.43290741605428,90.85131894484384,8.220464681901001,19.618696762572974,198.54642857142866,0.8162623456871699,24401.0,22789.05,24401.0,18837.85,-0.31617556657514634,29.12221936155135
2024-07-08,24329.45,24344.6,24240.55,24320.55,0,23776.77,23035.276,22627.332,21560.7975,2.287022164911377,5.579590190280323,7.483065170918078,12.79986280655898,-0.013566931221820067,0.7397911104943811,3.325282470573998,4.424187907763577,85.02089360334257,89.71784342296964,5.1350828182433474,19.57795855465891,197.875,0.813612356628448,24401.0,23206.65,24401.0,18837.85,-0.3296996024753114,29.104701438858477
2024-07-09,24351.0,24443.6,24331.9,24433.2,0,23835.469999999998,23075.541,22655.503500000003,21582.448000000004,2.507733222797802,5.883541365292365,7.846643090496744,13.208659184537344,0.4631885380881551,1.2823409198780444,3.001100276966273,5.047465089083025,89.54812004139329,87.32651928289161,5.030971246655911,19.49770482580478,188.72857142857148,0.7724267448740708,24443.6,23206.65,24443.6,18837.85,-0.04254692434828674,29.702699618056215
2024-07-10,24459.85,24461.05,24141.8,24324.45,0,23888.45,23109.161999999997,22681.315499999997,21603.108500000002,1.8251498108918744,5.258901209831859,7.244440914372907,12.596990382194296,-0.4450911055449147,0.156259650423074,1.9089774098404622,4.554510345005447,81.11060910995172,83.10388762857741,5.555134278846066,19.455609968768634,198.57499999999996,0.8163596710305884,24461.05,23295.95,24461.05,18837.85,-0.558438824171483,29.125404438404605
2024-07-11,24396.55,24402.65,24193.75,24315.95,0,23938.1,23143.384000000005,22706.074500000002,21624.02175,1.5784460755030774,5.066527868180362,7.090065259849289,12.448786267059692,-0.03494426389908378,0.05678509926076991,1.1289484081598689,4.25760892168443,85.12435880856918,82.60640277950097,5.628738184292005,19.44649674601151,194.2892857142859,0.7990199260743911,24461.05,23334.25,24461.05,18837.85,-0.5931879457341306,29.080282516316895
2024-07-12,24387.95,24592.2,24331.15,24502.15,0,23993.2625,23180.463,22731.9885,21647.0255,2.120959998666295,5.701728218284517,7.787094824546484,13.189454135396117,0.7657525204649573,0.7330254051065133,2.04722081080857,4.714965233408397,86.82220864518087,83.88700500028715,5.956648660410969,19.49493886499962,199.15714285714316,0.8128149687155745,24592.2,23334.25,24592.2,18837.85,-0.36617301420775394,30.068718033108894
2024-07-15,24587.6,24635.05,24522.75,24586.7,0,24049.317499999997,23222.68,22757.448500000002,21671.24725,2.234502080984225,5.873654548053888,8.038034228661434,13.453091630432118,0.3450717590089081,1.0943420276268379,1.8422289831600214,4.777631937815374,85.74555968607999,83.96625679153537,5.967632607533049,19.3825710952982,193.19999999999996,0.7857906917154396,24635.05,23350.0,24635.05,18837.85,-0.19626507760284045,30.517548446346066
2024-07-16,24615.9,24661.25,24587.65,24613.0,0,24102.0725,23266.086,22782.356,21695.941000000003,2.119848822129307,5.789173133805148,8.035358590656735,13.445183133564,0.1069684016155037,0.7358839611675938,2.02766142220252,4.478752350591519,84.15955200587516,83.58702652069529,5.952962057688157,19.368393741978732,182.84999999999985,0.7429000934465521,24661.25,23350.0,24661.25,18837.85,-0.19565107202595164,30.657160981746866
2024-07-18,24543.8,24837.75,24504.45,24800.85,0,24166.315,23316.053000000004,22808.395,21721.5725,2.6257002774316227,6.368131861769206,8.735621248228988,14.176126060854944,0.7632145614106411,1.9585232142967257,2.117843246247908,5.4637268242898385,84.33428662217966,84.45651872591665,6.055192783836676,19.317908723614156,186.51071428571413,0.7520335564535656,24837.75,23350.0,24837.75,18837.85,-0.14856418153818865,31.654355459885288
2024-07-19,24853.8,24854.8,24508.15,24530.9,0,24214.51,23360.621,22833.1535,21745.9035,1.3066132661780192,5.009622817818081,7.435444692297982,12.806993740223307,-1.0884707580586794,0.8839876706441707,0.941274743181153,4.0900411592481145,69.45046728971974,74.97662056405963,7.73766385158947,19.534976030086415,197.82857142857105,0.8064464468428434,24854.8,23350.0,24854.8,18837.85,-1.3031688044160397,30.2213362989938
2024-07-22,24445.75,24595.2,24362.3,24509.25,0,24264.9175,23411.656000000003,22856.0715,21769.8675,1.0069372788924604,4.688237346388471,7.232994961535722,12.583367813331888,-0.08825603626446687,0.02897704895283848,0.7622148631898362,4.289799200888478,64.9576478253787,73.52860389042868,7.608493451173751,19.13522027650178,202.22857142857123,0.8251112189421187,24854.8,23350.0,24854.8,18837.85,-1.3902747155478992,30.106408109205677
2024-07-23,24568.9,24582.55,24074.2,24479.05,0,24311.9775,23460.132999999998,22878.735,21794.645,0.6872024293375493,4.3431850961799805,6.994770471356912,12.316809931980993,-0.12321878474453873,-0.43783834349465645,0.6517122351262561,3.998665978413496,64.32373578514401,74.86334629954487,7.699462492792475,19.14450283268639,225.68571428571417,0.9219545459718174,24854.8,23562.05,24854.8,18837.85,-1.511780420683329,29.94609257425875
2024-07-24,24444.95,24504.25,24307.25,24413.5,0,24346.5875,23506.322,22901.649499999996,21818.521,0.2748331773395288,3.859293682780317,6.601491739710733,11.893468856115403,-0.2677799996323338,-0.8105472717669482,-0.08062799796997311,2.9180525519259204,55.55652782639134,71.94116615299806,7.54525647001755,19.17526521866219,226.52142857142826,0.927853149165127,24854.8,23670.45,24854.8,18837.85,-1.775512174710717,29.59812292804116
2024-07-25,24230.95,24426.15,24210.8,24406.1,0,24373.4525,23550.087000000003,22923.727000000003,21842.907750000002,0.13394696545349546,3.634861306457149,6.466544467223832,11.73466591232569,-0.030311098367707956,-1.5916793174427513,0.33567048792468857,2.251055771551136,54.58111145388028,68.81939100802455,7.351264627649934,19.16919459894329,233.3321428571427,0.9560402639386987,24854.8,23805.4,24854.8,18837.85,-1.8052850958366222,29.55884031351773
2024-07-26,24423.35,24861.15,24410.9,24834.85,0,24412.969999999998,23602.772999999997,22952.564,21869.9015,1.728097810303298,5.220051898139262,8.200765718374644,13.557210122779924,1.7567329479105664,1.2390495252925682,2.1339902409735156,3.2870302979891353,66.57368967306695,72.99407326303755,9.168015400079774,19.474772380653484,251.9678571428571,1.0145737024498118,24861.15,23985.8,24861.15,18837.85,-0.10578754401949593,31.834843148236136
2024-07-29,24943.3,24999.75,24774.6,24836.1,0,24454.245000000003,23651.418,22981.097,21896.353249999996,1.5615080326544364,5.008925891885201,8.071864454512319,13.425736771943988,0.005033249647179439,1.333578138865943,1.3629416194088861,3.4380648546891823,66.74352895326555,70.5482296750077,9.118227761896858,19.417568897116407,260.61785714285725,1.0493509735540494,24999.75,23992.7,24999.75,18837.85,-0.6546065460654665,31.84147872501374
2024-07-30,24839.4,24971.75,24798.65,24857.3,0,24490.0125,23699.242,23006.2825,21922.372249999997,1.4997440283054104,4.886476959896021,8.04570447224578,13.387820061307476,0.08535961765334665,1.5451988537136918,1.1005950371542284,2.9630995010759165,64.6433257371728,72.12437940945908,9.012155729425395,19.41911080800816,264.1928571428572,1.0628381084947167,24999.75,24056.4,24999.75,18837.85,-0.5698056980569834,31.954018107161918
2024-07-31,24886.7,24984.6,24856.5,24951.15,0,24531.377500000002,23748.129,23032.01,21949.56625,1.7111656285913788,5.065750653451481,8.33249030371211,13.674911457532795,0.3775550844218989,2.2022651401888416,1.3738674684110164,3.42938627126268,71.86366173597546,71.56716417910445,9.007055655270584,19.422619620565236,250.53928571428565,1.0041191917578374,24999.75,24074.2,24999.75,18837.85,-0.1944019440194344,32.452217211624486
2024-08-01,25030.95,25078.3,24956.4,25010.9,0,24567.5975,23797.766,23058.063,21976.171500000004,1.8044194187079206,5.097680177206557,8.469215302256757,13.809177362854111,0.23946792031630526,2.478069007338335,0.8469467780338302,2.9827270294196406,73.4076594024723,73.12856882121352,8.814566869183688,19.42090328715091,244.69999999999968,0.978373429184874,25078.3,24074.2,25078.3,18837.85,-0.26875824916361085,32.76939778159399
2024-08-02,24789.0,24851.9,24686.85,24717.7,0,24588.375,23840.164000000004,23081.677000000003,22000.703250000002,0.5259599302515955,3.6809142755896995,7.0879728539654945,12.34959046138672,-1.1722888820474342,-0.47171615693268887,0.7614885715566899,1.7099310143341206,56.77212604857203,60.5263157894737,9.986322913225113,19.667950383982046,248.11428571428561,1.0037919616885291,25078.3,24074.2,25078.3,18837.85,-1.4378965081365107,31.21295689263904
2024-08-05,24302.85,24350.05,23893.7,24055.6,0,24574.9625,23861.923,23097.4925,22022.01125,-2.1133806409674194,0.8116571325789613,4.148101790703031,9.234346159004888,-2.6786472851438536,-3.142602904642844,-1.8509338311045842,-1.1028270606832424,37.75703088981094,45.42519436661528,14.002500147565044,20.40448620678523,297.47857142857146,1.236629189995558,25078.3,23893.7,25078.3,18837.85,-4.078027617501987,27.698224585077387
2024-08-06,24189.85,24382.6,23960.4,23992.55,0,24558.5625,23882.632,23112.4825,22043.21875,-2.3047460534385946,0.4602424054434111,3.8077584266424047,8.843224177503565,-0.26210113237665755,-3.4788573175686843,-1.9874137272483994,-1.3486537105452001,35.93562280403492,43.94554093567253,14.021299054276277,20.418247865842158,322.3107142857142,1.3433783165429027,25078.3,23893.7,25078.3,18837.85,-4.329440193314539,27.363526092415007
2024-08-07,24289.4,24337.7,24184.9,24297.5,0,24551.777500000004,23909.933000000005,23132.131,22066.0475,-1.0356785776508595,1.6209455710310665,5.03787999471384,10.112606256285813,1.2710195456506312,-2.619718930790771,-0.4751469473856629,-0.5553918438845562,39.16524958563839,49.62059486774317,14.701001416470966,20.581311445427225,323.1571428571429,1.3300016168624051,25078.3,23893.7,25078.3,18837.85,-3.113448678738189,28.98234140307945
2024-08-08,24248.55,24340.5,24079.7,24117.0,0,24541.405000000002,23934.51,23149.944,22087.575,-1.7293427169308457,0.7624555505836619,4.1773578372371025,9.18808425098726,-0.7428747813561065,-3.5740417178110384,-1.184539930591122,-0.8528455936311019,40.733858690785354,44.909032361938486,14.851430652839001,20.66172680230591,317.02500000000015,1.3145291702948134,25078.3,23893.7,25078.3,18837.85,-3.8331944350294846,28.024164116393337
2024-08-09,24386.85,24419.75,24311.2,24367.5,0,24543.982500000002,23967.766,23173.641999999996,22111.057,-0.7190459005583216,1.6677983254676318,5.151792713463011,10.205043567116666,1.0386864037815746,-1.4167984885325113,-1.8818313780836093,0.2120007649300204,47.12153518123669,50.66286858110707,15.33603373887824,20.655829241320287,322.0142857142858,1.321490861657067,25078.3,23893.7,25078.3,18837.85,-2.8343229006750827,29.353933702625312
2024-08-12,24320.05,24472.8,24212.1,24347.0,0,24536.225,24004.932999999997,23195.6455,22134.6685,-0.771206654650414,1.424986272613228,4.963666564054022,9.994870716044382,-0.08412844977941925,1.211360348525914,-1.969310801615387,-0.6332097387372171,47.307904018266726,50.476336580501645,15.078819171285085,20.509227645117807,304.3250000000002,1.2499486589723587,25078.3,23893.7,25078.3,18837.85,-2.916066878536421,29.245110243472595
2024-08-13,24342.35,24359.95,24116.5,24139.0,0,24513.840000000004,24037.099,23216.801999999996,22157.65025,-1.5290954008021744,0.4239321891547797,3.972114677981938,8.942057156985776,-0.8543146999630324,0.6103978109871733,-2.889694375495322,-1.8209031712267176,44.710982658959544,44.4659484006644,15.28543088114264,20.636898139384776,307.6428571428574,1.2744639676161291,25078.3,23893.7,25078.3,18837.85,-3.745469190495366,28.140950267679177
2024-08-14,24184.4,24196.5,24099.7,24143.75,0,24490.377500000002,24054.696,23237.6825,22181.96025,-1.415362013100869,0.37021461422750923,3.8991302166212187,8.844077475073465,0.019677699987563635,-0.6327811503241021,-3.235922993529361,-1.9065128184292846,44.93991937817043,43.08160874658336,15.273843780898558,19.370465238524496,299.17500000000007,1.2391405643282425,25078.3,23893.7,25078.3,18837.85,-3.726528512698226,28.166165459434072
2024-08-16,24334.85,24563.9,24204.5,24541.15,0,24477.392499999998,24107.828999999998,23264.919499999996,22209.055250000005,0.26047504855757553,1.7974285448930452,5.485643309447107,10.500648153414794,1.6459746311157097,1.7587179168221612,-1.878181113034716,-1.0471415294233788,44.265911753221474,48.994359455260565,16.221281413850527,14.002534842495837,296.6821428571428,1.2089170346831457,25078.3,23893.7,25078.3,18837.85,-2.141891595522814,30.27574802857016
2024-08-19,24636.35,24638.8,24522.95,24572.65,0,24479.480000000003,24146.875,23292.255,22237.632250000002,0.38060448996464896,1.7632716448815902,5.497084760578142,10.500298429928389,0.1283558431450782,0.84190007181697,-0.5868264442079885,0.1701935110411723,44.916546068499834,46.65983606557382,15.75406781098104,12.028828960889708,288.8749999999997,1.1755956317287704,25078.3,23893.7,25078.3,18837.85,-2.016284995394416,30.44296456336579
2024-08-20,24648.9,24734.3,24607.2,24698.85,0,24488.96,24184.424,23319.124,22265.890250000004,0.8570800883336794,2.1270963492866297,5.91671453867649,10.926846951470957,0.5135791215029606,1.4451472460672798,2.6740135353098715,0.7735854830319022,47.06165971256374,52.566277026510754,15.847233111269645,11.942464241588707,288.05714285714254,1.1662775508055743,25078.3,23893.7,25078.3,18837.85,-1.5130610926577988,31.11289239483275
2024-08-21,24680.55,24787.95,24654.5,24770.2,0,24503.517499999998,24214.025,23345.858500000002,22294.03675,1.0883437449337738,2.2969126363749903,6.101045716523975,11.10684116011427,0.2888798466325504,2.614855627822199,3.2412144603220616,1.189384391959658,46.616175783076194,53.927662969039275,15.857314544853402,11.133615351671006,288.4392857142856,1.1644608671479664,25078.3,23893.7,25078.3,18837.85,-1.228552174589181,31.49165111729843
2024-08-22,24863.4,24867.35,24784.45,24811.5,0,24523.4175,24245.070999999996,23373.926499999998,22322.69625,1.1747241182840868,2.33626455455628,6.1503295135286855,11.14920761420117,0.16673260611541618,2.765726119596179,2.115443975717657,1.6302455608577127,46.2452453583399,54.987173909782335,15.811718490099732,11.118132611688281,286.2964285714284,1.1538860148375891,25078.3,23893.7,25078.3,18837.85,-1.063867965531951,31.710890574030486
2024-08-23,24845.4,24858.4,24771.65,24823.15,0,24544.27,24276.237,23400.9215,22351.86625,1.13623261152196,2.252873870031836,6.077660232311796,11.05627477526626,0.04695403341192783,1.149090405298847,2.9280175809594855,1.7087941129471762,52.22116903633493,56.246283335620525,15.806582676495054,11.117122931437859,269.3464285714282,1.0850614389045232,25078.3,23893.7,25078.3,18837.85,-1.017413461040014,31.77273414959777
2024-08-26,24906.1,25043.8,24874.7,25010.6,0,24553.057500000003,24309.99,23427.7585,22381.252999999997,1.8634848226132157,2.881983908672924,6.756265222727127,11.747988372232786,0.7551418736139404,1.7822660559605685,2.6391710269826563,0.7076749003919858,75.14348902111529,58.7375693802035,14.771317088780894,11.202188325890317,226.2499999999995,0.9046164426283236,25078.3,23893.7,25078.3,18837.85,-0.26995450249817865,32.767805243167345
2024-08-27,25024.8,25073.1,24973.65,25017.75,0,24562.14,24342.367000000002,23453.316000000003,22410.18875,1.8549279500890419,2.774516545576681,6.670417095817058,11.63560592500587,0.028587878739427808,1.291153231830644,2.754959543270208,0.7313950257890722,77.81032986111111,53.01060047405849,14.770826800947049,11.197029768635645,203.19642857142804,0.8122090458631495,25078.3,23893.7,25078.3,18837.85,-0.24144379802458407,32.80576074233525
2024-08-28,25030.8,25129.6,24964.65,25052.35,0,24571.892499999998,24374.102,23479.3065,22438.391750000003,1.9553133727896639,2.782658413425855,6.699701713932649,11.649490209118913,0.13830180571794415,1.1390703345148578,3.7837110070839675,0.7846789474319493,73.99624884763325,53.52089744215959,14.77415060789127,11.191850670844756,190.32499999999916,0.7597091690001105,25129.6,23893.7,25129.6,18837.85,-0.3074064051954667,32.989433507539346
2024-08-29,25035.3,25192.9,24998.5,25151.95,0,24581.9325,24405.982999999997,23506.479499999998,22467.118000000002,2.3188473892359838,3.0564923363259093,7.000072043965594,11.950050736369471,0.3975674936682605,1.3721459806944392,4.175821900077659,0.8047725255148519,84.6844733402594,54.67794941813391,14.780326513073257,11.19235944927739,185.58214285714217,0.7378439558648223,25192.9,23893.7,25192.9,18837.85,-0.16254579663318128,33.518156265178895
2024-08-30,25249.7,25268.35,25199.4,25235.9,0,24593.182500000003,24440.381,23533.692000000003,22496.08,2.6133970257814285,3.254936983183692,7.233068232557809,12.179099647583042,0.3337713378088081,1.6627623810837822,2.8309594293665974,0.8996077710118344,82.7599215331221,54.535030021182045,14.800625017030894,11.178094615765295,172.27142857142775,0.6826442828328997,25268.35,23893.7,25268.35,18837.85,-0.1284215233681546,33.96380160156283
2024-09-02,25333.6,25333.65,25235.5,25278.7,0,24621.232500000002,24474.615,23561.341999999997,22525.497000000003,2.670327328252145,3.2853836515916557,7.288880234411113,12.222607119390073,0.16959965763059248,1.0719454951100715,2.8733164717684057,2.269628646678301,84.56629813756771,54.288230584467556,14.081074677878577,11.177007097375178,160.6607142857135,0.6355576603453243,25333.65,23893.7,25333.65,18837.85,-0.2169051834220522,34.19100375042801
2024-09-03,25313.4,25321.7,25235.8,25279.85,0,24682.445,24510.19,23587.4775,22554.769500000002,2.4203639469266474,3.140163336147129,7.174877008361737,12.082058741500312,0.004549284575539048,1.047656164123456,2.352336242375652,5.089251567202657,100.0,59.930399759755474,9.49095811769707,11.139921836827666,149.40714285714213,0.5910127744315814,25333.65,23960.4,25333.65,18837.85,-0.21236576648056205,34.197108481063395
2024-09-04,25089.95,25216.0,25083.8,25198.7,0,24742.7525,24543.407000000003,23613.037,22583.13525,1.842751731037208,2.6699349442398024,6.715201437239947,11.581938119066091,-0.3210066515426213,0.5841767339191728,1.72990125231125,5.027185522172517,93.3333333333335,75.40786841520347,9.535328908687335,11.189616698360199,156.49642857142786,0.6210496119697756,25333.65,24079.7,25333.65,18837.85,-0.5326907097871831,33.76632683666131
2024-09-05,25250.5,25275.45,25127.75,25145.1,0,24785.1325,24571.882999999998,23636.95,22611.643000000004,1.4523525343267736,2.3328167401741275,6.380476330491022,11.204214572112228,-0.2127093858016571,-0.027234468898051922,1.3445378151260456,3.48842473505504,84.57267158967308,75.72598825919064,8.852542762088362,11.119011225152011,137.0357142857135,0.5449797944160633,25333.65,24079.7,25333.65,18837.85,-0.7442670124518295,33.481793304437616
2024-09-06,25093.7,25168.75,24801.3,24852.15,0,24821.89,24591.55,23660.2775,22637.5265,0.12190852509620353,1.0597136008100432,5.037440917588567,9.782974743287442,-1.16503811875871,-1.520651135881823,0.11682643016699412,3.0482647095410043,62.313860252004645,62.44698278763947,9.532587174906162,11.422969455080823,155.00714285714224,0.6237172351572892,25333.65,24099.7,25333.65,18837.85,-1.900634136810132,31.926679530838197
2024-09-09,24823.4,24957.5,24753.15,24936.4,0,24850.335,24609.388,23686.9165,22663.3825,0.3463333592887272,1.3288099647175398,5.274994320176719,10.029471549535916,0.3390048748297403,-1.354104443662052,-0.29667421013489514,2.334667077049346,60.86737728166904,69.21850079744823,8.97668916405457,11.340754057251266,158.05714285714228,0.6338410630930779,25333.65,24099.7,25333.65,18837.85,-1.5680725043568533,32.37391740564875
2024-09-10,24999.4,25130.5,24896.8,25041.1,0,24885.04,24629.998000000003,23715.8485,22689.929,0.6271237659252211,1.6691109759732634,5.588041684445734,10.362178744587515,0.419868144559743,-0.9444280721602416,0.09333373304953874,2.850864582905488,62.02610316967059,66.95871097683789,9.005161455075857,11.355610652863964,165.21785714285656,0.6597867391722271,25333.65,24099.7,25333.65,18837.85,-1.1547881967264997,32.929713316540905
2024-09-11,25034.0,25113.7,24885.15,24918.45,0,24924.0125,24645.528000000002,23745.0745,22716.05125,-0.022317835059663848,1.1073895434498242,4.941553247179755,9.695341526401954,-0.48979477738596566,-1.11216054796478,-0.5344807972106347,3.2290070011185223,54.428021363805804,63.68316452362147,8.551709640986886,11.377941373796752,174.60357142857097,0.700699969013205,25333.65,24099.7,25333.65,18837.85,-1.6389268818350324,32.278630523122345
2024-09-12,25059.65,25433.35,24941.45,25388.9,0,24986.269999999997,24670.828999999998,23777.493499999997,22744.07875,1.6114049836170212,2.9106075032987486,6.777024247740851,11.628614546544343,1.8879585206944993,0.9695726006259786,0.9420740737795752,5.157235309345065,66.97470671187264,76.5868288947504,10.494651313461164,12.084441151247816,205.18571428571366,0.8081709498470341,25433.35,24204.5,25433.35,18837.85,-0.1747705276732994,34.77599619914164
2024-09-13,25430.45,25430.5,25292.45,25356.5,0,25027.0375,24692.229,23807.694499999998,22771.802000000003,1.3164262849728077,2.6902026544464683,6.505482922758449,11.350432433937359,-0.1276148238009589,2.029401882734483,0.47789062407126437,3.322378943122062,61.44303294958326,75.49668874172194,9.180185921204844,12.024161165941916,199.28571428571377,0.7859354180810197,25433.35,24522.95,25433.35,18837.85,-0.3021623183733112,34.60400204906612
2024-09-16,25406.65,25445.7,25336.2,25383.75,0,25067.5925,24713.860999999997,23837.852,22799.710750000002,1.2612200393795343,2.710580107252375,6.485055784388631,11.333649265703942,0.10746751326089488,1.7939638440191752,0.41556725622757806,3.3008242904204455,61.94906953966706,70.98003087495648,9.181595170307274,12.024095656724263,200.00357142857112,0.7879197180423345,25445.7,24607.2,25445.7,18837.85,-0.24345960221177146,34.7486576228179
2024-09-17,25416.9,25441.65,25352.25,25418.55,0,25103.5775,24735.755,23868.0135,22827.83,1.2546916868721196,2.7603564152377733,6.496294716776485,11.348954324611658,0.13709558280394774,1.507321962693342,0.5486583187795935,2.9139008496346985,61.954037996996874,71.02764243810286,9.0883090687451,12.024561261278564,194.60714285714286,0.7656107168077757,25445.7,24654.5,25445.7,18837.85,-0.10669779176835952,34.93339208030641
2024-09-18,25402.4,25482.2,25285.55,25377.55,0,25133.945,24756.895,23896.085499999997,22855.269249999998,0.969227075176617,2.5069985553519487,6.199611647690171,11.035882896019709,-0.16129952337957665,1.8424099412282846,0.709758836765384,2.451938216082228,57.65732129522775,67.61758903540658,9.134326197828159,12.03573060076479,194.76785714285714,0.7674809315432622,25482.2,24753.15,25482.2,18837.85,-0.4106788267889015,34.71574516200098
2024-09-19,25487.05,25611.95,25376.05,25415.8,0,25164.16,24776.547000000002,23926.044000000005,22881.86525,0.9999936417508052,2.5800730021015315,6.226503637625984,11.07398685515815,0.15072376963103373,0.10595181358781236,1.0765516939682085,2.4355641537190387,56.30166736724111,67.05139717922987,9.133480700944832,12.006035241821532,203.3035714285717,0.7999101796070622,25611.95,24753.15,25611.95,18837.85,-0.7658534395077354,34.91879381139568
2024-09-20,25525.95,25849.25,25426.6,25790.95,0,25212.55,24805.877,23957.5195,22910.15425,2.294095599215476,3.9711274872482853,7.6528394352345295,12.574318437860372,1.4760503308965278,1.7133673811448702,3.7775403737704716,3.8987799695042735,64.55462423639727,71.99083948898726,10.310694160012485,12.342486492275588,227.25357142857163,0.8811368771936343,25849.25,24753.15,25849.25,18837.85,-0.22553845856262472,36.9102631138904
2024-09-23,25872.55,25956.0,25847.35,25939.05,0,25258.9725,24838.339,23990.861500000003,22938.51,2.6924194956861345,4.431500029047833,8.120544149696318,13.08079731421091,0.5742324342453475,2.187620032501103,4.0208289889478666,3.71222601616914,67.28641107672951,73.60793771684865,10.19936873107723,12.378841040889473,232.9071428571429,0.8979015918360268,25956.0,24753.15,25956.0,18837.85,-0.0653028201571919,37.69644625050099
2024-09-24,25921.45,26011.55,25886.85,25940.4,0,25305.105,24867.104,24023.7835,22964.778000000002,2.5105408572697168,4.316127845043806,7.977996055450633,12.957329698549664,0.005204508260714391,2.05302820184472,3.591295909524761,3.687981533111495,70.2994143083913,71.35213337619999,10.204442025132346,12.296164544496255,227.81071428571445,0.8782081783076376,26011.55,24753.15,26011.55,18837.85,-0.27353233467439586,37.703612673420814
2024-09-25,25899.45,26032.8,25871.35,26004.15,0,25352.695,24895.453,24059.0665,22990.523250000002,2.5695690339823902,4.453411633039978,8.084617497524272,13.108125975340728,0.24575565527131804,2.4691114784524126,4.357012575019725,3.7992443822635558,73.38123622111551,72.07798021397565,10.205300324476319,12.288713698101823,228.7928571428573,0.8798320927346491,26032.8,24753.15,26032.8,18837.85,-0.11005347100579968,38.04202708907866
2024-09-26,26005.4,26250.9,25998.4,26216.05,0,25405.9,24927.514,24096.8,23016.915,3.188826217532139,5.169131586888287,8.794736230536836,13.899060755970114,0.81486993422204,3.1486319533518436,3.257919799597464,4.230685891153563,88.8354214123007,74.13113802256146,10.423811215785587,12.388660631797935,220.58214285714297,0.8414011373076531,26250.9,24753.15,26250.9,18837.85,-0.132757353081236,39.16689006441818
2024-09-27,26248.25,26277.35,26151.4,26178.95,0,25453.052499999998,24955.076,24135.5645,23043.304000000004,2.8519074480359587,4.904308846825391,8.466284266937283,13.6076232818002,-0.14151636116043198,1.5044036764834123,3.2435470195019134,3.7369382506666993,86.3563215027651,71.8631583429132,10.484968570552901,12.316854683376969,214.98214285714286,0.8212023127632806,26277.35,24753.15,26277.35,18837.85,-0.37446698392340866,38.96994614565889
2024-09-30,26061.3,26134.7,25794.1,25810.85,0,25479.659999999996,24980.675,24170.648,23067.51125,1.2998211122126526,3.323268886849532,6.785924812607414,11.89265161840985,-1.4060915353747983,-0.4942355252023467,1.6825725119416823,2.105131988591169,69.5145138800862,60.91877623108037,11.911741191754874,12.495300168818934,225.77857142857152,0.8747428752969064,26277.35,24753.15,26277.35,18837.85,-1.7752931707344919,37.015901496189855
2024-10-01,25788.45,25907.6,25739.2,25796.9,0,25505.5125,25006.428000000004,24209.042,23091.510250000003,1.142449107815421,3.1610752243383096,6.558946033469644,11.715949804539086,-0.05404703835788505,-0.5531911612773888,1.4884798700161905,2.045304857425978,73.56926296584479,59.950076804915575,11.92023096996885,12.492817517895986,221.48214285714286,0.8585610784906048,26277.35,24753.15,26277.35,18837.85,-1.8283807157114287,36.9418484593518
2024-10-03,25452.85,25639.45,25230.3,25250.1,0,25508.082499999997,25021.849,24240.991,23113.22875,-1.011375512055829,0.9122067677732378,4.162820736165434,9.24523039646722,-2.11963452973033,-2.899729466258283,-0.5022155409013074,0.20397877668292264,46.422496004948634,49.527725302811426,14.252335066994481,13.44823132710685,225.17500000000032,0.8917786464212035,26277.35,24753.15,26277.35,18837.85,-3.9092602564566064,34.0391817537564
2024-10-04,25181.9,25485.05,24966.8,25014.6,0,25501.557500000003,25033.871,24270.096500000003,23133.67,-1.909520624377566,-0.07697970481672867,3.067575359661199,8.130702996973676,-0.9326695735858426,-4.582879571865329,-1.5785456290968614,-0.5189877948387545,42.02286514232381,47.213983050847425,14.628407535543975,13.614798686473526,252.33214285714323,1.0087394675795065,26277.35,24753.15,26277.35,18837.85,-4.805469349078199,32.78903908885568
2024-10-07,25084.1,25143.0,24694.35,24795.75,0,25498.7375,25041.664000000004,24295.875500000002,23151.735249999998,-2.756950221555084,-0.9820194057391883,2.0574459232802624,7.101043322443842,-0.8748890647861551,-5.2836343703624555,-3.8587178835987057,-0.22694213579107503,37.40683628887175,44.965050082870945,14.361523736331016,13.772263950470043,276.55714285714333,1.1153409066357878,26277.35,24694.35,26277.35,18837.85,-5.638315888017622,31.627282306632665
2024-10-08,24832.2,25044.0,24756.8,25013.15,0,25502.575,25045.23,24324.0015,23169.51775,-1.919119932006863,-0.1280882627150883,2.833203656890101,7.957145547407876,0.8767631549761568,-3.09056075255173,-3.5695216285870024,0.30778299995186664,41.94740187509937,52.37204231369891,14.657401041301751,13.34158201642043,290.6857142857147,1.1621315759339175,26277.35,24694.35,26277.35,18837.85,-4.810987409308766,32.78134181979368
2024-10-09,25065.8,25234.05,24947.7,24981.95,0,25499.6175,25048.146999999997,24349.7825,23187.334250000004,-2.030099078937163,-0.26427903030110966,2.5961936210313152,7.73963807417835,-0.12473438971101203,-3.15910051207704,-3.6948158085457483,-0.23621166801777171,42.111350402807716,50.68175355095564,14.587374447656783,13.345399938772518,297.0928571428573,1.1892300526694566,26277.35,24694.35,26277.35,18837.85,-4.929720843235706,32.61571782342466
2024-10-10,25067.05,25134.05,24979.4,24998.45,0,25503.6175,25050.970000000005,24375.106,23205.061,-1.9807680224187787,-0.2096525603599544,2.5572975969827616,7.728439067667174,0.06604768642959336,-0.9966297163179427,-3.8674596170226727,0.32104725614956475,41.60481161869132,49.34434042029858,14.476801310862438,13.344948120498676,291.28928571428565,1.1652293870791415,26277.35,24694.35,26277.35,18837.85,-4.8669291233704985,32.70330743688905
2024-10-11,24985.3,25028.65,24920.05,24964.25,0,25482.385000000002,25051.232000000004,24399.6805,23224.131500000003,-2.0333065370451076,-0.3472164562605288,2.3138397242537723,7.492717219586862,-0.13680848212589414,-0.2012824510485789,-4.774937490583053,-1.6725813249097055,30.726908192287965,50.72376738305941,12.684855547011722,13.32298338392306,268.08571428571435,1.0738785034027234,26277.35,24694.35,26277.35,18837.85,-4.997079233636568,32.52175805625377
2024-10-14,25023.45,25159.75,25017.5,25127.95,0,25470.9575,25053.573000000004,24425.669500000004,23243.496,-1.346661192458115,0.29687182742356455,2.8751740049540793,8.10744648739588,0.6557377049180246,1.339745722553265,-4.014675913281474,-0.9013467947074694,31.2271443780957,45.433546242015915,12.948903496945166,13.393326999816587,270.2607142857144,1.075538252367242,26277.35,24694.35,26277.35,18837.85,-4.374109261398116,33.39075319104889
2024-10-15,25186.3,25212.05,25008.15,25057.35,0,25454.6375,25060.366,24450.265,23262.035750000003,-1.5607666775847904,-0.012034939952605878,2.482938323981352,7.717786479629134,-0.2809620362982379,0.17670705209058557,-2.9193149392600426,-1.2858620180233427,30.19667645937517,44.83413631732544,12.962800881821071,13.134691894651374,275.91785714285703,1.101145401021485,26277.35,24694.35,26277.35,18837.85,-4.6427817112456164,33.015975814649764
2024-10-16,25008.55,25093.4,24908.45,24971.3,0,25432.275,25078.68,24470.301499999998,23279.685500000003,-1.8125590416115043,-0.42817245564759,2.0473736296220197,7.266483475474769,-0.34341221238478603,-0.04263077942274762,-3.200384542328738,-1.759541751988214,27.066634100850393,43.019378860963016,12.977363496137032,11.615867366785402,277.5964285714285,1.1116619021493814,26277.35,24694.35,26277.35,18837.85,-4.970250044239618,32.55918270927946
2024-10-17,25027.4,25029.5,24728.9,24749.85,0,25400.89,25093.826,24488.229000000003,23295.161,-2.5630597982984096,-1.370759484823089,1.0683541059665669,6.244597322164884,-0.8868180671410819,-0.9944616566227138,-1.9811802725533734,-2.47344601823265,17.582028831697244,39.35496195358019,13.285422413772954,11.793077175691199,281.0321428571427,1.1354902872427215,26277.35,24694.35,26277.35,18837.85,-5.812991036006294,31.383623927359018
2024-10-18,24664.95,24886.2,24567.65,24854.05,0,25372.802499999998,25104.957000000002,24507.445,23310.537750000003,-2.0445218851957674,-0.9994321041856509,1.4142845163989946,6.621521418998563,0.42101265260194864,-0.44143124668275524,-0.6418251740983205,-2.2102392999630127,21.550354305346843,41.830779314003955,13.393168356259832,11.496647386057067,294.78928571428565,1.186081486575772,26277.35,24567.65,26277.35,18837.85,-5.4164518111605595,31.936765607540146
2024-10-21,24956.15,24978.3,24679.6,24781.1,0,25322.309999999998,25118.238999999998,24526.3745,23325.78625,-2.137285263469246,-1.3422079469822676,1.038577878683198,6.23907693572386,-0.2935135319998228,-1.3803354432017079,-0.05908270570561536,-3.9155207543731474,24.67848624191612,40.20161788316661,12.019269548486173,11.38137758463426,288.63571428571413,1.1647413322480202,26277.35,24567.65,26277.35,18837.85,-5.694067324140372,31.549513346799134
2024-10-22,24798.65,24882.0,24445.8,24472.1,0,25248.9625,25120.331000000002,24544.0485,23339.437250000003,-3.0768095916812537,-2.5805034177296604,-0.2931403105726516,4.852999401260181,-1.246918014131737,-2.335642037166741,-2.1630622292674206,-5.655372883740927,21.55127984882327,29.21532472853923,12.206792437332455,11.52314598271345,307.7642857142858,1.2576128967856695,26277.35,24445.8,26277.35,18837.85,-6.869984987070614,29.909198767375262
2024-10-23,24378.15,24604.25,24378.1,24435.5,0,25173.717500000002,25122.101000000002,24563.517000000003,23353.285749999995,-2.932492985988273,-2.733055646898332,-0.5211672253611055,4.634098437304502,-0.14955806816742134,-2.1456632213781357,-2.1873792878458254,-5.801375460671387,27.59872401275996,25.44141907453087,12.16982235360352,11.526863919985578,283.44642857142856,1.159978017930587,26277.35,24378.1,26277.35,18837.85,-7.009268438407977,29.714909079327
2024-10-24,24412.7,24480.65,24341.2,24399.4,0,25093.48,25127.308999999997,24582.203999999998,23367.696,-2.7659774570924323,-2.896884023673192,-0.7436436537586152,4.415086536558853,-0.1477358760819225,-1.4159681775849031,-2.396348573611562,-6.171130377266709,30.998270323696687,25.112245227559043,12.016872270735854,11.36241277632828,256.3892857142858,1.0508016005077412,26277.35,24341.2,26277.35,18837.85,-7.146649110355485,29.523273621989787
2024-10-25,24418.05,24440.25,24073.9,24180.8,0,24991.717500000002,25128.05,24591.373,23380.046000000002,-3.244744984013216,-3.7696916394228763,-1.6695814422399282,3.4249462126806645,-0.8959236702541951,-2.708814056461628,-3.1382877514846252,-7.76337396365967,31.00305829291655,21.95493347688995,11.401637246807812,11.548594986201648,250.51071428571413,1.0359901834749643,26277.35,24073.9,26277.35,18837.85,-7.978544259599996,28.362843955122273
2024-10-28,24251.1,24492.6,24134.9,24339.15,0,24899.7275,25124.01,24615.919499999996,23394.176750000002,-2.2513398992017057,-3.1239439882407187,-1.1243516619397254,4.039352442697087,0.6548584000529489,-1.7834155868787005,-3.139133912635128,-7.02778377284039,28.39050977877534,20.64775428499948,11.977704428847241,11.027193293051129,255.54642857142815,1.0499398235822865,26134.7,24073.9,26277.35,18837.85,-7.375934026832984,29.20343882130924
2024-10-29,24328.85,24484.5,24140.85,24466.85,0,24832.527500000004,25121.894,24634.384499999996,23408.78675,-1.4725746301902018,-2.607462637968306,-0.6800839696238319,4.519940573169599,0.524669103070563,-0.02145300158139518,-2.3565939734249586,-5.207112512761103,34.44746376811591,23.9628322890687,11.70081068010189,11.089253538571796,259.6392857142855,1.0611880389763517,25907.6,24073.9,26277.35,18837.85,-6.88996417066409,29.881329344909318
2024-10-30,24371.45,24498.2,24307.3,24340.85,0,24759.725,25114.734,24649.578999999998,23422.3975,-1.6917595005598811,-3.0813943719252683,-1.2524716953583643,3.921257420381494,-0.5149825171609779,-0.38734627897936136,-2.5246983537100642,-5.644282840186232,31.376380628717058,25.86761663985294,11.705284670978365,11.081705474506084,262.22857142857146,1.0773188751772083,25639.45,24073.9,26277.35,18837.85,-7.369464576907489,29.21246320572677
2024-10-31,24349.85,24372.45,24172.6,24205.35,0,24707.4875,25103.437,24658.731,23435.188250000003,-2.032329268607343,-3.5775459750790426,-1.838622595785652,3.286347614468152,-0.5566773551457738,-0.7953064419616962,-2.2000133334141414,-4.137607375812369,29.673773301907005,24.87489146736128,9.582950616093354,11.120344614675778,268.7464285714286,1.1102769783185478,25485.05,24073.9,26277.35,18926.65,-7.88511779155813,27.89030282696619
2024-11-01,24302.75,24368.25,24280.2,24304.35,0,24671.975,25093.294000000005,24669.1825,23447.237250000002,-1.4900509586281603,-3.144043185402469,-1.4788998378847797,3.6554957023774586,0.4090004895611843,0.51094256600277,-2.21171197450718,-2.839341824374564,27.14888186005213,32.611373623342985,9.421806604934542,11.157163560794626,266.4178571428573,1.0961735538817428,25234.05,24073.9,26277.35,18940.0,-7.508367472366887,28.3228616684266
2024-11-04,24315.75,24316.75,23816.15,23995.35,0,24631.954999999998,25076.737999999998,24676.4875,23456.72675,-2.5844680213162117,-4.312315262056808,-2.7602692644161806,2.296242164307929,-1.2713773460306443,-1.4125390574444951,-3.1707632026019783,-3.227972535615986,23.97696642979662,31.753164217046518,9.922535841515206,11.492520081985633,287.6107142857145,1.1986102069180675,25234.05,23816.15,26277.35,18973.7,-8.684285135297129,26.466371872644757
2024-11-05,23916.5,24229.05,23842.75,24213.3,0,24591.9625,25060.791999999998,24685.391,23467.631750000004,-1.5397815444782097,-3.381744679098723,-1.9124307166129162,3.1774328911565397,0.9083009833155131,-1.0363001367155955,-1.0575308208122691,-3.1977180003318395,32.55385748480943,39.569491950359065,9.966860921133657,11.553727996512855,301.99285714285725,1.2472189133362956,25234.05,23816.15,26277.35,18973.7,-7.854863599259436,27.61506717192745
2024-11-06,24308.75,24537.6,24204.05,24484.05,0,24567.067499999997,25050.118000000002,24696.2425,23482.19225,-0.3379218948293202,-2.2597418503178424,-0.8592096550720256,4.26645748971755,1.1181871120417242,0.5883114188699246,0.19868633750077525,-1.9930389741393384,44.018094252149275,40.70253742883247,10.953644750423178,11.852824808430002,304.3464285714287,1.2430395648245642,25212.05,23816.15,26277.35,19064.15,-6.824508559653084,28.429801486035295
2024-11-07,24489.6,24503.35,24179.05,24199.35,0,24527.1125,25033.057999999997,24703.58,23495.87775,-1.3363272990247048,-3.3304281083038227,-2.0411211654343346,2.994024132594914,-1.1627978214388546,-0.024787908458256958,-0.8198972105871616,-3.1965981890877293,36.3729081675131,37.37293878473005,11.56073021447837,12.109095073124992,304.75714285714304,1.2593608624080523,25212.05,23816.15,26277.35,19210.9,-7.907951144236386,25.96676886559191
2024-11-08,24207.7,24276.15,24066.65,24148.2,0,24486.31,25012.983000000004,24709.483000000004,23508.506749999997,-1.3808123804689254,-3.457336535990142,-2.271528708229156,2.7211139218785303,-0.21136931363857636,-0.6424775811737282,-0.13481770661020187,-3.268874490521445,36.70601579566463,36.43311898645308,11.561794201019879,12.066193088548467,298.3857142857144,1.2356437096169255,25212.05,23816.15,26277.35,19309.7,-8.102605475818521,25.057354593805186
2024-11-11,24087.25,24336.8,24004.6,24141.3,0,24436.9775,24991.090999999997,24715.736,23521.354249999997,-1.209959374067442,-3.4003757579050777,-2.3241711272527006,2.6356720085536853,-0.02857355827764474,0.6082428470516099,-0.8128878781715976,-3.926504151751342,42.04157243901266,36.75331991951711,11.167102152580059,12.029875318834462,290.95714285714297,1.2052256624835571,25212.05,23816.15,26277.35,19329.1,-8.12886383139852,24.89614105157509
2024-11-12,24225.8,24242.0,23839.15,23883.45,0,24378.2825,24963.186,24718.900500000003,23534.5775,-2.0298087037099535,-4.325313283328501,-3.3798044536811114,1.4823826771481294,-1.0680866399075395,-1.3622678445317171,-2.384450797712001,-4.684852947338792,37.99656454523712,30.557117860267468,11.586567466304329,12.214203352203109,303.5785714285713,1.2710834131106323,25093.4,23816.15,26277.35,19329.45,-9.110127162746616,23.55990470499678
2024-11-13,23822.45,23873.6,23509.6,23559.05,0,24307.670000000002,24928.77,24719.48,23545.103,-3.0797686491547833,-5.494535029205216,-4.69439486591142,0.05923524734633828,-1.3582627300494754,-3.7779697394834555,-3.211884547992361,-5.655492505396198,33.76354889193729,28.311910138382274,12.25103634742812,12.527308402117182,320.32142857142856,1.3596534179919333,25029.5,23509.6,26277.35,19329.45,-10.344650430884391,21.88163657010416
2024-11-14,23542.15,23675.9,23484.15,23532.7,0,24246.8125,24895.45,24719.4285,23556.003500000003,-2.9451809387316343,-5.473891815572725,-4.800792623502606,-0.09892807156359015,-0.11184661520731165,-2.754826059377624,-2.7789311040740894,-4.917807582672207,36.47311738186678,28.80983944616294,12.055774294234988,12.52037892672399,307.8500000000001,1.3081796818894562,24978.3,23484.15,26277.35,19329.45,-10.444926904729732,21.745316085041217
2024-11-18,23605.3,23606.8,23350.4,23453.8,0,24176.8,24861.624,24716.753500000003,23564.584499999997,-2.9904702028390853,-5.662638932999712,-5.109706256527594,-0.47013135326021954,-0.33527814487925856,-2.8755766475348166,-3.4995792934186642,-5.633890653635931,30.887464110700876,30.072725595411995,11.794297680245947,12.52738067991968,300.61428571428587,1.2817295522017154,24978.3,23350.4,26277.35,19414.75,-10.745185492448819,20.804027865411605
2024-11-19,23529.55,23780.65,23464.8,23518.5,0,24113.670000000002,24834.950999999997,24713.2505,23574.5665,-2.4681850585166085,-5.300799667371993,-4.83445308014014,-0.23782621835273543,0.2758614808687776,-2.5798113606143813,-1.9872600316311217,-5.095011924410131,28.955018529614136,29.212906037448064,11.962033759262718,12.3349030739262,299.41428571428594,1.2731011149277631,24882.0,23350.4,26277.35,19414.75,-10.498965839401608,21.137279645630255
2024-11-21,23488.45,23507.3,23263.15,23349.9,0,24057.559999999998,24803.221,24706.3045,23582.6875,-2.9415285673193634,-5.859404308819406,-5.490114881406067,-0.9871118378683454,-0.7168824542381436,-2.2339737349503452,-3.5658088736355564,-4.5856301665978645,28.417728411194673,28.368247634593914,11.520936161372301,12.366159658341134,304.01785714285717,1.3020092469040858,24604.25,23263.15,26277.35,19579.65,-11.140583049660629,19.25596218522803
2024-11-22,23411.8,23956.1,23359.0,23907.25,0,24031.1475,24780.543999999998,24705.271,23593.7365,-0.5155704695333385,-3.524111496503055,-3.230164931200312,1.3287997007171837,2.386948123974819,1.477988289001475,-2.3558194007935795,-2.161813754578379,44.51538121872243,42.05879458448735,14.810150462048115,13.546840128861366,333.0428571428568,1.393062176297386,24537.6,23263.15,26277.35,19627.0,-9.019554863789532,21.807968614663473
2024-11-25,24253.55,24351.55,24135.45,24221.9,0,24022.2725,24766.612999999998,24706.070499999998,23605.577,0.83101005535593,-2.199384308221702,-1.9597228138727953,2.610921139525631,1.3161279528176584,2.928690715472526,0.09318432106648622,-0.7274769051697993,48.594562345521226,47.21476072499676,15.642423447536096,13.87481562046734,353.1428571428566,1.4579486214659318,24537.6,23263.15,26277.35,19667.45,-7.822135793753926,23.15729797202993
2024-11-26,24343.3,24343.3,24125.4,24194.5,0,24022.957499999997,24742.725,24706.777,23617.691000000003,0.7140773570448319,-2.2157017870909472,-2.073427060113904,2.4422751572115895,-0.11312077087264338,3.158123630285936,0.1917327171383265,0.05665652087607498,53.7552090207984,47.32212870510741,15.312256771902419,13.14319227223812,332.9499999999994,1.37613920519126,24537.6,23263.15,26277.35,19670.5,-7.926408104317972,22.99890699270481
2024-11-27,24204.8,24354.55,24145.65,24274.9,0,24019.745000000003,24721.093000000004,24706.661,23629.4185,1.0622718933943671,-1.804908059688149,-1.7475489707006489,2.7316859278614993,0.33230692926078387,3.2161915088122273,0.5534084742743861,-0.2639779943013676,51.225090489638475,51.2758976027769,15.17349570341099,13.177469844812006,320.27857142857073,1.3193816305260608,24537.6,23263.15,26277.35,19703.85,-7.620441178429322,23.198765723450002
2024-11-28,24274.15,24345.75,23873.35,23914.15,0,23992.109999999997,24691.701,24702.781000000003,23639.336750000002,-0.32494015741006316,-3.1490378082903216,-3.1924786120234847,1.1625252134030335,-1.4861029293632533,2.416498571728365,0.12854089338014685,-2.2589748986894365,39.05763987558087,44.537275064267355,15.897170434456884,13.53920331353743,330.19642857142804,1.3807575371544798,24537.6,23263.15,26277.35,19703.85,-8.99329650820953,21.367905257094442
2024-11-29,23927.15,24188.45,23927.15,24131.1,0,23981.6225,24665.952,24700.8535,23651.4025,0.6233001958061729,-2.1683817433845753,-2.3066146277091297,2.02819896198544,0.9072034757664271,0.9363268464587016,2.42815393659761,-0.8617201124857976,48.65456265893903,45.78124018345166,16.214357415904008,13.722282889915649,326.6249999999995,1.3535437671718218,24537.6,23263.15,26277.35,19768.85,-8.16768053095156,22.06628104315628
2024-12-02,24140.85,24301.7,24008.65,24276.05,0,23985.1575,24643.922,24700.4085,23663.87025,1.2128021256479058,-1.4927494089617692,-1.7180221938434825,2.586980673628395,0.6006771344862161,0.22355801980851187,3.1587960582508456,0.29208418799975266,52.43046974507155,49.18963533590116,16.244045325177662,13.811182649541617,332.5928571428566,1.3700451973976682,24537.6,23263.15,26277.35,19768.85,-7.616064785832663,22.79950528230019
2024-12-03,24367.5,24481.35,24280.0,24457.15,0,23992.797499999997,24624.749,24700.647999999997,23678.075750000004,1.9353828998056795,-0.6806120135478269,-0.9857960001696959,3.2902768714218587,0.7460027475639563,1.0855773006261726,4.277984804168211,0.6286940403672725,55.63142974307775,53.11340818042439,16.394557013517893,13.927599863881468,323.52857142857073,1.3228383987037358,24537.6,23263.15,26277.35,19800.0,-6.926878090827262,23.520959595959603
2024-12-04,24488.75,24573.2,24366.3,24467.45,0,24016.4025,24598.279,24702.078,23691.696750000003,1.878081032327804,-0.5318624120004408,-0.949831022313186,3.274367632617946,0.04211447368152044,0.79320615120968,4.034908688904482,1.9674645295859605,61.42052565707133,52.06189476877958,15.651013426551131,13.471923003735107,309.5321428571424,1.2650772469429483,24573.2,23263.15,26277.35,19956.3,-6.887680835396255,22.6051422357852
2024-12-05,24539.15,24857.75,24295.55,24708.4,0,24041.1575,24573.665999999997,24706.0025,23706.038499999995,2.7754175313730225,0.5482861205975699,0.00970411947462065,4.228296094263099,0.9847777353177323,3.3212554073634326,5.818012068574174,2.044744004328214,73.23468170699661,59.17212281807544,15.70552359846569,13.60870297104492,322.9857142857137,1.3071899203740982,24857.75,23263.15,26277.35,20015.85,-5.970731447425243,23.444170494882822
2024-12-06,24729.45,24751.05,24620.5,24677.8,0,24050.845,24548.414,24707.759,23719.87375,2.606789906965839,0.5270645997741386,-0.12125340869642984,4.0384964106311925,-0.12384452251057443,2.265541148144923,3.223080864591288,0.7913314994864029,73.10905715208258,56.27753601643376,15.256121379867857,13.606969920866643,318.6142857142851,1.2910967983948534,24857.75,23263.15,26277.35,20183.7,-6.087181546084363,22.265986910229536
2024-12-09,24633.9,24705.0,24580.05,24619.0,0,24071.8275,24520.710999999996,24708.082,23732.765250000004,2.2730825069264085,0.40084074234227673,-0.3605379001089543,3.734224565340088,-0.23827083451523068,1.4127092339981218,1.639425478595813,1.7341374871639115,73.70701932858594,51.93462834205434,14.62628828852705,13.5877975169896,309.22499999999957,1.2560420813193045,24857.75,23263.15,26277.35,20507.75,-6.31094840233128,20.047299191768968
2024-12-10,24652.65,24677.8,24510.65,24610.05,0,24094.92,24488.591,24708.0525,23745.204250000003,2.1379195282657135,0.4959819860603614,-0.3966419449691647,3.6421912437329182,-0.03635403550104055,0.6251750510586795,1.71753911012833,1.9125649116704224,72.72405537628808,56.39321295143214,14.591608982550264,13.42456861793995,297.81785714285644,1.2101473062543817,24857.75,23263.15,26277.35,20711.15,-6.345008153409683,18.82512559659892
2024-12-11,24620.5,24691.75,24583.85,24641.8,0,24119.945,24457.847999999998,24706.461999999996,23757.4285,2.1635828771583,0.7521185020039423,-0.2617210023838971,3.7225051524410455,0.12901233439184256,0.7125793656470147,1.5114377402172474,2.073210639029388,78.52002295907093,57.73037649564615,14.584088418275353,13.436366925217385,287.28571428571377,1.1658471146008562,24857.75,23263.15,26277.35,20769.5,-6.224181662153906,18.64416572377765
2024-12-12,24604.45,24675.25,24527.95,24548.7,0,24153.207499999997,24432.605,24706.64,23769.896750000004,1.637432626701874,0.4751642323853767,-0.6392613483662639,3.2764267265906284,-0.3778133090926783,-0.6463388968933725,2.6534499449070825,2.7854016065518072,67.81162358037372,56.21263877028183,14.0424127860057,13.12385217957088,254.5071428571425,1.036743871802346,24857.75,23263.15,26277.35,20769.5,-6.5784791845448565,18.195912275211253
2024-12-13,24498.35,24792.3,24180.8,24768.3,0,24213.670000000002,24412.033,24709.230499999998,23782.651,2.2905656185121765,1.4593909487177894,0.2390584360771633,4.144403414068505,0.8945483874909899,0.3667263694494549,2.640575854395366,5.1328470375503255,66.01782363977478,63.652774991899484,13.097041941138729,13.311217412997076,266.4499999999997,1.0757702385710757,24857.75,23263.15,26277.35,20769.5,-5.742778476520651,19.25323190254941
2024-12-16,24753.4,24781.25,24601.75,24668.25,0,24270.4475,24400.396,24711.1225,23794.92875,1.6390406480968331,1.097744479228941,-0.17349474917621127,3.670199054493916,-0.4039437506813126,0.20004874284089702,1.6155840839016333,4.825413148512503,63.320680444257,68.38737484251709,13.245402986054188,12.489737563720178,263.7071428571427,1.06901439241593,24857.75,23263.15,26277.35,20769.5,-6.123524632430586,18.771515924793565
2024-12-17,24584.8,24624.1,24303.45,24336.0,0,24314.557500000003,24386.824,24710.3475,23805.9985,0.08818790965041161,-0.20840762208314015,-1.5149422726653272,2.2263359379779786,-1.3468730047733413,-1.1135694563806253,-0.4953561637394466,3.761437379017485,51.50485197773505,62.090244122693456,14.274103291359106,12.674622507344477,274.8428571428571,1.1293674274443504,24857.75,23263.15,26277.35,20769.5,-7.387921536989076,17.17181443944245
2024-12-18,24297.95,24394.45,24149.85,24198.85,0,24348.575,24374.885999999995,24708.275,23816.000999999997,-0.6149230499115541,-0.7222023520438063,-2.061758661824846,1.6075284847359639,-0.5635683760683796,-1.7975553733899363,-1.0977850164197833,2.892829049471679,57.87987821754766,61.020308547931414,14.515022838115247,12.589642763210044,258.57142857142856,1.0685277547132552,24857.75,23263.15,26277.35,20769.5,-7.90985392362624,16.511471147596225
2024-12-19,23877.15,24004.9,23870.3,23951.7,0,24378.665,24353.657000000003,24699.4435,23826.00375,-1.7513879451561445,-1.6504995533114477,-3.0273698271784966,0.5275590960150037,-1.021329525989867,-2.431900670911291,-3.0625212478347486,2.57731296493775,45.11624108455388,56.07948804311217,14.792819252535722,12.595578529506298,262.44642857142856,1.0957319462561261,24857.75,23359.0,26277.35,20976.8,-8.850397776031443,14.181858052705854
2024-12-20,23960.7,24065.8,23537.35,23587.5,0,24362.6775,24325.768000000004,24686.9575,23834.02725,-3.1818239189842807,-3.0349216518056226,-4.453596600553148,-1.0343499544333163,-1.5205601272561098,-4.767384115986961,-4.418141001223774,-1.3374603938135943,33.25469977382721,53.16091954022987,13.32002577718442,13.002255541004223,279.2607142857144,1.1839351956999022,24857.75,23537.35,26277.35,20976.8,-10.236382283601651,12.445654246596243
2024-12-23,23738.2,23869.55,23647.2,23753.45,0,24339.254999999997,24300.868,24675.918999999998,23841.10075,-2.406832090793234,-2.2526685055035807,-3.7383369592030085,-0.3676455668683867,0.703550609432968,-3.7084106087784896,-3.5157804947398286,-1.9339936173462857,32.759212073696574,47.71606771606773,12.638266290211336,13.125216944979003,284.74285714285725,1.1987431600161544,24857.75,23537.35,26277.35,20976.8,-9.604849804108854,13.236766332329056
2024-12-24,23769.1,23867.65,23685.15,23727.65,0,24315.9125,24276.135999999995,24663.683999999997,23847.847,-2.419249123387811,-2.2593628574168214,-3.795191342866686,-0.5040161487114544,-0.10861580107310864,-2.4997945430637714,-3.5855270509405623,-1.92957077021636,32.011379662500616,41.9716388090249,12.638188748150078,13.124949382208504,283.0,1.1927013421050967,24857.75,23537.35,26277.35,20976.8,-9.703033220625358,13.113773311467918
2024-12-26,23775.8,23854.5,23653.6,23750.2,0,24289.677499999998,24248.580999999995,24651.077,23854.57,-2.221015491045516,-2.055299648255682,-3.6545137561332526,-0.4375262266307839,0.0950368030546711,-1.8540137237926468,-3.618242173867159,-2.1614919113981945,23.932205234234672,42.771613574984556,12.559768927060352,13.019240679984076,257.1928571428572,1.0829081740063544,24857.75,23537.35,26277.35,20976.8,-9.61721787014291,13.221273025437632
2024-12-27,23801.4,23938.85,23800.6,23813.4,0,24284.640000000003,24223.702,24642.034,23861.855499999998,-1.9404858379617795,-1.6938038620191072,-3.3626850770516676,-0.2030667732440019,0.26610302229033156,-0.5774120417339823,-2.995270625328428,-0.42129868717892816,26.893878642074327,42.449527175157876,11.502007039168891,13.040082840719855,261.3428571428571,1.0974613332949392,24857.75,23537.35,26277.35,20976.8,-9.376706555265265,13.522558254833921
2024-12-30,23796.9,23915.35,23599.3,23644.9,0,24260.329999999998,24197.174,24637.926999999996,23867.70975,-2.536775056233764,-2.28239049733658,-4.030481135852034,-0.9335196059186212,-0.7075848051937172,0.24334923158453314,-4.535636277015365,-2.014827338994063,25.403999596000418,45.29916022138031,11.202439447760494,13.100749079721421,274.99285714285696,1.1630112926798462,24857.75,23537.35,26277.35,21137.2,-10.01794320964632,11.86391764282876
2024-12-31,23560.6,23689.85,23460.45,23644.8,0,24228.767499999998,24175.072999999997,24634.449500000002,23873.466,-2.4102237144336742,-2.1934701086528157,-4.017339620274458,-0.9578248922883719,-0.0004229241823860974,-0.4574072397904416,-4.148855309963217,-2.6002994721134653,25.518046009080052,40.81412920287119,10.903459910391632,12.97954234694774,279.4392857142856,1.181821312568876,24857.75,23460.45,26277.35,21137.2,-10.018323765524299,11.86344454326968
2025-01-01,23637.65,23822.8,23562.8,23742.9,0,24193.055,24152.85,24628.9035,23880.517249999997,-1.8606786121058247,-1.6973152236692446,-3.597413502391606,-0.5762741592207167,0.41489037758830616,0.06427100871768676,-2.43713017751479,-2.9204138667015545,27.943269372331613,39.74770686306565,10.610277987079545,12.978314703308536,290.30357142857116,1.2226963489235567,24857.75,23460.45,26277.35,21137.2,-9.644998449234787,12.327555210718547
2025-01-02,23783.0,24226.7,23751.55,24188.65,0,24179.115,24141.001,24629.62,23889.782000000003,0.03943485938174269,0.1973778966332061,-1.7904052112862379,1.2510285778246053,1.8774033500541298,1.846089717139221,-0.04215076336271384,-1.1394730550179921,42.46867613529401,45.31380899190171,12.813055043932625,13.696866268757518,314.33928571428544,1.2995321595636193,24857.75,23460.45,26277.35,21137.2,-7.948670623179267,14.43639649527847
2025-01-03,24196.4,24196.45,23976.0,24004.75,0,24143.932500000003,24131.654,24625.9925,23899.81725,-0.5764698853428397,-0.5258818976933725,-2.5227105059826536,0.4390525203702131,-0.7602739301283967,0.8035391838208783,0.22148741007945727,-2.847816936750258,33.78633767226556,42.38579515534492,12.42780074983456,13.519624986600537,286.4071428571427,1.1931269555281463,24792.3,23460.45,26277.35,21137.2,-8.648512882767854,13.566366406146505
2025-01-06,24045.8,24089.95,23551.9,23616.05,0,24090.845,24115.265,24618.683000000005,23907.164249999998,-1.9708524130224652,-2.0701203159077877,-4.072650840014493,-1.217686242315413,-1.6192628542267662,-0.12201362661716786,0.12103868574455667,-4.30244997528143,30.096848636174514,32.85783782935516,13.488110108079903,13.978499777180636,312.0178571428569,1.3212110286980967,24792.3,23460.45,26277.35,21137.2,-10.127733580440948,11.727428420036706
2025-01-07,23679.9,23795.2,23637.8,23707.9,0,24045.29,24101.435,24614.372000000003,23915.587000000003,-1.4031438173546644,-1.6328280867923417,-3.6826939968243004,-0.8684169031686393,0.3889304096154955,0.2668662877250094,-0.19176161778604595,-3.7008001949713543,36.930375795913356,35.0665147502618,13.657188333494199,14.013922837987533,298.75714285714275,1.2601586089748258,24792.3,23460.45,26277.35,21137.2,-9.77819300652462,12.161970365043622
2025-01-08,23746.65,23751.85,23496.15,23688.95,0,23999.235,24091.597999999998,24609.824,23923.75325,-1.2928953777068304,-1.6713212631225105,-3.7418959192881664,-0.9814649379900323,-0.0799311621864418,-0.22722582329876007,-0.1631008549097812,-3.7427798805772405,38.84098568739888,35.50217455690485,13.65177864899054,13.880806658054057,299.54999999999956,1.2645136234404628,24792.3,23460.45,26277.35,21137.2,-9.850308345400117,12.072317998599624
2025-01-09,23674.75,23689.5,23503.05,23526.5,0,23943.47,24075.345,24599.6775,23932.2985,-1.7414769037236506,-2.279697341824182,-4.362567354795613,-1.6956102231467687,-0.685762771249887,-2.7374409072023487,-0.9418868051637497,-4.526049233416385,40.336363636363664,33.88078130346176,13.707842541621115,13.863260033084202,289.39999999999964,1.2301022251503608,24792.3,23460.45,26277.35,21137.2,-10.468521369163932,11.30376776488844
2025-01-10,23551.9,23596.6,23344.35,23431.5,0,23887.61,24054.638,24588.265999999996,23940.260500000004,-1.9093998939199048,-2.5905108195766613,-4.704544842649726,-2.125125163111754,-0.4037999702463213,-2.388069028004869,-1.6037189145607145,-4.550953818328473,45.960223741454335,32.32777501971211,13.711924835111624,13.817069654903191,269.6714285714282,1.15089272377538,24792.3,23344.35,26277.35,21137.2,-10.830049453236338,10.85432318377079
2025-01-13,23195.4,23340.95,23047.25,23085.95,0,23803.4925,24029.540000000005,24572.137000000002,23945.630500000003,-3.0144421034014215,-3.9267917737917735,-6.048261085309762,-3.5901351605671947,-1.4747241960608504,-2.244659881732969,-2.3639347174232106,-6.792351513830175,34.18546247156944,30.108111783504484,13.71600989511322,14.135798450849038,276.9714285714282,1.199740225424677,24781.25,23047.25,26277.35,21137.2,-12.14506028956496,9.219527657400223
2025-01-14,23165.9,23264.95,23134.15,23176.05,0,23728.8825,24008.953999999998,24556.195499999998,23951.027000000002,-2.3297873382785745,-3.4691390553707535,-5.620355563629548,-3.2356733596434197,0.3902806685451399,-2.2433450453224535,-1.982465489240759,-6.049071174485421,37.3177909596726,27.556557896962474,13.960248627989808,14.138987877025096,276.7214285714282,1.1939973747529375,24624.1,23047.25,26277.35,21137.2,-11.802179443513138,9.645790360123376
2025-01-15,23250.45,23293.65,23146.45,23213.2,0,23672.7425,23987.131,24540.2125,23957.0695,-1.941230510153184,-3.226442545379856,-5.407502074401355,-3.1050104020443765,0.16029478707546563,-2.0083203350085177,-2.2309827358915735,-4.613740959894807,37.73580596537712,29.120208934234583,13.489604415722562,14.105465714644069,272.88571428571385,1.1755626724696029,24394.45,23047.25,26277.35,21137.2,-11.660802934846922,9.82154684631834
2025-01-16,23377.25,23391.65,23272.05,23311.8,0,23628.39,23973.46,24525.099,23963.010250000003,-1.3398712311757175,-2.7599687320895687,-4.9471726903120725,-2.7175644595820496,0.4247583271586697,-0.912587932756681,-3.625047284573557,-3.6656700628335592,38.72656987458983,34.24646999107888,13.6233847229212,13.885884400770312,272.1571428571427,1.167465158662749,24226.7,23047.25,26277.35,21137.2,-11.28557483916757,10.288023011562546
2025-01-17,23277.1,23292.1,23100.35,23203.2,0,23590.965,23953.258,24507.025,23967.391750000003,-1.6437013068350506,-3.131340212675874,-5.320209205319702,-3.1884643851578125,-0.46585849226571385,-0.9743294283336534,-3.3391307970297546,-3.1250391412718126,39.798133776792326,34.54991232562115,13.309117850462208,13.738012058160193,264.6857142857142,1.14072935752704,24226.7,23047.25,26277.35,21137.2,-11.698858522644018,9.774236890411219
2025-01-20,23290.4,23391.1,23170.65,23344.75,0,23578.8275,23930.472,24490.295,23971.805500000002,-0.9927444441416751,-2.4475990277166346,-4.6775467588283375,-2.6158042205039673,0.6100451661839701,1.1210281578189374,-1.1487949932355246,-1.0291467938526755,43.494850948509516,40.2624697181178,12.536675066982387,13.555955953980261,264.0464285714284,1.1310741326055256,24226.7,23047.25,26277.35,21137.2,-11.160181677376139,10.443909316276514
2025-01-21,23421.65,23426.3,22976.85,23024.65,0,23542.3875,23906.978000000003,24470.017999999996,23974.66225,-2.1991716005863857,-3.690671401462792,-5.906689565982318,-3.9625678146936134,-1.3711862410177855,-0.65326058582027,-2.8819507421576795,-3.0681858845767684,35.79551072876495,40.840371690344874,13.038502035217036,13.648393918682133,277.5785714285713,1.205571296104702,24226.7,22976.85,26277.35,21137.2,-12.378341042761152,8.929517627689574
2025-01-22,23099.15,23169.55,22981.3,23155.35,0,23513.7725,23887.121,24450.052000000003,23978.265750000002,-1.5243087854150184,-3.0634541517163187,-5.29529344150272,-3.431923553520561,0.5676524941747196,-0.2492116554374313,-2.2525270220925875,-2.411953986172266,26.65597325140058,40.15376004214404,13.287285351685249,13.726313945561152,256.4678571428571,1.1075965474193097,24226.7,22976.85,26277.35,21137.2,-11.880954510253128,9.547858751395633
2025-01-23,23128.3,23270.8,23090.65,23205.35,0,23486.53,23868.402000000002,24429.746499999997,23981.71925,-1.1971968613498898,-2.7779488547243476,-5.011908330690206,-3.2373377484185157,0.21593281898135697,-0.4566356952273143,-1.3650564257326914,-2.2940859445394257,30.777184629442516,41.46958907689288,13.319964545024602,13.742016616298935,253.58928571428547,1.0928052613482901,24226.7,22976.85,26277.35,21137.2,-11.690676571267652,9.784408530931238
2025-01-24,23183.9,23347.3,23050.0,23092.2,0,23450.469999999998,23852.576999999997,24407.8815,23984.611750000004,-1.5277732173384877,-3.1878190771588195,-5.390396130856334,-3.7207679628168373,-0.4876030742910431,-0.4783822920976455,-1.448050700979453,-3.0285469525561215,35.47886347886346,39.56218274111675,13.304406454430506,13.587279909964579,236.39285714285688,1.023691363936121,24226.7,22976.85,26277.35,21137.2,-12.121275547191775,9.249096379842173
2025-01-27,22940.15,23007.45,22786.9,22829.15,0,23409.682500000003,23837.979000000003,24383.3745,23985.426,-2.4798819890017776,-4.232024031903046,-6.374115691000851,-4.820744063499218,-1.139129229783209,-2.2086336328296485,-1.1123648799377994,-3.4500040177797286,27.752601331679173,35.31780956785059,13.628389733352837,13.488457436957152,245.403571428571,1.0749571115375343,24226.7,22786.9,26277.35,21137.2,-13.122327784194363,8.004607989705356
2025-01-28,22960.45,23137.95,22857.65,22957.25,0,23375.305,23826.47,24360.96,23986.998499999998,-1.7884472523460135,-3.6481274817461466,-5.7621292428541375,-4.292944363172399,0.5611247024089661,-0.29272974833494114,-0.9440780460863607,-2.9078275138719634,32.44565999712094,39.617086170710685,13.865797831944885,13.559422747015537,249.1964285714283,1.0854803104528126,24226.7,22786.9,26277.35,21137.2,-12.634835704513577,8.61064852487557
2025-01-29,23026.75,23183.35,22976.5,23163.1,0,23346.315,23820.656000000003,24341.14,23989.045,-0.7847705301671812,-2.760444548630416,-4.839707589702047,-3.443009090190959,0.8966666303673154,0.03346958694210311,-0.2158254786070124,-2.441993185331204,41.459459459459374,43.152223359490485,14.224098475932005,13.705496719812505,252.028571428571,1.0880606284502983,24226.7,22786.9,26277.35,21247.05,-11.85146142971038,9.017957787081027
2025-01-30,23169.5,23322.05,23139.2,23249.5,0,23299.3575,23815.276,24325.113499999996,23992.6955,-0.21398658739837895,-2.3756852534482555,-4.4218231499721306,-3.0975906812971536,0.3730070672751218,0.19025785002166895,-0.26724663046182595,-3.8826060983147115,45.705318797489234,42.962487519612,12.29406074685179,13.718058272368744,247.07142857142804,1.062695664730115,24196.45,22786.9,26277.35,21281.45,-11.52266115114347,9.247725131511242
2025-01-31,23296.75,23546.8,23277.4,23508.4,0,23274.54,23818.446,24310.8335,23998.875,1.0047889238627297,-1.3017054093285452,-3.3007239344549792,-2.0437416337224077,1.1135723348889348,1.8023401841314346,1.3153358157495632,-2.0677157645882516,60.39365235576339,39.75110361140824,12.933900465297619,13.854209583821866,240.86071428571373,1.0245729793848741,24089.95,22786.9,26277.35,21281.45,-10.53740198307667,10.46427757507125
2025-02-01,23528.6,23632.45,23318.3,23482.15,0,23267.845,23809.944,24295.244,24005.54625,0.921035016349818,-1.3767105038130205,-3.346720864379865,-2.1803138514292213,-0.11166221435742196,2.8603780692667113,0.5885691643731539,-0.566987281954423,57.775350538508526,41.733628598544776,11.628276262270534,12.747672888209655,250.51428571428525,1.0668285728278084,23795.2,22786.9,26277.35,21281.45,-10.637297901044045,10.340930716656997
2025-02-03,23319.35,23381.6,23222.0,23361.05,0,23250.502500000002,23792.727000000003,24279.67,24012.37225,0.47546284214716195,-1.8143233434318111,-3.783494586211423,-2.712444414982785,-0.5157108697457558,1.7589214736085435,1.4610428388704966,-1.4630144382252408,53.6019684751626,45.59341950646297,11.64364511486552,12.409715220188696,258.58214285714246,1.1068943513118736,23751.85,22786.9,26277.35,21281.45,-11.098151069266876,9.771890543172567
2025-02-04,23509.9,23762.75,23423.15,23739.25,0,23253.0175,23783.622000000003,24263.1735,24020.3335,2.091051193678404,-0.18656535997756363,-2.159336246760964,-1.170189831044605,1.6189340804458663,2.4873613635480574,2.521663460064305,0.2123352871275408,59.165076438174104,50.492963283276964,13.097403427134042,12.97463980713483,274.528571428571,1.156433212627067,23762.75,22786.9,26277.35,21281.45,-9.658888738780732,11.54902508992573
2025-02-05,23801.75,23807.3,23680.45,23696.3,0,23261.5075,23772.05,24246.571500000005,24027.132999999998,1.8691501399898507,-0.3186515256361988,-2.2694816873387897,-1.3769141744876459,-0.18092399717767327,1.9217617583173752,2.115675910942949,0.7217393152402662,60.87896571504213,50.11470932500972,12.860189704427782,12.951115629444313,268.4857142857137,1.1330280013576537,23807.3,22786.9,26277.35,21281.45,-9.822337488369259,11.347206134920311
2025-02-06,23761.95,23773.55,23556.25,23603.35,0,23270.1,23765.834,24228.7675,24033.30975,1.432095263879399,-0.6836873471387556,-2.5813013394098694,-1.7890159718846124,-0.3922553310010457,0.4038981810756903,2.2135179844276376,0.7334144207583826,55.83036479235241,51.22597112546859,12.854980798911338,12.551796594816345,268.26071428571385,1.1365366114797852,23807.3,22786.9,26277.35,21281.45,-10.176064176943262,10.910440782935362
2025-02-07,23649.5,23694.5,23443.2,23559.95,0,23293.8,23754.411,24210.1815,24039.0975,1.1425787119319366,-0.8186311165534659,-2.6857770562356094,-1.9932008678778357,-0.18387220458111475,0.3313154885732361,3.201170433415168,2.0531968578291204,63.789283874291606,52.08343470715134,11.592713751593807,12.373648591655307,254.10714285714235,1.0785555268883946,23807.3,22786.9,26277.35,21281.45,-10.341225427982646,10.706507310357141
2025-02-10,23543.8,23568.6,23316.3,23381.6,0,23304.0775,23736.522,24190.222,24043.15375,0.33265637740862786,-1.495256971514202,-3.3427638654990557,-2.7515265130307736,-0.7570050021328711,0.08796693641766051,1.8484356793605494,0.8869069578293143,55.68853242149196,55.07040079576049,11.927685372712649,12.38474365353379,258.6821428571423,1.1063491927718476,23807.3,22786.9,26277.35,21281.45,-11.019946836343848,9.86845351233115
2025-02-11,23383.55,23390.05,22986.65,23071.8,0,23297.0075,23708.815,24166.781999999996,24046.412999999997,-0.9666799480577084,-2.6868276630443124,-4.530938376487182,-4.053049409074017,-1.3249734834228644,-2.8115884031719607,-0.39416140326640203,-0.6091361811383256,47.03017634370346,48.337400124395955,12.868393332404793,12.552768320431811,274.62857142857087,1.1903213942066544,23807.3,22786.9,26277.35,21281.45,-12.198908946297855,8.412725636645991
2025-02-12,23050.8,23144.7,22798.35,23045.25,0,23283.68,23680.371,24139.325,24048.42225,-1.0240219759075897,-2.682056797167575,-4.532334686243301,-4.171468047139765,-0.11507554677138154,-2.7474753442520483,-0.87851351641971,-1.1434123491107506,48.91412447672131,47.312412987470175,12.759007789869944,12.547706639352246,278.13214285714247,1.2068957501313393,23807.3,22786.9,26277.35,21281.45,-12.29994653189914,8.287969099849866
2025-02-13,23055.75,23235.5,22992.2,23031.4,0,23275.09,23646.831000000002,24110.248499999998,24050.555,-1.046999173794811,-2.6025939797176223,-4.474646953555856,-4.237552937967539,-0.060099152753811946,-2.4231729818013026,-2.02906195232343,-0.740415115156523,55.28716701958017,45.3878544641095,12.666423052541104,12.29269090694529,273.7035714285711,1.1883931130047285,23807.3,22786.9,26277.35,21281.45,-12.352653520998112,8.222888947886544
2025-02-14,23096.45,23133.7,22774.85,22929.25,0,23254.315,23611.86,24080.137,24051.96025,-1.397869599685042,-2.8909624231212643,-4.77940387133179,-4.667853423714186,-0.4435249268390229,-2.677000587862033,-2.354554416865584,-1.7798434337484847,49.25796364021837,45.48436547051937,12.506857109198876,12.311795666253548,277.2785714285713,1.2092788531180536,23807.3,22774.85,26277.35,21281.45,-12.741391350345443,7.742893458857358
2025-02-17,22809.9,22974.2,22725.45,22959.5,0,23251.0575,23578.67,24049.690499999997,24054.378500000003,-1.2539537180190579,-2.6259750868051435,-4.533074968262054,-4.551680684662056,0.13192755977626813,-1.805265678995438,-1.7188867794897922,-0.2829576128193123,44.05061071825148,43.40788145308943,11.5619384273919,12.32524973676364,278.89642857142854,1.214732152579231,23807.3,22725.45,26277.35,21281.45,-12.626273197259232,7.8850360290299735
2025-02-18,22963.65,22992.5,22801.5,22945.3,0,23240.555,23545.375,24016.983000000004,24056.891499999998,-1.2704300736363698,-2.548589691181392,-4.462188277353589,-4.620678028996384,-0.06184803676038131,-0.5482883866885113,-3.344461177164404,-0.9071337725406803,40.719384953322354,48.483458517286806,11.357730193391967,12.324317048901841,279.47857142857146,1.2180209952738532,23807.3,22725.45,26277.35,21281.45,-12.68031213193111,7.818311252287784
2025-02-19,22847.25,23049.95,22814.85,22932.9,0,23226.932500000003,23511.197,23984.5225,24060.0435,-1.2659118891399075,-2.459666345358761,-4.3845880192111295,-4.68471098150757,-0.054041568425766684,-0.4875191199921858,-3.221599996623936,-1.1740827007564958,29.33424303361106,45.54717056668741,11.31641158329232,12.31083907367914,275.03571428571456,1.199306299184641,23807.3,22725.45,26277.35,21281.45,-12.727501060799499,7.7600445458368705
2025-02-20,22821.1,22923.85,22812.75,22913.15,0,23217.980000000003,23478.486,23955.545499999997,24063.096749999997,-1.3129049124859342,-2.407889503607683,-4.351374507418314,-4.778880964271549,-0.08612081332932675,-0.5134294919110438,-2.9241611889837538,-0.7753700383679285,29.471823363879082,44.079267304263304,11.202780283670998,12.299355929979306,261.1785714285717,1.139863228881981,23807.3,22725.45,26277.35,21281.45,-12.802660846698762,7.667240719029957
2025-02-21,22857.2,22921.0,22720.3,22795.9,0,23216.317499999997,23439.037999999997,23925.535499999998,24067.28875,-1.8108707377903321,-2.743875409903749,-4.721463810078553,-5.28264219209153,-0.5117148886120026,-0.5815715734269533,-3.243003486849505,-0.14564712220997977,29.553923519409636,44.00614961362626,10.588297908046343,12.097577334846966,256.93214285714305,1.1270980433198208,23807.3,22720.3,26277.35,21281.45,-13.248862613619705,7.116291418112961
2025-02-24,22609.35,22668.05,22518.8,22553.35,0,23196.1225,23396.74,23898.568,24069.779499999997,-2.771034253677539,-3.604732967071494,-5.62886445748549,-6.300138727901511,-1.0640071240881177,-1.7689845162133344,-3.5423153248708372,-1.759357065850664,2.426989730423628,44.374184073107,10.998938218619147,12.25492389767183,248.03214285714316,1.0997574322978325,23807.3,22518.8,26277.35,21281.45,-14.17190089563826,5.9765664463652515
2025-02-25,22516.45,22625.3,22513.9,22547.55,0,23165.345,23360.971,23873.8975,24071.996999999996,-2.6668931544080254,-3.481965711099946,-5.555638747297126,-6.332864697515526,-0.0257168003866326,-1.73347047107687,-2.272254440485788,-2.6574594937637808,2.5015505478602478,41.20400188930397,10.375095321447834,11.961258928636148,246.9285714285717,1.0951459091057418,23807.3,22513.9,26277.35,21281.45,-14.193973136560572,5.949312664315629
2025-02-27,22568.95,22613.3,22508.4,22545.05,0,23130.1225,23327.895000000004,23851.390499999998,24073.633,-2.529482928592367,-3.3558321485929383,-5.4769993388854985,-6.349614950099149,-0.011087679149179852,-1.6912383518874696,-2.170512361549559,-3.029957633497493,2.7037897747586754,35.46140998800317,10.215208312724885,11.927219860260083,238.90000000000015,1.0596561107648914,23807.3,22508.4,26277.35,21281.45,-14.203487033509846,5.937565344466653
2025-02-28,22433.4,22450.35,22104.85,22124.7,0,23060.9375,23291.355,23822.506,24073.25375,-4.059841452672942,-5.008961479484551,-7.126899243933449,-8.094268312192735,-1.8644891007116748,-3.4410371336983325,-3.9367993261373635,-5.88598118119481,2.022396790907564,27.133563732466,10.776850717464361,12.389354478959817,252.3928571428574,1.1407741444758908,23807.3,22104.85,26277.35,21281.45,-15.803153666560737,3.9623709850597586
2025-03-03,22194.55,22261.55,22004.7,22119.3,0,22992.795,23261.991,23793.879500000003,24071.831000000002,-3.798994424122857,-4.912266538148014,-7.0378582021481755,-8.111269142758616,-0.024407110604895976,-2.9680775929004866,-3.5323876707698765,-5.803770097712524,2.2868158451769034,18.51541251133274,10.801569085208024,11.990506575203385,252.71785714285735,1.1425219475429031,23807.3,22004.7,26277.35,21281.45,-15.823703683971175,3.9369967741859626
2025-03-04,21974.45,22105.05,21964.6,22082.65,0,22928.875,23228.575,23764.7215,24069.91375,-3.6906520708059096,-4.933255699068924,-7.078018987093951,-8.256214669651644,-0.16569240437083188,-2.0870513693087567,-3.819116269953604,-5.472356764785824,2.881913018625255,18.42853275582027,10.778701172337907,11.83920053985692,234.95357142857185,1.0639736237660418,23807.3,21964.6,26277.35,21281.45,-15.96317741324752,3.7647810651999776
2025-03-05,22073.05,22394.9,22067.8,22337.3,0,22858.7775,23200.768000000004,23738.452,24069.06625,-2.2813009138393374,-3.72172162576689,-5.902457329568086,-7.194987258801536,1.1531677583985545,-0.9324738164456892,-2.6497801292639456,-5.905620438724901,22.29700645666199,28.217621651524468,9.770731706024756,12.191700673350386,233.57857142857185,1.0456884736676852,23807.3,21964.6,26277.35,21281.45,-14.9940918699945,4.961363065016709
2025-03-06,22476.35,22556.45,22245.85,22544.7,0,22801.197500000002,23176.658000000003,23712.619499999997,24069.144500000002,-1.1249299515957496,-2.726700286124092,-4.925307809202591,-6.33360483585115,0.9284918051868374,-0.0015524472112393717,-1.6927645435160898,-4.859830437663259,33.46020526065381,22.59137737191105,10.702383928573378,12.408189875690056,238.3857142857149,1.0573913792852196,23773.55,21964.6,26277.35,21281.45,-14.20481897908274,5.935920719687803
2025-03-07,22508.65,22633.8,22464.75,22552.5,0,22748.655000000002,23151.44,23687.571,24068.917999999998,-0.8622707584250693,-2.587052900381137,-4.791842101497025,-6.300316449621865,0.03459793210820461,1.9335855401429125,-1.573986990003562,-4.45212226230598,36.319401575946806,23.32555970149251,10.732555641743966,12.383813438037254,224.82857142857185,0.9969119673143636,23694.5,21964.6,26277.35,21281.45,-14.175135620601006,5.972572357616606
2025-03-10,22521.85,22676.75,22429.05,22460.3,0,22693.6725,23127.748000000003,23662.461,24066.38125,-1.0283593367270163,-2.8859186808849864,-5.08045633968504,-6.673546942168546,-0.4088238554484036,1.5416401061516316,-1.4721945613026977,-4.667454727195953,32.65341580373892,23.333722150938968,10.750734766791622,12.327177787079375,224.7535714285719,1.0006703892137323,23568.6,21964.6,26277.35,21281.45,-14.526008140090227,5.539331201586351
2025-03-11,22345.95,22522.1,22314.7,22497.9,0,22649.4875,23104.81,23639.9415,24064.08525,-0.6692756293050685,-2.626769058044623,-4.83098276702588,-6.5083930418672304,0.16740649056334878,1.8804355455527277,-0.24586147955845128,-3.7794676155609386,34.70218149490536,25.156144003368524,10.65751276125468,12.3398864852498,225.92500000000032,1.0042048368958894,23390.05,21964.6,26277.35,21281.45,-14.382919129973141,5.7160108921149675
2025-03-12,22536.35,22577.4,22329.55,22470.5,0,22619.422499999997,23079.362,23616.106,24061.775500000003,-0.6583832986894204,-2.638123185554267,-4.850952142575917,-6.613292107226265,-0.12178914476462799,0.596311998316712,-0.34172227137759803,-2.606211912377876,34.34982738780205,27.067707022401237,9.777973039482795,12.284212958025154,226.8357142857146,1.0094822735840974,23235.5,21964.6,26277.35,21281.45,-14.48719144053719,5.587260266570179
2025-03-13,22541.5,22558.05,22377.35,22397.2,0,22587.019999999997,23043.533,23592.266999999996,24059.320750000003,-0.8403941732906604,-2.8048346579493635,-5.0655030311415,-6.908427578945685,-0.3262054693932037,-0.6542557674309224,-0.6557980576667566,-2.8120762413078593,33.1482509716824,30.725714285714332,9.80234823354803,11.419019339333408,231.16071428571453,1.032096486550616,23235.5,21964.6,26277.35,21281.45,-14.766138899089892,5.242828848598193
2025-03-17,22353.15,22577.0,22353.15,22508.75,0,22560.8875,23013.612999999998,23572.633499999996,24058.341,-0.23109684847283035,-2.1937581030844555,-4.513214444198593,-6.4409719689316915,0.49805332809458314,-0.19399179691830248,1.735842745890337,-2.2692932257700416,40.58617185194895,35.38147138964578,10.06005460389303,11.423292850214887,232.81428571428583,1.0343279200945668,23133.7,21964.6,26277.35,21281.45,-14.341628817213298,5.766994260259518
2025-03-18,22662.25,22857.8,22599.2,22834.3,0,22556.140000000003,22997.978,23556.621499999997,24060.069250000004,1.2331897212909486,-0.7117060465054793,-3.066320439881408,-5.094620623338416,1.4463264286110888,1.6651603050716224,3.2324711903179537,-0.41409989423989435,58.73519261262945,45.40923277588852,11.38534738652896,11.435631791585429,237.95357142857134,1.0420883120068114,23049.95,21964.6,26277.35,21281.45,-13.102729156478867,7.296730250993229
2025-03-19,22874.95,22940.7,22807.95,22907.6,0,22553.545000000002,22981.972,23541.7035,24061.95375,1.5698419029026107,-0.32361017583696916,-2.693532776844297,-4.797423193451205,0.3210083076774728,1.8210588543819517,3.7357382379379134,-0.2260502188636604,60.743592038910265,49.488868427886736,11.438097797660996,11.42278281982442,239.47857142857148,1.0454110052060082,23049.95,21964.6,26277.35,21281.45,-12.823781697926162,7.641161668965216
2025-03-20,23036.6,23216.7,22973.95,23190.65,0,22565.8125,22972.006,23531.802000000003,24061.5875,2.768956358207804,0.9517845328788448,-1.4497487272755474,-3.6196177829081306,1.2356161273987754,3.2048686055049957,3.8202916198466275,1.0692821623600635,66.5013802269707,54.8752451859195,12.256299272381444,11.790486747304172,254.0642857142861,1.095546203811821,23216.7,21964.6,26277.35,21281.45,-11.74661828532937,8.971193222266342
2025-03-21,23168.25,23402.7,23132.8,23350.4,0,22586.6875,22968.484000000004,23521.914500000003,24068.917,3.3812505707178238,1.6627827940233117,-0.7291689628410184,-2.9852485676858653,0.6888552067320308,4.25588912899828,3.5737889614854135,1.8205285855692033,86.1435480066053,58.04983705587795,12.449967031318803,11.807026815099466,241.9000000000004,1.035956557489381,23402.7,21964.6,26277.35,21281.45,-11.138680270270775,9.721846960615938
2025-03-24,23515.4,23708.75,23433.5,23658.35,0,22623.9475,22973.021,23513.829500000003,24074.107000000004,4.572157445114298,2.983190586906258,0.614619154230046,-1.7269882533960865,1.3188210908592346,5.107347142777807,4.90344751136238,3.252280895468318,88.51187348297178,62.90032897661593,13.160182774955565,12.141876702501312,249.1500000000004,1.0531165529295172,23708.75,21964.6,26277.35,21281.45,-9.966758444059238,11.168881819612844
2025-03-25,23751.5,23869.6,23601.4,23668.65,0,22667.585,22984.675,23507.1075,24078.34325,4.416284310834182,2.9757871277275063,0.6872070500379649,-1.7015009950902673,0.04353642582852757,3.653932899191137,5.379937044474037,3.8285393426010783,90.21706055380864,63.47999857260106,12.927920392569964,11.647631977793614,257.25714285714304,1.086910925875126,23869.6,21964.6,26277.35,21281.45,-9.927561188628218,11.217280777390641
2025-03-26,23700.95,23736.5,23451.7,23486.85,0,22714.26,22990.891,23499.9225,24079.326749999997,3.401343473219027,2.157197822389741,-0.05562784302800164,-2.4605204130136156,-0.7681046447516104,2.5286367842986657,4.395743602736246,4.139074682918498,80.26804286579411,62.05068280516936,12.584995729210267,11.764597405233765,254.23571428571424,1.082459820221589,23869.6,21964.6,26277.35,21281.45,-10.61941177477942,10.36301567797306
2025-03-27,23433.95,23646.45,23412.2,23591.95,0,22766.48,22998.465999999997,23492.798499999997,24080.990500000004,3.6258130374129034,2.5805373280113733,0.4220506126590393,-2.0308155513785975,0.44748444342259663,1.7304387759722095,4.990765670545838,4.631988841359713,79.14451896585297,69.02615959551551,12.581542032008972,11.798655960720065,248.78214285714265,1.054521321286043,23869.6,21964.6,26277.35,21281.45,-10.219447547031942,10.85687300442404
2025-03-28,23600.4,23649.2,23450.2,23519.35,0,22815.195,23002.617000000002,23488.038500000002,24082.263,3.0863422381443546,2.2464096150450903,0.13330827944613663,-2.3374589007685884,-0.3077320865803923,0.723542209127026,5.010224492347248,4.321569479774934,75.97034569824578,67.37715470996346,12.700323542892257,11.788831771039355,250.9214285714284,1.0668722926927336,23869.6,21964.6,26277.35,21281.45,-10.495731114438861,10.515730836009753
2025-04-01,23341.1,23565.15,23136.4,23165.7,0,22867.245000000003,23001.867,23477.5625,24081.476749999998,1.3051637833940997,0.7122595744076008,-1.3283427527878982,-3.8028263777469435,-1.503655500683465,-2.082351474215227,2.9186427500416556,4.705148544387039,66.61406566489234,59.85988212305591,11.959790826625612,12.230929708460463,263.85357142857123,1.1389838054907524,23869.6,21964.6,26277.35,21281.45,-11.841566976883126,8.853954970173554
2025-04-02,23192.6,23350.0,23158.45,23332.35,0,22927.8975,23001.619,23466.045500000004,24081.144,1.764019138693373,1.437859656748509,-0.5697402231662989,-3.1094619092847156,0.7193825353863481,-1.4208668428491,2.1811485353174787,5.484124723657624,68.52727636048748,70.867243792442,12.038752784738735,12.261416017043288,262.7214285714285,1.1259964322986262,23869.6,21964.6,26277.35,21281.45,-11.207370606244542,9.637031311306316
2025-04-03,23150.3,23306.5,23145.8,23250.1,0,22986.269999999997,23006.127999999997,23456.553,24080.0665,1.1477721265781782,1.0604652812502895,-0.8801506342385487,-3.4466952157295836,-0.3525148559832214,-1.0080108656546072,1.495136985105372,5.286729627105435,66.89786717530774,69.03383268809961,12.146221308173876,11.882163601604619,258.3428571428568,1.1111472946045686,23869.6,22067.8,26277.35,21281.45,-11.52037781587565,9.25054448827499
2025-04-04,23190.4,23214.7,22857.45,22904.45,0,23014.6275,23001.11,23444.1155,24076.799250000004,-0.4787281480006486,-0.4202405883889945,-2.3019230561289428,-4.869207230691193,-1.4866602724289302,-2.914129607768756,-1.2341180605114577,2.539026650490439,59.83366613031425,62.5293489861259,13.146899386709663,12.285394781957372,273.4821428571423,1.1940131409273846,23869.6,22245.85,26277.35,21281.45,-12.835769208082237,7.626360045955514
2025-04-07,21758.4,22254.0,21743.65,22161.6,0,22995.472499999996,22980.235,23424.3185,24070.02725,-3.6262464274217363,-3.562343901182917,-5.390630681528697,-7.928645988549933,-3.243256223135693,-5.772906138987688,-5.091133342469522,-1.6992907423917902,44.59343705711036,47.66833877431855,17.42468100449852,14.24380069385066,340.4071428571424,1.536022411997069,23869.6,21743.65,26277.35,21281.45,-15.662728547589463,4.135761426030641
2025-04-08,22446.75,22697.2,22270.85,22535.85,0,22994.64,22969.108000000004,23410.8425,24064.871499999997,-1.9952040997380298,-1.8862639332794517,-3.7375523755712776,-6.353748865852032,1.68873186051548,-2.718890428521492,-4.744625047816098,-0.0738277352843375,45.42135219305647,49.8875347879681,18.52345275084162,14.758491688399944,353.7321428571426,1.5696418943911261,23869.6,21743.65,26277.35,21281.45,-14.238498174283176,5.894335207422416
2025-04-09,22460.3,22468.7,22353.25,22399.15,0,22991.582499999997,22960.507999999998,23399.2435,24059.361749999996,-2.576736507806696,-2.444884930246302,-4.27404202191408,-6.900481264844838,-0.6065890569914023,-3.999597125878862,-5.363635019318802,-0.27225816217948395,42.34849738905364,48.11305663906288,18.5949078708338,14.602964271831365,357.2928571428568,1.5951179269876614,23869.6,21743.65,26277.35,21281.45,-14.758718059469455,5.251991758080397
2025-04-11,22695.4,22923.9,22695.4,22828.55,0,23008.115,22957.933999999997,23392.201999999997,24055.81525,-0.7804420309964649,-0.5635698752335389,-2.4095722155614006,-5.101740420125651,1.91703703042303,-1.8131104812452392,-2.8028449962425706,1.4696927268767146,44.78076623713566,54.18404099394407,19.81007856671226,15.192449577099893,372.69642857142804,1.632589141979793,23869.6,21743.65,26277.35,21281.45,-13.124611119462196,7.269711415340582
2025-04-15,23368.35,23368.35,23207.0,23328.55,0,23051.0175,22961.243000000002,23390.949500000002,24053.8515,1.203992405107486,1.5996825607394034,-0.2667677085960241,-3.0153237621842033,2.1902398531663314,1.8516052557472351,-1.1164825289982416,3.8185621147726945,49.71319060682826,58.540422163045804,21.151619216905683,15.851315937747604,391.97499999999934,1.6802373057905415,23869.6,21743.65,26277.35,21281.45,-11.221831729607436,9.619175385135874
2025-04-16,23344.1,23452.2,23273.05,23437.2,0,23103.0175,22964.997000000003,23390.1365,24051.6935,1.4464885376985883,2.056185768280299,0.2012108822024198,-2.554886623679952,0.46573833350123106,5.755902100931354,-0.3492868637951174,4.643437572553721,46.93685333185593,59.77590356572215,21.078967079533378,15.863325132384581,379.17499999999956,1.617834041609064,23869.6,21743.65,26277.35,21281.45,-10.808357768191991,10.129713905772398
2025-04-17,23401.85,23872.35,23298.55,23851.65,0,23170.1625,22971.861999999997,23395.154,24050.729250000004,2.9412288325556757,3.829850623340869,1.951241697319038,-0.8277472501171766,1.7683426347857356,5.838697009431648,2.961058806770356,5.966124285000274,52.279521674140504,63.75899876074886,21.76000388772527,16.16057466256418,401.0035714285711,1.6812403813931995,23872.35,21743.65,26277.35,21281.45,-9.231143931941377,12.077184590335719
2025-04-21,23949.15,24189.55,23903.65,24125.55,0,23234.725,22984.73,23397.337000000003,24051.304,3.834024289075945,4.963382210711197,3.1123755665014183,0.3086984389702911,1.1483482274811108,7.707435326786949,3.399571839098936,5.6548700857919965,57.777453057645964,64.83901758508021,21.576579794878967,16.348606639085915,404.7964285714282,1.6778744052319148,24189.55,21743.65,26277.35,21281.45,-8.188801382178946,13.36422095298957
2025-04-22,24185.4,24242.6,24072.0,24167.25,0,23297.707499999997,23000.854,23396.790500000003,24051.4305,3.7323092840787155,5.0710986644235065,3.2930136293693666,0.48154931990428357,0.172845800406618,5.864148182867512,3.944714216282952,5.498830082592687,57.1152942340515,62.9063023460723,21.579639754725903,16.297060390937034,400.2499999999995,1.6561669201088227,24242.6,21743.65,26277.35,21281.45,-8.030109581065057,13.560166248070498
2025-04-23,24357.6,24359.3,24119.95,24328.95,0,23354.6225,23012.647999999997,23398.135,24052.456000000002,4.1718828895650075,5.7199067225988225,3.9781589430097846,1.1495458093759687,0.669087297892812,4.288307674501857,6.219315460532782,4.908443704682708,59.79718282588707,63.530610107856496,21.33814003453317,15.969918318597376,403.13214285714224,1.6570059244527293,24359.3,21743.65,26277.35,21281.45,-7.414750726386024,14.3199828959023
2025-04-24,24277.9,24347.85,24216.15,24246.7,0,23399.4375,23023.656000000003,23397.853,24052.257,3.6208669546009418,5.312118978845053,3.627884148173773,0.8084189354870076,-0.3380745983694311,3.4539108767258853,9.408616706375007,3.838478141702062,64.00113977826135,60.45273232968098,21.368395734175298,15.985699408500697,381.91428571428486,1.575118617025347,24359.3,21743.65,26277.35,21281.45,-7.727757936017133,13.933496072870973
2025-04-25,24289.0,24365.45,23847.85,24039.35,0,23418.4875,23032.376,23399.105,24050.943,2.651163957535683,4.371993579819982,2.736194397178862,-0.04820185221012231,-0.8551679197581596,0.786947653516612,6.671592152059946,1.6104250719090718,59.06154674322627,56.755537687653785,21.247926912682686,16.08517015345761,405.2035714285708,1.6855845579375934,24365.45,21743.65,26277.35,21281.45,-8.51684054898991,12.959173364596857
2025-04-28,24070.25,24355.1,24054.05,24328.5,0,23451.48,23047.746999999996,23401.078999999998,24050.96625,3.739721331020475,5.556955306737811,3.9631548613634533,1.1539401249627494,1.2028195437896683,0.8412243451444645,8.613496494286599,2.7878649606124517,63.12560856864656,56.59551015185962,21.61080328879124,16.285191173534074,414.4321428571423,1.70348415585483,24365.45,21743.65,26277.35,21281.45,-7.416463227836896,14.317868378329479
2025-04-29,24370.7,24457.65,24290.75,24335.95,0,23493.935,23066.834,23401.678,24051.043250000002,3.583967521830631,5.5019080641929525,3.992329097084409,1.1845920654606041,0.030622520911682827,0.6980521159834163,6.6031351093258195,3.615214471076378,68.98641837763275,56.571147218119144,21.346872939190522,16.175264132903497,398.30714285714254,1.6367026676876906,24457.65,21743.65,26277.35,21281.45,-7.388111814928057,14.352875391479433
2025-04-30,24342.05,24396.15,24198.75,24334.2,0,23531.0475,23092.082000000002,23400.448500000002,24050.548250000003,3.4131608463244154,5.378977954434765,3.9903145446122474,1.1793982700581356,-0.007191007542339811,0.021579229683155177,4.310812287947607,3.146200292896517,85.86687357612179,58.65093058632555,21.3341109493124,15.8517571378453,329.49285714285696,1.3540320090360765,24457.65,21743.65,26277.35,21281.45,-7.39477154279255,14.34465226758515
2025-05-02,24311.9,24589.15,24238.5,24346.7,0,23572.415,23118.111,23399.241,24050.659499999998,3.2847079944927144,5.314400471561019,4.049101421708503,1.2309038760454898,0.05136803346730279,0.41242725814234493,3.88058300479579,3.5177417743262662,83.94983033052742,57.85404331040512,21.266856970560337,15.84392432345742,316.2821428571427,1.2990760261437595,24589.15,21743.65,26277.35,21281.45,-7.3472020580461805,14.403388866830033
2025-05-05,24419.5,24526.4,24400.65,24461.15,0,23637.1875,23146.706000000002,23396.768500000002,24051.385499999997,3.48587368949881,5.678751870784549,4.549267134903691,1.7037043458473726,0.47008424139616256,1.7546231491284203,2.5553787683451734,5.592103843181939,88.98362763262367,59.71588916169769,20.32566100937358,15.858522230672346,316.07499999999993,1.2921510231530404,24589.15,21743.65,26277.35,21281.45,-6.911655855708422,14.941181169516177
2025-05-06,24500.75,24509.65,24331.8,24379.6,0,23689.55,23175.713000000003,23393.786500000002,24050.77275,2.9128877500838946,5.194606094750979,4.213997165443894,1.3672211426138,-0.333385797478869,0.210041720615739,1.0530329878489786,4.4884034398592565,83.7647212486665,63.267826695230156,20.367483132047862,15.840117394195225,291.2964285714287,1.1948367839153584,24589.15,21743.65,26277.35,21281.45,-7.221999174193745,14.55798359604255
2025-05-07,24233.3,24449.6,24220.0,24414.4,0,23747.765000000003,23204.811,23391.740500000004,24049.91125,2.80714837796314,5.2126647357739735,4.371882887466189,1.515551330776742,0.14274229273656402,0.32236259525517674,1.0226649701559065,5.007720396901538,79.64130701826208,62.17770525012662,20.255948325879803,15.840151079281013,269.1392857142858,1.102379274994617,24589.15,21743.65,26277.35,21281.45,-7.089565728659843,14.721506288340318
2025-05-08,24431.5,24447.25,24150.2,24273.8,0,23816.232500000002,23231.381,23388.377999999997,24048.215249999997,1.9212421612024375,4.487115940287829,3.7857349492128205,0.9380519412973977,-0.5758896389016388,-0.24821033771400547,-0.2266846699097269,5.978532555900706,72.44580382056216,61.3716647041834,19.461267456933232,15.913677609043805,277.5607142857142,1.1434580258785778,24589.15,21743.65,26277.35,21281.45,-7.624627293087009,14.060837020033873
2025-05-09,23935.75,24164.25,23935.75,24008.0,0,23908.5525,23252.882999999998,23382.04,24044.251,0.4159494808395381,3.247412374628996,2.6770974645497105,-0.15076784883006006,-1.0950077861727414,-1.391153626569519,-0.9844638651857807,8.331528409501132,54.55844193708264,62.48006785411362,15.332810518131545,16.14137474023865,260.7214285714285,1.0859772932831908,24589.15,22270.85,26277.35,21281.45,-8.636144816733799,12.8118619736907
2025-05-12,24420.1,24944.8,24378.85,24924.7,0,24027.995000000003,23293.113999999998,23385.8,24046.22,3.7319177068248846,7.004585131897792,6.580489014701235,3.6532976908636763,3.8183105631456105,1.8950458175515106,3.6829198792812656,10.600221424973988,66.94730145265606,80.0657221823246,19.09807144187889,18.16680046508254,303.5,1.217667614855946,24944.8,22353.25,26277.35,21281.45,-5.1475890833740765,17.119369215913387
2025-05-13,24864.05,24973.8,24547.5,24578.35,0,24136.955,23328.763000000003,23383.900500000003,24046.565499999997,1.8287103737816008,5.3564220271773335,5.107999411817524,2.211477975929667,-1.3895854313191403,0.8152307667065983,1.0269848120517011,9.728940607121238,57.720477764423,72.36052723769481,19.89196885443559,18.44223403750502,321.7642857142858,1.3091370483140072,24973.8,22695.4,26277.35,21281.45,-6.465644366726478,15.491895524036181
2025-05-14,24613.8,24767.55,24535.55,24666.9,0,24228.872499999998,23371.034,23383.887000000002,24047.50475,1.8078740560461648,5.544752534269565,5.486739651111036,2.5757152621001205,0.3602764221357635,1.034225702863889,1.3599222549355972,8.052854868136627,56.52602104856615,75.09100364014552,19.146305548078477,18.233169452819002,321.23928571428587,1.302309109431205,24973.8,23207.0,26277.35,21281.45,-6.128662136783189,15.90798559308694
2025-05-15,24694.45,25116.25,24494.45,25062.1,0,24315.55,23421.325,23391.148,24050.74775,3.0702575101118392,7.0054747116142995,7.14352284034968,4.2050761186832535,1.6021470067175025,3.2475343786304567,2.9912633248678766,7.431023359788758,64.0479636138101,74.90105577667025,18.518380787788015,18.500355400140652,356.2464285714289,1.4214548205115651,25116.25,23273.05,26277.35,21281.45,-4.624705307041997,17.765001914813126
2025-05-16,25064.65,25070.0,24953.05,25019.8,0,24394.68,23470.82,23399.3575,24053.81625,2.5625259277842503,6.599598991428504,6.925158094618629,4.0159272024038986,-0.16878074862042292,4.2144285238253865,2.764645722007497,6.752513098834334,67.91005242679422,70.9981003935785,18.609537655904216,18.513794370291368,327.62857142857166,1.3094771797878946,25116.25,23298.55,26277.35,21281.45,-4.785680443423707,17.566237262968446
2025-05-19,25005.35,25062.95,24916.65,24945.45,0,24449.370000000003,23527.235,23409.295,24054.36925,2.0290093364368817,6.027971412705319,6.562158322153669,3.7044444638680396,-0.29716464560067823,0.0832507512628089,1.9798742086941878,4.585846262208282,62.22966677899575,68.88688530748706,17.929467025323248,17.933629990718416,315.52500000000015,1.264859924354943,25116.25,23847.85,26277.35,21281.45,-5.068623738695104,17.216871970659895
2025-05-20,24996.2,25010.35,24669.7,24683.9,0,24477.2875,23578.527,23420.259,24053.60825,0.8440988406088825,4.688049427345497,5.395503952368774,2.620362581152457,-1.0484878003804265,0.42944298539162595,1.2481747034405855,2.3143513826627826,56.266095193502494,60.83672964491722,18.132379809864226,18.15914328505808,327.9357142857142,1.3285409286446397,25116.25,23847.85,26277.35,21281.45,-6.063967637528127,15.98786736805998
2025-05-21,24744.25,24946.2,24685.35,24813.45,0,24509.5975,23633.142999999996,23430.859,24053.389000000003,1.239728640994618,4.9942870484895066,5.9007269003667355,3.159891522978312,0.5248360267218644,0.5941160016053937,1.6344862048627062,2.6738664928777522,58.250839287251424,59.30701374607641,18.188796607597297,18.148703365372583,332.5714285714283,1.3402869353976505,25116.25,23847.85,26277.35,21281.45,-5.570957497616761,16.596613482633938
2025-05-22,24733.95,24737.5,24462.4,24609.7,0,24523.635000000002,23678.591,23439.679500000002,24051.681750000003,0.35094715771132085,3.9322821193203614,4.991623285634083,2.3200799669652925,-0.8211272515510792,-1.8051160916283893,1.383796521352254,1.1539749968658697,54.24810208366983,55.734708954933694,18.380066466785838,18.178935019273258,332.59999999999957,1.351499611941631,25116.25,23847.85,26277.35,21281.45,-6.346340098982576,15.639206914942354
2025-05-23,24639.5,24909.05,24614.05,24853.15,0,24553.9575,23724.76,23450.709,24050.892999999996,1.2185102951326727,4.756170346928707,5.980377821412574,3.3356640853210946,0.9892440785543855,-0.6660724706032739,3.5202849050316676,2.501165107004244,56.07846177701968,56.653297456465445,18.597858213551234,18.191956357042795,341.146428571428,1.3726486524703225,25116.25,23847.85,26277.35,21281.45,-5.41987681406229,16.783160921835684
2025-05-26,24919.35,25079.2,24900.5,25001.15,0,24602.0475,23773.732999999997,23462.586499999998,24052.310250000002,1.6222328649678481,5.162912362143569,6.557518711758416,3.9449006774723396,0.5954979549875894,0.22328721269810892,0.3067238522429516,4.000940125252983,59.44332183715951,59.41849868294569,18.28892619162526,18.209052002513985,344.5892857142849,1.3782937413450376,25116.25,23935.75,26277.35,21281.45,-4.856654114665281,17.478602256895094
2025-05-27,24956.65,25062.9,24704.1,24826.2,0,24626.932500000003,23821.051,23474.399500000003,24056.16325,0.8091446224575395,4.219582922684651,5.758615891324493,3.2009956949390057,-0.699767810680707,0.5764891285412688,1.0084078060569546,2.045748813120407,56.000990935851455,59.903089799257444,18.155257662107054,18.271738570579476,353.81785714285667,1.425179274890465,25116.25,23935.75,26277.35,21281.45,-5.522436623175465,16.656524813863715
2025-05-28,24832.5,24864.25,24737.05,24752.45,0,24647.7575,23866.142000000003,23485.476000000002,24059.96275,0.4247546658149368,3.7136626439245903,5.3947128855297555,2.878172577386896,-0.29706519725128944,-0.24583441641529147,0.3468210435847219,1.7114597950768307,57.1137697852419,55.64160911280557,18.21082254913903,18.30663151949211,341.6857142857139,1.3804116937342117,25116.25,23935.75,26277.35,21281.45,-5.803096583179042,16.309978878318912
2025-05-29,24825.1,24892.6,24677.3,24833.6,0,24672.7275,23913.404,23496.382999999998,24062.64325,0.6520256019525918,3.848034349271229,5.691161060832217,3.2039570299493074,0.32784633440325894,0.9098038578284173,-0.9117352496399,2.052255673085601,62.98276512768901,56.49495569099851,18.225676570993464,18.294102827828002,332.9178571428568,1.3405944250646575,25116.25,23935.75,26277.35,21281.45,-5.494275488205623,16.691296880616676
2025-05-30,24812.6,24863.95,24717.4,24750.7,0,24692.927499999998,23960.474000000002,23502.003500000003,24065.811750000004,0.2339637533864819,3.298039930261808,5.313149153432804,2.845897147018098,-0.333821918690802,-0.412221388435674,-1.0755481658526356,1.6593624597994738,46.29124392531332,55.323091866468985,18.292660125902408,18.29525176020278,276.4714285714282,1.1170246844389378,25116.25,23935.75,26277.35,21281.45,-5.809756311043533,16.301755754424626
2025-06-02,24669.7,24754.4,24526.15,24716.6,0,24705.700000000004,24004.631,23509.122000000003,24067.55725,0.044119373262017175,2.965965192299758,5.136210531384351,2.6967537388946976,-0.13777388114276645,-1.1381476452083317,-0.9174017706635951,1.0443090369831154,53.39922795111997,54.70156083176568,18.25171167586919,18.298830792187026,262.3249999999997,1.061331251062038,25116.25,23935.75,26277.35,21281.45,-5.939525865431636,16.14152231168458
2025-06-03,24786.3,24845.1,24502.15,24542.5,0,24713.845,24038.795,23518.3865,24068.534750000003,-0.6933158316724943,2.0953837328368654,4.354522790073203,1.9692318411697138,-0.7043849073092523,-1.142744358782255,-0.5728430272363805,0.6681815944478142,47.064791656835396,51.018542863939686,18.404142631386065,18.17834726041555,270.2499999999995,1.1011510644799816,25116.25,23935.75,26277.35,21281.45,-6.602073648979058,15.323438957401864
2025-06-04,24560.45,24644.25,24530.45,24620.2,0,24724.135,24073.047,23527.509499999996,24070.94075,-0.4203787109235477,2.272886352940706,4.644310100055446,2.2818354118544333,0.31659366405216716,-0.5342905449763569,-0.7788114913484412,0.8429451471262839,37.73590142095917,53.015339883697635,18.427396366528736,18.17813737095218,233.96428571428518,0.9502940094486853,25116.25,23935.75,26277.35,21281.45,-6.306381731795625,15.688545658308056
2025-06-05,24691.2,24899.85,24613.1,24750.9,0,24747.989999999998,24104.252,23538.129000000004,24073.9765,0.011758530692809771,2.6827134067466645,5.152367887863971,2.8118474735571866,0.5308648995540288,-0.3330165582114408,0.57375750212314,1.9654936598307637,42.886243386243436,54.11822298372293,18.34878380253888,18.030073201183765,246.09285714285656,0.9942784187357088,25116.25,23935.75,26277.35,21281.45,-5.808995199287589,16.30269554001255
2025-06-06,24748.7,25029.5,24671.45,25003.05,0,24797.7425,24137.305,23552.894500000002,24076.286,0.8279281874146366,3.5867508820889444,6.157016072907714,3.849281404947587,1.0187508333030282,1.0195671233540704,0.6031428611664724,4.144660113295573,51.392784601992425,58.68764965868885,18.048997884782185,18.0971249820591,261.2178571428566,1.04474396980711,25116.25,24378.85,26277.35,21281.45,-4.849423552983842,17.487530219980304
2025-06-09,25160.1,25160.1,25077.15,25103.2,0,24806.667500000003,24166.202,23569.611500000003,24078.93875,1.1953741872018782,3.8773076547154552,6.506634612963383,4.2537640908281285,0.4005511327618061,1.5641309888900556,0.4081812236637061,0.7161570650800142,60.997167436005036,63.58337054125119,12.072896787436777,17.906759143529534,248.10357142857097,0.9883344411412528,25160.1,24462.4,26277.35,21281.45,-4.468296841195927,17.958127853130307
2025-06-10,25196.05,25199.3,25055.45,25104.25,0,24832.9625,24194.914,23589.794500000004,24080.965749999996,1.092449199325286,3.758376657176791,6.419960546922086,4.249348886682439,0.004182733675395234,2.288886625241937,1.1199861436707925,2.139687977427296,58.178187749592205,52.88132873304983,10.836764052714226,17.90789601847247,239.64285714285663,0.954590784997985,25199.3,24462.4,26277.35,21743.65,-4.464301004477235,15.455546791821973
2025-06-11,25134.15,25222.4,25081.3,25141.4,0,24856.6875,24228.005,23609.448000000004,24082.82175,1.1454160977805328,3.769996745501746,6.488724344592882,4.3955739945631676,0.14798291126005836,2.1169608695299047,1.5713596027868038,1.9236304521443648,66.49910010550491,60.03099891325656,10.797376471208011,17.790893927956734,224.64642857142826,0.8935318978713527,25222.4,24462.4,26277.35,21743.65,-4.32292449581102,15.626401271175721
2025-06-12,25164.45,25196.2,24825.9,24888.2,0,24847.9925,24253.93,23626.197999999997,24083.20525,0.16181387691581298,2.6151225801344378,5.341536543459105,3.3425565311743615,-1.0071038207896121,0.554727302845559,0.21986341086270844,-0.6938764109950757,51.081089417352935,53.724084544964995,9.910832663138853,17.961481667050602,229.71428571428547,0.9229847305722609,25222.4,24462.4,26277.35,21743.65,-5.2864919788334745,14.461923366132176
2025-06-13,24473.0,24754.35,24473.0,24718.6,0,24832.932500000003,24277.915,23640.266,24082.6825,-0.4604067602567843,1.81516823005599,4.561429215728786,2.640559248331242,-0.6814474329200237,-1.1376612053329516,-0.12969330160359505,-1.2038465535296083,41.399567771588515,43.744536713286706,10.16775900236734,18.02601144796666,243.22499999999985,0.9839756296877649,25222.4,24462.4,26277.35,21743.65,-5.931914747872217,13.68192552768278
2025-06-16,24732.35,24967.1,24703.6,24946.5,0,24832.985,24313.531000000003,23657.699,24082.362,0.4571137944149663,2.6033610667245215,5.447702246951403,3.588260985363475,0.9219777819132302,-0.6242232066031472,0.9301441136726041,0.004209184440440161,53.54741684359516,48.749658842794766,10.695580722997251,17.732335813581805,236.41785714285677,0.9476995055132255,25222.4,24462.4,26277.35,21743.65,-5.0646279019764116,14.730047623099148
2025-06-17,24977.85,24982.05,24813.7,24853.4,0,24841.46,24343.951999999997,23672.785499999998,24081.540250000005,0.04806480778505905,2.092708694134806,4.987222564070474,3.2051926163651254,-0.37319864510051426,-0.9992331975661406,1.266782112661713,0.6866824124226678,52.943234496632584,48.43980406447568,10.065651597996991,17.722924043293347,239.35714285714235,0.9630760493821463,25222.4,24462.4,26277.35,21743.65,-5.418925424367363,14.301876639846576
2025-06-18,24788.35,24947.55,24750.45,24812.05,0,24841.390000000003,24375.191000000003,23690.6595,24080.33875,-0.11810933285135727,1.7922280075671888,4.733471012067003,3.0386252352866103,-0.16637562667483063,-1.3099906926424265,0.7792381865297626,-0.005642101360359142,49.35677402023702,52.34728454986716,9.918505545693506,17.701641648438425,238.05714285714228,0.9594416537816999,25222.4,24462.4,26277.35,21743.65,-5.57628527990836,14.11170617628594
2025-06-19,24803.25,24863.1,24733.4,24793.25,0,24850.5675,24412.966999999997,23707.038500000002,24078.54525,-0.23064865621278471,1.5577090650227117,4.5818101657868295,2.9682223015528764,-0.0757696361243787,-0.3815060952579996,0.17110488911513677,0.7458441183760822,51.32056733186429,49.61435662466589,9.439847627703756,17.315596869470454,236.8535714285707,0.9553147386025257,25222.4,24473.0,26277.35,21743.65,-5.647829784966896,14.025244151740846
2025-06-20,24787.65,25136.2,24783.65,25112.4,0,24863.53,24471.983000000004,23726.109,24077.927750000003,1.0009439528498272,2.616939542659855,5.842892317488725,4.296350835258233,1.287245520454161,1.5931322971365791,0.43734664370946863,1.0431273299360333,60.43721322715051,59.1921445289643,9.886480745596323,15.635940660797504,245.73214285714207,0.9785291045744018,25222.4,24473.0,26277.35,21743.65,-4.433285700422596,15.493028999271049
2025-06-23,24939.75,25057.0,24824.85,24971.9,0,24862.0675,24520.703999999998,23744.906000000003,24076.39375,0.44176736307228043,1.8400613620228996,5.167398851778982,3.719436803113432,-0.5594845574297902,0.10181789028520516,-0.5230408872175629,-0.11699461824755675,61.527516778523484,52.25636056166752,9.897101217517813,15.388417387181185,241.77499999999964,0.9681882435857889,25222.4,24473.0,26277.35,21743.65,-4.967966708971784,14.846863337112213
2025-06-24,25179.9,25317.7,24999.7,25044.35,0,24872.975,24573.608000000004,23767.057999999997,24075.216250000005,0.6890008131315213,1.9156405522542503,5.37421165042809,4.025441516023738,0.29012610173835274,0.7683053425285857,-0.23860501707878568,0.8787087834626339,61.418764302059415,50.845103486051826,9.59321887133032,15.274940602366929,258.3464285714282,1.0315557344128643,25317.7,24473.0,26277.35,21743.65,-4.69225397538184,15.180064064680938
2025-06-25,25150.35,25266.8,25125.05,25244.75,0,24897.59,24621.932,23789.932999999997,24075.446500000005,1.3943518228069458,2.529525302888495,6.115263124112215,4.8568299657495215,0.8001804798287937,1.7439107207989801,0.411074960026081,1.988894028671906,62.81429201587996,58.1071919731923,9.860495560987353,14.839385862197352,253.75357142857112,1.0051736358196106,25317.7,24473.0,26277.35,21743.65,-3.9296199959280464,16.10171245398081
2025-06-26,25268.95,25565.3,25259.9,25549.0,0,24933.36,24666.341,23813.792,24077.466,2.4691417442334265,3.578394541776584,7.286567380785044,6.111664740799549,1.2052010814129765,3.0482086858318214,2.655073488641202,2.8807744346369457,63.793234127485384,64.16416238419544,10.593527598540787,14.31747988168381,251.07499999999968,0.9827194802144886,25565.3,24473.0,26277.35,21743.65,-2.7717787372014246,17.50097154801516
2025-06-27,25576.65,25654.2,25523.55,25637.8,0,24977.715,24710.353,23837.675,24081.39425,2.642695698946037,3.75327297024045,7.551596370031893,6.463104809639492,0.34756741946846414,2.092193498032846,3.7186572055051714,3.5841410545964347,63.584387864003595,64.26139386416031,10.460999224154737,14.308058634398035,249.18928571428555,0.9719604869149676,25654.2,24473.0,26277.35,21743.65,-2.433845117563222,17.909366642674975
2025-06-30,25661.65,25669.35,25473.3,25517.05,0,25017.7375,24743.661,23857.7615,24084.2975,1.995833955808354,3.125604574036151,6.954921147987831,5.948907166588516,-0.47098424981862896,2.1830537524177185,2.287094381977428,3.2385117694181176,59.88789882150039,63.41015276392456,10.659505657707173,13.910153174789267,252.91785714285703,0.991172009079643,25669.35,24473.0,26277.35,21743.65,-2.893366340213147,17.354032096727078
2025-07-01,25551.35,25593.4,25501.8,25541.8,0,25067.7025,24771.986,23878.357999999997,24086.801,1.8912682564347485,3.107599043532474,6.966316528129794,6.040648569313957,0.09699397069802274,1.9862763457626276,2.769842355573071,4.071712335744104,59.648192771084275,64.48735955056179,10.164034207411229,13.716638693469141,249.38214285714275,0.9763687087720629,25669.35,24473.0,26277.35,21743.65,-2.799178760415336,17.467858432231928
2025-07-02,25588.3,25608.1,25378.75,25453.4,0,25109.3625,24797.709,23899.281499999997,24089.47575,1.3701562514779186,2.644159587484483,6.502783357734016,5.661909226065245,-0.3460993352073727,0.8265084819615964,2.5848327727858056,3.3842129633390394,64.79426238090255,66.48807153459074,10.33543476128006,13.755345636457026,239.31428571428555,0.9402055745569768,25669.35,24473.0,26277.35,21743.65,-3.1355901565416495,17.061302955115632
2025-07-03,25505.1,25587.5,25384.35,25405.3,0,25142.0825,24819.236,23915.942000000003,24089.55775,1.046920039340412,2.361329736338373,6.227469526393718,5.461877979059202,-0.18897278948981633,-0.5624486281263441,2.4686154497695956,2.6439442606127406,69.19550511544699,64.36491382149518,10.316588005184494,13.7099597078632,224.16785714285703,0.8823665028275872,25669.35,24473.0,26277.35,21743.65,-3.3186375338456857,16.840088945508217
2025-07-04,25428.85,25470.25,25331.65,25461.0,0,25164.980000000003,24843.521999999997,23933.589,24090.08025,1.1763172472221188,2.4854688477744937,6.381871937384736,5.6908060735912285,0.2192455904870272,-0.6896067525294702,1.3881588378649612,1.8315765476611956,65.91401175378905,63.35929563156108,9.782222463814712,13.677469561427433,215.24642857142837,0.8453966009639385,25669.35,24473.0,26277.35,21743.65,-3.1066679098158625,17.096255688442366
2025-07-07,25450.45,25489.8,25407.25,25461.3,0,25182.885000000002,24871.961,23952.1685,24090.467999999997,1.105572296422738,2.3694914928501216,6.300604890951729,5.690350224827522,0.0011782726522913123,-0.21848136833999554,1.9598028183678284,1.426511361101368,69.94815252346254,59.52366107612691,9.717976282864269,13.503470338465954,209.117857142857,0.8213164965765966,25669.35,24473.0,26277.35,21743.65,-3.105526242181953,17.097635401599995
2025-07-08,25427.85,25548.05,25424.15,25522.5,0,25203.7975,24895.841,23971.793999999998,24090.98775,1.2645019069050978,2.5171232415888247,6.4688775483386936,5.942106919215048,0.2403647889149374,-0.0755624114197051,1.9092130560385945,1.6660525608213739,73.01350782287588,58.857577421944285,9.732067572579936,13.276980576105565,203.8892857142855,0.7988609490225703,25669.35,24473.0,26277.35,21743.65,-2.872626044863727,17.37909688575744
2025-07-09,25514.6,25548.7,25424.35,25476.1,0,25220.532499999998,24918.644000000004,23992.738999999998,24091.4805,1.0133311023468716,2.2371040735603214,6.182541309685405,5.747340849392784,-0.18180037222059742,0.08918258464487572,0.9164281682329856,1.3312703349853017,71.73089775005562,57.707534459529434,9.773818752941558,13.291185349478729,203.507142857143,0.7988159210285053,25669.35,24473.0,26277.35,21743.65,-3.0492039722422546,17.165701250709965
2025-07-10,25511.65,25524.05,25340.45,25355.25,0,25243.885000000002,24939.065,24015.573500000002,24091.177750000003,0.44115634340751414,1.668807551526095,5.578365638447059,5.247033844163129,-0.4743661706462121,-0.19700613651482124,-0.7583467063290161,1.8765921199604518,58.84473904650904,54.283939982772054,9.160319104668371,13.350907043449201,191.43928571428583,0.755028192245337,25669.35,24473.0,26277.35,21743.65,-3.5091057507701446,16.609906800376194
2025-07-11,25255.5,25322.45,25129.0,25149.85,0,25265.447500000002,24955.127999999997,24036.6195,24087.972250000003,-0.45753197128213735,0.7802885242664417,4.631393778147538,4.408331838725013,-0.8100886404196372,-1.2220651192019205,-1.9032444281490646,1.7446376412903586,56.18848895844191,55.34383105610353,9.314937107232058,13.50151410522365,187.06071428571417,0.7437846121774649,25669.35,24703.6,26277.35,21743.65,-4.290767524122486,15.665263191782413
2025-07-14,25149.5,25151.1,25001.95,25082.3,0,25272.2375,24967.551,24057.128500000003,24083.6885,-0.7515658239599877,0.4595925327237733,4.261404265267971,4.1464225880516565,-0.268590071113739,-1.4885335784111553,-1.7037627782208409,0.5443649409736739,51.32428377010855,57.75116150206727,8.848413524195644,13.490341228484759,173.0142857142855,0.6897863661398097,25669.35,24733.4,26277.35,21743.65,-4.547833019691861,15.35459777912171
2025-07-15,25089.5,25245.2,25088.45,25195.8,0,25289.357500000002,24983.875,24079.794000000005,24079.9655,-0.36994810959512364,0.8482471193920048,4.634616060253646,4.633870841716949,0.45251033597397683,-1.2800470173376488,-1.3546421943637532,1.377678707943364,48.181581782384164,55.58542814894473,8.836516942922138,13.48975268497783,168.76071428571413,0.6697970069841566,25669.35,24733.4,26277.35,21743.65,-4.11590209819483,15.87658925709344
2025-07-16,25196.6,25255.3,25121.05,25212.05,0,25309.3575,24999.828,24102.3195,24076.005,-0.38447242289733746,0.8488938403896135,4.604247736405609,4.718577687618848,0.06449487613013893,-1.0364616248169867,-0.9482033834379733,1.612119917540067,34.07533437308,58.32192495997395,8.792531807850125,13.488708091868187,155.45357142857134,0.6165844166919047,25669.35,24733.4,26277.35,21743.65,-4.0540617680245505,15.951323719798644
2025-07-17,25230.75,25238.35,25101.0,25111.45,0,25325.267499999998,25016.581000000002,24123.981,24070.481999999996,-0.8442852577963782,0.37922448315378815,4.093308645865709,4.324666203194454,-0.39901555010400935,-0.9615365654055852,-1.1566484158817225,1.2834138323938982,25.398457583547625,56.76121223070326,8.942775100412376,13.45109039019636,155.93214285714254,0.6209603302761988,25669.35,24783.65,26277.35,21743.65,-4.4369009812633236,15.488659907605204
2025-07-18,25108.55,25144.6,24918.65,24968.4,0,25318.0675,25035.789,24144.336,24064.429249999997,-1.3810986956251678,-0.26917066604131873,3.413073774321241,3.756460378132609,-0.5696604536974181,-0.7214754759968578,-1.9347236950630342,-0.573421895159365,24.879813195366594,53.74516218701224,7.951688168699567,13.267263414648859,158.06785714285667,0.6330716311131537,25669.35,24824.85,26277.35,21743.65,-4.981286164700768,14.830766683606477
2025-07-21,24999.0,25111.4,24882.3,25090.7,0,25324.0075,25039.109,24166.1115,24060.8285,-0.9212898077051943,0.20604167664272857,3.8259713400726536,4.280282784111117,0.48981913138206323,0.033489751737292295,-1.4555423328738049,0.4757347258318223,31.03984532616009,49.49334578566424,7.892829128990508,10.194954163726148,167.88928571428525,0.6691295408828182,25669.35,24882.3,26277.35,21743.65,-4.515866325942295,15.393229747535484
2025-07-22,25166.65,25182.0,25035.55,25060.9,0,25324.835,25048.76,24188.761500000004,24057.148499999996,-1.0421983006009623,0.04846547294158696,3.605552520743971,4.17236273866791,-0.11876910568456855,-0.5354066947665825,-1.8086002546772395,0.0660827691675081,32.64809902740937,52.19125467795943,7.843895616340651,9.680547936228026,161.96785714285684,0.6462970489601604,25669.35,24882.3,26277.35,21743.65,-4.629271977577637,15.256178240543791
2025-07-23,25139.35,25233.5,25085.5,25219.9,0,25323.592500000002,25059.82,24215.427000000003,24056.9975,-0.4094699438873099,0.638791499699526,4.148070566750683,4.833946962832748,0.6344544689137255,0.03113590525165577,-1.005648431274786,-0.09843630853939578,42.535630888155325,54.145512078777784,7.64033334741289,9.746440046101277,159.78571428571377,0.6335699756371507,25669.35,24882.3,26277.35,21743.65,-4.0241881316038235,15.987426214090089
2025-07-24,25243.3,25246.25,25018.7,25062.1,0,25299.2475,25059.82,24240.5725,24057.235,-0.93736977750031,0.009098229755835581,3.389059808715327,4.176976281771359,-0.625696374688256,-0.19652389646954704,-1.156170812750812,-1.9057497358017983,35.159970238095184,45.598264851186855,6.472516033288793,9.184415061326314,166.13928571428525,0.6629104732416089,25669.35,24882.3,26277.35,21743.65,-4.624705307041997,15.261697093174314
2025-07-25,25010.35,25010.35,24806.35,24837.0,0,25259.2075,25056.164,24263.492000000002,24057.44125,-1.6714993928451654,-0.8746909542897335,2.363666367561594,3.240405918064957,-0.8981689483323341,-0.5262651992118061,-1.2439438008576498,-3.123512937927586,30.102626211116785,32.160753658047696,6.841789830593836,9.397517064582477,178.51071428571387,0.7187289700274344,25669.35,24806.35,26277.35,21743.65,-5.481336588354605,14.226452320562547
2025-07-28,24782.45,24889.2,24646.6,24680.9,0,25217.4,25050.873,24289.054,24055.78,-2.127499266379563,-1.4768866538104208,1.6132616774617956,2.5986270243575667,-0.6284978056931179,-1.6332744801858867,-1.6003317080171997,-3.276828630268769,24.706978421590435,26.80692229385818,6.959300206062056,9.478144928394777,186.98928571428561,0.7576275002705963,25608.1,24646.6,26277.35,21743.65,-6.075384313867255,13.508541574206722
2025-07-29,24609.65,24847.15,24598.6,24821.1,0,25181.364999999998,25053.617000000002,24316.072,24054.975749999998,-1.4306809817497956,-0.9280775705959081,2.076930846396566,3.1848888893600353,0.5680505978306938,-0.9568690669529145,-1.4871526206748809,-2.821649218144373,31.36557610241813,33.28931255552615,7.382960748358483,9.26810486900267,195.86071428571424,0.7890895821930304,25608.1,24598.6,26277.35,21743.65,-5.541844972951991,14.153327523207912
2025-07-30,24890.4,24902.3,24771.95,24855.05,0,25151.447500000002,25054.449000000004,24343.796000000002,24054.25875,-1.1784510613156667,-0.7958626429980754,2.100140832596515,3.3291038328088094,0.13677878901419138,-1.4466750462928224,-1.4159895764128683,-2.3507664987781673,35.02933077936065,33.58274963543779,7.404830343748863,9.198520980861975,192.0571428571428,0.7727087366838642,25587.5,24598.6,26277.35,21743.65,-5.41264625238085,14.309465062213555
2025-07-31,24642.25,24956.5,24635.0,24768.35,0,25119.6,25057.621999999996,24368.106499999998,24053.27925,-1.3983104826509976,-1.1544271838724252,1.6424891281561025,2.972861798043603,-0.3488224726966971,-1.1720885320863017,-1.3663089945025186,-2.5071540190432784,37.70861524582765,33.61006770820863,7.446818145429089,9.040120701194693,198.86071428571424,0.8028823651382279,25548.7,24598.6,26277.35,21743.65,-5.742588198581668,13.910727959657173
2025-08-01,24734.9,24784.15,24535.05,24565.35,0,25074.817499999997,25051.866,24388.313000000002,24050.46625,-2.031789463672064,-1.9420349765562501,0.7259091680510932,2.1408472694370206,-0.8195943613522938,-1.0937311269477057,-1.6142403998654409,-3.5177330034170007,34.68160132752534,31.290789620224928,7.716462585454872,8.948615095346108,206.00000000000026,0.8385795439511355,25548.7,24535.05,26277.35,21743.65,-6.515116630862701,12.977122056324475
2025-08-04,24596.05,24736.25,24554.0,24722.75,0,25037.89,25046.298000000003,24410.0155,24048.79325,-1.2586523864431045,-1.291799690317517,1.281172885777146,2.80245558683075,0.6407399039704442,0.16956431896728574,-1.4664796119677859,-2.900676713286432,36.33790613718411,34.26878902171363,8.230042473843552,8.965224812293817,207.382142857143,0.8388312095423973,25548.7,24535.05,26277.35,21743.65,-5.916121678936418,13.701011559696733
2025-08-05,24720.25,24733.1,24590.3,24649.55,0,24994.2425,25042.765,24431.908,24047.184500000003,-1.3790876038751765,-1.5701740602525327,0.8908104925738908,2.5049315024800354,-0.296083566755323,-0.691145839628382,-1.6414015458343534,-3.420315407973362,34.27189352421428,33.22379978093289,8.11569863641478,8.853107732393484,207.99285714285725,0.8437998143692572,25548.7,24535.05,26277.35,21743.65,-6.194688581611157,13.364361549233902
2025-08-06,24641.35,24671.4,24539.2,24574.2,0,24949.1475,25039.2,24452.671000000002,24046.30625,-1.5028469409626055,-1.857088085881338,0.49699683114371684,2.1953215787559857,-0.3056850936426825,-1.1299514585567105,-2.560279779063357,-3.540180796903758,34.7627556084971,30.515718101499886,8.1294603737887,8.854552395869536,207.62500000000026,0.8448901693646192,25524.05,24535.05,26277.35,21743.65,-6.481437435662264,13.017823594474704
2025-08-07,24464.2,24634.2,24344.15,24596.15,0,24911.1925,25034.451,24473.9275,24045.01675,-1.2646624604582841,-1.7507913395025099,0.49939879898720735,2.292089274589516,0.08932132073475874,-0.6952421134229669,-1.8591817924276,-2.993857287938395,38.66370253068184,31.736576658848946,8.10384902090686,8.823478987596932,212.20357142857185,0.8627511680835084,25322.45,24344.15,26277.35,21743.65,-6.397905420447637,13.118772607174966
2025-08-08,24544.25,24585.5,24337.5,24363.3,0,24871.864999999998,25026.702999999998,24493.5885,24042.92775,-2.044740110964734,-2.650780648174066,-0.5319289984805712,1.3325009887782922,-0.9466928767307148,-0.8224999847345926,-1.907235173330113,-3.127454040481348,29.24560602602142,30.326649610281407,8.264207801235187,9.040996860008802,214.3142857142861,0.8796603321975516,25255.3,24337.5,26277.35,21743.65,-7.284029782303008,12.047885244657625
2025-08-11,24371.5,24600.85,24347.45,24585.05,0,24847.0025,25024.072,24514.351500000004,24043.4925,-1.054261977878416,-1.7543987245561028,0.28839637059130424,2.252407798076752,0.9101804763722576,-0.5569768735274261,-0.388356988602534,-1.9824736965908252,37.76326278704962,38.870497359501854,9.07357821884087,9.279680062833298,221.9535714285716,0.9027989425629462,25255.3,24337.5,26277.35,21743.65,-6.440147122902422,13.067723220342481
2025-08-12,24563.35,24702.6,24465.65,24487.4,0,24811.5825,25022.97,24530.8825,24043.752,-1.3065772809936609,-2.140313479974598,-0.1772561586400255,1.8451695891722766,-0.3971926028216277,-0.6578213395376342,-1.3444206743456033,-2.8115797077290616,30.54965480616039,38.414800389483965,8.888593205385224,9.186450333321032,226.55000000000004,0.925169679100272,25255.3,24337.5,26277.35,21743.65,-6.811759937741048,12.61862658753245
2025-08-13,24586.2,24664.55,24535.25,24619.35,0,24781.947500000002,25022.953,24548.0,24044.851749999998,-0.6561126804098163,-1.6129311356657337,0.29065504318070123,2.3892775716531527,0.5388485506832019,0.18372927704664033,-0.948298233155842,-2.350860005433908,38.07985353902481,38.85419284982304,9.188469413775291,9.239594684642677,222.94999999999996,0.9055884903541318,25246.25,24337.5,26277.35,21743.65,-6.309616456758388,13.22547042469869
2025-08-14,24607.25,24673.65,24596.9,24631.3,0,24757.94,25020.561,24562.406499999997,24047.104250000004,-0.5115126702787043,-1.5557644770634929,0.28048351044105535,2.4293808681766547,0.04853905566151173,0.1429085446299494,-0.553327129178971,-1.9120759653464936,43.74391727493913,38.752348304378955,9.14369227531447,9.160613196033268,210.16428571428565,0.8532407372501072,25246.25,24337.5,26277.35,21743.65,-6.264140029340856,13.280428998811136
2025-08-18,24938.2,25022.0,24852.85,24876.95,0,24753.3675,25018.039,24577.672000000002,24049.79325,0.49925530334408214,-0.5639490769040688,1.2176824558485377,3.439350772797192,0.9973083028504526,2.1082940324176125,1.268453329588226,-0.36626295637686157,55.65458163883359,45.69993031870026,9.73711762954707,9.148370732828571,220.742857142857,0.8873389106898434,25246.25,24337.5,26277.35,21743.65,-5.329304515105206,14.410184122720882
2025-08-19,24891.35,25012.65,24873.95,24980.65,0,24747.865,25015.588,24590.895,24052.362250000002,0.9406265954659112,-0.13966491613148685,1.5849565459085608,3.859445240144757,0.41685174428538474,1.609107974155033,1.0431687413414936,-0.4386087275364936,54.7008043369377,50.227919697843596,9.690119897442944,9.152191369834258,212.89642857142826,0.8522453521883068,25246.25,24337.5,26277.35,21743.65,-4.934668069649327,14.887104970876555
2025-08-20,24965.8,25088.7,24929.7,25050.55,0,24747.3475,25014.514,24604.714,24055.910750000003,1.2251919119816757,0.14406036431489358,1.8119942381772831,4.134697955678092,0.2798165780313777,2.299754159281897,1.6268045461276248,-0.04129939467457655,55.64050778995961,49.23812596064438,9.73951175028007,9.17499371180028,214.94285714285692,0.8580364788112714,25246.25,24337.5,26277.35,21743.65,-4.668659510947639,15.20857813660539
2025-08-21,25142.0,25153.65,25054.9,25083.75,0,24740.54,25013.361,24620.682999999997,24060.30275,1.387237303632011,0.2814056055881463,1.8808048501335353,4.253675694084943,0.1325320202550495,1.8863211254561918,2.073516126669439,-0.5398514665006626,59.389699315272445,50.43303579888943,9.46474741094586,9.173754633866572,199.3428571428571,0.7947091529091825,25246.25,24337.5,26277.35,21743.65,-4.5423149594612795,15.361266392716946
2025-08-22,25064.15,25084.85,24859.15,24870.1,0,24730.94,25012.999000000003,24633.464500000002,24063.131500000003,0.5626959589890229,-0.5712989473993297,0.9606261433506305,3.3535473136569744,-0.85174664872677,0.96949815884666,1.113792199185637,-0.7660970150146995,59.01547199952666,43.50538432974373,9.686330218171216,9.092570170462835,197.67142857142815,0.7948155760187059,25153.65,24337.5,26277.35,21743.65,-5.355372592746225,14.378680672288215
2025-08-25,24949.15,25021.55,24894.35,24967.75,0,24737.4775,25017.982000000004,24647.948500000002,24067.9935,0.9308649194324649,-0.20078358038631414,1.2974771510902734,3.7383943119313185,0.3926401582623473,0.36499651283616874,2.4809857449524575,0.5264323388493031,57.51349362119725,48.20821543194639,9.236941428751159,8.997731427353914,195.47142857142822,0.7828956496737921,25153.65,24337.5,26277.35,21743.65,-4.983759777907585,14.827777305098264
2025-08-26,24899.5,24919.65,24689.6,24712.05,0,24739.034999999996,25013.292999999998,24663.411999999997,24070.487250000002,-0.10907862816798208,-1.2043316327842104,0.19720710175868067,2.6653500751215464,-1.024121116239951,-1.0752322297458372,0.5165740968596788,0.12621095665068527,51.723757515582776,47.65435806942123,9.704708130703423,9.05676183824714,205.1392857142855,0.8301184471311993,25153.65,24337.5,26277.35,21743.65,-5.956841157879312,13.651801790407763
2025-08-28,24695.8,24702.65,24481.6,24500.9,0,24723.025,25006.243000000002,24675.0975,24070.5715,-0.8984539715508114,-2.0208673490056093,-0.7059647889942416,1.78777849125852,-0.8544414566982406,-2.194163401601956,0.0551303935901748,-1.2900314651647093,48.11925899317496,46.68935074489609,9.927121832301898,9.217043707781475,212.15714285714265,0.8659157127172579,25153.65,24337.5,26277.35,21743.65,-6.760384894214969,12.680713679626004
2025-08-29,24466.7,24572.45,24404.7,24426.85,0,24701.614999999998,24998.539,24686.865,24071.709000000003,-1.1123361772094635,-2.286889645830911,-1.0532524077075118,1.4753460171855515,-0.30223379549323415,-2.618826929785223,-0.7819052899446954,-1.722788729051039,45.76919232307071,42.567911474729975,9.932229916412966,9.232648743020436,203.4214285714284,0.8327779823081093,25153.65,24337.5,26277.35,21743.65,-7.04218652185247,12.340154481883202
2025-09-01,24432.7,24635.6,24432.7,24625.05,0,24694.45,24995.175,24704.071,24074.09325,-0.2810348074162472,-1.48078579165779,-0.31987035659021806,2.288587753974898,0.8114022069976246,-0.9853197212717268,-0.02537421898154424,-0.5785609457230723,56.65640973476082,45.91706312575447,10.367764384512707,9.42271925137026,199.8571428571426,0.8116009626666448,25153.65,24337.5,26277.35,21743.65,-6.2879247717140405,13.25168497469375
2025-09-02,24653.0,24756.1,24522.35,24579.6,0,24695.1625,24984.519,24728.251,24076.284750000003,-0.4679560217512236,-1.6206795896290889,-0.6011383498169832,2.0905021485924897,-0.1845681531611132,-1.5546054410189192,-1.1952831838308198,0.05800853641408921,49.84775260496688,46.59952798746105,9.960928067137594,8.94641413296667,198.45357142857134,0.8073913791460046,25153.65,24337.5,26277.35,21743.65,-6.460887418251842,13.042658431312116
2025-09-03,24616.5,24737.05,24533.2,24715.05,0,24694.7775,24979.382,24750.042999999998,24080.442750000002,0.08209225614605811,-1.0582007192972274,-0.14138561294620205,2.6353637123220968,0.5510667382707668,0.012139826521884167,-1.0632229345513555,-0.031145402513876874,56.22794298689567,52.76423664967872,9.889824520104563,8.963003699621922,196.08928571428572,0.793400319701096,25153.65,24337.5,26277.35,21743.65,-5.945424481540183,13.66559892198411
2025-09-04,24980.75,24980.75,24708.2,24734.3,0,24699.015,24973.180999999997,24773.3945,24086.319000000003,0.14285994805865682,-0.9565501487375502,-0.15780841014742347,2.690245030799418,0.07788776474253467,0.9526180670913931,-1.2624473314957196,0.34381966405065967,53.35140966208928,50.22473877765452,9.830095387310996,8.937974344051785,202.90357142857152,0.8203327825269829,25153.65,24337.5,26277.35,21743.65,-5.872167475030775,13.754130516265658
2025-09-05,24818.85,24832.35,24621.6,24741.0,0,24707.355,24963.105999999996,24792.519,24092.360500000003,0.13617402591252864,-0.8897370383316731,-0.2078005869431833,2.692303645381686,0.02708789009593371,1.2860847796584585,-1.3664224846763329,0.6787606514149003,53.20816517517694,51.826698360066324,9.7550051401739,8.73790759589261,212.4750000000001,0.8587971383533409,25153.65,24337.5,26277.35,21743.65,-5.846670231206719,13.784944110119499
2025-09-08,24802.6,24885.5,24751.55,24773.15,0,24716.204999999998,24947.589,24806.965,24098.95725,0.23039540253045865,-0.6992218767112064,-0.13631252351909512,2.7976013360495173,0.12994624307829383,0.6014200986393936,-0.3898255334719103,0.7196248193314769,46.53121240475877,54.04378137767028,9.759036100626977,8.271611636644588,194.88928571428576,0.7866956189030695,25153.65,24337.5,26277.35,21743.65,-5.724321516439051,13.93280337017934
2025-09-09,24864.1,24891.8,24814.0,24868.6,0,24741.469999999998,24932.205,24821.279,24105.707750000005,0.5138336566097367,-0.2551118122123703,0.19064690421472605,3.164778474508774,0.385296177514749,1.1757717782225896,-0.3971122748345435,2.074021171187801,46.234752511845066,55.3770550040458,9.100213816227495,8.281607518853075,193.4571428571427,0.7779173047825078,25153.65,24347.45,26277.35,21743.65,-5.361080930915789,14.371782106500044
2025-09-10,24991.0,25035.7,24915.05,24973.1,0,24760.8725,24921.326,24832.4935,24113.82375,0.8571083268572107,0.20774978024844107,0.5662198200112206,3.563417643375614,0.42020861648826013,1.0441006593148616,1.0563672378455014,1.5783982542235897,47.45656957078584,62.67722755810566,8.68124825139151,8.295581407658062,194.03571428571428,0.7769788864246501,25153.65,24404.7,26277.35,21743.65,-4.963400038436143,14.852382189742737
2025-09-11,24945.5,25037.3,24940.15,25005.5,0,24786.7775,24910.6,24841.292999999998,24119.315,0.8824160381477578,0.38096232126083457,0.6610243677734576,3.6741715094313476,0.12973959980939753,1.0964531035849046,2.0595161810382345,2.1157819940050837,47.42894693609333,59.48775809545301,8.49682105354381,8.298723080504962,193.61071428571398,0.7742725171890743,25153.65,24404.7,26277.35,21743.65,-4.8400999339735495,15.001391210767274
2025-09-12,25074.45,25139.45,25038.05,25114.0,0,24811.510000000002,24903.812,24850.760499999997,24123.7755,1.2191519177994323,0.8439993042028998,1.0592814654505376,4.104765856405853,0.4339045410009845,1.5076189321369338,2.8130929694168527,2.009191956733236,58.608640406607385,64.07078056229221,8.43386432504934,8.335953959428734,187.0571428571428,0.7448321368843784,25153.65,24404.7,26277.35,21743.65,-4.427196806375067,15.500387469445096
2025-09-15,25118.9,25138.45,25048.75,25069.2,0,24833.405,24897.09,24858.163000000004,24128.148999999998,0.9495073269251716,0.6912856080770908,0.848964583585668,3.90022044376468,-0.17838655729871533,1.195043827692488,1.8036511600991734,1.7778192787226033,53.71952337305227,60.51321601346142,8.49080845427228,8.334920053493269,182.64642857142852,0.7285690351962907,25153.65,24404.7,26277.35,21743.65,-4.597685839706051,15.294350304571674
2025-09-16,25073.6,25261.4,25070.45,25239.1,0,24851.5125,24892.652000000002,24868.087000000003,24132.97,1.559613323333933,1.3917681410562308,1.4919241677093833,4.583480607650022,0.6777240598024648,1.4898305493674657,2.683119334732864,1.4557652766918672,70.62091631127974,63.227996866022416,8.104625301188282,8.4666074769066,176.50714285714275,0.6993400828759455,25261.4,24404.7,26277.35,21743.65,-3.951121403033411,16.075727856178688
2025-09-17,25276.6,25346.5,25275.35,25330.25,0,24868.9925,24890.031000000003,24880.996,24140.050499999998,1.854749443508818,1.7686558927949798,1.8056109972446475,4.930393579748321,0.36114599965926253,1.4301388293804118,2.4891715776419687,1.3994831999967872,85.81113174143941,60.57678846423067,8.075687932566282,8.508849597469812,167.7178571428571,0.6621247604854161,25346.5,24404.7,26277.35,21743.65,-3.6042447202628827,16.49493070390665
2025-09-18,25441.05,25448.95,25329.75,25423.6,0,24887.644999999997,24888.053,24891.946999999996,24146.513000000003,2.153498251843442,2.1518236078973256,2.1358433713521974,5.2889085889958345,0.3685316962919849,1.6720321529263504,2.78681830494496,1.4891888601248349,92.33382883839457,60.38545403390299,8.112207297106986,8.532990680223067,164.25,0.6460532733365849,25448.95,24404.7,26277.35,21743.65,-3.2489958081770043,16.92425144812392
2025-09-19,25410.2,25428.75,25286.3,25327.05,0,24899.809999999998,24885.071999999996,24901.858000000004,24151.768000000004,1.71583638590014,1.7760768383551506,1.7074709846951797,4.866235879708664,-0.3797652574773047,0.8483316078681247,2.36874014793258,0.9699506652713463,82.63294905169212,56.40283438310484,8.266522363626668,8.565436718584749,159.51428571428576,0.6298178655401468,25448.95,24404.7,26277.35,21743.65,-3.616422508357956,16.480213763558545
2025-09-22,25238.1,25331.7,25151.05,25202.35,0,24916.4225,24882.014,24910.539500000003,24155.494,1.1475463622436084,1.2874199009774665,1.1714338824335617,4.333821531449532,-0.4923589600841827,0.5311298326232894,1.7325208945975668,1.335941552305786,76.96237606615581,52.63473585995464,7.83392497209201,8.57054377628981,155.72142857142873,0.6178845566839153,25448.95,24404.7,26277.35,21743.65,-4.090975688187736,15.906712994368458
2025-09-23,25209.0,25261.9,25084.65,25169.5,0,24926.510000000002,24882.407000000003,24918.7675,24159.004249999998,0.974825597325891,1.153799148129026,1.0061994438529043,4.18268791024366,-0.13034498766979485,-0.27576260643207284,1.2099595473810343,0.8080423746633203,71.59420289855083,57.23223344122908,7.765726831487628,8.378167139443626,153.82142857142884,0.6111421703706026,25448.95,24404.7,26277.35,21743.65,-4.215988294101188,15.755634403607482
2025-09-24,25108.75,25149.85,25027.45,25056.9,0,24943.7525,24881.898999999998,24924.725,24160.746750000002,0.4536105784404443,0.7033265427208907,0.5302967234342723,3.7091289407269636,-0.4473668527384289,-1.0791445011399392,0.3355610637045592,1.395473058690011,64.07995810055881,52.13804350432889,6.942368138111635,8.41748469584407,144.50000000000026,0.5766874593425374,25448.95,24404.7,26277.35,21743.65,-4.6444942126964746,15.237782065108663
2025-09-25,25034.5,25092.7,24878.3,24890.85,0,24963.25,24875.8,24929.8375,24161.811999999998,-0.29002633871792116,0.06050056681593868,-0.1563889054631941,3.0173150920965717,-0.6626917136597243,-2.0954939505026804,-0.4584991301913588,1.5915741870706768,55.741599294992106,54.480753809141916,6.629971441051643,8.480811080506363,144.76071428571464,0.5815820443484842,25448.95,24404.7,26277.35,21743.65,-5.276407248067252,14.474110832357939
2025-09-26,24818.55,24868.6,24629.45,24654.7,0,24974.6425,24864.653,24932.2405,24161.9905,-1.2810693886809432,-0.8443833903493353,-1.113179138473332,2.039192507753038,-0.9487422084822228,-2.6546715863079107,-1.8288603965915362,0.9327850295883566,46.07508532423205,53.806553806553794,7.468256772841395,8.728522924760163,153.1107142857145,0.6210203907803157,25448.95,24432.7,26277.35,21743.65,-6.175089953895648,13.388046625106636
2025-09-29,24728.55,24791.3,24606.2,24634.9,0,24975.135000000002,24855.121999999996,24935.8515,24162.11475,-1.36229493854588,-0.8860226073321802,-1.2069028402739694,1.9567213172017601,-0.08030923109995092,-2.2515757459125707,-1.7324047037799328,0.03999991878189668,41.84748482522857,55.29133497800054,6.9082704555148835,8.690954561842632,157.85714285714312,0.640786619215597,25448.95,24522.35,26277.35,21743.65,-6.250440017733894,13.296985556702761
2025-09-30,24691.95,24731.8,24587.7,24611.1,0,24976.71,24847.976000000002,24941.8825,24161.96125,-1.463803679507832,-0.9533009851587261,-1.3262130474714615,1.8588671066592257,-0.0966109056663611,-2.2185581755696404,-2.4882028281515534,0.12815505541179384,36.61836463108087,49.610672322848906,6.883624220020914,8.606277587667142,156.21428571428572,0.6347310185822077,25448.95,24533.2,26277.35,21743.65,-6.341012316690992,13.187528312863742
2025-10-01,24620.55,24867.95,24605.95,24836.3,0,24982.7725,24842.888000000003,24940.9985,24163.39925,-0.5862940152058779,-0.026518655963040108,-0.41978471711949394,2.7847934102235254,0.9150342731531813,-0.8803962182073688,-1.9500399719702743,0.49059176493675416,44.525689141969686,56.51093187236851,7.369081804265505,8.788704987923207,167.98928571428587,0.6763861191654388,25448.95,24587.7,26277.35,21743.65,-5.484000479500404,14.223232989861398
2025-10-03,24759.55,24904.8,24747.55,24894.25,0,24990.77,24839.555,24944.1575,24164.029,-0.3862225933814782,0.2201931556342282,-0.20007691179788756,3.0219339663927793,0.2333278306350106,0.013659637979412942,-2.082120549410782,0.646672838932183,42.64976419038699,54.73122821839689,7.404311266976436,8.803657742839357,169.65357142857152,0.6814970181008527,25448.95,24587.7,26134.7,21743.65,-4.746371682093158,14.489747581477802
2025-10-06,24916.55,25095.95,24881.65,25077.65,0,25007.6025,24836.71,24948.265,24166.076,0.28010482012420257,0.9700962808681277,0.5186132181937383,3.772122540705411,0.7367163099912588,1.7154944087739876,-0.9847179201683542,1.360696819045315,50.25865499403106,58.342039408148935,7.813609651962823,8.845161733278815,178.55357142857142,0.7120028050019496,25448.95,24587.7,25907.6,21743.65,-3.203500131235611,15.333212225178382
2025-10-07,25085.3,25220.9,25076.3,25108.3,0,25024.36,24837.634,24948.727,24169.9375,0.33543315393480067,1.089741478596557,0.6396037761766376,3.882353853831849,0.1222203834888802,1.9216639807752234,-0.373179485246411,1.3528759967949,45.62307589345472,58.82126903309476,7.812855200759065,8.736021833376704,175.15357142857152,0.6975923158022308,25448.95,24587.7,25669.35,21743.65,-2.1856805879385313,15.474172919450035
2025-10-08,25079.75,25192.5,25008.5,25046.15,0,25033.2375,24841.816999999995,24948.9905,24174.174000000003,0.05158142249879658,0.8225364513393124,0.3894325904689473,3.607056025988721,-0.24752770996043783,1.7676983149879755,-0.4900772760682459,0.713952534521467,40.305077805077836,56.46337421279418,7.795280317063871,8.509187221811176,180.625,0.7211687225381944,25448.95,24587.7,25669.35,21743.65,-2.4277981327925997,15.18834234362676
2025-10-09,25074.3,25199.25,25024.3,25181.8,0,25043.672499999997,24851.835,24951.354,24180.324500000002,0.5515465034131969,1.327728918206644,0.9235811411276514,4.1416958651650715,0.5416002060196767,1.3911089816115885,0.49846549253897976,0.835699212352492,41.98009950248756,57.276613540263035,7.88586841943944,8.457168937870085,184.60714285714286,0.7330974865066947,25448.95,24587.7,25669.35,21743.65,-1.8993468864618672,15.812202643070494
2025-10-10,25167.65,25330.75,25156.85,25285.35,0,25057.665,24861.12,24957.3685,24188.81375,0.9086441214694093,1.706399389890719,1.3141669964122942,4.533236980254964,0.4112096831838885,1.5710455225604214,1.584919759670722,1.1191537861670264,48.62330802244963,57.257745856867274,7.989639737282331,8.414177181511583,186.85357142857148,0.7389795728695528,25448.95,24587.7,25669.35,21743.65,-1.4959475015923662,16.288433634647344
2025-10-13,25177.3,25267.3,25152.3,25227.35,0,25063.332499999997,24868.565999999995,24961.5075,24196.183250000002,0.6544121776304159,1.4427209031674901,1.0650097955822533,4.261691769093361,-0.2293818357270161,0.5969458860778376,2.3226808681508837,0.4513418810225378,50.86337891974029,55.09589985069483,7.921102751852407,8.432304956834422,183.45357142857134,0.7272011187404597,25448.95,24587.7,25669.35,21743.65,-1.7218979054787131,16.021689090838002
2025-10-14,25277.55,25310.35,25060.55,25145.5,0,25067.1475,24876.109,24966.8655,24203.2725,0.3125704669827346,1.082930614269296,0.7154862912206585,3.8929756296385163,-0.3244494566412959,0.14815817876956405,2.0726692619007947,0.3043575383338881,49.19828968466061,50.73252406864798,7.987219358073181,8.42683278651439,188.63571428571413,0.750176828003874,25448.95,24587.7,25669.35,21743.65,-2.040760673721768,15.645257350996719
2025-10-15,25181.95,25365.15,25159.35,25323.55,0,25071.37,24891.272999999997,24971.5695,24211.139250000004,1.0058485036916622,1.7366608770873304,1.4095249399522038,4.594623732957941,0.7080789803344478,1.1075554526344344,2.8948320066961797,0.33459988668376184,58.53416546647458,55.56966737469069,8.021208478397643,8.330583827229859,194.17857142857142,0.7667904832796801,25448.95,24587.7,25669.35,21743.65,-1.3471318907568726,16.464117110052808
2025-10-16,25394.9,25625.4,25376.85,25585.3,0,25084.122499999998,24908.523999999998,24977.411,24219.99875,1.9979869736324307,2.717045779187887,2.433755043707289,5.637082247991447,1.0336228530360092,1.6023477273268805,3.0157471120899615,1.006898865980399,70.94303205766167,57.28780734253961,8.726996989405327,8.515553902329344,200.42500000000004,0.7833599762363546,25625.4,24587.7,25669.35,21743.65,-0.32743330080426375,17.667916840088935
2025-10-17,25546.85,25781.5,25508.6,25709.85,0,25098.435,24929.729999999996,24986.2475,24230.323499999995,2.4360682249709877,3.129275768329632,2.8960030913005133,6.10609470401831,0.486802968892297,1.6788377459675319,3.2762585737670324,1.1259223713400157,84.11743783748832,57.88009632151457,8.793817483039772,8.52382840731328,201.24642857142888,0.7827600261045042,25781.5,24587.7,25781.5,21743.65,-0.27791245660648706,18.2407277527002
2025-10-20,25824.6,25926.2,25788.5,25843.15,0,25124.24,24955.109,24997.154499999997,24241.31525,2.8614198877259565,3.558553881692126,3.38436720867571,6.607870626986717,0.5184783264001958,2.4410015320673883,3.0525188763699918,2.037742255809505,86.39636111696844,58.56731534990104,8.77950932610477,8.530029695616072,203.478571428572,0.7873597894551243,25926.2,24587.7,25926.2,21743.65,-0.3203323279153878,18.85378029907582
2025-10-21,25901.2,25934.35,25825.8,25868.6,0,25157.552499999998,24980.557999999997,25007.504500000003,24251.94375,2.826377883937639,3.554932599984361,3.44334837568457,6.6660893933501715,0.09847870712353934,2.875663637628989,3.02808234727161,2.6436026799088186,87.84231116461046,61.38930366569225,8.494547849285796,8.529983570336395,200.93928571428634,0.7767690780107402,25934.35,24587.7,25934.35,21743.65,-0.2535247654172941,18.970825965281804
2025-10-23,26057.2,26104.2,25862.45,25891.4,0,25193.6475,25011.12,25018.9115,24260.4575,2.7695572862167035,3.51955450215745,3.4873159849500373,6.72263703188615,0.0881377422821572,2.2423791293084916,3.3747701742583125,2.868153916446503,86.15584949626502,65.14029575267527,8.440314355308136,8.184857172921589,199.49285714285776,0.7704985328829562,26104.2,24587.7,26104.2,21743.65,-0.8151944897755888,19.07568416526204
2025-10-24,25935.1,25944.15,25718.2,25795.15,0,25230.56,25035.321999999996,25029.696999999996,24269.4095,2.2377228250185492,3.035023875466851,3.0581792500324916,6.286681593962967,-0.3717450582046533,0.8201975353034907,2.435687679196885,2.9462942343226883,80.08214238012572,63.37459116270126,8.374189087337246,8.05577202223436,204.4000000000007,0.7923970203701108,26104.2,24587.7,26104.2,21743.65,-1.1839091027497461,18.633026193854295
2025-10-27,25843.2,26005.95,25827.0,25966.05,0,25284.32,25064.895,25043.9325,24281.1595,2.696256019540963,3.5952873530888474,3.681999622064148,6.939085837313484,0.6625276457008278,0.9965052304856004,2.692072682403057,4.319659633961881,79.91447235504086,68.96235269579725,7.987842017261223,8.07244231192554,204.1500000000007,0.7862189281773728,26104.2,24587.7,26104.2,21743.65,-0.5292251821546013,19.41900278932009
2025-10-28,25939.95,26041.7,25810.05,25936.2,0,25348.394999999997,25091.231999999996,25057.0925,24292.301,2.3189042146455585,3.3675827476307445,3.508417826210292,6.767160509002425,-0.11495780066663741,0.36005672683090406,2.8098472491165483,5.197791901746918,77.89232531500595,73.11647243537308,6.846413346597696,8.030729214034185,210.36785714285776,0.8110974512182114,26104.2,24587.7,26104.2,21743.65,-0.6435745971912565,19.28172133013546
2025-10-29,25982.0,26097.85,25960.3,26053.9,0,25419.345,25119.683999999997,25070.1225,24304.125749999996,2.4963467784083355,3.7190595232010244,3.9241032827023488,7.199494719533394,0.4538058774994136,0.7163124405650256,3.6125748145791503,5.7601208042249,82.72659370636195,82.65191823018772,6.761907238773605,8.067394560127292,208.77142857142903,0.8013058642714873,26104.2,24587.7,26104.2,21743.65,-0.19268929903999843,19.823028792314076
2025-10-30,25984.4,26032.05,25845.25,25877.85,0,25482.6825,25139.701999999997,25078.870499999997,24315.8825,1.55072959842434,2.9361843668632237,3.1858671625582238,6.423651290468273,-0.6757145763206407,-0.052333979622587457,2.1888716234493177,5.147067786486592,72.02620170247775,77.03416925854226,7.466841878945897,7.998953576861305,211.17857142857196,0.8160591835433467,26104.2,24605.95,26104.2,21743.65,-0.8671018456800138,19.013367120975534
2025-10-31,25863.8,25953.75,25711.2,25722.1,0,25526.972499999996,25154.531000000003,25085.059499999996,24327.335499999997,0.7643973448085251,2.25632908838569,2.5395215825579482,5.7333220894659895,-0.6018660746545779,-0.28319277073404203,0.5346820244437112,3.566553794244709,63.3787716342472,72.8525588283693,7.621006440053686,8.10468000845822,216.08214285714323,0.8400641582807906,26104.2,24747.55,26104.2,21743.65,-1.4637491284927413,18.297066039970275
2025-11-03,25696.85,25803.1,25645.5,25763.35,0,25570.427499999998,25168.786999999997,25091.6505,24340.722499999996,0.7544750669498999,2.3623029588195967,2.676984122666617,5.844639574688067,0.16036793263380922,-0.7806347134046265,0.20809145133091622,3.491167639113435,66.58929124110182,70.62999310145318,7.618186608640119,8.092430059068318,217.8357142857146,0.8455255791103045,26104.2,24881.65,26104.2,21743.65,-1.3057285800752452,18.486776599145024
2025-11-04,25744.75,25787.4,25578.4,25597.65,0,25596.4275,25179.065,25096.213,24352.830499999996,0.004776057127502869,1.6624326598307075,1.9980584321626602,5.111600887625794,-0.643161700632866,-1.305318435237235,-0.9499615952389684,2.073559524118096,63.30361608850448,64.93671961267316,7.83502602185155,8.241394373062072,214.92142857142895,0.8396139042897646,26104.2,25008.5,26104.2,21743.65,-1.9404923345668483,17.7247150317449
2025-11-06,25593.35,25679.15,25491.55,25509.7,0,25616.497499999998,25191.856999999996,25102.428000000004,24364.313,-0.41690906416849904,1.261689441949454,1.6224406658989208,4.701084738157824,-0.34358622764198987,-2.0887467903077828,-1.3873963028536496,1.5986745418845594,55.78375019418988,59.56222473054027,7.9933878148786555,8.034375628200825,212.63214285714326,0.8335344706411415,26104.2,25008.5,26104.2,21743.65,-2.277411297798822,17.320229124365042
2025-11-07,25433.8,25551.25,25318.45,25492.3,0,25638.805,25202.347999999998,25110.165,24375.2155,-0.5714189877414374,1.1504959775970125,1.5218338867944452,4.582870251957366,-0.06820934781671673,-1.4898842059908324,-1.5414384699166561,1.7813116986043598,46.59315700783941,58.54891134957035,7.920790146102632,8.000447456396365,207.70000000000022,0.8147558282304861,26104.2,25024.3,26104.2,21743.65,-2.344067238222207,17.24020576122223
2025-11-10,25503.5,25653.45,25503.5,25574.35,0,25658.432500000003,25219.593999999997,25116.4435,24387.071249999994,-0.32769928560524525,1.4066681644438894,1.8231343143785357,4.8684761602933575,0.32186189555276634,-0.5744087768883577,-0.855974863491793,1.5588639414179983,44.87673926194799,61.655927266307664,7.79179662323932,7.639803481663473,199.71785714285735,0.7809303350539011,26104.2,25060.55,26104.2,21743.65,-2.0297500019154087,17.61755730983527
2025-11-11,25617.0,25715.8,25449.25,25694.95,0,25678.9125,25243.475,25124.859000000004,24398.822249999997,0.062453968796389585,1.7884819740546902,2.269031639142718,5.312255389704326,0.4715662372650753,-0.2654934237977469,-1.0440556033744053,1.6199103433411244,44.342215774604846,61.39953348883708,7.828834637974398,7.390760632483728,203.30357142857142,0.791219953448329,26104.2,25060.55,26104.2,21743.65,-1.5677553803602484,18.17220199920436
2025-11-12,25834.3,25934.55,25781.15,25875.8,0,25711.335,25272.453999999998,25135.496499999997,24413.077999999998,0.6396595120401183,2.387366102239226,2.945251151096227,5.991550922009923,0.7038348002233796,1.0866231861127895,-0.23287914189434877,2.570424559059914,50.24571701590338,62.68121389145424,8.03537656364358,7.456598873955857,212.66428571428565,0.8218655489464506,26104.2,25060.55,26104.2,21743.65,-0.8749549880862139,19.003939081065035
2025-11-13,25906.1,26010.7,25808.4,25879.15,0,25748.017499999998,25297.536,25146.355499999998,24426.696999999996,0.5092916376960026,2.2990934769299325,2.9141181114694876,5.946170290645539,0.012946459626372864,1.4482726178669303,-0.6707249202614562,2.9176194547732237,49.576315152353615,64.33535673440667,7.870864794152982,7.287397919797696,209.84642857142848,0.8108706374491761,26104.2,25159.35,26104.2,21743.65,-0.862121804154118,19.019345877991963
2025-11-14,25767.9,25940.2,25740.8,25910.05,0,25777.342500000002,25324.145,25154.332000000002,24440.2205,0.5148222707596674,2.313622039362035,3.0043254577382417,6.013978065377929,0.1194011395273753,1.6387301263518728,0.1244307390297239,2.3160259916164883,54.16213866550743,67.2006119372764,7.584536504306673,7.258153889429041,207.94999999999996,0.802584325387253,26104.2,25318.45,26104.2,21743.65,-0.7437500478850202,19.161456333228312
2025-11-17,25948.2,26024.2,25906.35,26013.45,0,25798.75,25350.112999999998,25164.7475,24454.826749999997,0.8322108629294084,2.6167023397489517,3.3725850020946933,6.373479010641548,0.3990729465979559,1.716954683110239,1.1326835678268976,1.673421847701606,51.80530164533826,66.06062016947575,6.86634674153859,7.218187068642661,201.31071428571445,0.7738716482654721,26104.2,25318.45,26104.2,21743.65,-0.3476452065184913,19.63699746822635
2025-11-18,26021.8,26029.85,25876.5,25910.05,0,25808.760000000002,25373.628000000004,25173.4045,24470.23125,0.3924636441270221,2.114092631924749,2.926284762158407,5.883960536744002,-0.39748668477268545,0.8371294748579006,0.5694135273557333,0.7786898795597796,49.05687596927178,58.161803513533876,6.895555996160965,7.305220279196253,195.7178571428571,0.7553742935380561,26104.2,25318.45,26104.2,21743.65,-0.7437500478850202,19.161456333228312
2025-11-19,25918.1,26074.65,25856.2,26052.65,0,25819.235,25399.861,25181.483500000002,24485.708250000003,0.9040353054612226,2.5700494975149693,3.459551936247121,6.399413625293024,0.5503655917298511,0.6834571298278691,1.7775069195805182,0.8106596912528019,49.95571302037201,58.53798256537986,6.925784437329721,7.374711351916517,199.77500000000015,0.7668125891224122,26104.2,25318.45,26104.2,21743.65,-0.19747780050719527,19.8172799874906
2025-11-20,26132.1,26246.65,26063.2,26192.15,0,25835.4125,25428.240999999995,25187.915,24500.853499999997,1.3808082220479465,3.0041755542587754,3.986971529799114,6.903010542061337,0.5354541668505908,1.2094678534650516,2.6752568630756146,1.2507441454118196,61.43158507310693,58.66564036350994,7.143907650266412,7.437847293377946,198.72857142857148,0.7587333282245691,26246.65,25318.45,26246.65,21743.65,-0.20764554714601668,20.458846605790654
2025-11-21,26109.55,26179.2,26052.2,26068.15,0,25844.25,25452.232000000004,25192.218500000003,24514.94675,0.866343577391495,2.4198977912821076,3.476992310145288,6.33573984818059,-0.4734242893385976,0.6101879386570142,2.2589173985870348,0.6826591068849197,62.883949514129405,54.72363593324659,7.391640018962174,7.52521786107738,191.40000000000015,0.734229318152612,26246.65,25318.45,26246.65,21743.65,-0.6800867920286969,19.888565167301717
2025-11-24,26122.8,26142.8,25912.15,25959.5,0,25852.467500000002,25471.96,25196.642999999996,24527.202250000002,0.41401270497679776,1.914026246900517,3.02761363884865,5.839629548453687,-0.41679213906625767,-0.20739271415364247,1.5060011300384923,0.6371352754296788,56.953947601659195,51.549065101678686,7.426170387687933,7.5738445390022795,196.61785714285725,0.7574023272515158,26246.65,25318.45,26246.65,21743.65,-1.0940443828069542,19.38887905204507
2025-11-25,25998.5,26032.6,25857.5,25884.8,0,25848.405000000002,25489.546000000002,25200.073000000004,24539.2155,0.14080172451645195,1.5506513925355796,2.7171627637745144,5.483404716014662,-0.28775592750245327,-0.09745253289746847,0.7388611380835464,-0.3129085864041703,60.88225262439821,52.0594518848636,7.117052070894479,7.617223429282734,194.19642857142858,0.750233451954153,26246.65,25318.45,26246.65,21743.65,-1.378652132748378,19.04533047579407
2025-11-26,25842.95,26215.15,25842.95,26205.3,0,25861.86,25511.371999999996,25207.592,24553.436749999997,1.3279787300681338,2.720073228519437,3.9579663142754717,6.7276254107278985,1.238178390406719,0.5859288786361327,1.2733905811607826,1.0375459782080654,72.41123783748935,55.142617629989445,8.374044455113683,8.018130288125004,207.38214285714275,0.7913748091307589,26246.65,25318.45,26246.65,21743.65,-0.1575439151282247,20.519324032533625
2025-11-27,26261.25,26310.45,26141.9,26215.55,0,25869.942499999997,25534.299,25215.694499999998,24565.81825,1.335942281278754,2.667983953661701,3.9652110315660813,6.715557907378066,0.039114224985015156,0.08933974492355556,1.299888133883842,0.6204445399728975,73.40993688299066,56.05558084585198,8.239043794139876,7.996034448646625,202.79285714285703,0.7735594223384863,26310.45,25318.45,26310.45,21743.65,-0.36069318464717043,20.566464232086137
2025-11-28,26237.45,26280.75,26172.4,26202.95,0,25886.197500000002,25553.575999999997,25223.113999999998,24578.3515,1.223634718849683,2.54122554119237,3.8846749850157405,6.609875768112438,-0.04806307706685109,0.5171061237563723,1.130449381610621,1.256286747160229,71.30414153053614,53.385268800108996,7.814036034240049,7.887284130444017,199.02142857142826,0.7595382526449437,26310.45,25318.45,26310.45,21743.65,-0.40858290147070836,20.508516279465493
2025-12-01,26325.8,26325.8,26124.2,26175.75,0,25908.879999999997,25570.485999999997,25230.2585,24591.213499999998,1.0300329462331164,2.3670414398850417,3.7474507048748635,6.443506742764045,-0.10380510591364578,0.8330283711165398,0.6239080168143785,1.763658488226083,67.3963383747014,57.25665010230927,7.442643455404288,7.869945493645901,194.3821428571425,0.742603909561875,26325.8,25318.45,26325.8,21743.65,-0.5699731822014878,20.38342228650663
2025-12-02,26087.95,26154.6,25997.85,26032.2,0,25922.322500000002,25582.658000000003,25235.3555,24603.574749999996,0.42387212797001,1.7572138125756815,3.1576511771351874,5.806575932629484,-0.5484083550614582,0.5694461614538238,0.47143868884853557,1.043536651871757,55.815856016659254,57.59900019604003,7.769903941465543,7.957932690294508,189.97499999999985,0.7297692857307483,26325.8,25318.45,26325.8,21743.65,-1.115255756710142,19.72322954057851
2025-12-03,26004.9,26066.45,25891.0,25986.0,0,25941.74,25595.837000000003,25240.454500000003,24616.596749999997,0.1706130737568043,1.5243220997226885,2.9537720883750187,5.5629267680960135,-0.1774725148085854,-0.8368536135819782,-0.2558281019397368,1.517131455426557,53.85058921042193,55.442833744835866,7.382651593890785,7.914779052910023,188.0571428571428,0.7236863805785531,26325.8,25318.45,26325.8,21743.65,-1.290748999080747,19.51075371430279
2025-12-04,25981.85,26098.25,25938.95,26033.75,0,25967.9425,25612.465,25247.239500000003,24631.406499999997,0.2534182290337364,1.644843633754111,3.1152336476231257,5.6933147524482735,0.18375278996383138,-0.6934815405360562,-0.6047613502518923,2.0543165932958907,54.404329559211,61.313167998339644,7.220343438211284,7.820348324682813,185.19285714285692,0.7113568239030371,26325.8,25318.45,26325.8,21743.65,-1.1093679964141612,19.730358058559617
2025-12-05,25999.8,26202.6,25985.35,26186.45,0,26002.65,25632.804,25257.605499999998,24647.1125,0.7068510324909164,2.159911962811406,3.677484391780539,6.245508474877134,0.586546310078262,-0.06297000910202577,0.45381049288115705,2.7229790956484923,55.95074298293888,66.98541776472648,7.3869161952938285,7.892995431450618,192.29285714285677,0.7343219762237981,26325.8,25449.25,26325.8,21743.65,-0.5293286433840512,20.432632055795597
2025-12-08,26159.8,26178.7,25892.25,25960.55,0,26021.96,25650.877,25266.388000000003,24661.75825,-0.23599298438703253,1.2072608667532063,2.747373308761017,5.26641992364839,-0.8626598870790092,-0.8221349913565046,0.004044762033172944,1.510106806233602,51.60205570712518,60.63890214254875,8.14788699739612,8.08846540469174,202.35357142857123,0.7794656562691131,26325.8,25449.25,26325.8,21743.65,-1.3874222245857677,19.393708048096787
2025-12-09,25867.1,25923.65,25728.0,25839.65,0,26029.195,25669.853,25272.8265,24676.31025,-0.7282015444580527,0.6614646371368091,2.242817992676847,4.714399106730323,-0.4657066202372384,-0.7396608815236516,-0.17442669056743076,0.5631456764850773,43.14848172928462,55.923197142219294,8.22360125726331,8.008117528892598,203.36071428571398,0.7870103282579832,26325.8,25728.0,26325.8,21743.65,-1.8466675276724651,18.837683645570085
2025-12-10,25864.05,25947.65,25734.55,25758.0,0,26023.305,25691.918999999998,25278.286,24690.30275,-1.0194900301864052,0.25720538820008715,1.8977315154991121,4.3243586796439795,-0.315987252149319,-0.8773955206649697,-1.7069066181268688,-0.45525162507052963,35.49497176840063,51.43259639635543,7.904806375425287,7.712190399384504,204.72499999999985,0.7948016150322224,26325.8,25728.0,26325.8,21743.65,-2.156819545844758,18.462171714500546
2025-12-11,25771.4,25922.8,25693.25,25898.55,0,26024.275,25717.192000000003,25286.156999999996,24705.069,-0.4831066379370883,0.7052014076808872,2.4218508174255335,4.830915469209982,0.5456557186116928,-0.5193258750660235,-1.2092059865232652,0.07496382222753617,44.39561165818512,50.52655942599235,8.157834665780863,7.769442532913685,211.12499999999974,0.8152000787688877,26325.8,25693.25,26325.8,21743.65,-1.6229326364251038,19.10856732885232
2025-12-12,25971.2,26057.6,25938.45,26046.95,0,26031.12,25745.909,25296.9425,24720.639249999997,0.0608118283039752,1.1692770296049795,2.964814819024076,5.365196007218966,0.5730050524064056,-0.53271825696114,-0.5953528133282648,0.5283664060856674,52.815790321022654,53.639439552335894,8.397579160415736,7.826954409646046,206.01071428571413,0.7909206808694074,26325.8,25693.25,26325.8,21743.65,-1.059227070022558,19.79106543749554
2025-12-15,25930.05,26047.15,25904.75,26027.3,0,26031.8125,25769.729,25306.3085,24736.21,-0.017334559397278723,0.9995099288781808,2.849058368193054,5.219433373180451,-0.0754406945918884,0.25712090075133975,-0.5671279715003363,0.05324168843423571,54.75697689945252,52.55552407314573,8.28743759327782,7.619163603824283,203.67500000000004,0.782543713715983,26325.8,25693.25,26325.8,21743.65,-1.1338686763555144,19.700694225670475
2025-12-16,25951.5,25980.75,25834.35,25860.1,0,26029.315,25789.045999999995,25314.300499999998,24751.530999999995,-0.6500939421571414,0.27552007933912614,2.156091573614689,4.478789615074734,-0.6424024005563411,0.07914193884204224,-0.6611043246441017,-0.19278233735559036,37.162513945704724,46.748096783086254,8.487959566089415,7.789063613004993,190.87142857142862,0.7380923839096857,26325.8,25693.25,26325.8,21743.65,-1.7689870773157919,18.93173409248216
2025-12-17,25902.4,25929.15,25770.35,25818.55,0,26017.61,25803.863999999998,25320.286999999997,24767.857000000004,-0.7650971784110888,0.056913956762450445,1.967841043823882,4.242163542853125,-0.16067223251263751,0.23507259880424236,-0.6443854383129444,-0.8985650212166574,35.572030818432935,48.007404181184675,8.238855134545368,7.657805732213493,190.17500000000032,0.7365828057733697,26325.8,25693.25,26325.8,21743.65,-1.926817038798441,18.74064382014978
2025-12-18,25764.7,25902.35,25726.3,25815.55,0,25998.78,25818.009,25327.8215,24784.197,-0.7047638389185938,-0.009524359527486892,1.9256630500179461,4.161333126911472,-0.011619552608488348,-0.32048126246450037,-0.838142795409802,-1.4378353819751388,35.821987995901026,44.50241142645145,7.952552580384266,7.65805285603645,195.01071428571464,0.7554001920769251,26325.8,25693.25,26325.8,21743.65,-1.9382127038874413,18.726846688573435
2025-12-19,25911.5,25993.35,25880.45,25966.4,0,25993.692499999997,25836.414,25339.1155,24801.303749999995,-0.10499662562368131,0.5031116160315467,2.4755579964896626,4.697721788113684,0.5843377344275202,-0.30924925951022475,-0.8403200892064366,-0.3903230570638905,42.974124911903964,44.79298812132397,8.127413685538531,7.715587068165903,193.3107142857147,0.7444648248725841,26325.8,25693.25,26325.8,21743.65,-1.365200677662209,19.42061245467067
2025-12-22,26055.85,26180.7,26047.8,26172.4,0,26004.3375,25856.226000000002,25354.030499999997,24821.542250000002,0.6462864127955577,1.2228157349800355,3.227768855133326,5.442279679458673,0.7933329225460639,0.5574915569421357,0.8160458850063002,0.8201236541535817,54.51587966243639,52.316924102678065,8.468469719908587,7.8142233100994165,195.91071428571453,0.7485393555261058,26325.8,25693.25,26325.8,21743.65,-0.5826983415508658,20.368015489579715
2025-12-23,26205.2,26233.55,26119.05,26177.15,0,26018.954999999998,25874.061999999998,25367.590999999997,24841.8315,0.6079990529981061,1.1713970539299294,3.191312095815503,5.375282011714801,0.018148889670044355,1.226020007656592,1.3061322425032884,1.1294273086908335,56.325909256378885,55.07141692103364,8.379537647811063,7.777863624564472,191.55714285714308,0.7317723390710718,26325.8,25693.25,26325.8,21743.65,-0.5646552051599488,20.38986094790893
2025-12-24,26170.65,26236.4,26123.0,26142.1,0,26015.795000000002,25892.357000000004,25380.461499999998,24862.12875,0.4854935242224835,0.9645433206408937,3.000885149389427,5.148276975277102,-0.13389540114184806,1.253168748825928,1.4911872039754526,-0.241172587224725,53.61612655608577,56.10815687019273,7.138970148915967,7.761866142207145,188.27857142857178,0.7202121154328527,26325.8,25693.25,26325.8,21743.65,-0.6977945589497783,20.228664460658614
2025-12-26,26121.25,26144.2,26008.6,26042.3,0,26007.1325,25910.293,25393.201,24880.65375,0.13522252020671469,0.5094770638062556,2.556192108273385,4.668873501766399,-0.3817596903079701,0.8783465779346189,0.5550503792683292,-0.6608673096692663,45.01297353399063,45.67753911429331,7.25507111529556,7.777986371672389,182.4464285714291,0.7005772476756242,26325.8,25693.25,26325.8,21743.65,-1.0768903509105137,19.7696798835522
2025-12-29,26063.35,26106.8,25920.3,25942.1,0,25994.09,25922.664,25406.968499999995,24897.640750000002,-0.20000700159152177,0.07497686194597081,2.1062390816126024,4.195012935111116,-0.3847586426698135,-0.09358247581491286,-0.4025423322116528,-0.9954985984402587,49.30089803342046,43.078792173935064,7.362507439988966,7.704438030686907,174.7535714285719,0.6736292413820465,26325.8,25693.25,26325.8,21743.65,-1.4575055648831212,19.308855688902263
2025-12-30,25940.9,25976.75,25878.0,25938.85,0,25982.245000000003,25929.735,25419.129499999995,24914.5725,-0.16701790010833964,0.035152692459055064,2.044603848452022,4.111158238817866,-0.012527898666647719,-0.892352248934003,-0.3398354804378556,-0.905036149871552,54.12679923454515,43.28365800315342,7.360623151489085,7.367765713534502,165.1964285714291,0.636868745420206,26236.4,25693.25,26325.8,21743.65,-1.4698508687295382,19.293908796361222
2025-12-31,25971.05,26187.95,25969.0,26129.6,0,25987.114999999998,25938.13,25433.93,24932.918999999998,0.548290951111736,0.7381796606000415,2.7352045083083825,4.799602485372854,0.735383411369428,-0.18164697073593805,1.0421460087161272,0.3741520117392927,64.17238749046516,48.916488624891386,7.60147172832305,7.467743365401044,167.76785714285765,0.6420605640455944,26236.4,25693.25,26325.8,21743.65,-0.7452764968206123,20.17117641242384
2026-01-01,26173.3,26197.55,26113.4,26146.55,0,25995.142499999998,25944.197999999997,25449.653499999997,24951.16225,0.582445354935066,0.779950877649032,2.7383339423462196,4.790910090771415,0.06486896087196659,0.01702235092055915,1.270404418528548,0.6178326791349109,60.442984672393386,52.854397044507074,7.566666950179554,7.385212400936367,157.38214285714326,0.6019231709619176,26236.4,25693.25,26325.8,21743.65,-0.6808909890677587,20.249130205830195
2026-01-02,26155.1,26340.0,26118.4,26328.55,0,26009.8825,25953.397,25466.9775,24970.4525,1.2251785451164554,1.445487078242584,3.3830967966261345,5.438818139158672,0.6960765378223988,1.0991732681061128,1.9871743968267186,1.132376242377675,61.53153153153141,58.007807934170174,7.9136338750288,7.536350000607572,161.85000000000036,0.6147319164936935,26340.0,25693.25,26340.0,21743.65,-0.04347000759301719,21.086156188128477
2026-01-06,26189.7,26273.95,26124.75,26178.7,0,26009.495,25959.142999999996,25485.1315,24989.36,0.6505508853593727,0.8457790767592149,2.7214632971385737,4.759385594509023,-0.569154017217044,0.9120310229318473,0.8175950459054837,-0.029595458720066414,55.60242747187689,53.234119458265475,7.952100235284725,7.656627324455785,166.2357142857145,0.6350037025739035,26340.0,25693.25,26340.0,21743.65,-0.6123766135155629,20.396989465890037
2026-01-07,26143.1,26187.15,26067.9,26140.75,0,26018.504999999997,25966.055,25500.688499999997,25007.52,0.469838678279181,0.6727822150881206,2.509977328651356,4.531556907682168,-0.14496518161711824,0.778369125847922,-0.12092891748559653,0.6941301320657622,61.483694095503104,48.92531276455647,7.301255493500128,7.613269463309797,160.97142857142873,0.6157873380504719,26340.0,25693.25,26340.0,21743.65,-0.7564540622627183,20.222455751449267
2026-01-08,26106.5,26133.2,25858.45,25876.85,0,26020.364999999998,25964.271,25514.583,25022.73275,-0.5515487580593101,-0.33669730222736505,1.419842918851544,3.413365192896445,-1.0095349215305638,-0.9672937970730544,-1.1471837079284897,0.14396479828480135,52.01827875095199,48.06626004990296,8.016635430692991,7.8189184615819824,169.79285714285703,0.6561573651462873,26340.0,25693.25,26340.0,21743.65,-1.7583523158694059,19.008768077116752
2026-01-09,25840.4,25940.6,25623.0,25683.3,0,26016.63,25959.213000000003,25525.2225,25036.61125,-1.281218974171527,-1.0628712049167441,0.6192992049334709,2.582972366118428,-0.7479658459201954,-1.7717442645396764,-1.755023506145259,-0.290006988120195,45.95528641771418,46.50512998189415,8.386585370006092,7.991646795905405,179.90357142857127,0.7004690652235938,26340.0,25623.0,26340.0,21743.65,-2.493166287015948,18.118623138249546
2026-01-12,25669.05,25813.15,25473.4,25790.25,0,26011.215,25953.94,25536.812,25049.609249999998,-0.8494989565077993,-0.630694222148925,0.9924418130187835,2.956695821512674,0.4164184509000135,-2.0445485983846434,-0.9678484619254024,-0.4181701292157225,44.463999497155754,50.71281745242358,8.284287496464326,7.980719972792583,191.47142857142848,0.7424178849426759,26340.0,25473.4,26340.0,21743.65,-2.0871298405466967,18.61049087894626
2026-01-13,25897.35,25899.8,25603.3,25732.3,0,25995.482500000002,25951.029,25545.3655,25061.518749999996,-1.0124162919461202,-0.8428528980488572,0.7317746148513685,2.67653870737584,-0.2246973177848277,-1.705203084950746,-0.8087240431576492,-1.2080109187448063,34.74946288724095,46.18613934068961,8.006646661195765,7.853092563665516,197.3428571428571,0.7669071833565484,26340.0,25473.4,26340.0,21743.65,-2.3071374335611265,18.343976287329852
2026-01-14,25648.55,25791.75,25603.95,25665.6,0,25977.3975,25949.898999999998,25552.215,25071.555,-1.200264576157025,-1.0955688112697437,0.44373843911378485,2.3693983081623706,-0.25920729977498835,-1.817660166598134,-1.0534391462998505,-1.3896946667537602,33.003289364388436,40.910932621493416,8.037997177249096,7.757389804253847,202.57857142857134,0.7892999634864228,26340.0,25473.4,26340.0,21743.65,-2.5603644646924884,18.037220061949107
2026-01-16,25696.05,25873.5,25662.4,25694.35,0,25969.11,25948.519000000004,25558.653000000002,25081.683499999996,-1.0580262473377102,-0.9795125494445571,0.530923910583224,2.44268491786049,0.11201764229162858,-0.7052635850190447,-1.6657354111811906,-0.6409487975684525,35.060558539921956,42.098768361850084,7.7653302579728525,7.752903937240234,209.55714285714254,0.8155767429693397,26340.0,25473.4,26340.0,21743.65,-2.4512148823082818,18.169442572889082
2026-01-19,25653.1,25653.3,25494.35,25585.5,0,25957.4575,25948.276,25563.670500000004,25092.17675,-1.4329504343790236,-1.398073613830844,0.08539266690984842,1.9660440579353136,-0.4236339895735797,-0.3807921879197762,-2.145789788710173,-0.9026455784697407,34.850092862828376,43.29786195450557,7.878837860220382,7.67513024107283,214.1571428571424,0.8370254357239154,26340.0,25473.4,26340.0,21743.65,-2.864464692482916,17.668836648860694
2026-01-20,25580.3,25585.0,25171.35,25232.5,0,25928.305,25942.732000000004,25567.294500000004,25100.379499999995,-2.683573029552068,-2.7376916201424106,-1.3094639325252173,0.5263685355833149,-1.3796877137441155,-2.162638981785747,-4.1629713751801685,-2.258522479668257,29.845489661440638,37.58394949259555,9.191170176781704,8.245106855526194,230.41785714285677,0.9131788651257575,26340.0,25171.35,26340.0,21743.65,-4.204631738800304,16.045374166710733
2026-01-21,25141.0,25300.95,24919.8,25157.5,0,25887.86,25936.036,25569.192000000003,25108.57025,-2.821245170516221,-3.001754007435832,-1.6101095412009996,0.19487270486856706,-0.29723570791637677,-2.2337684544327496,-3.9008812507878576,-3.115179616735475,28.676691318942275,36.471289652762124,8.830237166672669,8.267918460357256,250.58928571428547,0.9960818273448693,26340.0,24919.8,26340.0,21743.65,-4.489369779802582,15.700445877302101
2026-01-22,25344.15,25435.75,25168.5,25289.9,0,25843.734999999997,25930.347,25574.970500000003,25119.19125,-2.143014544917736,-2.4698743908054914,-1.1146464470017732,0.6795949292356361,0.5262844082281726,-1.4638270681378907,-3.2548798332106,-3.3718726597484316,26.3304769421582,35.98566456745114,8.493658442433903,8.324580412436614,252.67142857142815,0.999100148958391,26340.0,24919.8,26340.0,21743.65,-3.9867122247532216,16.309359284204813
2026-01-23,25344.6,25347.95,25025.3,25048.65,0,25787.31,25917.420999999995,25580.447999999997,25127.77275,-2.8644321567468642,-3.3520734952756044,-2.078923715487685,-0.31488166813351426,-0.9539381334050301,-2.5130038315816394,-3.200544115686399,-4.311011702954682,22.526400080076144,27.05555668987489,8.899285529838124,8.503986432989613,269.7071428571427,1.0767332485269372,26340.0,24919.8,26340.0,21743.65,-4.902619589977215,15.199839953273713
2026-01-27,25063.35,25246.65,24932.55,25175.4,0,25738.975,25903.413000000004,25587.9335,25137.39925,-2.1895782563213846,-2.8104906484716996,-1.6122188999748563,0.1511721623310052,0.5060152942374163,-1.602860995485722,-1.977549613951468,-3.6978666595261944,20.32323648248716,30.517144135208255,9.262534441939229,8.425089452928653,276.3142857142858,1.0975566851541019,26340.0,24919.8,26340.0,21743.65,-4.421412300683366,15.782768762374303
2026-01-28,25258.85,25372.1,25187.65,25342.75,0,25703.997499999998,25892.685,25595.1105,25149.590749999996,-1.4054136910027233,-2.1239010168315926,-0.9859715198338327,0.7680413248871825,0.6647362107454091,0.4369364906370743,-1.735151850020844,-2.6862066714537502,28.678552299334314,35.214472004883234,9.704427450448465,8.57721655241922,275.8071428571428,1.0883078705236915,26340.0,24919.8,26340.0,21743.65,-3.786066818526955,16.55241875214142
2026-01-29,25345.0,25458.15,25159.8,25418.9,0,25677.8375,25882.861999999997,25603.503499999995,25165.87725,-1.0084085157093154,-1.7925451984405587,-0.7210087478848113,1.0054199481561885,0.3004804135305017,1.0390539600516835,-1.217924553965244,-2.016798948427445,31.940656976307892,38.367232692666605,9.774419249772471,8.604163589475545,288.6000000000001,1.1353756456809698,26340.0,24919.8,26340.0,21743.65,-3.496962794229304,16.902635941987658
2026-01-30,25247.55,25370.7,25213.65,25320.65,0,25646.9275,25869.006,25609.559500000003,25179.80125,-1.2721894269791192,-2.119741284222516,-1.1281314698130656,0.5593719688315689,-0.386523413680373,0.1215900418744198,-1.3440168942085773,-2.3832976404119632,34.82732282175796,38.39517469328311,9.820068645873748,8.580201695747018,283.0964285714287,1.1180456606423164,26340.0,24919.8,26340.0,21743.65,-3.8699696279422873,16.450779882862353
2026-02-01,25333.75,25440.9,24571.75,24825.45,0,25581.72,25847.314,25610.471,25191.93275,-2.9562906638021227,-3.9534630174725227,-3.065234528486417,-1.4547623385506188,-1.955715986753892,-0.8910659855920433,-3.381677294813834,-4.991082909803435,29.905600712093943,32.435715412525695,11.256709546985737,9.559602906163677,322.49285714285753,1.2990413351736123,26340.0,24571.75,26340.0,21743.65,-5.749999999999997,14.17333336399362
2026-02-02,24796.5,25108.1,24679.4,25088.4,0,25528.8125,25828.029,25613.945,25203.232000000004,-1.7251585830715728,-2.863667994177942,-2.0517924903797455,-0.4556241040831673,1.05919530159575,-0.34557544269405716,-1.9428973441988573,-4.046996640092093,34.679443801707066,33.94052503316168,12.147512617962281,9.798439765298431,328.8464285714287,1.3107508991064742,26340.0,24571.75,26340.0,21743.65,-4.751708428246008,15.382651946660289
2026-02-03,26308.05,26341.2,25641.3,25727.55,0,25498.7625,25818.737,25623.488999999998,25215.227000000003,0.8972494253397535,-0.35318148986142006,0.4061156542733174,2.031800070647774,2.547591715693298,1.5183829694883189,1.961953829386709,-2.282693122105095,49.91729781492121,44.57801702942623,15.327767692200695,11.35863201739077,397.1535714285715,1.5436898244433361,26341.2,24571.75,26341.2,21743.65,-2.329620518427412,18.322130829000642
2026-02-04,25675.05,25818.55,25563.95,25776.0,0,25478.6275,25812.894,25632.563000000002,25226.921000000002,1.1671448942844402,-0.14292856895472564,0.5595889884285004,2.176559715710046,0.1883195251782599,1.404860163106969,2.458511378316608,-1.5382734818764954,51.93446644471704,42.59385848512875,15.26315017935032,11.323857699942494,401.92500000000007,1.5592993482309128,26341.2,24571.75,26341.2,21743.65,-2.145688123547905,18.544954503958618
2026-02-05,25755.9,25757.65,25579.5,25642.8,0,25453.73,25806.56,25639.26,25235.87675,0.7427987960900021,-0.6345673348172016,0.01380695074663182,1.6124791463803603,-0.516759776536313,1.2722817147269083,1.3954187244710203,-1.9048803113912216,49.12861948308797,42.784823760669944,15.343213572799813,11.34407623393553,400.88214285714304,1.5633321745563786,26341.2,24571.75,26341.2,21743.65,-2.651359846931808,17.932361861968886
2026-02-06,25605.8,25703.95,25491.9,25693.7,0,25444.572500000002,25802.737999999998,25646.142000000003,25243.7175,0.9790987842299126,-0.42258306075888863,0.18543919783333204,1.7825524311147989,0.19849626405852305,3.4974189793135713,2.575188682823226,-0.7077754827190974,51.86551724137932,44.00198569761048,14.97965138788738,11.338025113586278,401.74285714285725,1.563585070047744,26341.2,24571.75,26341.2,21743.65,-2.458126433116183,18.166453194380882
2026-02-09,25888.7,25922.25,25780.9,25867.3,0,25453.7725,25795.978000000003,25653.675,25252.21775,1.6246216548057864,0.2764849621130723,0.8327266951031382,2.4357553704367194,0.6756520080797968,3.1046220564085347,2.7483178022990717,0.7164188402580596,61.66654414467394,49.86868700757629,14.928568899835067,11.08648983095392,388.4857142857142,1.501840989533945,26341.2,24571.75,26341.2,21743.65,-1.799082805642877,18.96484720826539
2026-02-10,25922.65,25989.45,25870.45,25935.15,0,25461.017499999998,25790.37,25662.334499999997,25260.24875,1.862189914444713,0.5613723261822241,1.0630969680486562,2.6717917811478507,0.2623002787302875,0.80691709859666,2.3375521598879345,0.5618402303195991,64.32954356999392,53.58694258897928,14.886978624187169,11.10428842067431,369.9857142857142,1.4265801982472213,26341.2,24571.75,26341.2,21743.65,-1.5415015261263696,19.276892334083744
2026-02-11,25997.45,26009.4,25899.8,25953.85,0,25472.095,25785.388000000003,25669.481999999996,25268.784499999998,1.8913049751109883,0.6533235024425301,1.107805759383856,2.711113785469185,0.07210291824029103,0.6899829298572246,2.104536388278011,0.8609801688927998,62.769497067025625,52.390135577372575,14.856299559161478,11.10595401122974,357.9392857142858,1.37913752955452,26341.2,24571.75,26341.2,21743.65,-1.4705100754711333,19.362894454242948
2026-02-12,25906.7,25906.7,25752.4,25807.2,0,25479.175,25778.017000000003,25674.2515,25277.62375,1.287423945241561,0.11320886319532358,0.5178281438896174,2.0950396890055853,-0.5650414100412782,0.6411156347980729,1.9215541465167796,0.5517112399476387,65.13981198730616,51.06661729942185,14.979069510264878,11.1726280878856,349.2821428571427,1.353429054128858,26341.2,24571.75,26341.2,21743.65,-2.0272424946471688,18.688444672352613
2026-02-13,25571.15,25630.35,25444.3,25471.1,0,25468.0125,25766.795,25674.726500000004,25283.33675,0.012123050434335295,-1.1475816064822952,-0.7931009508514364,0.7426363531704334,-1.3023497318577881,-0.8663602361668521,2.600758495817801,-0.8688680585420494,55.446675262479225,47.427588943261476,15.702416432860547,11.477987552936513,352.7678571428569,1.384972997408266,26341.2,24571.75,26341.2,21743.65,-3.3031904393118086,17.142706031416054
2026-02-16,25423.6,25697.0,25372.7,25682.75,0,25472.875,25760.73,25678.2835,25290.07075,0.8239156357497927,-0.30270881298782903,0.017394075425635955,1.5527012711105248,0.8309417339651626,-0.7134490263769333,2.3690231341974677,0.3800981024408401,56.162099463534865,49.85366099813294,15.924727998563668,11.63846920871797,361.88214285714275,1.4090474846235033,26341.2,24571.75,26341.2,21743.65,-2.4996962932592317,18.11609366412722
2026-02-17,25637.95,25764.4,25570.3,25725.4,0,25497.519999999997,25754.563,25683.514,25297.026749999997,0.8937339788340384,-0.11323430337372384,0.16308516038732956,1.6933739060856399,0.16606477110123752,-0.8087479733103531,-0.008356800394904162,1.953433072426436,55.623234139360804,51.794878374217404,15.038541707047766,11.636937713389125,354.4357142857142,1.3777656101973699,26341.2,24571.75,26341.2,21743.65,-2.337782637085627,18.31224288470427
2026-02-18,25752.65,25828.05,25645.15,25819.35,0,25530.6125,25747.221,25690.0125,25304.39,1.1309462317051706,0.2801428550288871,0.5034544066492681,2.0350619003263826,0.36520326214557475,-0.518227546202199,0.16817970204840993,2.6308257974758886,59.16391032708558,58.06522545799374,14.98961543496488,11.587994225332704,352.83928571428544,1.3665692037726955,26341.2,24571.75,26341.2,21743.65,-1.9811170333925643,18.7443230552368
2026-02-19,25873.35,25885.3,25388.75,25454.35,0,25538.835,25737.096999999998,25693.986999999997,25309.356,-0.33080992143925353,-1.0985970950803015,-0.9326579016327783,0.5728869592730798,-1.4136684308474035,-1.367254099631121,-0.7349041446331972,0.6502595897966978,62.13717770572792,53.7784962386874,15.872259122444069,11.85561976611895,326.22499999999957,1.281608055204708,26341.2,24571.75,26341.2,21743.65,-3.36677903816076,17.06567204678146
2026-02-20,25406.55,25663.55,25379.75,25571.25,0,25564.965,25731.729,25700.790999999997,25315.314250000003,0.02458442638196397,-0.6236619389237286,-0.504035070360276,1.0109917952134324,0.4592535264110076,0.39319071418195684,-0.4765759699848604,2.0863399823942474,59.87524286736882,53.59538931414768,15.489974828534919,11.865313049047188,315.8749999999997,1.2352739893434999,26341.2,24571.75,26341.2,21743.65,-2.9229875632089684,17.603300273873053
2026-02-23,25678.4,25771.45,25609.35,25713.0,0,25591.845,25730.828999999998,25711.374,25321.80725,0.4734125265294426,-0.06929042200699366,0.006324049426530857,1.5448847949034061,0.554333479982394,0.11778333706475852,-0.5965060133836908,2.1354179079577706,49.626415385010425,58.7113016797136,15.507388941668937,11.91373155063597,240.68928571428555,0.9360606919234843,26341.2,24571.75,26341.2,21743.65,-2.384857181905155,18.25521474085537
2026-02-24,25641.8,25641.8,25327.6,25424.65,0,25595.940000000002,25721.351000000002,25719.271500000003,25327.5615,-0.669207694657828,-1.1535202797084838,-1.1455281694118011,0.3833314154621702,-1.121417181970208,-1.1690780318284633,-1.968371110249989,0.32316934823568566,41.96822493999318,53.13541732184414,15.950076268077368,12.106807140819582,250.0321428571429,0.9834241291704817,26341.2,24571.75,26341.2,21743.65,-3.479530165672024,16.929080444175653
2026-02-25,25512.6,25652.6,25428.2,25482.5,0,25599.120000000003,25710.062,25727.985500000003,25334.933999999997,-0.4555625349621495,-0.8851087173574366,-0.9541574873788795,0.5824605661100303,0.2275350889786143,-1.3046416737834132,-1.8161082074528379,0.2502075227488243,46.20483924428241,51.80777440010349,15.935213909298476,12.042386827131585,252.27857142857127,0.9900071477624695,26341.2,24571.75,26341.2,21743.65,-3.2599122287519195,17.195135131406172
2026-02-26,25556.3,25572.95,25400.95,25496.55,0,25607.915,25699.446999999996,25734.588,25337.79325,-0.4348850736188463,-0.7894994783350678,-0.9249730362887506,0.6265610759137458,0.0551358775630284,0.1657869872929485,-1.2037338417185905,0.6946899072496127,45.24951205995031,51.020864283554396,15.863735022871337,12.044033519260951,249.41785714285703,0.9782415940307886,26341.2,24571.75,26341.2,21743.65,-3.206573732403996,17.259751697622054
2026-02-27,25459.85,25476.4,25141.3,25178.65,0,25625.575,25685.818000000003,25737.431999999997,25340.79475,-1.7440584260060479,-1.9745059316390134,-2.171086843473722,-0.6398566090749758,-1.2468353561560175,-1.535317984064133,-1.1481639976286706,1.4227335254748619,34.485322279045675,48.2350601571045,14.848379381141777,12.274171537279171,258.4678571428571,1.026535803718059,26341.2,24679.4,26341.2,21743.65,-4.4134283935431915,15.797715654915342
2026-03-02,24659.25,24989.35,24603.5,24865.7,0,25614.44,25666.761000000002,25735.3125,25341.78875,-2.9231168044274947,-3.121005412408685,-3.3790633006690682,-1.878670660136408,-1.2429181072059148,-3.295220316571379,-3.1813181999591156,-0.8876612298911124,28.30246099535387,50.52401348765151,15.07107901165691,12.561257458910296,290.82499999999993,1.16958299987533,26341.2,24603.5,26341.2,21743.65,-5.601491200097186,14.358444879309587
2026-03-04,24388.8,24602.45,24305.4,24480.5,0,25552.0875,25640.06,25729.0345,25338.88075,-4.193737595803088,-4.522454315629531,-4.852628651883542,-3.3876032586798464,-1.5491218827541564,-3.713522113382095,-4.839186173975918,-4.847138573241527,23.97781663399212,42.32991823962852,12.544944467097615,12.990098971921316,323.0178571428569,1.3194904399128158,26009.4,24305.4,26341.2,21743.65,-7.06383915691009,12.58689318490685
2026-03-05,24615.95,24854.2,24529.4,24765.9,0,25501.5825,25616.05,25726.232000000004,25337.611249999994,-2.884850381343977,-3.318817694375198,-3.7328902265982906,-2.2563739113330703,1.165825861399905,-2.812125968802115,-4.080079475277254,-3.918761638733703,32.467926053136694,36.67724193347283,13.440780553941172,13.212001849904517,335.32142857142856,1.3539642353858674,26009.4,24305.4,26341.2,21743.65,-5.980365359209145,13.89946030220317
2026-03-06,24656.4,24700.9,24415.75,24450.45,0,25441.965,25581.611,25718.9185,25335.13625,-3.8971636035188295,-4.421773906264153,-4.932044479241999,-3.4919340526538467,-1.2737271813259343,-4.102908040499587,-3.94392314083839,-4.6498432308484166,32.69527474949564,32.90076237406639,13.939505148569358,13.31482962372044,334.4107142857143,1.367707810227273,26009.4,24305.4,26341.2,21743.65,-7.177919001412237,12.448691916950462
2026-03-09,23868.05,24078.15,23697.8,24028.05,0,25358.682500000003,25538.629,25706.3455,25331.856999999996,-5.24724618481265,-5.914878985868825,-6.5287207004978605,-5.146906521697154,-1.7275755660938863,-4.569744605052306,-6.034902478369264,-6.482717553330197,23.816380783593885,30.61640957925694,14.796961128732395,13.781799255368846,365.00714285714304,1.5190876615336786,26009.4,23697.8,26341.2,21743.65,-8.78149059268371,10.50605579100104
2026-03-10,24280.8,24303.8,24079.95,24261.6,0,25278.3975,25501.019,25696.688000000002,25329.09775,-4.02239698936612,-4.8602724463677385,-5.584719711738739,-4.21451154927144,0.9719889878704313,-2.429451010830186,-5.644615564111543,-6.2074511062229165,28.156803056077777,33.53112997079046,15.098508438201142,14.017272091639349,370.8392857142857,1.528503007692344,26009.4,23697.8,26341.2,21743.65,-7.89485672634505,11.580162484219517
2026-03-11,24231.85,24299.0,23834.3,23866.85,0,25174.982500000002,25457.51,25683.901500000004,25325.383499999996,-5.196160513716358,-6.248293725505754,-7.074670878955071,-5.759176361534656,-1.6270567481122433,-2.5066889973652584,-6.127124660516481,-7.974891219059854,23.264411885526485,28.10868780162177,15.619854492701382,14.398876095023066,390.9678571428573,1.6381208963179361,26009.4,23697.8,26341.2,21743.65,-9.393459675337503,9.764689920965418
2026-03-12,23674.85,23833.15,23556.3,23639.15,0,25059.2475,25411.451,25667.0575,25319.3135,-5.66695987179982,-6.974418737442421,-7.900818003777791,-6.635896743408935,-0.9540429507873815,-4.549602477600246,-7.233787893652499,-8.918522685458985,24.173353821637946,25.723741250607944,15.624428324252335,14.498859335419242,377.68214285714305,1.5976976450386033,25906.7,23556.3,26341.2,21743.65,-10.257884986257267,8.717487634320824
2026-03-13,23462.5,23492.4,23112.0,23151.1,0,24926.4425,25355.696,25642.715500000002,25310.063249999996,-7.122326019848209,-8.694677519402353,-9.716660078375877,-8.530058691180859,-2.0645835404403456,-5.3142171207482995,-9.199087719711097,-10.29208902941815,18.85544416847901,23.041408166209777,16.63066698021487,15.095368169111238,395.0642857142861,1.706460106492936,25885.3,23112.0,26341.2,21743.65,-12.11068592167404,6.472924279042373
2026-03-16,23116.1,23502.0,22955.25,23408.8,0,24823.3275,25301.28,25619.705,25302.976249999996,-5.698379880779481,-7.479779679130857,-8.629705142974919,-7.48598200972503,1.113122054675597,-2.5771962352334032,-7.029169554364523,-8.096627157837698,21.206857771224335,27.41321831503211,17.349741891164314,15.241776251631231,419.81785714285746,1.7934189584380982,25885.3,22955.25,26341.2,21743.65,-11.132370582965095,7.658097881450436
2026-03-17,23493.2,23656.8,23346.6,23581.15,0,24718.247499999998,25249.972,25597.085,25297.11975,-4.600235109709927,-6.609203368621558,-7.875642871053472,-6.783261363183452,0.7362615768429004,-2.804637781514807,-5.165951491411858,-8.182924336373631,26.275963246081403,31.63510217566639,17.262556084110436,15.37912031530693,414.44642857142884,1.7575327266542504,25885.3,22955.25,26341.2,21743.65,-10.478072373316323,8.450743090511482
2026-03-18,23632.9,23862.25,23618.45,23777.8,0,24620.8675,25198.957000000002,25576.177000000003,25291.840749999996,-3.4241990051731563,-5.63974532755464,-7.031453528023378,-5.986281366254438,0.8339287948212704,-0.3731116590584782,-2.8704479075182365,-7.570727763222351,28.818866330359583,31.435226242800482,17.720163518956852,15.423557043463735,418.24285714285753,1.7589636431581457,25885.3,22955.25,26341.2,21743.65,-9.731523241158342,9.355145065340905
2026-03-19,23197.75,23378.7,22930.35,23002.15,0,24480.0075,25135.426,25547.2845,25283.097999999998,-6.036997741932875,-8.48712888335371,-9.962446302267468,-9.021631763639078,-3.262076390582802,-2.694682338408949,-7.121687481577488,-10.911196447625516,23.939026683661766,26.77814634479111,20.184561201671382,16.872733111093154,466.48928571428615,2.0280247094914436,25885.3,22930.35,26341.2,21743.65,-12.676149909647242,5.787896696276844
2026-03-20,23110.15,23345.15,23067.6,23114.5,0,24363.015,25074.901,25520.478000000003,25275.0875,-5.1246325629237575,-7.818180418738249,-9.427636896142785,-8.548288903055237,0.4884326030392794,-0.15809184012853805,-5.463907617242225,-9.192338441170167,27.466349355370454,27.007199993199535,20.25706216186807,16.953283233717485,465.61428571428615,2.0143818196988303,25771.45,22930.35,26341.2,21743.65,-12.249631755576818,6.304599273810968
2026-03-23,22824.35,22851.7,22471.25,22512.65,0,24210.085,25007.617,25485.944,25264.938249999996,-7.011272368519143,-9.976828259965743,-11.666407177226782,-10.89370661731182,-2.6037768500291936,-3.8282611667406985,-6.306795599309966,-11.96108911375079,25.836662182561284,25.961789893443168,21.27916595508608,17.687276938542535,470.47857142857174,2.0898409180108595,25771.45,22471.25,26341.2,21743.65,-14.534455529740478,3.536664727403173
2026-03-24,22878.45,23057.3,22624.2,22912.4,0,24070.055,24952.199,25455.706000000002,25256.39925,-4.809523700714431,-8.174826595443548,-9.991103762747732,-9.28081325765389,1.7756683464629885,-2.8359515969322957,-5.561051208494073,-10.891766810562743,33.945245310836285,29.2330883444112,22.579820960551707,18.236894798100913,469.3607142857145,2.048500874136775,25652.6,22471.25,26341.2,21743.65,-13.016870909449832,5.3751325099511815
2026-03-25,23064.4,23465.35,23063.2,23306.45,0,23964.144999999997,24902.522999999997,25428.231499999998,25249.177000000003,-2.7444959959973376,-6.409282304447612,-8.344196095587684,-7.694219102666207,1.7198111066496713,-1.9823112314848235,-2.348026656219815,-8.331284796447546,35.38284340728126,31.91638049579572,23.867275647802384,18.700253195614685,482.16428571428565,2.0688019227050267,25652.6,22471.25,26341.2,21743.65,-11.52092539443913,7.187385742504129
2026-03-27,23173.55,23186.1,22804.55,22819.6,0,23831.0,24844.269000000004,25397.649000000005,25238.259749999997,-4.24405186521758,-8.149440822750732,-10.150738755386397,-9.583306352966746,-2.0889067189554966,-0.7936214658195162,-3.4669182267552,-10.44991660943786,34.20836036524548,30.991835037103485,24.439142882713032,19.177454372701497,493.0035714285714,2.160439146297794,25572.95,22471.25,26341.2,21743.65,-13.369170728744331,4.94834123985622
2026-03-30,22549.65,22714.1,22283.85,22331.4,0,23672.7425,24777.585,25363.742000000002,25224.40075,-5.666189711648318,-9.87257232696406,-11.955420458069636,-11.469056405631358,-2.139388946344356,-3.3879166756797585,-3.5406524959937014,-12.414032486748194,33.77793075753665,28.36615038172131,24.96727881601663,19.649493974003597,477.51071428571413,2.138292781848492,25476.4,22283.85,26341.2,21743.65,-15.222541114300029,2.703088027998979
2026-04-01,22899.0,22941.3,22618.6,22679.4,0,23547.78,24717.285999999996,25332.9025,25212.276500000004,-3.6877361687598467,-8.244780596057332,-10.474530109607452,-10.046203086817654,1.5583438566323604,0.7406946761043143,-3.1159222172857937,-9.926068315815185,35.19620501880651,31.506876292381932,26.038635052250836,20.058275283438157,501.3785714285711,2.210722379906748,24989.35,22283.85,26341.2,21743.65,-13.901416791945694,4.303555290855031
2026-04-02,22383.4,22782.3,22182.55,22713.1,0,23440.15,24659.838,25304.057,25200.135,-3.101729297807407,-7.894366540445243,-10.239294829283708,-9.869133637577736,0.14859299628737777,-0.869834674673986,-3.681118181259191,-8.65690489308566,38.42279017028406,33.18763595202212,25.9865149067991,20.0726800803026,511.02499999999964,2.2499130457753442,24854.2,22182.55,26341.2,21743.65,-13.773480327395873,4.458543068895962
2026-04-06,22780.3,22998.35,22542.95,22968.25,0,23364.5375,24614.553,25278.6425,25190.53525,-1.696106760084588,-6.6883318986129865,-9.139701627569604,-8.82190564013522,1.123360527625028,-1.4511004464429433,-3.404646350797802,-6.177365658381162,43.30479212821586,36.95865837313996,26.202792436726263,20.1218855683499,521.371428571428,2.269965837934662,24854.2,22182.55,26341.2,21743.65,-12.804845641049006,5.6319891094641354
2026-04-07,22838.7,23153.85,22719.3,23123.65,0,23282.425,24573.875999999997,25254.956000000002,25182.5605,-0.68195215919303,-5.901494741814418,-8.439159426767564,-8.175937867795447,0.6765861569775655,1.3324072288734445,0.528211493273445,-6.631093560096746,49.706583433989316,40.370052306971665,25.89421695928507,20.21126187494417,514.7571428571422,2.2261067904813565,24700.9,22182.55,26341.2,21743.65,-12.214895297101117,6.346680525118828
2026-04-08,23855.15,24025.15,23828.5,23997.35,0,23259.769999999997,24548.025,25239.186,25177.81475,3.1710545719067813,-2.2432558220060588,-4.920269615668282,-4.6885115397078,3.7783827380192925,7.46012341366864,3.8194639728309054,-1.853135627360647,55.5590188244406,44.96577473553203,29.421161796346713,22.017519191533673,540.096428571428,2.2506502950176914,24303.8,22182.55,26341.2,21743.65,-8.898038054454627,10.364865144536436
2026-04-09,23909.05,23990.75,23682.8,23775.1,0,23247.1225,24522.554000000004,25219.9875,25172.423249999996,2.271152053334761,-3.048026726743083,-5.729136463687783,-5.551008085802776,-0.926143928392098,4.831256558815467,5.607736095039884,-1.0527279575329729,51.81480476462275,45.52158142187384,28.958783262298756,22.012033373480506,540.4071428571422,2.2729962980477145,24303.8,22182.55,26341.2,21743.65,-9.741773343659371,9.342727646922192
2026-04-10,23880.55,24074.05,23856.35,24050.6,0,23236.572500000002,24500.057999999997,25201.7355,25168.616,3.503216750232834,-1.8345181060387645,-4.567683443864413,-4.4421036103058,1.1587753574117565,5.888672175968934,4.967615788830493,-0.8696870775216858,52.51549129536736,50.152506035992765,29.052545403831804,22.152011292671357,541.6821428571423,2.2522604128676305,24299.0,22182.55,26341.2,21743.65,-8.695883255128855,10.609764230016564
2026-04-13,23589.6,23907.4,23555.6,23842.65,0,23235.3625,24470.056,25181.370500000005,25163.862999999998,2.6136347130370883,-2.563974516445729,-5.316313105357005,-5.250437899777138,-0.8646353937115769,3.806994437974165,2.3006506782457192,-0.10139586916579901,58.65655962263376,47.15678889182972,28.618692526176925,22.153016713507526,516.5071428571422,2.1663160045428764,24074.05,22182.55,26341.2,21743.65,-9.485330964420752,9.653393059582912
2026-04-15,24163.8,24280.9,24145.8,24231.3,0,23264.97,24446.304,25164.583,25159.457499999997,4.153583692564392,-0.8794949126051971,-3.708716333586769,-3.6890998146521943,1.6300620946077649,4.790117477128386,6.186348577538614,2.504954704378104,60.88286883648413,52.47539547235939,28.931969030857278,22.479154432121998,523.3107142857136,2.1596477047690947,24280.9,22182.55,26341.2,21743.65,-8.009885654412106,11.440811455298434
2026-04-16,24385.2,24400.95,24102.8,24196.75,0,23317.2525,24423.825999999997,25146.416,25155.581749999998,3.7718744950761303,-0.9297314843300853,-3.7765461288797617,-3.8116063445839314,-0.14258417831481962,0.8309250813110625,8.35303653152064,4.516632039082391,68.4510375353332,53.88934614901719,27.770984843497214,22.469041014522666,498.66071428571377,2.0608582321415634,24400.95,22182.55,26341.2,21743.65,-8.141049003082626,11.281914489977526
2026-04-17,24165.9,24371.9,24096.05,24353.55,0,23364.489999999998,24414.388,25130.850999999995,25152.12775,4.2331760718937215,-0.24918912569096446,-3.0930150355831403,-3.1749908315410824,0.6480209118993274,2.4330076424494473,7.3818090425672445,4.0358753972864925,66.67708152519819,58.79363175638618,27.624771160195472,22.10921335924138,479.46071428571406,1.968750815736162,24400.95,22182.55,26341.2,22182.55,-7.5457837911712495,9.786972192105956
2026-04-20,24391.5,24480.65,24241.25,24364.85,0,23403.675,24399.917,25113.972999999998,25147.728249999996,4.106940469819373,-0.14371770199055486,-2.982893228403167,-3.113117185843608,0.046399806188412995,1.3066202090592283,7.272234965724622,3.323417220958258,63.438293550025406,57.253078224454356,27.559729533396126,21.969351982864175,457.0642857142858,1.8759166820821218,24480.65,22182.55,26341.2,22182.55,-7.502885214037333,9.837913134423227
2026-04-21,24374.55,24601.7,24354.9,24576.6,0,23443.614999999998,24376.897999999997,25097.8175,25142.866249999995,4.832808421397471,0.8192264659761105,-2.0767443224894055,-2.2521944967193113,0.8690798424779933,3.0783071512604288,7.002492571266861,3.359436112676528,73.98372873952341,57.50710778953402,27.571106618744288,21.26077752783086,438.8428571428571,1.7856125629373352,24601.7,22182.55,26341.2,22182.55,-6.699011434558797,10.79249229687299
2026-04-22,24470.85,24515.95,24352.9,24378.1,0,23512.4125,24348.94,25080.917,25136.56775,3.6818318834785675,0.11975880674887636,-2.802198181190914,-3.017387885026586,-0.8076788489864373,0.605827999323183,5.424965349328481,5.981832133083209,80.33766156765094,54.52585231984801,24.73839998625045,21.31300089827181,416.55357142857116,1.7087204147516466,24601.7,22182.55,26341.2,22182.55,-7.452583785097118,9.897644770326222
2026-04-23,24202.35,24310.2,24134.8,24173.05,0,23565.34,24319.545,25063.0525,25129.84775,2.578829755904218,-0.6023755789838954,-3.5510538869916273,-3.8074156259064544,-0.8411237955377904,-0.09794703834192786,0.7321641764611586,4.579592896233953,73.11972757526512,59.65881906521704,25.05396925476539,21.357808918467647,390.36785714285696,1.6148887175712496,24601.7,22182.55,26341.2,22182.55,-8.231022125036072,8.97326952942741
2026-04-24,24100.55,24206.0,23813.65,23897.95,0,23634.605,24283.63,25043.183999999997,25121.628500000003,1.1142348264335333,-1.5882304251876687,-4.57303671929255,-4.8710158260639895,-1.1380442269386726,-1.8707744866764742,0.5167170695391521,6.153429294196822,67.06465225469165,56.29373157349317,23.33154954325904,21.469293199705177,375.55357142857116,1.571488648309044,24601.7,22182.55,26341.2,22182.55,-9.275393679862724,7.733105526641443
2026-04-27,23945.45,24130.7,23936.2,24092.7,0,23693.62,24248.138,25022.057999999997,25114.825,1.684335276753834,-0.6410306638802463,-3.7141549268249503,-4.0698073747278745,0.8149234557775831,-1.1169779415838743,0.1750476079598995,5.151359089401364,66.48149505313307,63.581430130910555,22.77321121430671,21.498622351768898,359.6499999999999,1.492775820061678,24601.7,22182.55,26341.2,22182.55,-8.53605758279805,8.611047873215664
2026-04-28,24049.9,24181.8,23957.05,23995.7,0,23728.0825,24209.349,24999.859500000002,25107.777,1.1278513550346947,-0.8825061756100819,-4.0166605736324295,-4.429213307096035,-0.40261157944107007,-2.363630445220244,0.6419169010156045,2.9573358447983367,63.00460802004269,59.82282108012043,22.209406503765013,21.487558764683673,344.66428571428565,1.4363585380475905,24601.7,22182.55,26341.2,22182.55,-8.904302005983023,8.173767217925809
2026-04-29,24096.9,24334.7,24059.95,24177.65,0,23795.984999999997,24173.825,24979.606499999998,25101.360249999998,1.6039050285163843,0.015822899354987173,-3.210444888313179,-3.6799210911289024,0.75826085506987,-0.8222544004659826,-0.2214078485264781,5.95124366772426,53.38769681710577,58.21561268176763,20.63787377277782,21.578456617715293,304.4857142857142,1.259368525417955,24601.7,22182.55,26341.2,22182.55,-8.213558987441722,8.994006550193744
2026-04-30,23996.95,24087.45,23796.85,23997.55,0,23879.292500000003,24137.632,24957.824500000002,25094.0415,0.4952303339807746,-0.5803469039547962,-3.847588959526513,-4.369529316351852,-0.7449028338155417,-0.7260151284178007,-0.8232510564435302,7.461019013586245,54.246931021974476,61.79046513257333,18.981158671788297,21.60075959717142,309.2178571428573,1.288539276479713,24601.7,22182.55,26341.2,22182.55,-8.897278787602696,8.182107106712259
2026-05-04,24063.55,24290.2,24004.75,24119.3,0,23951.2875,24110.595999999998,24938.695499999998,25087.0255,0.70147586011817,0.03610031041954145,-3.285638978189532,-3.8574740556627587,0.5073434579780045,0.9262300741276874,-0.961872088463489,6.348933393299627,51.393396073340924,69.31236362850787,18.46599475866147,21.48004635775281,308.7678571428574,1.280169230213387,24601.7,22182.55,26341.2,22182.55,-8.43507509149166,8.73096194982092
2026-05-05,24052.6,24081.7,23882.05,24032.8,0,24017.2725,24077.596999999998,24919.163499999995,25079.808999999997,0.06465138787095889,-0.18605261978593074,-3.556955272595711,-4.17470882653053,-0.3586339570385566,-0.2486230268919698,-1.3628239041077572,5.810303305141096,54.05653333333329,65.49434446123553,18.613659612421284,21.380680385391223,290.3571428571431,1.20817026254595,24601.7,22542.95,26341.2,22182.55,-8.763458004950426,8.34101579845419
2026-05-06,24171.0,24356.5,23997.9,24330.95,0,24085.4075,24049.708,24902.135499999997,25074.687499999996,1.0194658321641414,1.1694196037640125,-2.2937209541727697,-2.966088809681061,1.2405961852135494,1.3971253182861965,-0.9995280063149425,5.932972690561966,52.21125041606572,67.4644040718072,18.68784279988221,21.590660335864694,284.6678571428573,1.1699825002429305,24601.7,22719.3,26341.2,22182.55,-7.631580945439084,9.685090307471421
2026-05-07,24398.5,24482.1,24284.0,24326.65,0,24145.557500000003,24019.854,24883.5375,25070.5715,0.7500033908929161,1.2772600532875933,-2.2379756093762677,-2.9673097001398507,-0.017672963858783586,0.6162716393032452,-0.2110500818357286,5.202465873683426,52.92172739541164,65.50330974663324,18.662346579988895,21.565116541640922,277.52142857142854,1.1408123542346706,24601.7,23555.6,26341.2,22182.55,-7.647905182755528,9.665705701102905
2026-05-08,24233.65,24253.8,24126.65,24176.15,0,24154.4975,23994.29,24865.693499999998,25066.04075,0.08964169095217213,0.757930324256315,-2.773071661966702,-3.55018472552351,-0.6186630711585872,0.7442426414363323,0.01282419884955921,0.7450822695006076,45.99855641268557,62.0255478622518,13.47450141774113,21.391100922534868,272.10357142857123,1.1255041494554394,24601.7,23555.6,26341.2,22182.55,-8.219253488831182,8.987244478204726
2026-05-11,23970.1,23997.45,23799.1,23815.85,0,24156.534999999996,23959.182,24845.455499999996,25059.141,-1.4103222999490521,-0.59823411333493,-4.144039540752223,-4.961427049714119,-1.4903117328441629,-1.2581210897497086,-0.3435441115242188,0.17139780694928053,39.30116537397203,47.65060708830611,14.14352386734856,21.578679299581484,281.9357142857142,1.183815460232216,24601.7,23555.6,26341.2,22182.55,-9.587072722579085,7.362994786442494
2026-05-12,23722.6,23757.55,23348.4,23379.55,0,24122.982500000002,23912.513000000003,24821.671000000002,25049.978499999997,-3.0818432173550785,-2.2288038066095495,-5.809927139877097,-6.668382968871603,-1.8319732447088732,-2.718160181085849,-2.960025235859831,-2.790159081270316,28.549413135023784,45.148709143312686,14.8925943649908,21.851022165193065,297.6964285714283,1.2733197541074501,24601.7,23348.4,26341.2,22182.55,-11.243413360059531,5.3961334472366795
2026-05-13,23362.45,23582.95,23262.55,23412.6,0,24101.48,23872.271999999997,24796.8115,25041.48425,-2.8582477092693104,-1.9255477652064232,-5.582215681237893,-6.504743224236011,0.14136285771111368,-3.774410781329962,-2.430018711685855,-1.80370051147839,31.608122523620878,41.680358866025074,14.667285058006884,21.75515382288892,304.60357142857146,1.3010241127793218,24601.7,23262.55,26341.2,22182.55,-11.117944512778468,5.545124433394715
2026-05-14,23530.25,23777.2,23426.55,23689.6,0,24074.394999999997,23836.414,24773.237999999998,25035.090249999997,-1.5983579234285985,-0.6159231837473628,-4.374228350771099,-5.3744174139735685,1.1831236171975679,-2.6187329533659653,-2.018599822563416,-2.235538332652398,41.03643274311672,48.03950452816168,14.046009844595023,21.946622493642977,313.2678571428574,1.32238559174852,24601.7,23262.55,26341.2,22182.55,-10.066359922858496,6.793853727366779
2026-05-15,23731.4,23839.3,23610.3,23643.5,0,24046.7325,23799.353000000003,24749.4,25027.854249999997,-1.6768702359041847,-0.6548623401653094,-4.468391152916844,-5.5312542424606645,-0.1946001620964366,-2.203204397722558,-1.47535894289208,-2.2864640912519274,44.844493972241914,41.746236800718954,14.048860166521504,21.94257257121735,301.60000000000036,1.2756148624357662,24601.7,23262.55,26341.2,22182.55,-10.241370932227843,6.586032714904285
2026-05-18,23482.2,23695.65,23317.1,23649.95,0,24011.552499999998,23768.779,24727.2985,25020.7995,-1.5059521869733214,-0.49993733376038335,-4.356919539754818,-5.4788397149339705,0.027280225008996517,-0.6965949147311523,-1.9459519969484917,-2.889106516298434,40.28822742328195,42.26087694964193,13.77364867772818,21.798433190164094,312.0142857142863,1.3193020945680067,24601.7,23262.55,26341.2,22182.55,-10.21688457625317,6.615109624457069
2026-05-19,23675.3,23782.3,23587.2,23618.0,0,23974.21,23743.825,24705.293,25012.79,-1.4858049545740992,-0.5299272547704539,-4.401052843210568,-5.576307161256304,-0.13509542303472566,1.019908424242555,-1.7259745015145933,-3.0652764125369103,41.47173049132948,39.20800504717052,13.755621415563594,21.645220143312933,309.89642857142906,1.3121196907927388,24601.7,23262.55,26341.2,22182.55,-10.338177455848635,6.471077491090973
2026-05-20,23457.25,23690.9,23397.3,23659.0,0,23928.329999999998,23727.395,24683.7275,25005.774500000003,-1.1255695654481452,-0.2882533038287618,-4.151429317148315,-5.385853975448763,0.173596409518173,1.052424762734594,-2.7617088523054,-3.733632805188669,37.49306711037159,39.733240243778305,13.284382027580003,21.39358385679478,306.65357142857204,1.2961391919716472,24515.95,23262.55,26341.2,22182.55,-10.182527751203441,6.655907458790809
2026-05-21,23830.05,23859.9,23596.6,23654.7,0,23892.16,23705.171000000002,24660.6105,24999.863,-0.9938825120876436,-0.21291135170466124,-4.079017021902188,-5.380681486134545,-0.018174901728729154,-0.14732203160879864,-2.762197014385459,-2.967417477161871,40.966458514478475,35.729543976966696,13.089099521331812,21.20920654131318,298.2607142857149,1.2608940899090453,24482.1,23262.55,26341.2,22182.55,-10.198851988519884,6.636522852422294
2026-05-22,23671.2,23835.65,23671.0,23719.3,0,23869.4725,23690.548,24636.079500000003,24995.055,-0.6291404219343372,0.12136485825486353,-3.7212881213506557,-5.104029577050344,0.27309583296342144,0.32059551250871454,-1.889672259644326,-1.8770903961229601,39.133387666395,39.3611523803372,12.90191784027734,21.04625831245782,290.2821428571434,1.2238225531830342,24482.1,23262.55,26341.2,22182.55,-9.953608795347218,6.927742752749346
2026-05-25,23940.25,24054.45,23922.85,24031.7,0,23876.16,23690.621,24614.625,24991.108000000004,0.6514447884416961,1.4397216518722813,-2.368205893853753,-3.838997454614669,1.3170709085006838,1.6141683174805799,0.9063291883346647,0.5596714362529065,49.97338366240809,47.79385369355873,13.200543485232513,20.909199569776064,297.27500000000066,1.2370119467203762,24482.1,23262.55,26341.2,22182.55,-8.767633972636023,8.33605694566225
2026-05-26,24004.1,24089.8,23885.45,23913.7,0,23867.21,23683.662999999997,24592.341,24986.401249999995,0.1947860684177229,0.9712897873948128,-2.7595624182341956,-4.2931402536409475,-0.4910181135749814,1.2520111779151577,2.284688969633719,-0.7429636362881742,38.93969516235918,50.25849759556205,12.984369733497282,20.820381610381222,286.25714285714355,1.197042460418687,24482.1,23262.55,26341.2,22182.55,-9.215601415273412,7.804107282526136
2026-05-27,23880.35,23983.2,23858.25,23907.15,0,23862.7825,23684.468999999997,24570.989499999996,24982.09525,0.1859276050477361,0.9401984059680804,-2.7017206612700506,-4.3028626672136205,-0.02739015710658821,1.0488608986009673,2.1123241331590714,-0.369024450213995,38.89330156208631,46.75413277355027,12.91123171945356,20.492695619795718,281.0321428571437,1.1755150356991264,24482.1,23262.55,26341.2,22182.55,-9.240467404674044,7.774579568174094
2026-05-29,23902.15,24002.8,23484.75,23547.75,0,23831.2875,23682.641,24547.046000000002,24977.007250000002,-1.189769961022872,-0.5695775230473646,-4.070941978110124,-5.722291849036487,-1.5033159535954743,-0.45213002067242547,-0.5987859651492622,-2.605298695282632,35.01954801182414,42.822809350616055,13.591779063989346,20.66219777808465,303.7500000000008,1.2899321591234865,24482.1,23262.55,26341.2,22182.55,-10.604869937588267,6.154387119605278
2026-06-01,23654.5,23733.7,23357.95,23382.6,0,23800.54,23687.270999999997,24521.483500000002,24970.3065,-1.7560105779112674,-1.28622246100025,-4.644431483927159,-6.358378100004501,-0.7013408924419595,-1.4195191257752149,-1.1034745278829305,-2.5625532606453616,38.61216979892233,37.19251896837796,13.566428875660366,20.18255610690939,303.6571428571434,1.2986457573458188,24482.1,23262.55,26341.2,22182.55,-11.231834540567636,5.409882993614347
2026-06-02,23229.15,23556.95,23229.15,23483.55,0,23768.7525,23688.766,24495.022999999997,24964.4765,-1.199905211684961,-0.8663009293097004,-4.129300062302445,-5.932135208202749,0.43173128736753164,-2.2809455843739834,-0.7035955678553307,-2.6358559328007014,53.31865466845364,41.503289582437944,13.522176264676721,20.051664028883327,293.68214285714356,1.2505866568604131,24482.1,23229.15,26341.2,22182.55,-10.848594597057087,5.864970438475288
2026-06-03,23415.95,23459.65,23151.5,23405.6,0,23737.392499999998,23685.255,24467.6135,24958.6335,-1.3977630441085709,-1.1807134860908293,-4.340486660049624,-6.222430006033789,-0.33193448179683616,-2.1247234848643326,-0.8993140824794743,-2.6097666522419405,49.78285147040576,38.02878325337986,13.516520165181223,19.997166962001213,294.5142857142863,1.2583069253267865,24482.1,23151.5,26341.2,22182.55,-11.144518852595942,5.513568097445963
2026-06-04,23282.45,23465.3,23247.3,23416.55,0,23691.6725,23678.03,24438.4935,24952.7355,-1.1612624646909218,-1.1043148437602266,-4.181695978927675,-6.156381131038717,0.04678367570154496,-2.0521057507900453,-1.0247685870070633,-3.758176314529438,39.855099386959,39.39456519868521,12.541616909463785,19.904765289158107,284.04285714285754,1.2130004511461234,24482.1,23151.5,26341.2,22182.55,-11.102948992452893,5.5629312229658
2026-06-05,23478.95,23516.35,23282.65,23366.7,0,23643.675,23685.321,24410.3735,24947.7525,-1.1714549451385985,-1.3452255935226682,-4.275532695147007,-6.33745464646564,-0.21288362290772245,-0.7688632671911333,-1.217517026214665,-3.946083821652391,39.74434975917012,31.854876648915166,12.525509439618796,18.478878961364323,284.37857142857166,1.2170249604290364,24253.8,23151.5,26341.2,22182.55,-11.292196255295886,5.338205030530762
2026-06-08,23080.7,23267.3,23070.15,23123.0,0,23591.017499999998,23685.491,24380.196,24940.44225,-1.9838800933448426,-2.374833605940454,-5.1566279450747645,-7.287129200766278,-1.0429371712736502,-1.1102272630075238,-2.513986500444787,-4.356152654579004,33.3953048684418,29.221978629011375,12.801926473052912,18.606305166275217,278.52142857142854,1.2045211632202937,24089.8,23070.15,26341.2,22182.55,-12.217362914369886,4.239593734714903
2026-06-09,23259.05,23279.4,23104.45,23242.1,0,23562.33,23700.08,24353.8485,24934.215749999996,-1.3590761185332825,-1.932398540426881,-4.5649807667975,-6.786320319699637,0.5150715737577194,-1.0281665250782002,-3.285660190498396,-2.409109899499706,38.77173068881053,33.6992373606045,12.122353930438626,17.648022027529937,277.08214285714297,1.1921562288138463,24089.8,23070.15,26341.2,22182.55,-11.7652195040469,4.776502250642957
2026-06-10,23233.95,23425.35,23184.6,23214.95,0,23554.1,23706.131,24329.165,24927.19375,-1.439876709362692,-2.0719576720469504,-4.579750270919697,-6.868979184630432,-0.11681388514805935,-0.8145486550227177,-2.9219652333181356,-0.7040340810665624,36.62540284931179,38.13341759153208,10.299825549467496,17.213316953817255,273.3071428571428,1.177289388334426,24089.8,23070.15,26341.2,22182.55,-11.868289979196089,4.654108747641734
2026-06-11,23104.4,23327.45,23072.05,23161.6,0,23541.55,23703.234,24302.878499999995,24919.84525,-1.613954901015442,-2.285063717465734,-4.696063061007349,-7.055602602508136,-0.22980880854794883,-1.0887598728249959,-3.1185231196525054,-1.0720723029479906,35.57427886021878,44.92891877428511,10.300601854468626,16.781206430941474,272.74285714285696,1.1775648363794253,24089.8,23070.15,26341.2,22182.55,-12.07082441194783,4.413604387232303
2026-06-12,23412.55,23645.35,23313.9,23622.9,0,23538.215000000004,23719.3,24281.7845,24913.575,0.3597766440658209,-0.4064200882825286,-2.7134929065860054,-5.180609366580264,1.9916586073501108,1.0964321020940027,0.3191387712201843,-0.28155815210049173,47.711083673663275,54.080009312432146,11.867056199184782,16.677823994422873,294.37142857142834,1.2461273957533932,24089.8,23070.15,26341.2,22182.55,-10.319575417976399,6.493166926255108
2026-06-15,23984.85,24011.4,23817.8,23853.9,0,23548.735,23749.75,24263.6675,24907.94125,1.2958870189842506,0.4385309319045525,-1.6888110587568763,-4.231747776424511,0.9778646990843631,3.160922025688717,2.0156013445895793,0.8898851692854315,45.60857538035964,53.24549620733254,12.34713600017822,16.00429452909656,298.18214285714254,1.2500351844232704,24089.8,23070.15,26341.2,22182.55,-9.442622203999814,7.53452601256394
2026-06-16,23923.9,24002.6,23888.2,23989.15,0,23565.695,23775.945,24246.6155,24902.63425,1.7969128430118515,0.8967256611672081,-1.0618616029111299,-3.668223372794377,0.5669932380029996,3.214210419884611,2.1529964592235995,1.4342525037050802,51.847770185879085,56.595492968496586,12.483478710696225,15.703405720093858,294.20714285714246,1.2264175381668063,24089.8,23070.15,26341.2,22182.55,-8.929167995383654,8.144239503573765
2026-06-17,24044.5,24108.2,23969.7,24085.7,0,23589.08,23803.397,24231.6175,24897.644,2.105296179418608,1.1859777829189668,-0.6021781253356263,-3.2611278400478354,0.4024736182815847,3.750815745887892,2.905714871654652,1.9802692861377036,54.188070274200705,58.03833311811691,12.509776309168274,15.716361140433122,295.17499999999956,1.2255197067139405,24108.2,23070.15,26341.2,22182.55,-8.562631922615523,8.579491537266913
2026-06-18,24073.8,24189.25,24036.95,24168.0,0,23614.530000000002,23827.392000000003,24220.9725,24894.133499999996,2.343768857563532,1.429480826101306,-0.2187050912179511,-2.9168860205557925,0.3416965253241422,4.345122962144243,3.209055134082517,2.1514011581216463,66.72238548434927,59.96088090408576,12.536909575420177,15.557444318391827,269.04999999999956,1.1132489241972838,24189.25,23070.15,26341.2,22182.55,-8.250193613047244,8.950503887064386
2026-06-19,23991.2,24047.2,23901.9,24013.1,0,23632.45,23845.181,24209.528499999997,24889.360249999998,1.6107090039331422,0.7042051809126467,-0.8113685485448351,-3.5206218287591358,-0.6409301555776348,1.6517870371546062,2.7663298625822064,1.5151322992893457,67.09320609445317,56.15890353776042,12.81283830863766,15.590316653904534,261.2178571428566,1.0878139729683238,24189.25,23070.15,26341.2,22182.55,-8.838245789865313,8.252207252998414
2026-06-22,24106.6,24168.05,24073.15,24102.9,0,23651.63,23847.292,24197.6585,24886.314499999997,1.9079868913897284,1.0718533576055518,-0.391601939501708,-3.147973156089446,0.373962545443951,1.0438544640499092,4.2377719154089055,1.6172484010910981,66.89305294165783,57.57043443010606,12.838154471950267,13.11386240154389,248.8714285714281,1.0325372821172063,24189.25,23070.15,26341.2,22182.55,-8.49733497334973,8.657029962740994
2026-06-23,24071.3,24135.5,23784.95,23824.1,0,23641.25,23848.271999999997,24185.412999999997,24882.930500000002,0.7734362607730071,-0.10135744845579865,-1.4939294193570245,-4.25524839206541,-1.1567072841857318,-0.6880193754259856,2.5040766540028736,-0.8638589862556612,60.287610619468985,51.650705645161274,12.687302400969205,13.20857343281665,250.19285714285667,1.0501670877089027,24189.25,23070.15,26341.2,22182.55,-9.555752964937064,7.400186182382094
2026-06-24,23795.8,24090.05,23789.25,24021.65,0,23646.6475,23847.693000000003,24173.875500000002,24880.904499999997,1.5858590525358924,0.7294500143053607,-0.6297107801353592,-3.453469708064655,0.8292023623138078,-0.26592542462955393,3.474915948559021,0.45141487933695323,63.6246960281005,49.83576016080797,12.928506634789255,13.080947117939054,256.1071428571423,1.0661513378853755,24189.25,23070.15,26341.2,22182.55,-8.80578713194539,8.29075106333583
2026-06-25,24125.85,24261.6,24039.0,24056.0,0,23654.090000000004,23851.96,24161.008,24878.05925,1.699114191245557,0.8554433262507605,-0.4346176285360347,-3.3043544182410387,0.14299600568652426,-0.46342270771267957,3.861563967946946,0.6226170831738598,65.62967665865486,52.39087334923886,12.933378081168378,12.9328119996227,256.55357142857093,1.0664847498693504,24261.6,23070.15,26341.2,22182.55,-8.6753830501268,8.445602511884346
2026-06-29,24061.75,24120.0,23924.55,23946.25,0,23674.015000000003,23846.259000000005,24146.281500000005,24874.8925,1.1499316867037421,0.41931524772919104,-0.8284153400597296,-3.733252314557748,-0.4562271366810755,-0.27838971228203446,1.3687989196923267,1.6923060589652872,69.8742244646693,50.63492579000355,11.763589685741687,12.436535799555019,249.33214285714243,1.0412158181641904,24261.6,23070.15,26341.2,22182.55,-9.092030735122169,7.950844244687833
2026-06-30,24032.05,24035.55,23829.2,23865.75,0,23698.1725,23839.639000000003,24131.7325,24870.645999999997,0.7071325858565651,0.1095276652469324,-1.102210543731157,-4.04049014247558,-0.33616954637991636,-0.9839065008774961,0.04967741124093372,2.0662800543994386,65.34156601313617,55.67816584529673,11.507836562717786,12.453878012381665,251.57499999999942,1.0541256822014788,24261.6,23070.15,26341.2,22182.55,-9.3976356430231,7.587946381277179
2026-07-01,23897.65,24049.9,23895.1,24005.85,0,23724.2875,23832.685,24123.5365,24867.00375,1.186811195067502,0.7265861987434367,-0.487849283623899,-3.4630378418630405,0.5870337198705222,0.7628829630500267,0.06961480502643003,2.2241100685373327,68.43160102540186,61.22912275012158,11.579335984655916,12.437682099924881,247.5321428571424,1.0311325900026136,24261.6,23070.15,26341.2,22182.55,-8.865769213247695,8.21952390505149
2026-07-02,24062.2,24194.55,24058.8,24175.7,0,23762.792500000003,23828.902,24114.4095,24864.177249999997,1.7376219566786921,1.4553671000031916,0.25416546069684665,-2.7689524695613903,0.7075358714646818,0.6412964971182156,0.37366570205557004,3.290238233585141,72.41600353669313,62.16838663173993,11.63782388220688,12.545498916253974,242.76785714285663,1.004181294203918,24261.6,23070.15,26341.2,22182.55,-8.220961839248021,8.985215856608015
2026-07-03,24375.65,24378.15,24252.35,24270.85,0,23805.5075,23822.787,24099.8425,24861.66575,1.9547682400805733,1.8808168834318093,0.7095793260889556,-2.3764125700225924,0.3935770215546919,0.8931243764549235,0.4255627275736362,3.6482744042141135,67.08864097898027,65.12013979903884,11.656373187844096,12.41842482801861,222.67499999999953,0.9174585974533217,24378.15,23070.15,26341.2,22182.55,-7.859740634443389,9.414156623111406
2026-07-06,24306.85,24458.65,24287.1,24430.35,0,23858.690000000002,23823.832000000002,24086.386000000002,24859.474499999997,2.396024257828054,2.545845689308069,1.4280432107996452,-1.7262010104034906,0.6571669307008143,2.021610899410131,1.7375932303617558,4.551990653365667,65.79877764683299,66.84165060801377,11.67468437229847,12.377183908377734,208.33928571428547,0.8527887881847188,24458.65,23070.15,26341.2,22182.55,-7.2542253200309865,10.133190277943696
2026-07-07,24464.45,24530.9,24348.95,24398.7,0,23922.475,23828.345,24073.945,24856.6025,1.9907012129806896,2.3935988840181706,1.3489895403516168,-1.8421765404181851,-0.12955197121612416,2.233116495396126,1.227238216148252,5.517017688016268,61.9003341566177,67.24829522663455,10.77405725319106,12.22854236541025,210.71428571428572,0.8636291512018498,24530.9,23072.05,26341.2,22182.55,-7.374379299348549,9.99051055897542
2026-07-08,24259.55,24300.0,23805.2,23882.05,0,23954.4725,23828.027000000002,24055.8285,24850.985249999998,-0.30233393784814333,0.22672040786254527,-0.7223966532684599,-3.8989812285209045,-2.117530852053595,-0.5157076295986163,0.24324108780604536,2.7534086851016104,45.243711609874566,61.62564518846393,13.651559582440958,12.886218005409456,243.21428571428572,1.0183978582838815,24530.9,23072.05,26341.2,22182.55,-9.335755394590988,7.661427563557842
2026-07-09,23928.95,24134.7,23925.7,23962.8,0,23991.864999999998,23825.429,24036.7835,24845.229249999997,-0.12114522985186309,0.5765730388317423,-0.30779284591052747,-3.5517050018767584,0.3381200525080619,-0.8806363414503027,-0.24498733434215048,3.2214155102638475,45.20403870424905,61.16948732254664,13.633805944385152,12.775490363218342,250.382142857143,1.0448784902312878,24530.9,23072.05,26341.2,22182.55,-9.029201403125148,8.025452438966665
2026-07-10,24124.7,24228.45,24120.35,24206.9,0,24044.129999999997,23829.653000000002,24019.501,24840.91775,0.6769635665753101,1.583099006938957,0.7801952255377881,-2.5523121020760158,1.0186622598360895,-0.2634847976069943,0.6272863318922628,4.513073362807418,54.34821628898367,64.4046875680699,13.875835535179917,12.946811109731676,250.35000000000036,1.0342092543861476,24530.9,23313.9,26341.2,22182.55,-8.102516210347286,9.125866953979603
2026-07-13,24039.4,24259.8,24000.2,24211.0,0,24073.534999999996,23830.32,24002.0725,24835.77725,0.571021248021962,1.5974607139140402,0.8704560824903833,-2.5156339731626445,0.016937319524590322,-0.8978586062008853,1.1056010857649845,2.489533461175375,52.522400597349225,65.46009016176079,12.211066935794179,12.83613973073296,257.8250000000002,1.064908512659536,24530.9,23784.95,26341.2,22182.55,-8.08695123988277,9.144349950749579
2026-07-14,24068.0,24157.1,24023.7,24052.05,0,24083.4425,23831.41,23984.521,24829.38625,-0.13034889011403475,0.925836952156836,0.2815524229147567,-3.1307106916507057,-0.656519763743757,-1.4207724182026205,0.7806165739605797,0.8306817753071627,55.63409871721991,56.9406931797965,12.075978135417035,12.81105969490911,246.1642857142859,1.0234648843416088,24530.9,23784.95,26341.2,22182.55,-8.690378570452378,8.42779572231326
2026-07-15,24085.85,24220.35,24010.55,24078.5,0,24087.91,23830.594000000005,23970.595,24822.660749999995,-0.0390652406124062,1.0402846022218135,0.45015570118304876,-2.9979088764688355,0.10996983625095602,0.8225843258849341,0.30263456615784445,0.3724600496474384,51.53495153495149,53.88985105645996,11.921507459288057,12.762329676687415,239.6642857142859,0.9953455809717628,24530.9,23784.95,26341.2,22182.55,-8.589965529284925,8.547033591719622
2026-07-16,24142.1,24186.5,24050.0,24072.75,0,24087.2625,23831.393000000004,23954.495,24816.389249999997,-0.06024968590764819,1.0127691654449082,0.49366517641052765,-2.9965650623407942,-0.023880225097083763,0.4588361961039622,-0.4258408236369582,-0.053766342684669066,50.45934457699163,51.515865820489545,11.83645414939673,12.736079955053107,232.2750000000004,0.9648876842072486,24530.9,23784.95,26341.2,22182.55,-8.611794451277849,8.521112315761718
2026-07-17,24127.6,24367.3,24099.05,24334.3,0,24095.5775,23831.46,23940.584,24812.049,0.990731597945722,2.109984029513929,1.644554702592052,-1.9254717738144067,1.0864982189404904,0.5262962213253175,0.2614247131847547,0.6880999668983812,59.82380192906507,54.253207869974304,12.40333556297185,12.66378037263439,239.35357142857174,0.9836057393414717,24530.9,23784.95,26341.2,22182.55,-7.618863225669299,9.700192268246887
2026-07-20,24190.05,24266.1,24135.85,24238.5,0,24106.8475,23829.696999999996,23924.7755,24807.394,0.5461207650647815,1.7155190852825513,1.3112954811216526,-2.293243699842072,-0.39368299067571444,0.11358473421172466,-0.7852937023006157,0.9386543178515172,59.36393096691537,51.20061307901908,12.25419859632144,12.695093847023312,238.7892857142862,0.9851652772006774,24530.9,23784.95,26341.2,22182.55,-7.982552047742702,9.268321270548249
2026-07-21,24216.05,24262.2,24135.65,24187.7,0,24111.0875,23829.928000000004,23912.109000000004,24803.048,0.31774800701129413,1.5013557741340937,1.1525164927944944,-2.4809370203210435,-0.20958392639808254,0.5639851904515547,-0.864800173779745,0.35182488414255975,54.782883143526,53.08273597231544,12.224345757217362,12.62628349338312,234.67500000000032,0.9702245356110764,24530.9,23784.95,26341.2,22182.55,-8.175405828132355,9.039312432520163
2026-07-22,24150.45,24166.3,23961.4,23996.25,0,24119.695,23833.536,23896.359000000004,24798.575,-0.5118016625002916,0.6827102784916176,0.41801765699952853,-3.235367354777445,-0.7915180029519187,-0.3415910459538596,0.47818340552843175,0.7225876318517788,45.33326398460456,48.182236539346505,11.819995494127756,12.294030403333915,237.3607142857145,0.9891575320548607,24530.9,23789.25,26341.2,22182.55,-8.902214022140225,8.176246644321779
2026-07-23,23904.8,23990.75,23807.2,23869.6,0,24112.0925,23843.336999999996,23877.925,24794.649500000003,-1.0056883283771423,0.11014817263205505,-0.034864838548578775,-3.7308432208328033,-0.5277908006459442,-0.8439002606681845,-0.3889361844191863,-0.6329706743708363,39.73338791802063,50.81793341482707,11.595586855036155,11.61459448826769,236.40357142857152,0.9903960327302156,24530.9,23805.2,26341.2,22182.55,-9.383019756123495,7.605302366048986
2026-07-24,23666.35,23823.6,23606.3,23767.45,0,24097.665,23850.433999999997,23861.353,24790.312249999995,-1.3703194894609088,-0.3479349683951108,-0.39353594073227294,-4.126056338802247,-0.4279501960652743,-2.3294280090242925,-1.8153914792889636,-1.1994928500166258,32.52583298186424,45.26805658972447,11.66006360444323,11.66031430129191,241.7964285714284,1.0173427463671048,24530.9,23606.3,26341.2,22182.55,-9.7708153007456,7.144805263596843
2026-07-27,23928.4,24011.6,23891.55,23995.95,0,24100.15,23856.561,23846.4875,24787.2365,-0.43236245417559943,0.5842795195837288,0.6267694560886649,-3.1923143187018783,0.9613988879749513,-1.000680735194004,-0.8882326215356673,0.20754815472150412,40.38163016741098,48.95751957363333,12.095212767469269,11.557989967774636,246.23928571428536,1.0261701900290898,24530.9,23606.3,26341.2,22182.55,-8.903352922418113,8.174894229923979
2026-07-28,23971.25,24041.15,23954.6,23985.35,0,24106.129999999997,23863.397999999997,23831.3755,24782.981750000003,-0.5010343842001966,0.5110420569610461,0.6460999282227762,-3.2184656311583812,-0.0441741210496005,-0.8365822298110337,-0.2773152392415601,0.5011365659993938,53.25333837238597,50.70298453793597,12.027588945717211,11.547999681399952,210.02857142857127,0.8756535611469971,24530.9,23606.3,26341.2,22182.55,-8.943594065570293,8.127108921201572
2026-07-29,24176.65,24283.55,24136.75,24250.2,0,24118.3475,23875.403,23822.091,24779.7615,0.5466896104718654,1.5698038688603595,1.797109246203452,-2.137072626788598,1.1042156983325224,1.0582903578684189,0.7130842868118936,1.0178768925074522,58.11085398205116,56.48237138954931,12.478224155782595,11.796483034182687,213.28214285714265,0.8795067374996604,24530.9,23606.3,26341.2,22182.55,-7.938134936904924,9.321065432062596
2026-07-30,24249.55,24342.95,24187.1,24317.15,0,24125.42,23889.386000000002,23816.605499999998,24775.959,0.7947219157221023,1.7906027388062598,2.1016618006289924,-1.8518314467665915,0.27608019727671795,1.8749790528538535,1.0152558390711608,0.5850916416070717,53.45708820670408,55.38171634050208,12.270587226748143,11.798908683130401,205.43928571428555,0.8448329089317027,24530.9,23606.3,26341.2,22182.55,-7.683970358222098,9.622879245172454
2026-07-31,24361.45,24429.4,24299.7,24383.6,0,24131.057500000003,23903.877999999997,23815.6365,24772.335499999997,1.0465455150483807,2.0068793858469394,2.3848344343011703,-1.5692323398413481,0.2732639310116358,2.5924110495656683,0.2025946914437693,0.46454903721955265,55.208521938559905,53.727409638554185,12.230936595146796,11.805916608624303,196.16071428571428,0.80447806839726,24530.9,23606.3,26341.2,22182.55,-7.431703946669105,9.922439034285956
2026-08-03,24572.7,24774.3,24515.15,24774.3,0,24148.254999999997,23926.27,23815.7205,24770.97625,2.5925061665946543,3.5443468622564187,4.024986353026774,0.01341792090248992,1.6023064682819665,3.2436723697123915,2.2105328300018545,1.4078799525999441,69.12080057183701,58.161363010034535,13.291919154911792,12.298797569217673,210.68928571428583,0.8504348688531496,24774.3,23606.3,26341.2,22182.55,-5.948476151428187,11.683733385025617
2026-08-04,24703.9,24703.9,24427.95,24614.9,0,24159.065000000002,23944.182,23817.365,24768.14175,1.8868072915901302,2.801173161814426,3.348544223930732,-0.6187050750385722,-0.6434086936865979,2.6247271772144476,1.7661869462578084,0.8861127846975458,63.26671943015438,52.99181324471107,13.519121676419665,12.402399004080587,220.4428571428572,0.8955667386130237,24774.3,23606.3,26341.2,22182.55,-6.553611832414617,10.965150534992606
2026-08-05,24669.2,24677.6,24497.95,24624.65,0,24196.195,23956.041,23823.331000000002,24764.83825,1.7707536246918236,2.790982867327704,3.3635892478679805,-0.5660777937849009,0.039610154824920585,1.5441109764043226,2.6187425118508134,3.1094483095044367,63.62312401263828,53.68916028540174,10.840129685121958,12.07278629167949,223.5249999999999,0.90772863776744,24774.3,23606.3,26341.2,22182.55,-6.516597573383138,11.009104002921227
2026-08-06,24641.0,24677.05,24604.15,24636.0,0,24229.855,23970.487,23827.075,24761.8815,1.6762172121954526,2.776384977076181,3.394982388732143,-0.5083680737265441,0.04609202567344983,1.3112145132139208,3.2107785635285158,2.8093544994741926,58.49667680522702,64.74257445102756,10.824404429720268,12.008682119790498,207.69285714285692,0.843046180966297,24774.3,23606.3,26341.2,22182.55,-6.473509179536243,11.060270347638125
2026-08-07,24538.9,24630.4,24522.75,24570.65,0,24248.042500000003,23983.756999999998,23834.112999999998,24759.007249999995,1.3304476021105547,2.447043638742686,3.0902639422746883,-0.7607625301696768,-0.2652622178925146,0.7671139618432132,3.37941175851848,1.5026707261152739,59.51746468380189,61.95778332972681,10.394287101687457,12.029678269691587,201.6071428571426,0.820520185087259,24774.3,23606.3,26341.2,22182.55,-6.721599623403638,10.765669411316562
2026-08-10,24581.25,24620.95,24511.1,24583.8,0,24266.682500000003,24004.478,23843.559499999996,24755.3085,1.3068020319629459,2.4133913680605765,3.10457211726296,-0.692815038035175,0.05351913767033256,-0.7689420084523113,2.449788401792796,1.5397959605138123,61.60018743044572,58.15553728307437,10.3923116447219,11.48624892994647,200.41428571428565,0.8152290765230993,24774.3,23606.3,26341.2,22182.55,-6.671677827889395,10.82495024242028
2026-08-11,24575.1,24576.85,24429.25,24471.7,0,24287.665,24026.26,23856.765499999998,24749.7405,0.7577303128975134,1.8539714462425794,2.577610531486354,-1.1234077383558796,-0.4559913438931251,-0.5817614534286197,2.027696072811125,1.74475772335414,64.60272121379657,55.389258692686184,10.227279654689308,11.412428298707734,195.28928571428565,0.7980209209588449,24774.3,23606.3,26341.2,22182.55,-7.09724689839491,10.31959806244098
2026-08-12,24472.45,24473.3,24265.95,24435.95,0,24305.5375,24045.308000000005,23867.037,24743.371,0.5365546842977744,1.6246080108435133,2.383676700212098,-1.242437823043588,-0.1460871128691532,-0.7663053078927007,0.76597306413968,1.48451938451315,68.42327835789354,58.36201263341326,10.260479712436076,11.398104069396636,196.59642857142848,0.8045376937316882,24774.3,23606.3,26341.2,22182.55,-7.232965848177001,10.158435346702706
2026-08-13,24431.6,24431.6,24311.4,24395.85,0,24321.692499999997,24065.112999999998,23875.183999999997,24736.1345,0.3049027118486971,1.3743421857192235,2.180783193126391,-1.375657542612414,-0.1641024801573132,-0.9747929858743398,0.32363990023500655,1.3421815122908631,71.30169491525422,56.87157612108351,10.29055494698482,11.372953087903195,186.68571428571417,0.765235539182747,24774.3,23606.3,26341.2,22182.55,-7.3851988519885285,9.977662622196274
2026-08-14,24361.9,24405.2,24296.8,24366.0,0,24323.2775,24084.102,23881.065999999995,24728.621500000005,0.17564450350081257,1.1704733686977453,2.0306212461370228,-1.466404020943928,-0.12235687627197844,-0.8329042984210888,-0.07217966173985735,0.13026879754092224,64.49641555999533,56.284153005464496,9.574454540942574,11.382243712973025,176.98928571428587,0.7263780912512758,24774.3,23606.3,26341.2,22182.55,-7.498519429638743,9.843097389614814
2026-08-17,24343.45,24360.1,24226.95,24287.65,0,24325.735,24102.521,23893.921000000002,24720.60275,-0.15656258690641467,0.768089777828638,1.6478207992735865,-1.7513842780390814,-0.32155462529753764,-1.2046550980727044,-1.9643340074189664,0.2027765744579968,61.24544304739249,48.91514150833706,9.537649257356426,11.399326541203832,180.73928571428561,0.7441612742043203,24774.3,23606.3,26341.2,22182.55,-7.795962218881446,9.489891829388426
2026-08-18,24223.85,24269.65,24154.9,24154.9,0,24324.094999999998,24123.159,23904.325,24712.4015,-0.6955860022746831,0.1315789528228944,1.0482412701467234,-2.2559584101933536,-0.5465740818893505,-1.2945565694250871,-1.8687867917399625,-0.13560611385124988,46.06848184818481,48.08870598994058,9.714778917694044,11.200623249537733,168.9214285714284,0.6993257209569421,24774.3,23606.3,26341.2,22182.55,-8.299925591848508,8.891448458360298
2026-08-19,24152.05,24172.85,24025.65,24078.3,0,24328.1975,24139.883,23919.981499999998,24702.96275,-1.0271928284041558,-0.255108941497365,0.6618671506915723,-2.528695672343997,-0.31711992183781623,-1.4636222450938097,-2.218711738034862,0.3419284263166178,40.224286825195264,47.528018799710736,9.344261019134319,11.1939331689473,168.3035714285709,0.698984444203166,24774.3,23606.3,26341.2,22182.55,-8.590724796136856,8.546131982121082
2026-08-20,24225.45,24265.15,24184.55,24231.85,0,24346.31,24160.220999999998,23933.176,24694.440999999995,-0.4701328455934503,0.296474937046316,1.2479497079702213,-1.873259653862976,0.6377111340916786,-0.6722454843754111,-1.6404854684202053,1.517620739350467,44.20248328557781,55.41634098119452,9.356027146060427,11.256072538969388,172.38571428571387,0.7114013758161836,24774.3,23606.3,26341.2,22182.55,-8.007797670569307,9.238342751396928
2026-08-24,24285.05,24313.0,24144.3,24219.05,0,24368.89,24181.37,23942.301999999996,24685.266750000003,-0.6148823356336712,0.15582243685945127,1.1558955358595147,-1.888643759541319,-0.05282304075008293,-0.6030944759090606,-1.4309755745167574,1.9000776271749675,20.1751087715526,58.47747507338497,9.180625416545077,11.237350908916053,156.528571428571,0.6463035149131408,24774.3,23891.55,26341.2,22182.55,-8.056390749092682,9.180639737090642
2026-08-25,24175.75,24267.05,24115.45,24260.15,0,24382.1,24194.115,23956.7075,24677.178249999997,-0.5001620040931548,0.2729382744522784,1.266628563211372,-1.6899349097986751,0.16970112370222612,-0.11322626931794533,-1.3165173813649567,1.1010191303115757,28.17057411851566,62.31750000000004,8.602428028630346,10.36361522192777,142.61785714285674,0.5878688183826428,24774.3,23954.6,26341.2,22182.55,-7.900361411021514,9.365920509589754
