datetime,open,high,low,close,volume,dma_20,dma_50,dma_100,dma_200,distance_dma_20_pct,distance_dma_50_pct,distance_dma_100_pct,distance_dma_200_pct,return_1d_pct,return_5d_pct,return_10d_pct,return_20d_pct,rsi_14,rsi_21,historical_volatility_20d,historical_volatility_50d,atr_14,atr_14_pct,high_20d,low_20d,high_52w,low_52w,distance_52w_high_pct,distance_52w_low_pct
2021-01-04,6016.15,6091.7,5974.1,6086.25,0,,,,,,,,,,,,,,,,,,,,,,,,
2021-01-05,6051.05,6151.35,6020.2,6141.4,0,,,,,,,,,0.9061408913534574,,,,,,,,,,,,,,,
2021-01-06,6165.1,6233.15,6098.15,6191.7,0,,,,,,,,,0.8190314911909358,,,,,,,,,,,,,,,
2021-01-07,6252.25,6357.5,6245.0,6320.7,0,,,,,,,,,2.083434274916418,,,,,,,,,,,,,,,
2021-01-08,6384.15,6410.0,6351.25,6389.7,0,,,,,,,,,1.0916512411599966,,,,,,,,,,,,,,,
2021-01-11,6420.0,6428.35,6302.3,6359.75,0,,,,,,,,,-0.4687231012410531,4.493735880057503,,,,,,,,,,,,,,
2021-01-12,6347.05,6460.1,6322.65,6427.7,0,,,,,,,,,1.068438224772983,4.661803497573835,,,,,,,,,,,,,,
2021-01-13,6472.35,6504.75,6275.3,6385.15,0,,,,,,,,,-0.6619786237689995,3.124343879709923,,,,,,,,,,,,,,
2021-01-14,6398.8,6424.55,6345.75,6390.9,0,,,,,,,,,0.09005270040640667,1.1106364801366952,,,,,,,,,,,,,,
2021-01-15,6404.2,6438.0,6252.45,6328.3,0,,,,,,,,,-0.9795177518033382,-0.9609214830117119,,,,,,,,,,,,,,
2021-01-18,6330.15,6331.6,6106.55,6164.4,0,,,,,,,,,-2.5899530679645455,-3.0716616219191084,1.2840418977202672,,,,,,,,,,,,,
2021-01-19,6209.05,6361.85,6207.7,6347.3,0,,,,,,,,,2.967036532347045,-1.2508362244659788,3.352655746246791,,,,,,,,,,,,,
2021-01-20,6367.15,6444.1,6352.15,6437.15,0,,,,,,,,,1.4155625226474067,0.8143896384579907,3.9641778509940773,,,,,,,,,,,,,
2021-01-21,6486.4,6512.6,6291.5,6331.75,0,,,,,,,,,-1.6373705754875956,-0.9255347447151396,0.17482240891040224,,61.64279616807361,,,,152.6107142857145,2.410245418497485,,,,,,
2021-01-22,6346.55,6399.9,6209.2,6244.0,0,,,,,,,,,-1.3858727839854645,-1.3321113095144055,-2.2802322487753712,,56.906440173372445,,,,157.83214285714308,2.527740916994604,,,,,,
2021-01-25,6326.1,6352.2,6120.45,6183.6,0,,,,,,,,,-0.9673286354900612,0.3114658360911182,-2.7697629623805953,,51.839100496818645,,,,165.01785714285734,2.668637317143045,,,,,,
2021-01-27,6180.2,6181.15,6055.1,6069.15,0,,,,,,,,,-1.8508635746167346,-4.382178249019275,-5.578200600525851,,44.942011638945054,,,,164.55357142857162,2.7113116569630282,,,,,,
2021-01-28,5971.5,6096.95,5968.85,6046.3,0,,,,,,,,,-0.3764942372490254,-6.071786427223225,-5.306844788297838,,37.587080430652314,,,,161.86071428571444,2.677020893533474,,,,,,
2021-01-29,6119.9,6160.75,5977.5,6002.65,0,,,,,,,,,-0.7219291136728367,-5.197615193272009,-6.07504420347682,,32.08018889763413,,,,168.5714285714287,2.808283484318238,,,,,,
2021-02-01,6041.55,6293.75,5946.5,6279.45,0,6256.365,,,,0.3689842264637699,,,,4.611296677300869,0.5677450352338242,-0.7719292701041436,,46.973922218872474,,,,184.37142857142868,2.936107916639653,6512.6,5946.5,,,,
2021-02-02,6349.45,6489.15,6345.6,6468.7,0,6275.4875,,,,3.0788444722421904,,,,3.0137989792099695,4.610582832007237,4.93640905846473,6.283836516738539,51.41564809060148,60.33956040985157,29.410014496336295,,189.5321428571429,2.9299881406950843,6512.6,5946.5,,,,
2021-02-03,6518.35,6642.9,6457.1,6584.6,0,6297.6475,,,,4.5565030433983535,,,,1.791704670181038,8.492952060832248,3.738597513903552,7.216595564529271,56.55460251733546,62.67840333782787,29.80885823049011,,186.41428571428574,2.8310646920737135,6642.9,5946.5,,,,
2021-02-04,6596.7,6713.4,6559.8,6698.35,0,6322.98,,,,5.936599514785763,,,,1.7275157184946766,10.784281295999198,4.057696340771932,8.182728491367474,59.43416490226765,63.758986140961994,30.16445780624449,,191.7571428571428,2.862751914384032,6713.4,5946.5,,,,
2021-02-05,6745.2,6771.4,6550.8,6581.4,0,6336.014999999999,,,,3.872860149478816,,,,-1.7459523614024475,9.641574971054446,3.9428278122161986,4.124543167687111,57.51573821118896,59.320290825600296,30.410207616201568,,194.2607142857142,2.9516624773712916,6771.4,5946.5,,,,
2021-02-08,6634.55,6710.2,6632.35,6695.9,0,6351.325,,,,5.425245913254318,,,,1.7397514206703768,6.631950250420027,7.237347853939768,4.792087265442824,66.25978952520802,59.03617359472086,30.741925805011522,,187.3857142857142,2.7985142293898386,6771.4,5946.5,,,,
2021-02-09,6721.45,6748.6,6642.05,6674.15,0,6367.045,,,,4.82335212017505,,,,-0.3248256395704807,3.176063196623735,7.933081053108215,4.943590549943,61.092821992194104,57.01012889075091,30.701400804934707,,180.89285714285703,2.710350488719268,6771.4,5946.5,,,,
2021-02-10,6693.6,6769.15,6650.05,6749.95,0,6383.157499999999,,,,5.746254890310955,,,,1.135725148520783,2.51116240925795,11.217386289678121,5.013457379778141,60.71820175438596,59.4037692196462,30.725844652083733,,182.4857142857141,2.7035120895075386,6771.4,5946.5,,,,
2021-02-11,6732.7,6782.45,6723.5,6758.45,0,6401.8225,,,,5.570718338410657,,,,0.12592685871746223,0.8972358864496321,11.778277624332233,5.846377923776269,65.66101446083826,58.20617789356159,30.538129568652238,,170.9035714285712,2.5287391551105833,6782.45,5946.5,,,,
2021-02-12,6761.4,6795.6,6702.25,6739.1,0,6419.2325,,,,4.982955516878385,,,,-0.28630825115225633,2.3961467165040995,12.268747969646743,5.4483719038007195,69.13208130458304,58.884064155016205,30.60191529057301,,163.94999999999982,2.432817438530365,6795.6,5946.5,,,,
2021-02-15,6781.85,6876.9,6765.55,6859.65,0,6445.8,,,,6.420459834310706,,,,1.788814530130134,2.4455263668812233,9.239662709313713,8.396409778297475,74.96399689819427,61.12442746279991,30.664655564856076,,157.23928571428547,2.2922348183112184,6876.9,5946.5,,,,
2021-02-16,6883.45,6922.25,6821.6,6885.5,0,6481.8550000000005,,,,6.227306843488469,,,,0.37684138403564216,3.166695384430973,6.443334827708824,11.69781325027579,82.25532419297483,63.45828703927345,28.534680930805045,,155.24999999999974,2.254738217994332,6922.25,5946.5,,,,
2021-02-17,6876.05,6945.75,6862.15,6907.6,0,6509.87,,,,6.109645814739779,,,,0.3209643453634392,2.335572856095247,4.905385292956299,8.827375419469696,84.05155372815683,69.27086034330759,27.095934768383813,,152.07142857142838,2.201508897032665,6945.75,5946.5,,,,
2021-02-18,6939.45,6972.65,6895.1,6927.15,0,6534.370000000001,,,,6.01098499166712,,,,0.28302159939774807,2.496134468702138,3.4157665693790085,7.61206434524595,87.26019667902627,66.42681095781748,26.850873465194645,,144.52142857142832,2.086304303666419,6972.65,5946.5,,,,
2021-02-19,6916.2,6945.55,6688.75,6767.75,0,6556.17,,,,3.2271890448234246,,,,-2.3010906361201844,0.425130952204289,2.831464430060482,6.88593200931813,71.73700142450144,59.01062959934588,27.60532823720641,,138.06071428571406,2.039979524741813,6972.65,5946.5,,,,
2021-02-22,6785.45,6812.65,6627.45,6665.85,0,6577.2625,,,,1.3468749346707776,,,,-1.5056702744634443,-2.825217030023386,-0.44878209053300644,6.756085842408721,59.51633923830674,59.12342981977063,27.708193900847938,,136.31071428571406,2.0449112159096594,6972.65,5946.5,,,,
2021-02-23,6698.95,6782.15,6638.2,6762.95,0,6606.2300000000005,,,,2.3723061413241644,,,,1.4566784431092827,-1.7798271730448123,1.3305065064465271,9.369137719127995,58.76800550612063,64.09922025701633,27.524640211010688,,133.32142857142838,1.9713502032608312,6972.65,5946.5,,,,
2021-02-24,6800.25,6828.2,6746.6,6815.4,0,6643.5425000000005,,,,2.5868352614587646,,,,0.7755491316659091,-1.3347617117378086,0.9696368121245413,12.295791008625589,56.123463248757496,67.23968565815322,26.140395898974063,,128.17857142857125,1.8807197145959336,6972.65,5946.5,,,,
2021-02-25,6893.0,6976.0,6890.65,6959.6,0,6689.2074999999995,,,,4.042220248063779,,,,2.1157965783373145,0.468446619461127,2.976274145699098,15.105105601772983,69.23702950152601,73.9091909889107,26.4084675549531,,123.89285714285701,1.7801720952764097,6976.0,5946.5,,,,
2021-02-26,6853.9,6934.7,6744.55,6796.5,0,6728.9,,,,1.0046218549837325,,,,-2.343525489970688,0.4248088360237823,0.8517457820777175,13.224992295069683,54.87592089957351,68.7325209748302,28.15166411913722,,130.0535714285713,1.9135374299797145,6976.0,5946.5,,,,
2021-03-01,6859.3,6929.6,6827.15,6914.0,0,6760.6275,,,,2.2686133794533188,,,,1.7288310159641052,3.722706031488854,0.792314476686129,10.105184371242704,60.63777886193289,71.94701986754967,24.359523894026978,,131.94999999999987,1.9084466300260325,6976.0,6345.6,,,,
2021-03-02,6964.75,7046.45,6951.25,7033.05,0,6788.844999999999,,,,3.5971509144781013,,,,1.7218686722591858,3.993819265261478,2.1429090116912297,8.724318642076456,62.092089526738455,69.64034401876467,22.979380158656546,,132.90357142857133,1.8897003636910203,7046.45,6457.1,,,,
2021-03-03,7097.65,7162.6,7081.45,7151.05,0,6817.1675000000005,,,,4.897671943662814,,,,1.6777927072891607,4.9248760160812255,3.5243789449302287,8.602648604319164,65.33473947347866,68.46934632561917,22.893187129439784,,137.9464285714285,1.929037394108956,7162.6,6550.8,,,,
2021-03-04,7075.7,7208.9,7047.0,7165.0,0,6840.5,,,,4.743805277392004,,,,0.19507624754406816,2.9513190413242185,3.4335910150639304,6.966641038464694,66.7058915823331,66.62751389445941,22.37575963399746,,142.842857142857,1.9936197786860714,7208.9,6550.8,,,,
2021-03-05,7138.3,7149.85,6913.15,6964.85,0,6859.672500000001,,,,1.5332729077080542,,,,-2.7934403349616166,2.477010225851539,2.912341620183967,5.82626796730179,53.88392527504987,57.27466288147624,23.930063107102917,,150.98928571428567,2.167875628538815,7208.9,6627.45,,,,
2021-03-08,7027.35,7061.1,6965.2,6977.6,0,6873.7575,,,,1.5107093900243158,,,,0.1830620903537028,0.9198727220133041,4.676822910806577,4.207052076643936,53.433492394870285,61.46743849493491,23.313034492593047,,150.67499999999998,2.1594101123595504,7208.9,6627.45,,,,
2021-03-09,7020.45,7047.75,6870.9,6931.65,0,6886.6325,,,,0.6536939498368749,,,,-0.6585358862646329,-1.441764241687471,2.494473565529831,3.858169205067319,50.880920112816355,57.105397992706244,23.445534697515946,,157.33571428571426,2.269816195072086,7208.9,6627.45,,,,
2021-03-10,6992.75,7019.8,6945.65,6996.95,0,6898.9825,,,,1.420028243295294,,,,0.9420556433172411,-2.154928297243064,2.6638201719634935,3.659286365084191,52.4737737453927,59.48017621145375,23.352898881767555,,158.0928571428572,2.2594538640815958,7208.9,6627.45,,,,
2021-03-12,7059.4,7089.7,6931.45,6964.75,0,6909.297499999999,,,,0.802577975546736,,,,-0.46020051593907985,-2.7948360083740353,0.07399850566123245,3.0524750497525455,57.67373013399813,56.474169630478045,23.466692058790656,,151.0535714285715,2.168829770323005,7208.9,6627.45,,,,
2021-03-15,7004.2,7004.2,6812.75,6926.95,0,6918.69,,,,0.11938676252296633,,,,-0.5427330485659909,-0.5441610372082795,1.9193702641065125,2.7874642014512174,60.70520705207049,54.99052244994669,23.549010655129468,,151.50000000000006,2.187109766924838,7208.9,6627.45,,,,
2021-03-16,6952.65,6976.85,6905.0,6937.05,0,6922.5599999999995,6607.775,,,0.20931562890030123,4.983144855870555,,,0.14580731779498812,-0.5811453795001142,0.33338154469193526,1.1283374516192657,57.68653421633555,55.89505345602906,22.738959444060495,,146.3500000000001,2.1096863940724098,7208.9,6627.45,,,,
2021-03-17,6940.15,6953.85,6722.7,6741.85,0,6915.3775,6620.887,,,-2.50929902235994,1.826990854850727,,,-2.813876215394151,-2.7381647948179655,-4.140451155615265,-2.086268244862388,47.11625171534997,46.64119525547447,24.88011271111781,25.743394786289908,157.03214285714304,2.329214427154906,7208.9,6627.45,,,,
2021-03-18,6808.9,6850.25,6580.2,6650.5,0,6902.522499999999,6631.0689999999995,,,-3.6511652080815264,0.2930296759089748,,,-1.3549693333432256,-4.951443128791833,-6.99967137693066,-3.7219873762232902,37.35683900523561,43.540761915232814,25.218624569700044,25.93217889334527,164.85000000000016,2.4787609954138814,7208.9,6580.2,,,,
2021-03-19,6596.25,6772.3,6468.05,6753.25,0,6893.827499999999,6642.3,,,-2.0391792512939935,1.6703551480661791,,,1.544996616795724,-3.036720628881151,-5.746685275645502,-2.510411929870149,48.1390645841401,45.93762337149624,25.912530773343857,26.076086070790804,171.22142857142873,2.535393011830285,7208.9,6468.05,,,,
2021-03-22,6752.3,6815.6,6713.95,6797.1,0,6895.295,6651.828,,,-1.4240870042543459,2.1839410159132187,,,0.6493169955206879,-1.8745623975920056,-2.408522796614432,0.4336744117321212,44.6297317162808,46.62041007250333,24.698124465824876,25.736223906892775,168.97500000000016,2.485986670786073,7208.9,6468.05,,,,
2021-03-23,6824.55,6882.45,6817.25,6862.7,0,6905.1375,6661.2880000000005,,,-0.6145786380068464,3.023619456177234,,,0.965117476570887,-1.0717812326565324,-1.6466980050447222,2.95311175619013,41.77013382288998,52.5939079360743,24.208659359113753,25.71418161327546,165.61071428571444,2.4132005520526096,7208.9,6468.05,,,,
2021-03-24,6833.1,6877.85,6678.9,6694.65,0,6901.722500000001,6667.986,,,-3.0003017362694764,0.3998808635770945,,,-2.4487446631792142,-0.7001045707038966,-3.4190993486399313,-1.009914312541127,28.967741935483872,50.75933347395063,25.368657882285422,26.338114132578156,170.56785714285732,2.5478233685533573,7208.9,6468.05,,,,
2021-03-25,6715.95,6720.15,6475.55,6550.95,0,6888.5,6670.451,,,-4.900195978805258,-1.791498056128442,,,-2.146490107772625,-1.4968799338395677,-6.374205904001029,-3.8801831147108,24.725252109487556,44.54451878538343,26.230724631495246,26.726358013345536,176.47500000000016,2.693884093146798,7208.9,6468.05,,,,
2021-03-26,6632.9,6726.05,6628.85,6681.2,0,6874.58,6676.372,,,-2.8129718470073826,0.07231472422446682,,,1.988261244552314,-1.0668937178395566,-4.071215765102842,-4.000229898270025,37.6119142245709,46.67953285827396,26.085884749433664,27.02294292568982,170.9928571428573,2.55931355359602,7208.9,6468.05,,,,
2021-03-30,6755.3,6779.5,6706.35,6761.8,0,6872.844999999999,6683.79,,,-1.6157064505310272,1.1671521696522513,,,1.206370113153321,-0.5193391299230576,-2.38416619146955,-0.5105569042889724,41.10249855693906,44.9468628653178,25.230202731973133,27.135773479173288,171.1392857142859,2.5309723108386213,7208.9,6468.05,,,,
2021-03-31,6766.55,6802.35,6732.45,6772.1,0,6865.75,6692.666,,,-1.3640170411098516,1.186881281689542,,,0.15232630364696575,-1.3201801040406802,-2.377811894104842,-2.052357535435345,43.22246293700356,49.323874972289964,24.39294053658834,27.017084488349326,163.5000000000002,2.414317567667344,7208.9,6468.05,,,,
2021-04-01,6832.05,6930.25,6789.4,6917.35,0,6859.965000000001,6707.725,,,0.8365203029461419,3.1251281172081447,,,2.144829521123426,3.3265368615237545,2.6031430542061917,-1.645089968079283,46.8337311058075,50.09142264552576,24.85205015484646,26.63610448077699,168.50000000000014,2.4359039227449837,7208.9,6468.05,,,,
2021-04-05,6905.95,6906.05,6654.25,6767.7,0,6840.797500000001,6716.133000000001,,,-1.0685523142586921,0.7678079037445966,,,-2.163400724265807,3.3086804203970477,1.7622735132696743,-5.360751218352555,42.831678125795776,42.87746611193128,25.00649849776805,26.428649631161377,175.98928571428587,2.6004297725118706,7208.9,6468.05,,,,
2021-04-06,6807.25,6855.45,6732.9,6816.4,0,6823.3675,6723.717999999999,,,-0.10211233676041419,1.3784337772643158,,,0.7195945446754504,2.0235885769023465,0.9351053196609005,-4.865317515701328,46.01003356552495,40.670216621595245,25.202550087449865,26.302038136848672,171.06785714285732,2.50965109358103,7149.85,6468.05,,,,
2021-04-07,6833.15,6932.55,6814.0,6908.6,0,6820.555,6735.255,,,1.2908773552885369,2.5736961703751415,,,1.3526201513995861,2.171019551007136,1.640405467037409,-0.8076268692075228,49.030631367337904,43.150611743334956,23.887386980101315,26.125907912622004,174.4035714285716,2.5244415862630865,7089.7,6468.05,,,,
2021-04-08,6944.3,7007.35,6916.5,6941.8,0,6818.765000000001,6749.210999999999,,,1.8043590004934753,2.8535039132722457,,,0.48056046087485704,2.50586967115074,1.1526075742783526,-0.5130703966980121,57.65827875445247,49.323947792931506,23.945807079418714,25.88261760438902,164.9464285714287,2.3761334030284464,7089.7,6468.05,,,,
2021-04-09,6946.75,6987.3,6880.9,6906.7,0,6817.5175,6763.673000000001,,,1.3081374561928134,2.1146350511031375,,,-0.5056325448730914,-0.1539606930399673,3.1674546092775646,-0.35994315927664333,60.25456292026895,47.94742632157951,23.897395483816506,25.79382671640442,153.257142857143,2.218963366834277,7089.7,6468.05,,,,
2021-04-12,6765.2,6769.05,6364.7,6417.65,0,6788.5525,6770.642999999999,,,-5.463646336976847,-5.213581634713269,,,-7.080805594567597,-5.172362841142486,-2.034819377342223,-8.279321704456944,39.74014062977683,38.1577734770989,34.35230997063709,30.25471952345417,170.23928571428587,2.6526732638003923,7089.7,6364.7,,,,
2021-04-13,6454.6,6611.75,6423.2,6597.55,0,6770.1925,6781.668,,,-2.5500382743917536,-2.7149367972598997,,,2.803206781298462,-3.210639047004271,-1.2520205951026653,-5.272263900355356,44.36792639214248,41.25962885154064,36.19089315359957,30.817984397485766,176.8428571428573,2.680432238374204,7007.35,6364.7,,,,
2021-04-15,6566.75,6620.3,6452.55,6562.6,0,6751.975,6792.867000000001,,,-2.8047349108964412,-3.3898352492401322,,,-0.5297421012345427,-5.008250586225859,-2.945961134609121,-5.259890716693483,41.380894939399184,41.210028196105014,36.1895058973426,30.791639038994113,182.7285714285716,2.7843929453047815,7007.35,6364.7,,,,
2021-04-16,6574.85,6664.6,6552.2,6613.55,0,6735.8,6799.549,,,-1.8149291843582054,-2.7354608371819924,,,0.7763691219943247,-4.7286006511279455,-2.3412235495636535,-4.663365551639387,47.50277127725091,43.18902942582694,36.34857927311901,29.122706933994586,176.54642857142875,2.669465394098914,7007.35,6364.7,,,,
2021-04-19,6413.65,6455.65,6325.05,6441.7,0,6720.7925000000005,6799.009,,,-4.152672471289668,-5.255310001795853,,,-2.598453175677218,-6.732592989416075,-6.876188135629979,-4.452042095270592,46.693301855383034,39.94192775487827,36.15164694444867,28.980325569752164,179.68214285714308,2.789359064488304,7007.35,6325.05,,,,
2021-04-20,6520.6,6576.05,6417.1,6469.25,0,6711.7300000000005,6796.702000000001,,,-3.6127794175272316,-4.817807224739309,,,0.4276821335982728,0.8040326287659827,-4.40991769729745,-2.725358995564242,43.15959335162177,44.06048457381907,35.95097794301786,28.70913712206994,178.5285714285716,2.7596486675978147,7007.35,6325.05,,,,
2021-04-22,6413.5,6514.05,6398.5,6506.95,0,6699.415000000001,6792.874,,,-2.8728627798098945,-4.209175674390545,,,0.5827568883564505,-1.373237034959951,-4.539786397511881,-3.64713286195536,41.54081056859296,46.797403118934476,35.522061066485655,28.464964741424676,179.76071428571444,2.762595598332774,7007.35,6325.05,,,,
2021-04-23,6503.25,6583.8,6462.25,6512.9,0,6685.205,6791.504,,,-2.5774078730570014,-4.102243037771903,,,0.09144069033879543,-0.7573217931917342,-5.727643806270455,-4.181194921363529,41.371504660452715,44.39573763611351,35.40824370390823,28.19690229886208,183.45000000000013,2.816717591241999,7007.35,6325.05,,,,
2021-04-26,6549.35,6581.85,6536.35,6565.05,0,6670.3225,6788.887,,,-1.5782220424874513,-3.2971089370024798,,,0.8007185739071776,-0.733342909632495,-5.42726670316056,-4.337214215979124,37.497338349066666,44.610131698139504,35.341912929412686,27.97598550067086,177.07857142857165,2.6972920454310576,7007.35,6325.05,,,,
2021-04-27,6588.7,6670.6,6581.0,6659.9,0,6668.584999999999,6788.602,,,-0.13023752415241752,-1.8958542568852943,,,1.4447719362381095,3.3873045935079116,-3.573341827500831,-0.5190711986436947,46.01949634443542,45.3526742747147,34.749564452177076,28.15958704393176,165.82500000000022,2.48990225078455,7007.35,6325.05,,,,
2021-04-28,6702.5,6785.1,6690.6,6773.55,0,6679.714999999999,6789.0740000000005,,,1.4047755031464808,-0.2286615229116716,,,1.7064820793105007,4.703791011322789,5.5456436546087895,3.3979804455842366,48.49018709700154,51.854289071680384,34.28516834511129,28.305557204964327,166.01428571428596,2.4509199122215963,7007.35,6325.05,,,,
2021-04-29,6825.5,6852.25,6728.5,6765.5,0,6683.93,6789.215,,,1.2203898006113125,-0.349304006427844,,,-0.11884462357257819,3.973443779343633,2.5456419428424137,1.2617493863377849,44.64004794366618,55.38569671411,33.62891242304968,28.306306513632475,166.38571428571453,2.459326203321477,7007.35,6325.05,,,,
2021-04-30,6710.95,6821.5,6677.15,6725.2,0,6682.1,6788.937,,,0.645006809236609,-0.9388362272326298,,,-0.5956692040499645,3.2596846258962975,2.4776765306433246,-0.5412759915998766,41.929955290611026,51.156737998843255,33.43949888614759,28.33191597025502,169.6428571428574,2.5224953479875305,7007.35,6325.05,,,,
2021-05-03,6657.25,6698.85,6604.3,6687.55,0,6677.8725,6785.495,,,0.14491890942811175,-1.4434466461179283,,,-0.5598346517575625,1.8659416150676789,1.118914954903194,-1.248504895084246,41.85043323044887,48.00290486564997,33.490442471463446,28.063668685237204,170.67857142857162,2.552183855501217,7007.35,6325.05,,,,
2021-05-04,6742.65,6823.4,6668.5,6685.85,0,6666.297500000001,6781.502,,,0.29330374169469303,-1.410483990124902,,,-0.0254203706888112,0.3896454901725299,3.7901485632674703,-3.3466573181926584,65.64395706952874,47.66935985083903,32.482552539210765,28.04781862817447,143.0285714285716,2.1392728139065578,7007.35,6325.05,,,,
2021-05-05,6748.0,6760.7,6681.6,6745.2,0,6665.172500000001,6778.253999999999,,,1.200681602764208,-0.48764770396623064,,,0.8876956557505755,-0.4185397612773256,4.2655640143757,-0.3324615452812596,60.021719948415104,45.121709314517254,31.771445315443565,28.114445874238964,134.81428571428583,1.9986699536601709,7007.35,6325.05,,,,
2021-05-06,6781.0,6839.1,6735.35,6830.7,0,6665.8875,6776.325,,,2.4724764706875115,0.8024260937897755,,,1.2675680483899665,0.9637129554356694,4.975449327257775,0.20978815797194628,67.02870934959347,51.85261424454508,31.99413671377603,28.257687862679116,130.24285714285725,1.9067278191526087,7007.35,6325.05,,,,
2021-05-07,6857.45,6866.35,6795.95,6818.65,0,6661.389999999999,6777.343000000001,,,2.3607685483059875,0.6094866380526834,,,-0.17640944559123017,1.3895497531671852,4.694529318736662,-1.3020004052919698,63.70439663236666,50.06762239653773,31.61412705602685,27.77100216277098,127.24285714285725,1.866100432532206,7007.35,6325.05,,,,
2021-05-10,6868.75,6932.4,6849.5,6918.1,0,6660.205,6782.387999999999,,,3.8721781086317977,2.000947159024246,,,1.4584998496770085,3.4474508601804787,5.3777198955072825,-0.3414100089313976,85.24189968930317,50.284277934047516,32.01819528931105,27.725138059264392,114.76071428571439,1.6588472887890373,6987.3,6325.05,,,,
2021-05-11,6859.35,7001.4,6826.05,6982.7,0,6664.005,6786.783,,,4.782334346988031,2.8867432478686803,,,0.933782396900873,4.439973974887246,4.846919623417767,1.1003807896680096,86.00883652430043,51.20131586676847,32.12253220884105,27.617174984036957,115.93214285714294,1.6602767247217112,7001.4,6325.05,,,,
2021-05-12,7008.55,7028.4,6865.55,6905.1,0,6688.3775,6788.576999999999,,,3.240285106515007,1.7164569246250143,,,-1.1113179715582677,2.370574630848621,1.942113072170426,7.595459397131354,76.44285050142796,49.954149472718946,18.64879209954643,27.697205922790385,119.31071428571431,1.727863670123739,7028.4,6325.05,,,,
2021-05-14,6957.55,6960.3,6731.45,6785.1,0,6697.755,6785.087,,,1.3040936851228546,0.00019159665896575776,,,-1.7378459399574275,-0.6675743335236461,0.289705121572692,2.8427219195004128,65.69961933325649,63.354533890605154,17.745407582186754,27.563671883599856,126.97500000000004,1.8713799354467882,7028.4,6325.05,,,,
2021-05-17,6833.65,6924.9,6766.45,6911.7,0,6715.210000000001,6787.3910000000005,,,2.9260440105372556,1.8314695587744876,,,1.8658531193350036,1.3646396280788675,2.773151727829659,5.319537987992562,68.4123864662453,61.877575711747134,18.55410933792529,27.370415698640866,133.3678571428571,1.9295955718977549,7028.4,6325.05,,,,
2021-05-18,6988.5,7076.05,6981.95,7050.0,0,6737.032499999999,6790.111000000001,,,4.645480038874693,3.827463203473392,,,2.00095490255654,1.9065928506381669,5.419772562448122,6.599330163074302,69.80605199025186,67.0921587880488,19.48663773217187,27.46299722835907,137.56785714285712,1.9513171225937183,7076.05,6325.05,,,,
2021-05-19,7042.5,7094.9,7027.0,7046.6,0,6767.277499999999,6790.382,,,4.127546121760208,3.773248692047086,,,-0.04822695035460178,0.9151187935898752,5.3957238047518175,9.390378316282977,65.61088559830773,65.71013966987124,16.240652742157284,27.196315254414937,133.4749999999999,1.8941759146254917,7094.9,6398.5,,,,
2021-05-20,7053.3,7069.95,6974.0,7026.5,0,6795.139999999999,6787.891,,,3.4047863620175685,3.5152155507506,,,-0.28524394743564274,1.7581208092569245,4.170373005989436,8.613826950573866,64.71915181592604,73.84019567876072,16.452187340589962,26.936185536702173,131.48928571428561,1.8713340313710327,7094.9,6398.5,,,,
2021-05-21,7082.7,7110.15,7053.65,7093.0,0,6824.4425,6786.451,,,3.9352298740886145,4.517073798956185,,,0.9464171351312833,4.537884482174159,3.8400163965625733,9.006523793789722,70.14680105170908,74.64538306531276,16.550518701714427,27.019830607795125,127.15357142857127,1.792662786248009,7110.15,6462.25,,,,
2021-05-24,7123.05,7182.4,7070.65,7151.65,0,6856.38,6790.187000000001,,,4.3064999314507,5.323314365274459,,,0.8268715635133095,3.471649521825304,4.883664655027031,9.807459042822696,74.85007496251876,75.058302238806,16.55258237209633,26.312005259590187,126.49999999999987,1.768822579404751,7182.4,6536.35,,,,
2021-05-25,7193.0,7208.25,7111.55,7132.5,0,6884.7525000000005,6793.285,,,3.598495370748614,4.993386851869165,,,-0.2677703746687743,1.1702127659574568,3.0991168095286126,8.643498526286919,73.47700394218137,73.83810403200988,16.706703313646685,26.321213558415668,122.34285714285703,1.7152871663912657,7208.25,6581.0,,,,
2021-05-26,7159.1,7180.05,7119.55,7124.35,0,6907.975,6797.139,,,3.132249320531704,4.81395187004415,,,-0.11426568524359748,1.1033690006527985,2.0285849313302906,6.973828435862406,71.06271873784797,72.27222045237342,16.351909812833547,26.2733685725662,121.01428571428563,1.698601075386325,7208.25,6604.3,,,,
2021-05-27,7138.6,7192.35,7100.15,7174.6,0,6928.027500000001,6800.691999999999,,,3.559057754894871,5.498087547561356,,,0.7053275035617368,2.1077350032021602,3.9029123401543853,5.920824383078305,69.88320999074938,71.2510322047895,15.613943209611561,26.23824310644347,120.18928571428569,1.6752053872590205,7208.25,6604.3,,,,
2021-05-28,7219.9,7232.55,7180.0,7200.0,0,6949.7525000000005,6805.397,,,3.60081168358153,5.798383253761685,,,0.3540267053215418,1.5085295361624063,6.114869346067109,6.4222895573128325,71.71326083243189,68.9913159652639,15.538713873820956,26.218280698966296,119.29999999999993,1.6569444444444434,7232.55,6604.3,,,,
2021-05-31,7215.35,7233.45,7171.7,7205.85,0,6973.785000000001,6810.975,,,3.3276764339594576,5.797628092894189,,,0.08125000000001048,0.7578670656422037,4.255827075827945,7.146999345744365,68.33853801542291,69.64883316228644,15.193769255961806,26.179443076661197,115.5857142857142,1.6040538491047438,7233.45,6604.3,,,,
2021-06-01,7242.55,7250.1,7116.05,7164.0,0,6997.607500000001,6815.514,6711.644499999999,,2.377848428909438,5.113128664984033,6.739860849304527,,-0.5807781177793125,0.44164037854890204,1.6170212765957537,7.124432714521767,61.89944867419274,69.55262454326714,15.21057741798018,26.22262618841409,112.63571428571426,1.5722461513918797,7250.1,6668.5,,,,
2021-06-02,7155.75,7294.95,7145.5,7280.4,0,7027.335000000001,6826.285,6723.585999999999,,3.6011517879821957,6.652447121677454,8.281503352526471,,1.6247906197654816,2.1903752623046113,3.3179121845996473,8.892661366916688,73.43867099675244,74.68459840946,15.788664798233587,25.590878282832925,111.67857142857143,1.5339620272041568,7294.95,6681.6,,,,
2021-06-03,7322.0,7355.65,7310.55,7347.35,0,7057.4425,6840.222000000001,6735.6455,,4.107826595824199,7.4139114198340295,9.0816017559119,,0.9195923300917563,2.4077997379644778,4.566284779050744,8.927088892842328,87.60618018861618,76.1235289471606,15.801287705771944,25.4040416316616,100.70714285714283,1.3706593922590162,7355.65,6731.45,,,,
2021-06-04,7363.1,7421.0,7338.15,7414.5,0,7086.6325000000015,6853.447000000001,6747.8735,,4.626562757416846,8.186435234707423,9.87906041807097,,0.9139349561406496,2.979166666666666,4.532637811927254,8.546708243664636,86.53538729835783,76.2697228981867,15.602214940385025,25.272950915732494,95.30714285714286,1.285415643093167,7421.0,6731.45,,,,
2021-06-07,7473.9,7537.2,7448.0,7513.55,0,7121.3775,6867.776,6759.802,,5.5069753007757365,9.402956648556977,11.15044493906775,,1.3358958796952036,4.270141621043999,5.060370683688387,10.191166873208047,85.7208908068121,76.51947648452371,15.763955873444868,25.382536498488857,92.33214285714283,1.2288750704679257,7537.2,6731.45,,,,
2021-06-08,7547.35,7558.15,7441.55,7521.7,0,7151.557500000001,6880.956,6771.121999999999,,5.175690749882092,9.311845621451432,11.084987096673203,,0.10847069627539785,4.993020658849812,5.456712232737471,8.72493892831847,86.34485924112606,77.38693467336688,15.389038287863302,25.324855355870017,95.81071428571424,1.2737906894148163,7558.15,6731.45,,,,
2021-06-09,7558.05,7626.7,7413.3,7469.7,0,7175.907499999999,6896.457,6782.221500000001,,4.094151157884916,8.312137667210852,10.136479618072032,,-0.6913330762992387,2.6001318608867674,4.847459768259554,6.974379538001063,82.32676878191104,72.31211067065773,15.751361463632144,24.67999642251945,104.19999999999995,1.3949690081261623,7626.7,6731.45,,,,
2021-06-10,7517.45,7595.1,7500.6,7589.3,0,7210.1175,6917.224,6793.8375,,5.259033573308616,9.715978548620082,11.70858884982163,,1.6011352530891587,3.2930240154613433,5.780113177041235,9.908618267657232,83.59734633089633,73.49159631322132,15.36934136755462,24.253367675321115,107.18214285714286,1.4122796945323397,7626.7,6731.45,,,,
2021-06-11,7627.15,7653.4,7564.75,7604.75,0,7251.1,6935.695,6806.0335,,4.877191046875641,9.646545876080195,11.735418287318163,,0.20357608738619248,2.5659181333872905,5.6215277777777795,12.080146202708875,82.57837215990801,78.46535660523212,13.022927478225563,23.94587403125789,105.53214285714284,1.3877135061263401,7653.4,6766.45,,,,
2021-06-14,7600.0,7600.45,7384.65,7572.0,0,7284.115000000001,6951.899,6817.844499999999,,3.9522302983958832,8.91987930204394,11.061494582341982,,-0.43065189519707614,0.7779278769689313,5.081288120069116,9.553366031511779,80.99435825105783,84.4617675396339,12.546462769471791,23.89887684747429,114.3464285714286,1.5101218775941443,7653.4,6974.0,,,,
2021-06-15,7603.65,7656.15,7593.0,7623.8,0,7312.805,6968.933000000001,6830.799499999999,,4.252745697444412,9.396947854140643,11.609190110176725,,0.6840993132593898,1.357405905579867,6.418202121719707,8.139007092198591,83.17943267122828,83.37238729028027,11.200126657357728,23.91888838121391,116.03571428571429,1.5220193904052348,7656.15,6974.0,,,,
2021-06-16,7625.2,7640.5,7517.75,7538.75,0,7337.4125,6981.361,6844.543000000001,,2.7439850219678887,7.98395900169036,10.142488695008554,,-1.115585403604502,0.9244012477074071,3.5485687599582594,6.98421933982345,73.12210299066604,74.10842006609778,12.342136172840155,23.708606011934975,118.21785714285708,1.568136058933604,7656.15,6974.0,,,,
2021-06-17,7471.25,7568.2,7400.7,7432.4,0,7357.7074999999995,6994.655,6855.394,,1.015159953015258,6.258278642763651,8.416817472489537,,-1.4107113248217562,-2.067384343747125,1.1575602087827486,5.776702483455476,63.38093044679867,67.27565824825359,13.674220128441316,23.38342911341759,126.0428571428571,1.6958567507515354,7656.15,7053.65,,,,
2021-06-18,7467.0,7470.65,7144.15,7347.6,0,7370.4375,7005.279,6864.4985,,-0.30985270548728805,4.886614794357225,7.037680902690862,,-1.1409504332382414,-3.3814392320589026,-0.9022860610964911,3.589454391653746,57.481395471578615,63.59095911284181,14.326381827705031,23.54267995589157,144.9535714285714,1.9728016145213592,7656.15,7070.65,,,,
2021-06-21,7246.7,7421.1,7221.8,7410.15,0,7383.3625,7015.31,6875.2825,,0.3628089505289691,5.628261616379023,7.779571239436334,,0.8512983831455045,-2.1374801901743345,-1.3761803674694484,3.6145504883488444,62.713702804607195,63.46880706671763,14.34125701192636,23.438878751360477,149.61428571428567,2.0190453056184516,7656.15,7100.15,,,,
2021-06-22,7467.2,7480.05,7375.8,7393.85,0,7396.43,7024.351,6886.781,,-0.03488169292482896,5.260258207484232,7.362931970684132,,-0.21996855664189185,-3.016212387523276,-1.6997487270164924,3.664213109008063,56.53551471858983,60.669603524229125,14.32238390042319,23.441013565354886,146.38571428571427,1.9798307280471508,7656.15,7100.15,,,,
2021-06-23,7443.45,7452.75,7378.25,7384.4,0,7409.4325,7033.905,6898.789000000001,,-0.3378463870208718,4.982936221060704,7.039075988553918,,-0.12780892228001495,-2.047421654783621,-1.141946798398863,3.650157558233369,52.285767166389,61.19257086999021,14.326204279646316,23.403044478916215,146.33214285714283,1.9816388989916964,7656.15,7100.15,,,,
2021-06-24,7409.8,7424.15,7335.2,7352.5,0,7418.327499999999,7052.602000000001,6911.6225,,-0.8873630882432654,4.252302908912188,6.378784431586065,,-0.4319917664265205,-1.0750228728270805,-3.1201823620096714,2.479580743177312,46.001031991744064,59.92776641573472,14.345333349645223,16.624243001610125,146.76785714285708,1.9961626269004704,7656.15,7116.05,,,,
2021-06-25,7400.95,7485.5,7398.85,7477.3,0,7432.1925,7070.197000000001,6925.9325,,0.6069205015881931,5.758014946401056,7.960913566512529,,1.6973818429105725,1.7652022429092362,-1.6759262303165712,3.851388888888896,47.737062238591676,62.36923831317424,15.383022421941462,15.93120027869752,147.50357142857138,1.9726849454826123,7656.15,7116.05,,,,
2021-06-28,7519.35,7535.65,7480.35,7520.25,0,7447.9125,7089.35,6941.108499999999,,0.9712452985987635,6.07813128142918,8.343645687140617,,0.5744051997378818,1.4857998825934748,-0.6834389857369283,4.363121630342004,49.91325157044572,62.90134149780446,15.434773714229754,15.843881128858728,143.3428571428571,1.9060916477890641,7656.15,7116.05,,,,
2021-06-29,7530.65,7558.7,7455.05,7474.2,0,7463.422499999999,7106.563,6953.056,,0.14440425957395628,5.173203980602152,7.49517909822674,,-0.6123466640071795,1.0867139582220187,-1.9622760303260933,4.329983249581226,50.27114967462039,60.47137784368047,15.45683965210326,15.925611961058097,135.50357142857138,1.8129508365921623,7656.15,7144.15,,,,
2021-06-30,7509.25,7522.4,7465.75,7474.8,0,7473.1425,7127.225,6963.116999999999,,0.022179424519206674,4.87672270764568,7.34847626429372,,0.008027614995587129,1.2242023725692164,-0.8482838666887704,2.6701829569803825,41.945694991558796,62.53124748004195,14.541637400118798,14.543124486272093,130.592857142857,1.7471083793928537,7656.15,7144.15,,,,
2021-07-01,7496.05,7496.05,7430.3,7439.55,0,7477.7525,7146.630999999999,6971.6665,,-0.5108821133087705,4.09870049258176,6.711214599837785,,-0.47158452400064554,1.1839510370622364,0.09620041978366523,1.2548742063465124,38.694223925540655,56.86612882350407,14.384771669947542,14.642951567648051,128.95714285714277,1.733399773603817,7656.15,7144.15,,,,
2021-07-02,7461.5,7463.95,7418.05,7438.8,0,7478.967499999999,7165.267999999999,6979.071000000001,,-0.5370727978159908,3.8174706096129425,6.587252085556935,,-0.010081254914606763,-0.5148917389966923,1.241221623387223,0.3277361925955846,40.46664758087604,54.18439716312056,14.032197947962038,14.64124058795969,116.51428571428558,1.5663048571582188,7656.15,7144.15,,,,
2021-07-05,7474.9,7523.2,7457.5,7517.4,0,7479.160000000001,7185.358,6988.431,,0.5112873638215905,4.621091948376121,7.569209741070636,,1.056622035812227,-0.037897676274067926,1.447339122689817,0.051240758363224614,42.66611524676036,54.65948197790254,13.71632161146994,14.73996728934226,116.53214285714272,1.5501655207537541,7656.15,7144.15,,,,
2021-07-06,7532.8,7591.55,7493.9,7511.5,0,7478.65,7204.287,6996.5869999999995,,0.43925039947049754,4.264308182058818,7.359488276212395,,-0.0784845824354119,0.4990500655588592,1.591187270501826,-0.13560764188946806,47.89168278529981,49.89862024627861,13.71386880352593,14.71589378896612,114.73928571428561,1.5275149532621395,7656.15,7144.15,,,,
2021-07-07,7517.3,7592.4,7493.75,7578.65,0,7484.097500000001,7222.661999999999,7005.632,,1.2633787841486415,4.928764491540658,8.179390524652167,,0.893962590694275,1.3893348317011833,2.6305454742429957,1.4585592460205854,62.045959970348456,52.66109060324283,13.813060390777135,14.54142881412632,109.82142857142844,1.4490895947355853,7656.15,7144.15,,,,
2021-07-08,7589.6,7624.1,7490.45,7523.6,0,7480.8125,7237.6630000000005,7013.3685,,0.5719632727060111,3.950681317988968,7.275127494013765,,-0.7263826670976914,1.1297726340975034,2.327099625977569,-0.8656924881082606,65.24337432877194,52.51141552511419,12.8412460651706,14.323411535853436,96.04642857142848,1.2766020066381583,7656.15,7144.15,,,,
2021-07-09,7521.9,7591.2,7489.55,7583.8,0,7479.764999999999,7254.029,7021.621999999999,,1.3908859436092011,4.546039173540659,8.006383710202583,,0.8001488649050925,1.9492391245899965,1.424310914367477,-0.27548571616423656,65.10131315766598,49.72871658281543,13.162149059190883,14.362039348249272,89.07142857142844,1.174496012176329,7656.15,7144.15,,,,
2021-07-12,7635.75,7669.35,7600.2,7623.0,0,7482.315,7271.985,7030.460999999999,,1.8802335908071288,4.826948900472159,8.42816708605596,,0.5168912682296467,1.4047410008779737,1.3663109604068913,0.6735340729001615,69.16450614702686,50.87956046074509,13.190725449139753,14.248794576062252,87.73571428571417,1.1509342028822533,7669.35,7144.15,,,,
2021-07-13,7663.0,7663.8,7613.25,7641.1,0,7483.18,7291.056,7038.2755,,2.110332772965505,4.801005505923981,8.564946058164399,,0.23743932834843218,1.725354456500039,2.2330149046051906,0.2269209580524123,71.16240725474043,53.37798201016819,12.993852394570382,14.126244803414433,86.02499999999989,1.1258195809503853,7669.35,7144.15,,,,
2021-07-14,7657.5,7672.5,7642.05,7654.5,0,7488.967500000001,7310.428999999999,7045.965499999999,,2.210351426949033,4.706577411530854,8.636637519726726,,0.17536742092105762,1.0008378800973938,2.404077701075602,1.53540043110596,75.68027210884362,51.559325477448176,12.293879329102198,14.111774668941827,81.9142857142856,1.0701454793165537,7672.5,7144.15,,,,
2021-07-15,7667.25,7685.6,7654.85,7672.2,0,7500.9574999999995,7328.969,7053.6115,,2.282941877753611,4.683209875768335,8.769812457065433,,0.23123652753282986,1.9751182944335088,3.1272052745125567,3.22641407889781,70.26408816801836,57.276048198026295,10.964587142247899,14.041935752250762,74.6357142857142,0.9728072037448737,7685.6,7144.15,,,,
2021-07-16,7701.1,7718.2,7668.0,7707.95,0,7518.975,7346.514,7061.4195,,2.5133079974331536,4.919830003726934,9.155814917949568,,0.46596804045775375,1.6370421160895487,3.6181911060923833,4.9043224998639,69.81211737386538,66.27680311890846,9.861769246225606,13.860774821669636,74.05357142857136,0.9607427581726835,7718.2,7221.8,,,,
2021-07-19,7664.4,7693.2,7580.35,7630.55,0,7529.995,7362.7519999999995,7070.0475,,1.3353926529831732,3.637199786166921,7.927846312206538,,-1.0041580446162657,0.09904237176965314,1.5051746614521022,2.974298765881933,65.47866547866559,66.86133126750497,10.517588989312559,14.112685794854931,75.76428571428563,0.9929072703053599,7718.2,7335.2,,,,
2021-07-20,7642.9,7647.25,7462.15,7503.4,0,7535.472500000001,7374.4580000000005,7078.422999999999,,-0.4256202912292643,1.7484946012303424,6.003837295397588,,-1.6663281152734855,-1.8020965567784875,-0.10783465353125798,1.4816367656903973,52.264091196960074,55.159630387871424,12.293254810656752,14.452247518372946,84.93928571428569,1.132010631370921,7718.2,7335.2,,,,
2021-07-22,7564.95,7600.95,7560.3,7588.25,0,7545.665000000001,7386.569,7086.6759999999995,,0.5643637770825914,2.730374548724849,7.077704695403043,,1.1308206946184507,-0.8655039519237073,0.12667163676909343,2.7605492660202735,60.91456253669996,59.997942810121366,12.816630870534663,14.512681618092532,87.21071428571427,1.1492862555360495,7718.2,7335.2,,,,
2021-07-23,7618.05,7639.0,7564.7,7574.35,0,7556.7575,7399.954000000001,7094.2655,,0.2328048769594718,2.356717352567323,6.767219242076575,,-0.18317793957762785,-1.2753838533927642,0.6745441012281361,3.017341040462429,59.760927486138165,59.724568678646456,12.69941649362336,14.23804972674951,89.23928571428574,1.1781774768037618,7718.2,7398.85,,,,
2021-07-26,7592.6,7614.5,7537.55,7549.05,0,7560.344999999999,7415.232999999999,7100.16,,-0.14939794414142693,1.8046229970117047,6.322251892915094,,-0.3340220612989886,-2.0615079236372735,-0.4582135604841886,0.9595709681301967,52.468606192964714,60.13092108654196,11.401093301500152,13.595233382865269,88.7071428571429,1.1750769018239766,7718.2,7418.05,,,,
2021-07-27,7577.55,7609.45,7475.65,7495.95,0,7559.129999999999,7426.918,7107.154500000001,,-0.835810470252521,0.92948380472223,5.47048048554452,,-0.703399765533419,-1.7639619686654395,-1.6666666666666718,-0.32312755559987805,48.8703232836905,51.03801413702899,11.523471675129231,13.211032172458403,91.28928571428573,1.2178481141721291,7718.2,7418.05,,,,
2021-07-28,7511.8,7515.5,7377.25,7470.9,0,7558.965000000001,7435.335999999999,7112.7235,,-1.165040451966657,0.47831059685803456,5.035715222164893,,-0.33418045744701974,-0.4331369779033478,-2.2274279881169035,-0.04415188247571811,41.66215275090923,47.19745584644213,11.373121923700586,12.56727321142333,94.11785714285718,1.259792757805046,7718.2,7377.25,,,,
2021-07-29,7511.45,7567.8,7501.15,7553.85,0,7562.917499999999,7445.481,7117.931500000001,,-0.1198942074933158,1.4555003229475787,6.124230051946969,,1.1103079950206984,-0.45333245478206274,-1.3149127963942742,1.0575533793546255,52.24389882056227,54.34130920586475,12.036820742753507,12.755665678991281,91.49285714285718,1.2112082864083504,7718.2,7377.25,,,,
2021-07-30,7578.15,7705.0,7564.45,7658.4,0,7573.860000000001,7458.119000000001,7123.005,,1.1162075876765487,2.6854090153294554,7.516420387182087,,1.3840624317400962,1.1096661759754767,-0.1798701806522307,2.9417101840837123,55.19209354120263,58.98854401253303,12.741065584621333,13.015789592155283,95.02857142857147,1.2408410559460392,7718.2,7377.25,,,,
2021-08-02,7704.1,7785.3,7688.05,7778.85,0,7590.8625,7471.835999999999,7129.143500000001,,2.4764972359860313,4.108949928772541,9.113387884533383,,1.5727828267001032,3.0440916406700103,0.9198295266575451,4.571301822874663,59.74488838867005,65.33212833258023,13.684319590328398,13.279826389326976,97.98214285714292,1.259596763752263,7785.3,7377.25,,,,
2021-08-03,7790.05,7803.8,7742.35,7778.55,0,7603.92,7484.373999999999,7137.280499999999,,2.29657860682385,3.9305358070027143,8.984787693295806,,-0.0038566111957405447,3.7700358193424544,1.9395718526187489,3.473940458137137,58.79004924218198,65.35870891912663,13.345437246178463,13.20510053601269,98.76071428571433,1.2696545536856396,7803.8,7377.25,,,,
2021-08-04,7807.4,7822.0,7673.65,7686.05,0,7612.647499999999,7495.445,7144.365,,0.9642177704931307,2.5429444149079936,7.581989442028794,,-1.1891676469264811,2.8798404476033657,2.4342298158168463,2.323770218997545,51.83227829722981,57.529353989017395,14.180635180596942,13.520995846820322,107.1142857142858,1.3936194236868846,7822.0,7377.25,,,,
2021-08-05,7698.0,7703.4,7598.55,7694.1,0,7618.42,7506.84,7151.9895,,0.993381829828236,2.494524993206199,7.579855926801916,,0.10473520208689191,1.8566691157489323,1.3949197772872513,1.523358381769846,51.2862680606132,58.13652972105874,13.881955154190711,13.507652420016521,112.38214285714288,1.4606275309281511,7822.0,7377.25,,,,
2021-08-06,7712.3,7753.25,7675.0,7683.0,0,7626.389999999999,7517.008000000001,7158.85,,0.7422909135252798,2.2082190147994956,7.321706698701602,,-0.1442663859320792,0.3212159197743647,1.434446520163446,2.1186665957786177,48.49089699389102,54.89423573003143,13.584481697748597,13.465050572573881,114.38571428571433,1.4888157527751442,7822.0,7377.25,,,,
2021-08-09,7680.95,7691.0,7544.85,7584.05,0,7626.402499999999,7524.689,7165.043000000001,,-0.55534047671886,0.7888831020125865,5.847934199417918,,-1.2879083691266446,-2.504226203102,0.4636344970559314,0.0032965004351348526,47.25890120254658,52.723095634938495,14.18297624335833,13.830752643757355,115.71071428571433,1.525711384889529,7822.0,7377.25,,,,
2021-08-10,7612.45,7619.6,7400.75,7458.4,0,7618.172500000001,7529.74,7170.3575,,-2.0972549518930026,-0.9474430724035643,4.017128853059273,,-1.6567665033853984,-4.115805645010962,-0.5009371727399459,-2.1592548865276173,47.342624306129686,44.665645737621226,15.202428050701416,14.387040055617142,118.12142857142862,1.5837368412987858,7822.0,7377.25,,,,
2021-08-11,7470.2,7493.55,7311.15,7478.1,0,7610.022499999999,7536.022,7175.768,,-1.7335362674683128,-0.7686017901752353,4.213235433475558,,0.264131717258409,-2.7055509657106014,0.09637393085171198,-2.133200717174233,42.95310600729324,43.732156760965516,15.21068920332639,14.314457402284242,124.18214285714294,1.6606108885564907,7822.0,7311.15,,,,
2021-08-12,7491.65,7573.25,7483.75,7560.65,0,7605.33,7541.627,7183.956,,-0.5874827259303711,0.2522400007319273,5.243545478285217,,1.103890025541232,-1.7344458741113455,0.09002032076357303,-1.226076164347778,49.194307221830115,46.70381447945259,15.782715455629818,14.07292495226077,125.6714285714286,1.6621775716562548,7822.0,7311.15,,,,
2021-08-13,7573.8,7574.05,7496.9,7514.65,0,7597.452500000001,7544.972999999999,7192.5975,,-1.0898719011405675,-0.40189673309632007,4.47755487499474,,-0.6084132977984713,-2.191201353637906,-1.8770239214457307,-2.0535178957795663,48.02503157653,44.41917075701345,15.860586384235717,14.021767369816956,125.68571428571438,1.6725424908108082,7822.0,7311.15,,,,
2021-08-16,7516.05,7535.1,7474.35,7485.65,0,7586.3375,7546.396,7199.9215,,-1.327221468857667,-0.8049670332699224,3.9684946565042303,,-0.3859128502325504,-1.2974598005023763,-3.7691946753054872,-2.8840353141886044,49.39182805857344,42.62210796915168,15.74599929255562,13.912571645614024,120.46785714285723,1.6093172555871198,7822.0,7311.15,,,,
2021-08-17,7485.45,7502.9,7388.95,7462.6,0,7577.9400000000005,7545.3769999999995,7206.5765,,-1.5220495279719837,-1.0970558528751995,3.552636955980419,,-0.3079224917007739,0.05631234581144895,-4.061811005907268,-2.2010208962656708,49.50875946969701,40.198154288682076,15.430909753487288,13.600657877927969,118.73214285714292,1.5910291702240897,7822.0,7311.15,,,,
2021-08-18,7489.3,7510.85,7449.1,7465.1,0,7576.025,7544.245,7212.6005,,-1.4641583152114634,-1.0490778069906204,3.500810837921785,,0.03350038860450155,-0.17384094890413593,-2.8746885591428573,-0.5104352693445557,44.19441355400013,42.96944715930823,14.289752924342853,13.598340248498042,116.2214285714286,1.556863653151714,7822.0,7311.15,,,,
2021-08-20,7385.65,7422.15,7218.05,7238.4,0,7558.532499999999,7539.618999999999,7218.038,,-4.235379023639837,-3.9951488264857837,0.2820988196515463,,-3.036797899559296,-4.262199678599066,-5.922720006238558,-4.610417421671665,26.311336717428134,39.61761479391947,17.193888904520254,15.134116450139162,123.07142857142864,1.700257357584945,7822.0,7218.05,,,,
2021-08-23,7310.3,7333.0,7118.9,7186.8,0,7539.155000000001,7531.569,7224.3965,,-4.673667009101158,-4.577651748261221,-0.5204102515691055,,-0.7128647214854067,-4.362811308577241,-6.458414681764935,-5.116610666261789,13.795633828655298,33.850919184198915,17.277309410900582,14.714935130911538,129.30000000000004,1.7991317415261319,7822.0,7118.9,,,,
2021-08-24,7211.6,7324.55,7198.95,7315.45,0,7527.475,7525.782999999999,7230.7390000000005,,-2.8166815565644594,-2.794832112485832,1.1715400044172433,,1.790087382423322,-2.2736836480465983,-3.541643317224974,-3.094429100350382,25.52325581395347,40.46549311335345,18.734793265441557,15.305086465078507,134.75000000000006,1.8419919485472538,7822.0,7118.9,,,,
2021-08-25,7338.45,7364.3,7283.5,7309.85,0,7518.170000000001,7520.54,7236.219499999999,,-2.7708870642722974,-2.8015275498833807,1.0175271770017635,,-0.07655031474481655,-2.0468737437354223,-1.9917140405448786,-2.482673977281058,28.10499359795135,41.06128550074739,18.62117632959821,15.283156873698067,129.92500000000004,1.777396253001088,7822.0,7118.9,,,,
2021-08-26,7320.35,7355.45,7266.1,7291.55,0,7509.202499999999,7513.895,7241.414000000001,,-2.8984769021743557,-2.9591177411981433,0.6923509690234464,,-0.25034713434612943,-2.3248181538090607,-2.4946176167743195,-2.400647846979609,26.84764479208603,42.15776550030695,18.61070574755787,15.191026732412555,128.8178571428572,1.7666731647298202,7822.0,7118.9,,,,
2021-08-27,7305.9,7379.65,7286.25,7357.95,0,7499.407500000001,7510.279,7245.82,,-1.8862490136720977,-2.028273516869355,1.5475129108920744,,0.9106431417188254,1.6516080901856744,-2.680986423124998,-2.593379534939144,32.42307900286592,45.79970994012868,18.44916566880091,15.16483020900255,129.90000000000003,1.765437384053983,7822.0,7118.9,,,,
2021-08-30,7387.55,7510.9,7385.4,7501.1,0,7491.542499999999,7511.652999999999,7253.154,,0.12757719788683988,-0.1404883851796532,3.4184576806172857,,1.9455147153758956,4.373295486169093,-0.18031445243623656,-2.0539538284759074,45.719151571450695,48.122441715607756,19.152445725195108,15.477895334446174,130.38571428571433,1.738221251359325,7822.0,7118.9,,,,
2021-08-31,7519.85,7542.45,7436.1,7502.95,0,7477.7475,7514.76,7260.019499999999,,0.33703331116755975,-0.15715738094098014,3.3461411501718477,,0.02466304941941555,2.563068574045335,0.23110885494246336,-3.546796763017679,52.635938701851984,44.03056718251989,18.123255363210472,15.246547410298653,122.34999999999998,1.6306919278417153,7822.0,7118.9,,,,
2021-09-01,7538.15,7594.3,7489.05,7585.15,0,7468.077499999999,7518.26,7266.785,,1.5676390610568816,0.8897005424127314,4.381098381196083,,1.0955690761633718,3.766151152212416,1.6421890493929725,-2.48632457206035,55.897746680623634,42.336603893021014,18.672164955865348,15.32254162297656,116.83928571428565,1.540368822162853,7822.0,7118.9,,,,
2021-09-02,7603.05,7697.85,7586.85,7690.0,0,7468.275,7524.183000000001,7274.267000000001,,2.96889174541645,2.203787441108212,5.715118787913603,,1.3823062167524824,5.4645445755703514,3.0126856974454386,0.051391807235190434,56.95542291767493,46.76435122592903,18.946853217198942,15.59644983101465,118.09285714285716,1.535667843210106,7753.25,7118.9,,,,
2021-09-03,7730.05,7771.15,7679.65,7733.8,0,7470.26,7531.170999999999,7282.538,,3.527855790829234,2.690537766304879,6.1964935850660945,,0.5695708712613712,5.108080375648116,6.844053934571193,0.5159797767120278,61.81210585889079,51.80919183116736,19.049454394941268,15.626451683807602,119.11785714285712,1.5402241736643967,7771.15,7118.9,,,,
2021-09-06,7771.2,7803.1,7746.8,7757.75,0,7473.9975,7539.276,7295.938999999999,,3.7965292335192724,2.897811407885852,6.329699302584639,,0.3096795883007042,3.421498180266891,7.944425891912954,0.9729272419627844,64.74636895729464,52.38291340646174,19.061698270148558,15.585919859602896,119.72857142857141,1.5433414511755523,7803.1,7118.9,,,,
2021-09-07,7782.95,7804.4,7688.05,7774.7,0,7483.530000000001,7545.224,7307.7105,,3.8908108873753315,3.0413411185671846,6.390366722929154,,0.21849118623311625,3.6219087159050867,6.277809294028391,2.513828363473336,67.0267321331151,53.41807067243179,18.392037476829955,15.160127900633382,119.89999999999996,1.5421816918980793,7804.4,7118.9,,,,
2021-09-08,7804.7,7840.55,7747.0,7808.05,0,7501.0125,7550.98,7320.165,,4.0932807404333795,3.4044587589955295,6.664945393990439,,0.4289554580884092,2.9386366782463202,6.815461329575845,4.688002788801904,68.1004908428775,58.77880545540054,17.15196617838083,15.139359709921157,122.17142857142855,1.564685530592511,7840.55,7118.9,,,,
2021-09-09,7790.3,7836.4,7777.5,7829.0,0,7518.557500000001,7558.076,7332.3195,,4.12901676950664,3.584563055465438,6.773852394184411,,0.2683128309885374,1.8075422626788074,7.370860790915512,4.692368382343104,89.81930960086311,65.82273076594657,17.152067078165267,15.06124691281834,108.73214285714279,1.388838202288195,7840.55,7118.9,,,,
2021-09-13,7833.6,7872.05,7789.85,7864.15,0,7533.7325,7565.862999999999,7346.544,,4.385840617515947,3.942537685390289,7.045571359812175,,0.4489717716183339,1.6854586361167767,6.879633593596046,4.0142051278659885,96.70413017996282,66.26775104293961,16.8672754943933,15.080336824483778,99.31071428571418,1.2628283321873843,7872.05,7118.9,,,,
2021-09-14,7913.6,8029.6,7907.4,8017.2,0,7558.859999999999,7577.416,7362.023500000001,,6.063612767004564,5.803878261402035,8.89940788697562,,1.9461734580342505,3.344397537945931,6.880324219114531,6.687603547736765,96.81142018544465,68.15957996897501,17.65756389307696,15.57284626245484,101.28928571428567,1.2633997619403992,8029.6,7118.9,,,,
2021-09-15,8041.1,8129.7,8035.75,8124.15,0,7590.785000000001,7591.1230000000005,7378.195499999999,,7.026480133477615,7.02171470545266,10.110256633888339,,1.3340068851968256,4.49470719127425,8.279410098694505,8.52965340351206,97.84933599717944,73.12215477996969,17.787497681132244,15.790654859472358,103.55357142857136,1.274638841338126,8129.7,7118.9,,,,
2021-09-16,8157.45,8194.95,8098.05,8189.0,0,7627.1050000000005,7604.555,7394.956499999999,,7.3670809566670385,7.685459569955108,10.737635846809928,,0.7982373540616594,4.878939043679287,7.96095001417243,9.73387291292578,100.0,75.97592052295309,17.62293500998838,15.727520097538566,104.09285714285716,1.2711302618495195,8194.95,7118.9,,,,
2021-09-17,8236.45,8245.0,8014.05,8091.6,0,7658.4299999999985,7616.156999999999,7410.222000000001,,5.656120118614416,6.242557762399083,9.195109134382204,,-1.1894004151911108,3.3541959381785613,5.222366710013016,8.39238590239917,89.5093973827347,72.02072538860105,18.53688796307469,16.01512002409687,113.91785714285717,1.4078532940686288,8245.0,7118.9,,,,
2021-09-20,8030.45,8099.95,7863.4,7886.9,0,7690.8550000000005,7622.322000000001,7422.491999999999,,2.549066391187965,3.471094503748314,6.256766595369863,,-2.5297839735033967,0.2892874627264286,1.9796219193669362,8.95916224580018,69.48484848484844,62.93547595682039,17.33479116592628,17.014730929951206,119.88928571428576,1.5201065781775573,8245.0,7118.9,,,,
2021-09-21,7905.05,7964.3,7797.45,7949.45,0,7728.9875,7630.839,7434.251,,2.8524111340586282,4.1753075906856365,6.930072713444832,,0.7930872712979875,-0.8450581250311839,2.4710773097869954,10.611816107307837,71.24773960216996,74.24722932651324,16.82830391664682,16.983812297897067,124.2107142857144,1.5625070198028093,8245.0,7198.95,,,,
2021-09-22,8007.1,8198.5,8002.05,8167.35,0,7771.5824999999995,7642.51,7448.269499999999,,5.092495640366693,6.86737734069043,9.654329774184474,,2.7410701369277257,0.5317479367072275,5.050355640732129,11.645216630555888,74.53641267700607,80.03123947199167,18.079144984165083,17.919221265895462,134.48214285714297,1.6465823413609428,8245.0,7266.1,,,,
2021-09-23,8245.35,8294.8,8232.05,8271.65,0,7819.672499999999,7655.483,7463.734,,5.780005492557406,8.048701825867806,10.824555108743148,,1.2770360031099326,1.0092807424593842,5.937461978342862,13.157588733010916,74.52460260572583,79.72888944161174,18.087032383430255,18.078803341469346,135.53571428571428,1.6385571716128497,8294.8,7266.1,,,,
2021-09-24,8315.85,8332.35,8146.35,8184.1,0,7864.3,7666.343000000001,7478.6995,,4.066477626743641,6.753637294861442,9.432127871964914,,-1.0584345324088806,1.1431608087399292,4.535700600332104,12.240881568390805,68.31083279115161,75.86308907493418,18.81904812544626,18.28675900572389,142.28571428571428,1.7385627532131118,8332.35,7286.25,,,,
2021-09-27,8217.1,8230.2,8120.95,8211.35,0,7906.969999999999,7677.48,7493.9545,,3.84951504811579,6.953713979066059,9.572989801312518,,0.332962695959238,4.11378361586936,4.414971738840179,11.598339211329245,68.39565252656341,77.06727090812785,18.798471977955934,18.291575135408536,145.13928571428576,1.7675447486014573,8332.35,7385.4,,,,
2021-09-28,8246.65,8263.1,8092.35,8165.7,0,7940.2,7687.35,7508.159500000001,,2.839978841842775,6.222560440203704,8.757678895873203,,-0.5559378177766194,2.720313983986311,1.8522676246070846,8.860033861700266,65.49619530754597,74.06381267316114,18.44126210096497,18.35819148758055,149.0250000000001,1.82501194018884,8332.35,7436.1,,,,
2021-09-29,8143.95,8303.55,8097.35,8257.95,0,7977.95,7698.35,7522.432,,3.509673537688265,7.269090129703122,9.777662330480368,,1.129725559351935,1.1092949365461235,1.6469415261904485,10.062708667923959,67.03521393411587,73.25263448953885,18.534642700739155,18.480487325360354,157.07142857142858,1.902063206624266,8332.35,7489.05,,,,
2021-09-30,8274.55,8318.75,8260.5,8278.55,0,8012.62,7711.31,7537.031000000001,,3.318889451889637,7.355948600172978,9.838343506879543,,0.24945658426120954,0.08341745600937145,1.0935401147881274,9.141546310883752,67.02647426428813,73.55728344065118,18.409106393070722,18.29307638640386,157.20714285714283,1.8989695400419497,8332.35,7586.85,,,,
2021-10-01,8256.45,8283.6,8198.95,8261.75,0,8041.2074999999995,7726.477,7550.4675,,2.742654010607244,6.927775750837026,9.420376950168983,,-0.20293408869910268,0.9487909483021806,2.10279796331998,7.434980494148236,65.27116300506992,71.40055668016197,18.197059282963014,17.826789686405217,157.3821428571428,1.90494922815557,8332.35,7679.65,,,,
2021-10-04,8305.1,8421.95,8298.05,8413.45,0,8075.19,7742.981,7564.775,,4.188879766296535,8.659055214006091,11.218773856459723,,1.8361727236965608,2.46122744737467,6.676260634723419,8.788047273009392,65.23511092314203,72.2237581789697,18.926293705183998,18.084878263359293,157.0071428571428,1.8661446001003488,8421.95,7688.05,,,,
2021-10-05,8419.1,8480.6,8384.75,8470.8,0,8110.842499999999,7760.91,7580.432000000001,,4.437979161844167,9.146994360197445,11.745610276564692,,0.6816466491153861,3.7363606304419594,6.558315355150346,9.19145370758272,63.85657752728145,72.45308310991958,18.94129474545451,18.091651202210937,155.81785714285712,1.8394703822880616,8480.6,7688.05,,,,
2021-10-06,8512.7,8521.45,8338.45,8358.05,0,8140.01,7777.09,7596.1615,,2.6786207879351385,7.470146288650372,10.029914450870997,,-1.33104311281107,1.2121652468227495,2.334906671074455,7.503183402575009,56.508180943214604,67.34971098265896,19.96082461251395,18.387642884370514,161.9678571428571,1.9378665734574105,8521.45,7747.0,,,,
2021-10-07,8434.9,8575.6,8430.8,8553.45,0,8177.279999999999,7798.24,7612.579000000001,,4.6001849025593105,9.684364677157935,12.35942510415984,,2.3378658897709625,3.320629820439591,3.4068172613686665,9.546557719276905,66.5330230893145,70.40268280541804,21.15036150990377,18.871588254257716,161.01071428571433,1.88240668134746,8575.6,7777.5,,,,
2021-10-08,8607.8,8614.45,8556.75,8592.15,0,8215.4375,7820.665,7628.000499999999,,4.585422261443772,9.864698206610303,12.639609816491234,,0.4524490118022362,3.999152721880961,4.985887269217137,9.747732788350994,78.651228925452,70.48542167415613,21.137704306138104,18.824377295561465,148.4714285714286,1.7279892526483895,8614.45,7789.85,,,,
2021-10-11,8622.95,8700.2,8574.65,8655.5,0,8255.005000000001,7842.698,7644.089499999999,,4.851541579926347,10.363805924950823,13.231274960870106,,0.7373009083873061,2.87694108837635,5.4089765994629335,10.062753126529888,78.66509682919902,71.12514057867295,21.15784186007082,18.75898465769575,145.52142857142866,1.6812596449821346,8700.2,7797.45,,,,
2021-10-12,8684.6,8737.65,8619.05,8729.25,0,8290.607500000002,7864.115,7661.116999999999,,5.290836648580916,11.001047161695883,13.942261944309175,,0.8520593842065827,3.0510695565944213,6.901429148756377,8.881529711121082,75.83685856170686,71.68387808301586,20.504774493481275,18.635496644103405,136.2035714285715,1.560312414337675,8737.65,7797.45,,,,
2021-10-13,8783.4,8890.7,8770.75,8851.2,0,8326.96,7885.562000000001,7678.6990000000005,,6.295694947495865,12.245645903234289,15.269526777908604,,1.3970272360168456,5.900299711057033,7.1839863404355775,8.949243920902505,76.22279534862682,71.2354229261089,20.54263602574407,18.576334861618122,138.63214285714307,1.5662525178184092,8890.7,7797.45,,,,
2021-10-14,8944.45,9002.85,8913.0,8936.15,0,8364.3175,7908.714,7696.544,,6.836570945567293,12.991189212304297,16.106008099219597,,0.9597568691250835,4.474218005600061,7.943420043365079,9.123824642813517,84.10812281736133,70.90951228305094,20.58821274348297,18.63040487018975,136.17857142857162,1.5239065081558794,9002.85,7797.45,,,,
2021-10-18,9036.65,9134.7,8987.15,9079.8,0,8413.7275,7936.588999999999,7716.017,,7.916497176786369,14.404311474362604,17.674701857188747,,1.607515540808957,5.675529407656987,9.9016552183254,12.212664985911292,85.62579480657998,72.04404850284584,20.02858899543728,18.550402944629408,142.55714285714308,1.5700471690691764,9134.7,7797.45,,,,
2021-10-19,9167.6,9196.75,8819.7,8878.4,0,8463.3025,7960.275,7733.5575,,4.904675213960506,11.533835200417071,14.803568732759793,,-2.218110531068962,2.5752411761307714,5.526270436028002,12.571479288440335,75.92390513603961,68.5172981878089,19.406540795882663,19.41508052373878,157.2928571428573,1.77163517236053,9196.75,7797.45,,,,
2021-10-20,8855.9,8867.95,8624.5,8709.15,0,8501.2875,7980.798000000001,7748.903,,2.445070820155174,9.126305414571311,12.392037943951543,,-1.90631194809876,-0.23026033164361692,2.813783822071114,9.556635993685102,65.54147147974649,69.67999808525408,21.32293995941913,20.013452281198393,160.70000000000022,1.8451858103259242,9196.75,8002.05,,,,
2021-10-21,8757.75,8772.65,8583.75,8683.75,0,8527.1075,8002.792,7763.740500000001,,1.8369945494412958,8.509005357130356,11.850080512093355,,-0.2916472904933243,-1.891833875632687,3.896841966726705,6.322736260843476,63.9110134578413,67.89317218188023,19.68577180734376,19.740583707235505,169.85000000000022,1.9559522095868747,9196.75,8092.35,,,,
2021-10-22,8705.35,8781.7,8556.55,8635.05,0,8545.2775,8026.325,7778.0325,,1.0505510207245947,7.584106051025836,11.01843557480634,,-0.5608176191161718,-3.369460002350011,0.9540010171334101,4.393319349827429,62.54115433716319,62.42099112976044,19.574351860160064,19.337156238673362,179.88571428571464,2.083204084350579,9196.75,8092.35,,,,
2021-10-25,8681.95,8686.1,8342.25,8458.55,0,8559.0,8045.934,7790.978,7251.31125,-1.1736184133660559,5.12825484275659,8.568526313384522,16.64855787289505,-2.043995112940866,-6.842111059714973,-1.554907677356665,3.353453647927074,51.49031789042358,54.78029566729755,20.709421825737504,20.041056064859937,193.00357142857177,2.281757173848612,9196.75,8092.35,,,,
2021-10-26,8476.2,8656.6,8473.85,8641.65,0,8580.515,8067.554,7804.5905,7264.08825,0.7124863717387618,7.1161097899065755,10.725219984315633,18.964000747099952,2.1646736142719503,-2.6665840692016607,-0.1600138640171056,5.240307622985241,55.21249656771518,61.15730693262453,21.884239809470163,20.410353957122677,200.30357142857181,2.3178857212288375,9196.75,8092.35,,,,
2021-10-27,8693.6,8709.4,8642.15,8660.25,0,8605.2425,8090.466000000001,7817.719500000001,7276.6825,0.6392324213989287,7.042659841843458,10.777190202334566,19.0137126362185,0.21523667355192178,-0.5614784450836185,-0.7904459145974707,6.056431169403731,59.781834660451885,60.99275149377999,21.670835633358447,20.310372751654686,192.07142857142895,2.2178508538602113,9196.75,8097.35,,,,
2021-10-28,8671.7,8676.7,8489.4,8514.45,0,8618.067500000001,8111.0419999999995,7828.719,7288.29625,-1.2023287123244308,4.973565665175958,8.759172477642903,16.823599205369845,-1.6835541699142587,-1.9496185403771293,-3.8045688720173554,3.106097760340032,48.695739415423716,58.140946333948065,22.53165923129244,20.73762501595164,189.91071428571468,2.230451929199357,9196.75,8198.95,,,,
2021-10-29,8468.95,8625.2,8323.7,8513.5,0,8629.815,8132.06,7838.7185,7299.26025,-1.3478272709206456,4.690570408973859,8.608313973770075,16.63510696169519,-0.011157502833425426,-1.4076351613482196,-4.729665459957588,2.8380573892771155,47.301609084983035,56.230951161826724,22.537330437496532,20.70604470127122,207.0892857142861,2.4324811853442894,9196.75,8198.95,,,,
2021-11-01,8579.2,8692.1,8531.35,8680.25,0,8650.740000000002,8156.362999999999,7850.304,7310.713000000001,0.3411268862547989,6.423046644687107,10.572151091218887,18.733289078643892,1.9586539026252403,2.621016604500781,-4.4004273221877055,5.065512754561685,50.792888034598754,59.142844136926456,23.37926369449919,21.040270241549557,210.87857142857177,2.4294066579715072,9196.75,8298.05,,,,
2021-11-02,8717.85,8784.55,8712.7,8763.6,0,8668.247500000001,8186.867000000001,7863.2429999999995,7322.73225,1.1000205058750232,7.044611815484473,11.450199364308098,19.676641188130294,0.9602257999481667,1.411188835465449,-1.293025770409073,4.161788564738589,51.093705224949865,61.08644266242518,22.7943102870514,19.636438194612328,209.85714285714312,2.3946453838279145,9196.75,8323.7,,,,
2021-11-03,8800.65,8832.6,8682.65,8726.15,0,8681.015000000001,8217.653999999999,7874.6115,7334.2245,0.5199276812676673,6.187848746126341,10.813720778479036,18.978495954139383,-0.4273357980738579,0.7609480095840171,0.19519700544829988,3.014473249279881,45.79197092573271,57.27513843004046,22.83235541865288,19.564246433420116,209.03571428571453,2.395509065117085,9196.75,8323.7,,,,
2021-11-04,8790.85,8814.85,8778.05,8789.25,0,8702.575,8247.13,7886.4565,7346.245,0.9959695837151563,6.5734382748907905,11.44739085291347,19.64275626527566,0.7231138589183228,3.227454503814098,1.2149129120483604,5.1590981149909565,44.98292349726778,57.38914541615427,22.21085715409557,19.318431685031445,204.53928571428605,2.3271528937541435,9196.75,8323.7,,,,
2021-11-08,8820.15,8940.2,8765.8,8929.05,0,8721.355,8279.514000000001,7900.027000000001,7358.93575,2.3814533406792835,7.845098154311934,13.025563077189462,21.336159240145555,1.5905794009727803,4.88107123979562,3.404728403425583,4.391210564158299,44.837859124062604,63.08492598194234,21.428770306765156,19.47989490814969,202.8142857142861,2.2713982530536407,9196.75,8323.7,,,,
2021-11-09,8959.25,9067.15,8949.05,9017.8,0,8742.637499999999,8314.039,7913.967,7372.38325,3.14736256650239,8.464730559960069,13.947910068363939,22.318654554482087,0.9939467244555633,3.888712882693457,6.611653297551001,4.953940515470512,55.1725417439703,61.18780869774723,21.59100065111674,19.463791172922537,185.74642857142902,2.0597754282799468,9196.75,8323.7,,,,
2021-11-10,9001.45,9017.1,8949.05,8968.7,0,8758.297499999999,8346.254,7928.266500000001,7386.40475,2.402321912449332,7.457788847547652,13.123089391609124,21.42172414800314,-0.5444786976867788,2.340362408142771,3.784578176621367,3.618508462827119,60.57359351448246,59.02716179608278,21.687164401569397,19.554169393037412,172.52142857142903,1.9235945964457393,9196.75,8323.7,,,,
2021-11-11,8972.15,8973.05,8823.95,8883.45,0,8766.0075,8373.901,7942.776999999999,7399.0855,1.3397490248553976,6.084965656985925,11.843124891961612,20.06145894651441,-0.9505279471941352,1.8026277338803576,2.577292803325548,1.7664747830569816,57.75714729645745,55.407938127209334,21.89664405208688,19.46078405782827,169.67857142857181,1.910052642031776,9196.75,8323.7,,,,
2021-11-12,8964.95,8972.95,8854.1,8926.55,0,8769.775,8402.373,7958.5665,7411.5325,1.787674142153016,6.238440021646262,12.162787104939053,20.441352716189247,0.4851718645346059,1.5621355633302025,4.840007281738679,0.851296999276907,61.37250312109864,54.74986759112137,21.412278811634188,19.449108753288638,162.0857142857146,1.8157710905749098,9196.75,8323.7,,,,
2021-11-15,8955.5,8976.4,8911.45,8965.0,0,8771.2175,8429.97,7974.115,7424.69875,2.209299906198875,6.34676042737994,12.426269247433732,20.745639679993758,0.43073751897431123,0.4026184196527227,5.30334175133611,0.322845968342067,72.143762843776,52.854419584629255,21.195755963751655,19.37612584193125,142.1642857142859,1.5857700581626986,9196.75,8323.7,,,,
2021-11-16,8986.1,9021.85,8920.3,8940.75,0,8764.265,8454.985,7989.584,7438.1825,2.013688540910169,5.745308832599933,11.905075408181455,20.20073452083221,-0.27049637479085176,-0.8544212557386466,3.001065637510436,-1.5314213969470636,65.18736671067333,50.119004501474635,20.367706848039692,19.2748311045107,135.27142857142877,1.512976300326357,9196.75,8323.7,,,,
2021-11-17,8926.0,8943.95,8869.55,8884.8,0,8764.585,8478.005,8004.588,7451.6885,1.3715994539387792,4.798239680207786,10.996343596947145,19.23203714164916,-0.6257864273131575,-0.9354755984702479,1.382993290428569,0.07208506037124085,60.9852746930189,44.71544715447155,18.868715212859737,19.378283691596092,135.74642857142888,1.5278501324895202,9067.15,8323.7,,,,
2021-11-18,8896.35,8924.35,8691.2,8735.0,0,8765.877499999999,8497.55,8018.413,7465.01775,-0.35224653778242615,2.794334837688519,8.936768410407401,17.012447827066453,-1.6860255717630057,-1.6710849951314,0.10141929717000231,0.29681427004932814,60.74752692363917,46.00200736032118,18.586023559641937,19.87682803156906,139.02142857142877,1.5915446888543647,9067.15,8323.7,,,,
2021-11-22,8752.6,8755.55,8387.65,8476.45,0,8755.5125,8511.585,8028.404500000001,7477.1685,-3.187277729316245,-0.4127903322353992,5.58075393435894,13.364437353524947,-2.959931310818542,-5.042261568018979,-3.5588929658389445,-2.3872175039585386,48.55684960853819,43.820045679077936,21.38460075082335,21.139519084535983,143.7642857142859,1.6960435761938772,9067.15,8323.7,,,,
2021-11-23,8425.75,8650.85,8390.95,8636.95,0,8755.607500000002,8528.162999999999,8039.5715,7490.34,-1.355217213654234,1.2756205527497786,7.430476860613787,15.307849843932326,1.8934813512732296,-3.6592303402119275,-3.2713446559264225,0.022003346824872594,48.30515108814783,48.84032114183766,22.449598011656793,21.480549265555094,149.5714285714287,1.7317621217145946,9067.15,8323.7,,,,
2021-11-24,8677.6,8708.3,8559.8,8591.8,0,8762.27,8543.419,8050.7475,7501.901749999999,-1.945500423976905,0.5662955310982571,6.7205250195711494,14.52829277589513,-0.5227539814402271,-3.902916422000402,-4.723990330235761,1.5753291048702156,43.06810845706902,48.926399404244755,21.218696000390185,21.543014030098387,152.7285714285716,1.777608550345348,9067.15,8323.7,,,,
2021-11-25,8604.75,8644.2,8535.45,8630.5,0,8761.7125,8558.746000000001,8062.304500000001,7512.710749999999,-1.4975668284025485,0.8383704809092242,7.047556936109258,14.878640842122143,0.4504294792709418,-2.8621916081397414,-3.7708921025343733,-0.12902628548945305,46.14454431859407,54.58179008233634,19.81838779673904,21.54310260362187,149.78571428571442,1.7355392420568265,9067.15,8323.7,,,,
2021-11-26,8550.75,8553.75,8279.65,8302.75,0,8743.8375,8564.457,8070.9365,7521.301499999999,-5.044552806476557,-3.0557337143499037,2.872200766292737,10.3898042114121,-3.797578355831066,-4.948483113909563,-6.536874750237809,-4.128056349412546,33.83828317055344,41.61595170946515,23.93439671040798,22.955010217597398,168.51071428571439,2.02957711945698,9067.15,8279.65,,,,
2021-11-29,8243.25,8273.3,8023.55,8176.25,0,8726.9275,8565.499,8078.311,7528.691,-6.310095964473176,-4.5443820611035015,1.2123697639271416,8.60121633362294,-1.5235915811026457,-3.5415769573347466,-8.405262951532222,-3.972071008696987,24.76873575546321,38.63316110850164,23.809268924002115,23.04862926932097,175.99642857142857,2.152532378185948,9067.15,8023.55,,,,
2021-11-30,8226.35,8398.95,8157.05,8186.3,0,8710.5675,8565.445,8085.0,7536.715499999999,-6.0187525095236225,-4.426448363161511,1.2529375386518267,8.618933539417812,0.12291698517046257,-5.217698377320701,-8.68600111544897,-3.8433076877899763,20.578869152926217,41.76846858146242,23.827500150328255,22.98160207946642,183.41071428571428,2.2404592341560203,9067.15,8023.55,,,,
2021-12-01,8238.85,8317.65,8179.0,8302.85,0,8691.697499999998,8569.67,8092.913500000001,7544.75025,-4.47378086961722,-3.1135387943759762,2.5940781400913253,10.048043008448163,1.4237201177577097,-3.3630903885099594,-7.134748203450492,-4.3478010425967,27.513424065381102,45.00557175711882,23.258068924207404,23.029138608882338,188.4035714285714,2.269143383640213,9067.15,8023.55,,,,
2021-12-02,8322.85,8416.6,8275.8,8401.95,0,8673.615,8579.971,8101.1465,7553.38925,-3.1320850648777823,-2.074843842712275,3.7130978929957745,11.234172130080553,1.1935660646645418,-2.6481663866519844,-5.434562398703391,-4.126728741613029,33.88985546038546,43.18293160885756,23.42813878293025,22.38207535729628,187.81071428571445,2.235322922484833,9067.15,8023.55,,,,
2021-12-03,8421.85,8481.8,8380.5,8402.15,0,8657.414999999999,8589.025,8109.932000000001,7561.650249999999,-2.948512922159784,-2.175741716900347,3.6032114695906072,11.11529523598372,0.0023803997881266525,1.1971937008822264,-3.8105323411562697,-3.712977659105099,31.935928349982817,40.770153979724704,23.42249944766009,22.333101543302774,186.55714285714294,2.220350063461649,9067.15,8023.55,,,,
2021-12-06,8413.9,8434.2,8285.0,8300.45,0,8632.975,8591.687,8117.0985,7569.360250000001,-3.851800798681794,-3.389753374395496,2.258830541479824,9.658540825824746,-1.210404479805749,1.5190337868827397,-2.076340921022357,-5.561339135876208,28.064036969797016,39.474855362705846,23.440832447274413,21.701515336036817,192.57500000000022,2.3200549367805383,9067.15,8023.55,,,,
2021-12-07,8361.5,8430.4,8318.8,8409.35,0,8606.99,8594.440999999999,8124.9619999999995,7577.7115,-2.2962731454317877,-2.153613015669065,3.5001763700556485,10.974797602152048,1.3119770614846038,2.724674150715223,-2.635189505554625,-5.820328030417555,33.387520320120046,40.81524104250277,23.16596064566305,21.711885016348344,194.60357142857148,2.3141333328803233,9067.15,8023.55,,,,
2021-12-08,8474.3,8561.75,8469.1,8554.7,0,8583.835000000001,8601.853000000001,8134.098000000001,7586.186749999999,-0.33941705543035505,-0.5481725856045231,5.170849920913171,12.766799472739079,1.7284332320571805,3.033295796021851,-0.43180707185920264,-5.135398877775055,40.22678825201331,40.97364550430403,23.842360577962687,21.886047660764042,200.17499999999993,2.33994178638643,9021.85,8023.55,,,,
2021-12-09,8589.1,8607.25,8526.8,8592.7,0,8565.035,8609.48,8143.48,7594.72275,0.32299926386758343,-0.19490143423294828,5.516314892404736,13.140403973272111,0.44420026418225955,2.270306297942737,-0.4379815769654072,-4.192357866803443,45.48826886493344,39.49280735577638,23.939829179692964,21.89361342614539,189.26785714285714,2.2026587352387157,9021.85,8023.55,,,,
2021-12-10,8584.2,8659.45,8571.85,8650.5,0,8553.3875,8619.176,8153.262999999999,7603.437250000001,1.1353688816273,0.36342221112552436,6.098625789453879,13.770913280043168,0.6726640054930177,2.955791077283787,4.188371322754514,-2.6222920149266415,56.323342415985444,42.16873400275642,23.960946075997093,21.87798790237526,169.24642857142862,1.9564930185703557,9021.85,8023.55,,,,
2021-12-13,8703.9,8735.9,8621.9,8629.4,0,8538.53,8626.605,8162.4775,7611.9484999999995,1.0642347101901495,0.03239976792724453,5.7203526747853175,13.366505304128113,-0.24391653661638424,3.9630381485340926,5.5422718238801405,-3.32883364793789,49.694789182196665,43.543673282675506,23.855502585633065,21.770563055603027,158.82500000000007,1.8405103483440342,9021.85,8023.55,,,,
2021-12-14,8606.95,8613.9,8519.25,8593.15,0,8519.9375,8632.897,8172.1035,7621.075499999999,0.8593079468012487,-0.46041323092353825,5.1522414027184,12.755082927599926,-0.42007555565856114,2.185662387699394,4.969888716514159,-4.147796988287789,50.05496966488865,41.49750076507193,23.767877533105032,21.798368372259393,156.08571428571435,1.8163969474024586,9021.85,8023.55,,,,
2021-12-15,8601.7,8619.65,8507.1,8520.5,0,8498.925,8638.072,8182.2745,7630.34875,0.25385563468321853,-1.3610907619200225,4.133636680118706,11.665931390095373,-0.8454408453244744,-0.3997802377640469,2.6213890411123764,-4.700388669854316,45.641492986765975,38.85853218367755,23.87759242394247,21.889383067825623,156.35714285714286,1.8350700411612333,8943.95,8023.55,,,,
2021-12-16,8579.4,8592.3,8442.35,8486.15,0,8478.9925,8639.526,8191.253500000001,7638.96475,0.08441451033244038,-1.7752825791600164,3.6001388554266924,11.090314953999487,-0.403145355319523,-1.2400060516485012,1.0021483108087814,-4.486876463173051,59.46824987093443,38.66277619831412,23.841646237831583,21.535146797651898,142.00714285714275,1.6733989248026815,8924.35,8023.55,,,,
2021-12-17,8492.8,8501.2,8251.1,8267.55,0,8455.62,8635.461,8198.1855,7646.2255000000005,-2.224201182172348,-4.260467391376095,0.8460957610681007,8.125898196436905,-2.57596200868474,-4.4269117392058295,-1.6019709241087199,-5.351459645105905,54.30416745238541,35.76157412747109,24.759799790535304,22.25505725169093,139.92857142857136,1.6925034796109049,8755.55,8023.55,,,,
2021-12-20,8164.0,8180.0,7815.35,7950.1,0,8429.3025,8627.302000000001,8202.196,7651.177999999999,-5.684960291791633,-7.849522365161217,-3.0735183602049934,3.906875516423764,-3.839710676076935,-7.871926205761692,-4.220855495786379,-6.209557066932502,41.366959064327474,33.19415895854745,26.186646853054746,23.67168398006463,154.94999999999982,1.949032087646694,8735.9,7815.35,,,,
2021-12-21,8014.05,8129.45,7994.5,8064.6,0,8400.685,8617.525,8207.8825,7657.5185,-4.000685658371896,-6.416285418377078,-1.7456694829634727,5.316102076671447,1.4402334561829377,-6.150829439728145,-4.099603417624431,-6.626760604148463,41.27896335883449,40.601967003628225,25.726897837378317,23.280943574455133,157.85714285714266,1.9574082143831395,8735.9,7815.35,,,,
2021-12-22,8100.9,8209.4,8091.05,8202.1,0,8381.2,8609.724,8215.194500000001,7663.958999999999,-2.1369254999284153,-4.734460709774202,-0.15939366986382442,7.021710319692493,1.7049822681844073,-3.73686990200105,-4.1217108723859415,-4.53572010521659,42.88460853775765,39.97186541521573,26.701885037358903,23.603323001904204,158.14285714285683,1.9280776525872254,8735.9,7815.35,,,,
2021-12-23,8261.75,8291.4,8242.8,8280.85,0,8363.7175,8602.231,8222.4645,7670.198,-0.990797453405143,-3.736019179210596,0.7100729957545006,7.961359015764652,0.960119969276163,-2.4192360493274223,-3.6292434275606023,-4.051329586930075,45.91004113561267,42.938571590780086,26.931471872474027,23.64835511410681,157.28571428571396,1.899390935540602,8735.9,7815.35,,,,
2021-12-24,8318.3,8319.15,8160.95,8189.55,0,8358.057499999999,8591.437,8227.776000000002,7675.3905,-2.0161084079643965,-4.677762288194626,-0.4645969943761409,6.698805748059329,-1.1025438209845584,-0.9434475751582849,-5.328593722906183,-1.363403691547982,46.23429541595923,40.22001907423425,23.645560493439366,23.660337880033456,157.92857142857105,1.928415742361559,8735.9,7815.35,,,,
2021-12-27,8151.6,8215.85,8079.3,8204.4,0,8359.465,8578.501,8232.0315,7680.5875,-1.8549632063774475,-4.360913404334867,-0.33565833658434746,6.819953551730255,0.18132864443101138,3.1987019031207042,-4.925023755996937,0.3442898639351766,42.565925496028115,47.467099332972765,23.009888272407974,23.416522797727964,158.3999999999997,1.93067134708205,8735.9,7815.35,,,,
2021-12-28,8247.75,8316.5,8240.5,8300.85,0,8365.192500000001,8565.795,8237.254500000001,7687.2675,-0.7691693885107921,-3.0930579123128643,0.7720472883288897,7.981802376462123,1.1755887084978989,2.9294695335168486,-3.401546580706716,1.3992890561059346,40.4535369109849,53.25939102228734,23.3685290106769,23.473639956751803,155.52142857142832,1.8735602808318221,8735.9,7815.35,,,,
2021-12-29,8298.55,8346.25,8287.0,8307.25,0,8365.4125,8550.344000000001,8243.4665,7693.915750000001,-0.6952735444904882,-2.843090289700636,0.7737460933455549,7.971678790478033,0.07710053789671267,1.28198875897636,-2.502787395105921,0.05299385150880909,39.00381370622901,53.16996461800551,22.82398685399592,23.137883469612223,154.00714285714255,1.8538883849305434,8735.9,7815.35,,,,
2021-12-30,8300.05,8310.75,8268.05,8297.9,0,8360.210000000001,8538.734,8249.5045,7700.746999999999,-0.7453162061718701,-2.8204883768483797,0.5866473556078494,7.754481480822578,-0.11255228866352551,0.2058967376537435,-2.218320439775401,-1.2384029897821502,35.890356142456966,49.86254200105521,22.394460311089208,22.65587947205181,150.79999999999973,1.817327275575745,8735.9,7815.35,,,,
2021-12-31,8314.4,8422.5,8312.85,8410.75,0,8360.64,8532.766,8256.782,7707.816,0.5993560301603775,-1.4299700706664127,1.8647458537720965,9.119755842640771,1.3599826462116882,2.701003107618849,1.7320729841367788,0.10235475443785003,41.849021435228345,50.24251777545057,22.95037282354218,22.521470529848493,151.55714285714262,1.8019456392966458,8735.9,7815.35,,,,
2022-01-03,8429.4,8535.6,8424.45,8524.3,0,8371.8325,8529.577,8266.1845,7715.61375,1.8211962554195729,-0.06186707734744694,3.1225470469477172,10.48116554564436,1.3500579615373098,3.8991272975476443,7.222550659740112,2.696841737496136,47.57322618166436,53.16836562654007,22.936566291005047,22.735099375915965,152.60714285714266,1.7902601135241918,8735.9,7815.35,,,,
2022-01-04,8558.2,8583.35,8497.0,8559.15,0,8379.322499999998,8528.059000000001,8277.192000000001,7723.77475,2.14608639302284,0.36457299369057516,3.4064450842749414,10.81563454449523,0.4088312236781855,3.111729521675488,6.132356223495261,1.7813505205515279,51.39960166576135,56.951311263972464,22.546888632026235,22.722206277166553,150.73571428571418,1.761106117847148,8735.9,7815.35,,,,
2022-01-05,8565.6,8588.05,8518.3,8570.8,0,8380.127499999999,8530.304,8288.118999999999,7731.943499999999,2.275293544161477,0.4747310295154685,3.410677380476807,10.849232149717595,0.13611164660041197,3.172530018959341,4.4951902561539026,0.18820063824562805,53.11660100879937,54.57741487340872,21.712733024259283,22.239324544460633,145.0071428571428,1.691874070765189,8735.9,7815.35,,,,
2022-01-06,8504.3,8606.35,8470.0,8596.2,0,8380.3025,8529.395,8298.4745,7741.215249999999,2.576249485027551,0.7832325739398901,3.587713621340892,11.044580500458265,0.29635506603820083,3.5948854529459284,3.8081839424696673,0.040732249467567705,64.10696656221836,51.26247262107569,21.68059643118561,21.708866541789476,136.8821428571428,1.5923564232700822,8735.9,7815.35,,,,
2022-01-07,8623.75,8674.4,8581.8,8647.1,0,8380.1325,8529.132,8309.799,7751.1982499999995,3.1857193188771262,1.3831184697340921,4.059075315780796,11.558235528293977,0.5921221004629995,2.8100942246529703,5.5869980646067186,-0.03930408646898309,88.79550261605249,51.64201629942649,21.6498583561152,21.74465868473956,111.19642857142864,1.285938968803745,8735.9,7815.35,9196.75,5946.5,-5.976567809280448,45.41494997057093
2022-01-10,8684.5,8732.85,8681.25,8726.2,0,8384.9725,8533.367,8322.2045,7761.062999999999,4.06951245218754,2.2597528033190244,4.854428895612947,12.435628985359372,0.9147575487735704,2.368522928568928,6.3600019501731,1.1217465872482624,88.33584424614668,52.25593038502803,21.861404346138507,21.487106499620317,104.51071428571439,1.1976658142801493,8732.85,7815.35,9196.75,5946.5,-5.116481365699832,46.745144202472055
2022-01-11,8718.5,8773.05,8710.6,8735.6,0,8392.095,8537.809000000001,8334.934500000001,7770.7555,4.093197229059026,2.3166482173588006,4.807062371036018,12.416353853882034,0.10772157411014227,2.0615364843471706,5.2374154454061905,1.6577157386988617,86.30239520958078,53.18708360842689,21.786256539297657,21.486790272119173,98.6285714285715,1.1290417536124764,8773.05,7815.35,9196.75,5946.5,-5.014271345855869,46.903220381737164
2022-01-12,8781.4,8847.4,8754.6,8840.1,0,8408.075,8541.006000000001,8348.684500000001,7780.6425,5.138215346556728,3.501859148676387,5.886142900716862,13.616581149950028,1.1962544072530834,3.1420637513417837,6.414276686027276,3.7509535825362317,86.76615607126416,57.1193819010004,21.827319218572384,21.206775983766768,100.23571428571437,1.1338753440087144,8847.4,7815.35,9196.75,5946.5,-3.878000380569219,48.6605566299504
2022-01-13,8858.75,8905.3,8796.9,8897.05,0,8428.62,8543.675,8365.271,7791.6545,5.5576120408797465,4.136100682668759,6.356984728886831,14.186916270478878,0.6442234816348202,3.4998022381982574,7.220501572687055,4.842007270670434,98.71247590195533,60.9548191894801,21.764204966226757,21.148450449508683,96.67857142857149,1.0866362606546158,8905.3,7815.35,9196.75,5946.5,-3.2587598880039224,49.61826284368955
2022-01-14,8868.2,8921.95,8827.95,8889.55,0,8459.72,8546.943000000001,8382.298499999999,7803.3475,5.080901022728884,4.008532641436805,6.0514607061535735,13.919699206013822,-0.08429760426208466,2.8038301858426484,5.69271468061705,7.5233896378007925,97.65597829867144,61.92221302754462,19.115600941404157,21.12355473944132,93.63928571428576,1.05336362036645,8921.95,7815.35,9196.75,5946.5,-3.3403104357517677,49.492138232573765
2022-01-17,8907.15,8927.9,8887.45,8900.9,0,8507.259999999998,8549.176000000001,8398.153,7814.446,4.627106730016496,4.11412749018149,5.9863996285849925,13.903148092647896,0.12767800394846152,2.0020169145790634,4.417958072803629,11.959597992478077,97.34122287968437,71.33137987942476,10.984829668948013,21.067599356742562,88.52142857142852,0.9945222232743713,8927.9,7994.5,9196.75,5946.5,-3.2168972734933576,49.683006810729
2022-01-18,8937.75,8946.65,8671.55,8697.9,0,8538.925,8544.553,8412.033500000001,7824.1265,1.8617683139271086,1.7946755084789077,3.39830434579223,11.167681146259577,-2.2806682470312034,-0.4315673794587749,1.6210721859063026,7.85283833048136,73.52321310290839,77.28997883366173,14.460055452068588,21.38677206743488,103.93928571428569,1.1949928800547913,8946.65,8079.3,9196.75,5946.5,-5.424198765868382,46.26923400319515
2022-01-19,8681.95,8690.85,8570.75,8679.5,0,8562.795,8537.787,8425.913,7833.6635,1.3629311457298687,1.6598329286031581,3.009608572981937,10.797457664603545,-0.2115453155359326,-1.8167215302994366,1.268259672375982,5.82046061374526,72.73052180128667,74.13265306122447,13.716745219523505,21.256883210925245,109.97142857142846,1.2670249273740246,8946.65,8079.3,9196.75,5946.5,-5.6242694430097595,45.959808290591106
2022-01-20,8676.95,8712.85,8611.25,8655.15,0,8581.509999999998,8531.516,8438.885,7842.3525,0.858124036445815,1.449144560005514,2.5627200749862027,10.364205128499385,-0.28054611440752053,-2.7188787294665007,0.685768130103992,4.520067384386861,66.27380476761218,69.51371839600289,13.615636117362351,21.234676379318916,108.32857142857132,1.2516082497538612,8946.65,8079.3,9196.75,5946.5,-5.889036888031102,45.55032371983519
2022-01-21,8610.65,8625.9,8378.1,8436.8,0,8593.872500000001,8522.583,8448.242,7850.698,-1.8277266738597995,-1.006537572001367,-0.13543646121880643,7.4656036953656715,-2.52277545738665,-5.093058703758913,-2.432029235234945,3.01909140306853,44.887226831833594,55.99600138413622,16.149492435557374,21.857138863092793,119.19999999999982,1.412857955622983,8946.65,8079.3,9196.75,5946.5,-8.263245168130053,41.878415874884375
2022-01-24,8431.8,8439.95,8031.15,8104.6,0,8588.8825,8506.143999999998,8454.2585,7857.139,-5.638480908313735,-4.72063487286364,-4.135886074455844,3.1495051824843654,-3.937511852835185,-8.946286330595775,-7.123375581581904,-1.2164204573155812,30.289232904037135,47.24429882894865,21.715293694436973,23.45171547323408,142.23214285714272,1.75495573942135,8946.65,8031.15,9196.75,5946.5,-11.875390763041288,36.29193643319601
2022-01-25,8019.6,8223.5,7917.6,8213.45,0,8584.5125,8491.113,8460.5415,7863.6632500000005,-4.322464438137867,-3.2700424549761458,-2.9205163759317134,4.448139993787249,1.343064432544483,-5.569735223444727,-5.97726544255689,-1.0529042206520955,35.70885822835439,50.276699177546114,21.848607683957574,23.66283137806514,159.09999999999985,1.9370666406930077,8946.65,7917.6,9196.75,5946.5,-10.691820480060883,38.122424955856395
2022-01-27,8146.9,8163.55,8000.45,8144.7,0,8576.385,8475.192,8465.0885,7869.67775,-5.033414428106952,-3.899522276309484,-3.7848216235423884,3.4947078995706016,-0.837041681631967,-6.161645256063142,-7.866426850374997,-1.9567245478347206,32.54870129870126,45.143532485304625,22.021799842734442,23.710087237083332,164.57499999999987,2.020639188674842,8946.65,7917.6,9196.75,5946.5,-11.439367167749479,36.96628268729504
2022-01-28,8230.3,8423.8,8225.45,8257.45,0,8574.3625,8462.645,8470.325,7876.431500000001,-3.6960473737843316,-2.4247147316235016,-2.5131857396262833,4.8374508176704145,1.3843358257517258,-4.594952138322261,-7.188899691470752,-0.48747273406523073,35.62654468995538,48.547257876312734,22.633523492812582,23.941974756517684,177.8964285714284,2.154374880519148,8946.65,7917.6,9196.75,5946.5,-10.213390599940189,38.862356007735656
2022-01-31,8366.35,8415.3,8338.5,8395.4,0,8573.595,8455.853,8476.701500000001,7886.320250000001,-2.0784163469349757,-0.7149249165045741,-0.959117175472103,6.4552254265859785,1.6706125983202869,-0.49070737720462443,-5.558774066178829,-0.18250453288946034,38.30516863466022,52.645718007163794,22.908926612682812,24.00950794552309,183.0464285714283,2.1803181333995796,8946.65,7917.6,9196.75,5946.5,-8.713404191698158,41.18220802152526
2022-02-01,8481.75,8485.55,8327.1,8472.3,0,8570.994999999999,8455.77,8483.6775,7895.6939999999995,-1.1514999133706147,0.19548781482938674,-0.13411047272837176,7.302790609666482,0.9159777973652306,4.536929644893006,-4.815243402352576,-0.6100207641683175,41.11553515994057,51.703428998422474,22.61985825761522,23.170606220615532,189.90357142857115,2.241464200141298,8946.65,7917.6,9196.75,5946.5,-7.877239242123585,42.47540570083241
2022-02-02,8518.0,8595.25,8515.3,8569.4,0,8571.5075,8454.419,8491.291000000001,7905.728,-0.024587273592189856,1.3600106642455236,0.9198719016931413,8.394824613242443,1.1460878391936102,4.333745259300281,-1.477368100346066,0.1197548822020833,40.819994574064005,51.259635794883266,22.954502532928096,22.91745836215683,190.69999999999982,2.2253600018671067,8946.65,7917.6,9196.75,5946.5,-6.821431483948137,44.10829899941141
2022-02-03,8557.05,8561.45,8448.35,8469.9,0,8566.4625,8451.981,8497.7,7915.00975,-1.127215580526968,0.21200946854944266,-0.3271473457523929,7.0106072832064354,-1.161108128923849,3.9927805812368655,-2.4148856500950555,-1.1772529985532243,35.92076205544022,47.59414507911691,23.323393463999125,23.0360764275291,191.60357142857123,2.2621704084885446,8946.65,7917.6,9196.75,5946.5,-7.90333541740289,42.43504582527537
2022-02-04,8452.45,8492.55,8365.55,8382.45,0,8555.775,8447.02,8502.883,7924.7135,-2.0258246622894935,-0.7644115913067532,-1.4163784212954487,5.7760637024922215,-1.032479722310753,1.5137845218560209,-3.1507252907228556,-2.4865638305297644,34.122362076523316,45.12210913422945,23.53853964958733,23.12135400371829,193.9607142857141,2.313890500816755,8946.65,7917.6,9196.75,5946.5,-8.85421480414276,40.964432859665365
2022-02-07,8397.3,8436.65,8238.7,8288.5,0,8537.845,8446.735,8505.596,7933.809749999999,-2.9204676355684525,-1.8733273862622726,-2.552390214630457,4.4706170323784304,-1.1207940399286742,-1.273316339900421,-1.7577754598899986,-4.147055082050633,31.76838344745461,42.304421768707456,23.64087237716902,21.62100660839635,205.2107142857141,2.475848637096146,8946.65,7917.6,9196.75,6325.05,-9.875771332264115,31.042442352234367
2022-02-08,8324.35,8352.7,8136.55,8237.2,0,8513.395,8447.954,8506.7265,7942.461000000001,-3.2442403999814373,-2.4947342279562483,-3.168392683131401,3.710927884946486,-0.6189298425529288,-2.774925344947632,1.636107889346805,-5.603813802113178,34.92276475978534,39.750450090018,23.30536498400475,21.38602593208627,200.9999999999998,2.4401495653862937,8946.65,7917.6,9196.75,6325.05,-10.433577078859372,30.231381570106176
2022-02-09,8279.15,8374.2,8275.55,8364.6,0,8494.845000000001,8451.52,8508.4825,7951.719499999999,-1.5332239728918042,-1.0284540532353952,-1.691047727958537,5.192342360668044,1.5466420628368782,-2.3898989427497797,1.8402741844170123,-4.246989331013329,40.38062072336266,41.17144391816005,24.164750882016904,21.657078642200652,201.70357142857125,2.411395301969864,8946.65,7917.6,9196.75,6325.05,-9.048305107782637,32.245594896483034
2022-02-10,8396.05,8422.8,8323.35,8392.85,0,8472.4825,8453.32,8511.495,7960.858499999999,-0.9398957153349059,-0.7153402450161517,-1.3939384326725262,5.426443642981483,0.33773282643521085,-0.909691968027948,3.0467666089604384,-5.05933190801009,42.00646065703664,41.70799564533687,23.691690217660618,21.439548607815798,201.54999999999973,2.4014488522968924,8946.65,7917.6,9196.75,6325.05,-8.741131377932417,32.692231681962994
2022-02-11,8329.75,8343.95,8183.45,8202.1,0,8437.734999999999,8449.323,8514.647,7968.5695,-2.7926333311012783,-2.92595039862957,-3.670698268524819,2.930645205516508,-2.2727678917173533,-2.151518947324471,-0.6703037862778483,-7.811016010924954,42.72518752712172,35.1834649326521,24.48317913902856,21.88030893716174,196.71785714285696,2.3983840375374226,8946.65,7917.6,9196.75,6325.05,-10.815233642319294,29.676445245492133
2022-02-14,8019.95,8054.55,7858.4,7880.25,0,8387.27,8438.885,8513.955,7974.102999999999,-6.045113606692051,-6.619772635839927,-7.443133068004235,-1.1769725071271235,-3.9239950744321628,-4.925499185618632,-6.136098339566898,-11.353780562570648,43.00109187334267,28.973489391620845,27.451862874230997,23.55390204747647,192.06785714285692,2.4373320280810495,8946.65,7858.4,9196.75,6325.05,-14.314839481338518,24.5879479213603
2022-02-15,7928.1,8134.6,7820.0,8124.1,0,8348.43,8435.358,8513.5225,7980.896,-2.6870920640168263,-3.6899204515089914,-4.5741642193345795,1.7943348716735645,3.0944449731924895,-1.3730393823143783,-4.109863909446066,-8.727207361053368,47.429146885340224,35.58067250635774,30.343079612687834,24.490477768603693,192.68928571428555,2.3718231645878998,8946.65,7820.0,9196.75,6325.05,-11.663359338896889,28.4432534130165
2022-02-16,8179.65,8198.0,8071.25,8097.7,0,8318.420000000002,8429.125,8511.783,7987.7585,-2.6533885040669025,-3.931902777571814,-4.8648209194242815,1.3763748616085465,-0.32495907238956345,-3.1908280132941225,-5.504469391089217,-6.900516216558017,48.61389642562227,34.95485707863486,29.551729588800242,24.303784579653232,186.5285714285712,2.30347594290442,8712.85,7820.0,9196.75,6325.05,-11.95041726696931,28.025865408178586
2022-02-17,8137.15,8165.25,8052.35,8069.45,0,8287.9175,8419.42,8510.6365,7994.668,-2.6359758045371438,-4.156699630140796,-5.183942470107854,0.9353984430623029,-0.34886449238672457,-3.85327987513181,-4.727918865630054,-7.028630681490866,44.16475262275743,37.40353971658215,29.54781543540569,23.960936060670928,174.65714285714265,2.164424376594968,8712.85,7820.0,9196.75,6325.05,-12.25759099681953,27.579228622698626
2022-02-18,8024.15,8092.3,7986.35,7996.95,0,8255.007500000002,8407.505,8508.4925,8001.223500000001,-3.1260722658338187,-4.8831966201625745,-6.012140223429714,-0.05341058151920327,-0.898450328089273,-2.5011887199619665,-4.59889411806812,-7.604720888719429,37.108932673331395,36.60957761952407,29.610683281870955,23.992111291893494,170.94999999999987,2.1376899943103296,8625.9,7820.0,9196.75,6325.05,-13.045912958382038,26.43299262456423
2022-02-21,7956.65,8015.3,7869.95,7932.6,0,8229.7975,8393.147,8506.161499999998,8007.160499999999,-3.6112370930147457,-5.4871790044902164,-6.742894547675801,-0.9311727921527074,-0.8046817849304944,0.6643190254116416,-4.293901188393557,-5.9761995069220415,32.396111944680044,36.04388387769688,28.569916171068027,23.96642571642527,170.0142857142857,2.143235329076037,8595.25,7820.0,9196.75,6325.05,-13.745616658058548,25.41560936277184
2022-02-22,7720.35,7881.85,7719.35,7868.2,0,8217.977499999999,8377.923,8502.264000000001,8012.347999999999,-4.256247963686921,-6.0841213269685195,-7.457590119525824,-1.7990731306228742,-0.8118397498928509,-3.1498873721396925,-4.479677560336048,-2.916862028971212,26.629782695640586,38.322996673101414,25.240687644075688,24.01030087500611,176.46428571428564,2.2427529258824843,8595.25,7719.35,9196.75,6325.05,-14.44586402805339,24.397435593394512
2022-02-23,7933.25,7977.1,7883.45,7894.25,0,8202.0175,8363.945,8498.421,8017.726,-3.752338982451573,-5.61571124630781,-7.109214758835791,-1.5400376615514133,0.3310795353448137,-2.512441804462995,-5.623102120842605,-3.886308433118857,29.82652882425093,45.058842874257124,24.704165708240485,24.02979271807373,175.5964285714286,2.224358597351599,8595.25,7719.35,9196.75,6325.05,-14.162611792209203,24.80929004513798
2022-02-24,7650.3,7715.45,7394.85,7407.65,0,8165.164999999999,8341.688,8489.88,8020.17375,-9.277399783102968,-11.19723010498595,-12.747294425834049,-7.6372877831979675,-6.163980112106914,-8.20130244316527,-11.738563181755913,-9.049443196188934,23.30631469412343,33.92451023420978,32.554079552073304,27.524409132848117,202.19642857142858,2.72956239254593,8595.25,7394.85,9196.75,6325.05,-19.453611330089437,17.116070228693836
2022-02-25,7584.55,7751.55,7580.3,7735.95,0,8139.089999999999,8326.684000000001,8483.105,8023.94,-4.953133581272592,-7.09446881855972,-8.807565154504156,-3.589134514963968,4.431904855115998,-3.2637443025153368,-5.683300618134391,-6.31550902518333,36.590219633539625,42.61077064916753,36.404780734188854,29.470737434928562,212.62142857142868,2.7484850415453654,8595.25,7394.85,9196.75,6325.05,-15.88387202000707,22.30654303128038
2022-02-28,7657.15,7822.1,7581.5,7810.45,0,8109.842499999999,8317.542000000001,8476.501499999998,8028.46675,-3.6917178107959443,-6.096656920999033,-7.857622628864028,-2.715546526987856,0.9630362140396365,-1.5398482212641618,-0.8857587005488443,-6.967506015198799,39.75857351988287,41.80598328200615,35.98084730257211,29.051506473042338,214.36785714285725,2.7446287620157257,8595.25,7394.85,9196.75,6325.05,-15.073803245711803,23.48439933281159
2022-03-02,7744.7,7827.1,7722.4,7793.25,0,8075.889999999999,8314.405,8470.8535,8033.5075,-3.4998000220409073,-6.268097356335186,-7.999235260059678,-2.9906924217099404,-0.22021778514682566,-0.9525685671436857,-4.072451102275954,-8.014942813639736,35.52261497529457,38.45062048065674,35.68136588122058,27.761174346375757,212.06071428571445,2.721081888630731,8595.25,7394.85,9196.75,6325.05,-15.260825835213526,23.21246472359902
2022-03-03,7884.0,7895.35,7710.5,7731.05,0,8033.972500000001,8307.734,8462.6295,8037.60425,-3.7705195032718937,-6.94153183046063,-8.644824873876363,-3.8140002974144953,-0.7981265839027363,-2.067327485194914,-4.527828889684726,-9.783065325460349,33.51434834595457,35.70202341685476,35.23396967114606,27.608105877209034,218.16071428571453,2.8218769026938713,8561.45,7394.85,9196.75,6325.05,-15.937151711202324,22.229073287958197
2022-03-04,7672.35,7676.3,7539.35,7552.25,0,7988.090000000001,8294.737,8452.2305,8040.115500000001,-5.456122802822715,-8.951302494581796,-10.6478461513798,-6.067891686381878,-2.312751825431214,1.9520360708186857,-6.409358754314109,-10.834248338233031,33.71507329908533,30.97967350449727,35.75822908372048,27.753111812853483,216.89642857142877,2.871944500929243,8492.55,7394.85,9196.75,6325.05,-17.881316769510967,19.402218164283283
2022-03-07,7410.35,7416.3,7276.7,7386.35,0,7938.285000000001,8276.847,8439.539,8041.81425,-6.952824193134919,-10.758891640741933,-12.479224279904392,-8.150701192830958,-2.196696348770233,-4.519160542661204,-7.635411000443915,-11.883160651122292,36.57369651497854,30.228993704953936,36.20372094523493,28.007532513109872,212.0285714285716,2.870545958810124,8436.65,7276.7,9196.75,6325.05,-19.685214885693313,16.779313997517807
2022-03-08,7379.4,7517.35,7326.6,7503.6,0,7899.040000000001,8263.128,8427.2825,8044.19975,-5.006177965930043,-9.19177338170243,-10.960621054295961,-6.72036705702142,1.5873875459462283,-3.9287108937385073,-5.408062930186819,-9.469747240152016,31.88532726104981,34.13656793198679,36.96094084985914,28.21837296711601,203.182142857143,2.7077954962570363,8422.8,7276.7,9196.75,6325.05,-18.410307989235324,18.633054284155858
2022-03-09,7569.95,7699.35,7534.35,7671.7,0,7870.764999999999,8252.474,8415.4875,8047.09325,-2.529169655046233,-7.037574429195419,-8.838317447444364,-4.664954640608894,2.2402580094887714,-1.559683059057515,-2.4973945756335603,-6.8651969115719025,38.51380500431406,39.156880669432525,38.18161185516484,28.720244677735984,208.11071428571444,2.7127066267673974,8422.8,7276.7,9196.75,6325.05,-16.582488379046946,21.29074078465782
2022-03-10,7833.15,7839.1,7682.55,7724.45,0,7838.7575000000015,8240.946,8403.370499999999,8049.957250000001,-1.4582349307272444,-6.26743580166646,-8.079145147771353,-4.043589796703596,0.6875920591264073,-0.08537003382464992,-2.1509326408461926,-7.653085622743472,40.81909627973815,40.99063482859802,37.74165942469524,28.627955385940258,212.00357142857163,2.7445782085271007,8422.8,7276.7,9196.75,6325.05,-16.008916193220433,22.124726286748714
2022-03-11,7702.35,7788.15,7667.85,7778.25,0,7808.027500000001,8230.366,8390.355,8053.186000000001,-0.3813703268847485,-5.493267249597405,-7.295340900355224,-3.4140028555158244,0.6964897177145213,2.992485683074575,5.002936153840976,-7.322899849276476,44.121599827975494,39.42389206543894,37.85223309021127,28.684460988517074,213.0285714285716,2.738772492894566,8343.95,7276.7,9196.75,6325.05,-15.423926930709216,22.975312448122935
2022-03-14,7785.7,7824.2,7719.65,7806.1,0,7788.227500000001,8220.53,8379.632,8056.59475,0.22948096983555613,-5.041402439988666,-6.844357842921972,-3.1091889039100526,0.3580496898402563,5.682779722054865,0.9068052404682003,-4.828031845502978,46.53177605965894,39.41514982050404,37.22867309982641,28.704145524071905,210.11428571428587,2.691667871463162,8198.0,7276.7,9196.75,6325.05,-15.121102563405547,23.415625172923537
2022-03-15,7828.4,7873.25,7701.45,7740.1,0,7781.219999999999,8207.117,8369.9415,8059.42225,-0.5284518366014453,-5.69039042577314,-7.525040646938816,-3.962098523873709,-0.8454926275604957,3.1518204595127663,-0.9007163479696989,-1.7784968750991337,46.49098778283024,41.272809701915456,34.68388458367285,28.55151826420225,207.1535714285716,2.6763681532353796,8198.0,7276.7,9196.75,6325.05,-15.83874738358659,22.372155160828772
2022-03-16,7840.85,7903.9,7819.1,7897.1,0,7769.87,8194.573,8362.075,8062.907749999999,1.6374791341425337,-3.63012203320417,-5.560521760448218,-2.0564262315911903,2.0283975659229236,2.9380710924566955,1.3325634363070549,-2.7941556603192974,50.07284345047925,50.339437158800195,33.58417484839935,28.774550882932324,211.07500000000007,2.672816603563334,8198.0,7276.7,9196.75,6325.05,-14.131622584065017,24.85434897747844
2022-03-17,7996.7,8035.1,7990.35,8008.95,0,7765.4325,8183.5689999999995,8355.814,8066.923250000001,3.135916769606843,-2.133775617948596,-4.151169473135717,-0.718653794059599,1.4163427080827073,3.6831101243454123,3.5945958181618165,-1.095990219445031,69.0104331331015,47.55005212655049,34.00939348454281,28.9610375407381,185.26071428571439,2.313171068438614,8165.25,7276.7,9196.75,6325.05,-12.915432081985486,26.622714444945096
2022-03-21,8052.45,8053.75,7942.2,7953.75,0,7759.647500000001,8171.227999999999,8350.766,8070.872,2.5014345045957183,-2.661509383901651,-4.754246496668685,-1.4511690930050718,-0.6892289251399952,2.2562915822967877,5.316296467940007,-1.4338027994472924,58.32314276979519,46.9743783761061,34.07271773052593,28.983304756529897,168.6642857142858,2.1205630767158357,8092.3,7276.7,9196.75,6325.05,-13.515644113409628,25.74999407119311
2022-03-22,7954.85,7995.6,7861.1,7985.9,0,7759.094999999999,8159.022,8344.2085,8074.3994999999995,2.9230857464691473,-2.1218474469121458,-4.29409811607657,-1.09605054840301,0.40421184975640845,2.3033268853845046,8.116999600614626,-0.13817768024059207,56.92903123889262,48.24677368586717,33.95607374273432,28.992528517286374,161.08571428571435,2.017126614229008,8053.75,7276.7,9196.75,6325.05,-13.166064098730534,26.25829044829684
2022-03-23,8036.25,8071.1,8004.55,8027.55,0,7763.842499999999,8146.630999999999,8337.8815,8077.8005,3.3966106344893188,-1.4617208021327985,-3.721946635965015,-0.6220814688354843,0.5215442216907284,3.713776307799632,6.982648328802177,1.196959382800089,59.07787679194112,50.65053786300439,33.857604896070846,28.983911243851303,159.6928571428572,1.9893100278772127,8071.1,7276.7,9196.75,6325.05,-12.713186723570825,26.916783266535443
2022-03-24,8018.9,8094.8,8005.6,8087.9,0,7774.827500000001,8133.865,8333.616,8081.1675,4.026745287917942,-0.5651065022593829,-2.9484919871518,0.08331098198373035,0.7517860368356333,2.4160767876815425,5.425133933808679,2.792252357591307,63.84588522872773,53.307210698922425,33.76528458339183,28.955935200591764,152.8607142857143,1.8899926344998614,8094.8,7276.7,9196.75,6325.05,-12.056976649359832,27.870925921534205
2022-03-25,8125.45,8130.8,8019.35,8056.3,0,7782.93,8120.279,8329.044,8083.88125,3.5124304085993305,-0.7878916475653147,-3.2746135090653827,-0.34118821327317467,-0.3907071056763689,0.5912135798076035,4.296098751367405,2.052759920195091,72.07937272767099,54.06245950498899,33.81383057214767,28.956038827248694,147.12857142857143,1.8262548741801004,8130.8,7276.7,9196.75,6325.05,-12.400576290537416,27.371325127864598
2022-03-28,8067.7,8084.25,7945.15,8015.1,0,7813.302500000001,8103.778999999999,8322.3925,8086.348250000001,2.5827427006697827,-1.0942919346640412,-3.6923576964196245,-0.8810930199549659,-0.5114010153544402,0.7713342762847741,3.0450294089287455,8.2003064399641,80.91959675436445,52.5930694131531,24.560323272145848,28.802525524252747,137.3821428571429,1.7140415323220284,8130.8,7276.7,9196.75,6325.05,-12.848560632832246,26.719946877890294
2022-03-29,8061.3,8100.45,8021.45,8044.95,0,7828.7525,8086.736999999999,8315.206,8089.2245,2.7615830236043384,-0.5167349945967001,-3.250141968821943,-0.5473268791093688,0.37242205337424394,0.7394282422770182,3.0597865771640143,3.9943381226610786,79.12519502878361,67.00827328529493,19.425259979276642,28.768994841138735,129.85357142857143,1.614100416143934,8130.8,7276.7,9196.75,6325.05,-12.523989452795828,27.191879906087692
2022-03-30,8107.45,8140.95,8086.25,8132.1,0,7844.834999999999,8071.588000000001,8309.265500000001,8091.9385,3.6618360998032626,0.7496913866267668,-2.132143930170494,0.49631494357007483,1.0832882740104077,1.3023898947997825,5.0645340499476665,4.118200615841605,77.13342762847721,62.134346188011186,19.492225720426156,28.909064417721897,122.72857142857141,1.5091866975144355,8140.95,7276.7,9196.75,6325.05,-11.576372087965854,28.569734626603744
2022-03-31,8166.9,8195.35,8137.4,8183.75,0,7864.360000000001,8057.245,8303.210500000001,8094.8335,4.061233209059598,1.570077613377775,-1.4387266226720499,1.0984351932624714,0.635137295409538,1.1851036733886433,3.629813475832888,5.010746479325068,77.1037412958811,61.596769182976104,19.4787873792445,28.957581009898874,115.28928571428567,1.4087586462720105,8195.35,7276.7,9196.75,6325.05,-11.01476064914236,29.386328961826386
2022-04-01,8187.15,8319.85,8171.75,8308.7,0,7893.2425,8049.460999999999,8297.007,8098.517000000001,5.263457951532597,3.2205758870066132,0.1409303378917376,2.595327020984212,1.526806170765238,3.1329518513461663,3.742687867947736,7.471818187697665,78.87745658446303,65.00800698791676,19.56454467082816,28.77877350165468,117.27500000000002,1.4114723121547295,8319.85,7276.7,9196.75,6325.05,-9.656128523663243,31.36180741654217
2022-04-04,8339.55,8436.15,8337.3,8424.5,0,7936.8550000000005,8044.361,8291.074,8102.5205000000005,6.144058320329646,4.725533824252792,1.6092728155604383,3.9738190110102085,1.393719835834717,5.107858916295482,5.918591859185929,11.549538217087619,80.72337042925284,69.57958042747835,17.0963015196013,28.9647159256958,118.91071428571422,1.4114869046912484,8436.15,7276.7,9196.75,6325.05,-8.396988066436514,33.19262298321752
2022-04-05,8475.7,8542.55,8440.15,8516.45,0,7993.359999999999,8041.5869999999995,8286.5515,8107.409000000001,6.544056566950594,5.905090624524751,2.7743567393505146,5.045274020343616,1.091459433794295,5.860819520320204,6.643584317359363,15.29984363048056,87.60110427665043,78.6282660332542,13.734456534646778,29.070462171445865,115.07142857142844,1.351166607816971,8542.55,7326.6,9196.75,6325.05,-7.397178351047917,34.64636643188592
2022-04-06,8502.2,8582.15,8471.0,8563.95,0,8046.3775,8044.13,8283.3565,8113.066750000001,6.432366614666055,6.4621034219984095,3.3874372061615463,5.557494642824181,0.5577441304769115,5.3104364186372655,6.681988900723135,14.131217015832398,86.12992360621993,87.60858456821671,13.350859982306385,28.521602411093184,111.31071428571418,1.2997590397621912,8582.15,7534.35,9196.75,6325.05,-6.880691548644894,35.397348637560185
2022-04-07,8562.95,8611.75,8477.15,8511.3,0,8088.3575,8052.264,8279.204,8118.88525,5.229028266863812,5.7007072793440345,2.8033612893220115,4.833357510503046,-0.6147864011350035,4.002443867420191,5.234980650106946,10.944119295592891,79.08296184797078,83.56762158560956,12.71844713952636,27.073715895635225,111.06785714285706,1.304945861887809,8611.75,7667.85,9196.75,6325.05,-7.453176393834786,34.56494415063911
2022-04-08,8562.2,8607.3,8525.15,8587.5,0,8131.509999999999,8059.745,8275.429,8124.772000000001,5.607691560362107,6.548035949028165,3.771055252845501,5.695273664294815,0.8952803919495267,3.3555189139095054,6.593597557191266,11.17296377088337,85.81925055106534,82.49591938116527,12.775189977717554,26.98755892592527,109.95714285714277,1.2804325223539188,8611.75,7667.85,9196.75,6325.05,-6.6246228287166655,35.76967771005762
2022-04-11,8614.15,8657.5,8602.65,8618.05,0,8173.5,8069.2119999999995,8272.202,8130.893,5.438918455985799,6.801630692067574,4.180845680509252,5.991432921328558,0.3557496360989676,2.297465724968828,7.522675949145974,10.796773053064634,85.7935564237585,82.21573292955509,12.774983024343364,26.90652114225724,105.34999999999991,1.2224343093855328,8657.5,7701.45,9196.75,6325.05,-6.292440264223782,36.2526778444439
2022-04-12,8604.2,8606.45,8385.45,8467.55,0,8206.572499999998,8073.414000000001,8268.0295,8136.30875,3.18010350849884,4.8819000239551515,2.413156605210452,4.071148971577549,-1.7463347276936214,-0.5741829048488634,5.25298479170162,8.473501492422585,72.17965520717809,73.23065516311672,15.095436865322132,27.071742738436704,115.87857142857118,1.3685017676727176,8657.5,7701.45,9196.75,6325.05,-7.928887922363886,33.87325001383387
2022-04-13,8512.75,8531.1,8442.85,8455.4,0,8242.3375,8074.6140000000005,8265.2335,8141.82325,2.584976652557603,4.715841525056171,2.3008000923385814,3.8514315574217264,-0.1434889667022876,-1.2675225801178303,3.975602857810401,9.241482668182567,69.47123026385503,72.11662919817425,14.514437730267193,26.823489024525525,115.81071428571406,1.3696657081357957,8657.5,7819.1,9196.75,6325.05,-8.060999809715392,33.68115667069825
2022-04-18,8373.05,8383.7,8277.15,8352.25,0,8265.095,8072.213,8263.9915,8146.198,1.0544948364174962,3.4691478037063725,1.067988755796759,2.5294253834733658,-1.2199304586418158,-1.8686922091807223,2.058958301512148,5.763508123235117,64.57522777640972,70.33653366997774,14.399571493449766,26.88851807685657,120.58214285714264,1.4437084959997923,8657.5,7861.1,9196.75,6325.05,-9.182591676407426,32.05033952300772
2022-04-19,8414.45,8447.55,8173.4,8253.3,0,8277.3125,8065.891,8260.155,8149.86325,-0.29010019858499636,2.323475484605478,-0.08298875747490674,1.2691838725023874,-1.184710706695813,-3.8917030567685695,-0.6667709750021289,3.0509617365572117,61.099720410065174,62.308223911541084,14.64576153756387,26.880338627724896,130.22857142857114,1.5778969797362405,8657.5,7861.1,9196.75,6325.05,-10.258515236360678,30.485925012450476
2022-04-20,8283.85,8365.95,8242.0,8294.05,0,8294.3275,8062.374,8257.1775,8153.9625,-0.0033456600309084194,2.8735456826984147,0.44655089466103265,1.7180297309436932,0.49374189718052186,-3.759551174569653,-1.5484598492492174,4.2784849913562795,61.490912445797534,60.36049131477576,14.340752658464023,26.788596367036643,132.9857142857141,1.6033869374517167,8657.5,7861.1,9196.75,6325.05,-9.815423926930718,31.130188694160505
2022-04-21,8347.7,8396.35,8342.7,8386.7,0,8314.3675,8062.458999999999,8254.7395,8158.522000000001,0.8699699646425351,4.021614249449229,1.598602839011468,2.7968055978766726,1.1170658484094265,-0.954821642623882,-1.523522124829002,5.0188457155737165,61.68533137506883,65.31644674001487,14.685530622728384,26.808671325187085,133.43571428571417,1.59103955412396,8657.5,7945.15,9196.75,6325.05,-8.808002827085646,32.5949992490178
2022-04-22,8339.15,8388.2,8287.75,8299.75,0,8327.9775,8062.683999999999,8254.709499999999,8162.823,-0.3389478417779211,2.940286386022331,0.5456339802145791,1.6774466382524733,-1.036760585212304,-1.8408354424391482,-3.085025017661247,3.3908228537972374,55.15693073708542,60.688621734836346,15.3298635970831,26.791017619633443,136.0928571428571,1.6397223668527017,8657.5,7945.15,9196.75,6325.05,-9.753445510642345,31.220306558841425
2022-04-25,8223.0,8226.6,8086.85,8121.35,0,8329.65,8060.367000000001,8254.1605,8166.23575,-2.500705311747784,0.7565784535617207,-1.6090128123871543,-0.5496504310446764,-2.1494623332028007,-2.764524529318446,-4.581556283998911,0.4135807811669334,42.0489750880618,52.922300454857,17.2159346384228,27.195093214850324,140.72142857142848,1.7327344415821073,8657.5,7945.15,9196.75,6398.5,-11.693261206404433,26.925841994217397
2022-04-26,8199.05,8279.3,8193.95,8271.75,0,8340.4225,8058.51,8255.015,8170.0075,-0.8233695595157268,2.6461467442492443,0.2027252524677494,1.245317094262157,1.8519088575175369,0.22354694485842153,-3.676855895196507,2.674304581507636,43.70232941661515,55.42346381899171,18.301757553838797,27.293632837196768,142.8999999999999,1.7275667180463614,8657.5,7945.15,9196.75,6398.5,-10.05790088890097,29.276392904587013
2022-04-27,8207.2,8250.4,8135.6,8194.9,0,8349.4125,8054.5509999999995,8253.9355,8173.424500000001,-1.8505793072267147,1.7424807416329,-0.7152406267289096,0.26274788492875467,-0.9290657962341742,-1.1954352819189662,-4.910043455306012,2.243265835735042,36.57579426376654,53.98230088495574,18.55670316681444,27.359267157147578,144.19285714285706,1.759543827781389,8657.5,8021.45,9196.75,6462.25,-10.893522168157235,26.81186893109984
2022-04-28,8258.05,8260.35,8157.3,8244.95,0,8359.4125,8055.407999999999,8252.3655,8176.755999999999,-1.3692648855406961,2.3529782724847865,-0.0898590834349152,0.83399822619143,0.6107457076962586,-1.6901761121776104,-2.628859587483967,2.4860316098919366,36.710548241959714,56.570709813898965,18.619305470891558,26.90738129336614,143.61428571428567,1.7418454413220898,8657.5,8086.25,9196.75,6536.35,-10.34930817951993,26.139971084779734
2022-04-29,8303.0,8333.5,8148.75,8168.85,0,8361.25,8061.18,8250.0325,8179.98225,-2.3010913439976037,1.3356605360505542,-0.9840264265625497,-0.1360913711029099,-0.9229892237066384,-1.5771559384318734,-3.3889585353738316,0.4519127900542319,36.00702815347534,53.45067676711413,18.618017647207466,25.446283622507337,147.1964285714285,1.8019235090793502,8657.5,8086.85,9196.75,6581.0,-11.176774404001408,24.127792128855802
2022-05-02,8096.8,8133.2,8055.05,8120.15,0,8358.07,8061.101,8248.229500000001,8182.664000000001,-2.846590181704629,0.7325178037094434,-1.552812030751589,-0.763981021339762,-0.5961671471504615,-0.014775868544036896,-2.778891915352155,-0.7771498396212051,30.464406637963506,49.659902666704596,18.599433464108124,24.533809792358785,148.4678571428571,1.8283881103533444,8657.5,8055.05,9196.75,6604.3,-11.706309294044095,22.95247036021985
2022-05-04,8167.05,8180.7,7903.75,7933.7,0,8339.32,8057.821,8243.473,8184.2175,-4.863945741379392,-1.5403792166641588,-3.757797229395913,-3.060982922313586,-2.2961398496333163,-4.0868014628101745,-3.8723904377642837,-4.513341437288632,24.692134166635938,43.390690666878136,19.286325852993325,25.065900398657032,163.24999999999994,2.0576780064786915,8657.5,7903.75,9196.75,6604.3,-13.733655911055537,20.129309692170246
2022-05-05,8025.4,8085.25,7946.65,7972.1,0,8316.7,8055.873999999999,8237.646999999999,8185.8725,-4.143470366852241,-1.039911994651338,-3.2235782863722937,-2.6114809386537603,0.48401124317785094,-2.7187641093850967,-3.8816983259083226,-5.370051635111873,30.021371829509363,40.676416819012815,18.53001186036586,25.08090415724165,157.46071428571435,1.9751472546219233,8657.5,7903.75,9196.75,6604.3,-13.316117106586562,20.71074905743228
2022-05-06,7832.15,7860.85,7750.15,7822.05,0,8281.98,8052.376000000001,8229.9405,8186.710249999999,-5.553382162236559,-2.860348299681993,-4.956177994239453,-4.4542953013391315,-1.8821891346069486,-5.129200298364456,-6.732683892353375,-8.153632088487583,27.016728961788402,33.62329083643685,18.64018679981155,25.355461760556526,167.01071428571439,2.1351271634125886,8657.5,7750.15,9196.75,6604.3,-14.947671731861798,18.438744454370635
2022-05-09,7748.9,7763.3,7616.9,7668.95,0,8237.23,8047.102999999999,8220.125,8186.694,-6.898921117900068,-4.699243939092111,-6.7051900062347,-6.324213412642522,-1.9572874118677364,-6.119588436560841,-7.600228922557905,-10.450784976558724,26.07157865247241,27.703235990528853,19.028246912057035,25.66632530685379,168.932142857143,2.202806679625542,8657.5,7616.9,9196.75,6668.5,-16.612390246554494,15.00262427832346
2022-05-10,7649.6,7743.45,7511.1,7533.65,0,8188.347500000001,8040.411999999999,8209.1675,8185.8225,-7.9954777200161695,-6.30268697673701,-8.228818573868788,-7.967097991680134,-1.7642571668872509,-7.222772978331681,-7.236481619435198,-11.486494425058446,25.42430761875501,24.09093195191879,19.516524355392487,25.898835262324393,165.9464285714287,2.2027361049614558,8657.5,7511.1,9196.75,6681.6,-18.083562127925628,12.752185105363973
2022-05-11,7570.3,7605.9,7363.15,7499.5,0,8133.9475,8032.517,8198.231,8185.1672499999995,-7.799995020867792,-6.635740702447313,-8.522948426312944,-8.376948558992483,-0.45329952944455076,-5.472856296557715,-9.335992988182673,-12.66957787481805,22.743645157970676,24.3171895623922,18.715854569720108,25.895652305259443,174.43214285714294,2.3259169658929655,8657.5,7363.15,9196.75,6731.45,-18.454888955337484,11.40987454411754
2022-05-12,7442.9,7450.25,7257.75,7317.05,0,8068.897499999999,8030.705,8186.1965,8184.235500000001,-9.317846707062508,-8.886579696303123,-10.617220097269835,-10.59580335878654,-2.4328288552570188,-8.216781023820573,-10.71215023978327,-15.096222463318254,15.436068116457221,19.40223019676796,19.300328874046464,22.530448541497204,184.39285714285714,2.52004369442408,8606.45,7257.75,9196.75,6731.45,-20.438741946883408,8.69946296860261
2022-05-13,7414.2,7524.4,7330.85,7351.95,0,8013.1175,8023.025,8174.8544999999995,8183.054,-8.251064582542318,-8.364363815393817,-10.066289253221568,-10.156403709421937,0.476968177065884,-6.009933457341754,-10.830872230880729,-13.175003395315056,18.307363070955702,19.570755623918558,19.479184641113438,20.13868834558413,192.02857142857133,2.611940661029677,8531.1,7257.75,9196.75,6731.45,-20.059260064696772,9.217924815604364
2022-05-16,7392.25,7484.8,7315.55,7468.95,0,7963.795000000001,8016.195,8166.8685,8182.526999999999,-6.21368330048678,-6.826742612922963,-8.545729614723193,-8.72074115979085,1.5914145226776588,-2.607918945879162,-8.567913476193102,-11.666508976512047,27.250854313410997,25.607015486833816,21.043352011400135,20.356520824028994,188.91071428571422,2.52928074609837,8447.55,7257.75,9196.75,6731.45,-18.787071519830377,10.956034732487058
2022-05-17,7505.8,7673.9,7482.05,7662.15,0,7929.290000000001,8013.572999999999,8163.9890000000005,8183.0925,-3.369027996201441,-4.385347210289341,-6.146982804606925,-6.366083482497603,2.5867089751571593,1.7056805134297415,-5.640289896122608,-8.262444251548985,29.3593824067177,32.197760272896645,23.744698834006357,21.21524066009031,192.26785714285714,2.5093199316491734,8447.55,7257.75,9196.75,6731.45,-16.686329409845875,13.826144441390783
2022-05-18,7701.4,7740.65,7618.4,7647.65,0,7899.0075,8011.905,8159.8195,8183.851,-3.18214028787794,-4.546421855975578,-6.276725851595125,-6.551939911906998,-0.18924192295896036,1.975465031002055,-3.605505627891148,-7.338276810487921,30.653657156997937,33.5319964474361,23.581644820812027,21.14507050561302,191.27500000000003,2.501095107647448,8396.35,7257.75,9196.75,6731.45,-16.843993802158373,13.610737656819852
2022-05-19,7483.85,7516.0,7384.75,7422.75,0,7855.4425,8009.315,8152.026,8183.610250000001,-5.508187476389778,-7.323535158749526,-8.945947915278973,-9.297366648173409,-2.9407726556523905,1.4445712411422562,-6.890907038296056,-10.505121141058948,24.131638560281885,31.667586359121557,25.020872697321195,21.539673634087258,202.69285714285712,2.730697613995583,8396.35,7257.75,9196.75,6766.45,-19.289422893957102,9.69932534785597
2022-05-20,7540.1,7600.0,7535.3,7591.6,0,7815.6875,8013.42,8145.1335,8183.799,-2.8671502027172866,-5.263919774578142,-6.795880018418354,-7.236235885069997,2.2747633963153824,3.2596794047837774,-2.946158615708161,-9.480486961498569,32.839858497577225,35.32496291808559,26.341365830465612,21.56086504766462,202.15714285714284,2.662905617486997,8388.2,7257.75,9196.75,6974.0,-17.453448228993935,8.855749928305139
2022-05-23,7629.35,7682.15,7553.3,7569.2,0,7779.159999999999,8014.732,8138.93,8183.353,-2.6990060623511942,-5.558913261229447,-7.0000602044740585,-7.50490660735276,-0.295062964329007,1.342223471840076,-1.3006995742572358,-8.80207235157686,33.36151964485249,32.40497610950885,26.266285531761852,21.28925169847623,203.2321428571428,2.684988411683438,8333.5,7257.75,9196.75,6974.0,-17.69701253160084,8.534556925724116
2022-05-24,7576.1,7590.8,7501.65,7533.6,0,7749.772499999999,8011.97,8132.222000000001,8182.126749999999,-2.7894044631632577,-5.9706913530629775,-7.361112374945006,-7.926139130025077,-0.47032711515087033,-1.6777275307844342,-0.0006636889157252135,-7.237097280624527,36.70587453482192,33.13744910311436,25.487178783367977,20.701086761061884,189.81785714285712,2.519616878290022,8333.5,7257.75,9196.75,6974.0,-18.08410579824394,8.02408947519358
2022-05-25,7558.6,7575.35,7374.95,7395.7,0,7705.970000000001,8005.395,8123.170499999999,8180.2125,-4.026358784163464,-7.616051425320057,-8.955499579874624,-9.590368220874455,-1.8304661781883946,-3.2944760808875873,-1.3840922728181937,-10.590866503460571,32.03577884435579,33.7389355742297,24.579108123324385,21.02281104386192,193.30714285714288,2.613777503916369,8333.5,7257.75,9196.75,7053.65,-19.58354853616767,4.849262438595623
2022-05-26,7426.8,7511.4,7281.8,7488.55,0,7670.652499999999,7999.601000000001,8114.983499999999,8179.225,-2.3740157698448607,-6.388456124249202,-7.7194673285534,-8.444259694530963,1.2554592533499331,0.8864639116230588,2.3438407554957186,-8.619385227397524,39.22176976278199,31.98463449418047,25.3398665073627,21.165728955478198,193.85357142857134,2.588666316290488,8333.5,7257.75,9196.75,7070.65,-18.573952755049337,5.910347704949341
2022-05-27,7555.0,7603.4,7522.75,7594.15,0,7638.1125,7995.361999999999,8107.946000000001,8178.72525,-0.5755675895059224,-5.0180592198326925,-6.336944029967653,-7.147510548786324,1.4101528333255287,0.033589757099949935,3.2943640802780116,-7.8933165149576485,47.50600160042678,36.361778928012,25.930489662009208,21.40486757816226,187.40357142857127,2.4677359734607727,8333.5,7257.75,9196.75,7100.15,-17.425721042759672,6.957599487334774
2022-05-30,7668.6,7764.95,7662.5,7757.45,0,7617.5425000000005,7995.709,8101.4130000000005,8179.0975,1.8366487617233425,-2.9798358094322843,-4.245716148528666,-5.15518368621966,2.1503394059901426,2.4870527928975372,3.862658071080949,-5.036204606523564,57.32521602513747,39.47402513278921,27.359970439975672,21.880814712951928,183.00714285714275,2.3591146943537216,8180.7,7257.75,9196.75,7100.15,-15.650093783129911,9.257550896812042
2022-05-31,7753.7,7831.75,7741.25,7783.4,0,7600.705,7993.435,8094.004,8180.094249999999,2.403658607984387,-2.627593769136807,-3.837457950354364,-4.849507082390886,0.3345171415864767,3.3158118296697348,1.5824540109499186,-4.1470908788630805,59.34250361984992,41.49323563814525,27.400463503439425,21.40399957576145,172.13214285714275,2.2115289315356113,8180.7,7257.75,9196.75,7100.15,-15.36792888792237,9.623036133039443
2022-06-01,7802.7,7850.45,7752.4,7797.75,0,7593.907499999999,7989.211000000001,8086.39,8181.791,2.684290004849291,-2.396494472357798,-3.569454354786256,-4.693850038457352,0.18436672919290853,5.436267020025154,1.9626944224696574,-1.7135762632819462,67.7865758898838,42.77518823951238,26.271966553988847,21.156059083323576,161.86785714285705,2.0758277341907223,8085.25,7257.75,9196.75,7116.05,-15.211895506564819,9.579752812304577
2022-06-02,7804.3,7846.9,7766.2,7837.6,0,7587.1825,7986.888000000001,8079.058000000001,8183.5885,3.3005334984363492,-1.8691635590733269,-2.9886900180689446,-4.227833547593448,0.5110448526818745,4.6611159703814575,5.588898992960845,-1.6871338794044233,67.9041474654378,47.69500143912502,26.27974735255017,21.139601483348404,152.8214285714285,1.949849808250338,7860.85,7257.75,9196.75,7116.05,-14.778590262864594,10.139754498633373
2022-06-03,7894.85,7909.8,7702.45,7711.9,0,7581.675,7981.408,8070.215,8184.34475,1.717628360487616,-3.3766974448618674,-4.439968451893791,-5.77254214517296,-1.6038072879453025,1.550535609646908,1.5846461878918694,-1.4081986180093486,58.89959339169931,44.009853123992805,26.04293250866988,21.410943870079873,155.54285714285712,2.01692004749617,7909.8,7257.75,9196.75,7116.05,-16.145377443118498,8.373325089059232
2022-06-06,7702.45,7708.75,7597.35,7676.0,0,7582.027499999999,7974.377,8060.504,8185.151499999999,1.2394112260869639,-3.7416966867756614,-4.770222804926341,-6.220428540632376,-0.46551433498878136,-1.0499584270604378,1.4109813454526332,0.09192914284223974,50.57342773154475,46.451220993803915,25.122106612286576,21.387517963713464,149.0857142857142,1.942231817166678,7909.8,7257.75,9196.75,7118.9,-16.535732731671516,7.825647220778496
2022-06-07,7644.5,7652.9,7577.6,7620.6,0,7586.375,7965.031,8049.448,8185.82625,0.45113773047075,-4.324289509984325,-5.327669673746572,-6.9049382766950345,-0.7217300677436089,-2.0916309068016448,1.1548263778273338,1.1541550244569487,48.916743422369976,48.766613096604694,24.40427662155767,21.3483751667582,147.38214285714275,1.9339965731982094,7909.8,7257.75,9196.75,7118.9,-17.13811944436893,7.047437104046985
2022-06-08,7632.05,7676.5,7560.65,7604.75,0,7591.6375,7956.0,8038.139499999999,8186.536999999999,0.1727229467950779,-4.4149069884364005,-5.391664327298616,-7.106631289884836,-0.20798887226728402,-2.4750729377063907,2.826642508484656,1.4034268951263362,58.75420875420873,51.93143540149952,24.3501669528804,21.339961975162357,136.87857142857138,1.7999088915292598,7909.8,7257.75,9196.75,7118.9,-17.31046293527605,6.824790346823251
2022-06-09,7573.8,7648.15,7544.35,7639.7,0,7607.7699999999995,7948.492000000001,8026.135499999999,8187.41,0.41970248837701846,-3.88491301243055,-4.81471437904331,-6.689661321467962,0.45958118281337335,-2.5250076554047207,2.018414779897304,4.409563963619223,52.65569787985863,53.806886064950575,22.482813431501675,21.356523958126687,131.63214285714275,1.7230014641562201,7909.8,7281.8,9196.75,7118.9,-16.93043738277109,7.315736981837084
2022-06-10,7575.55,7599.1,7540.45,7585.65,0,7619.455,7939.306,8013.0215,8189.14625,-0.44366690268530085,-4.454495141011066,-5.333462539692427,-7.369464796162362,-0.7074885139468856,-1.637080356332421,-0.11192826056899419,3.1787484952971568,50.87756735129368,57.84004670169291,22.699198299998585,21.37464972193728,129.51785714285708,1.7074061832915715,7909.8,7281.8,9196.75,7118.9,-17.5181449968739,6.556490469033137
2022-06-13,7461.25,7467.15,7326.55,7355.3,0,7613.772500000001,7923.77,7997.679,8189.98875,-3.394801985480926,-7.174236506107576,-8.032067803671538,-10.191573828474432,-3.0366547362454033,-4.177957269411148,-5.184048882042425,-1.52163289351247,42.12455830388692,50.087767560061835,24.701779794022833,22.17918020882656,141.6571428571427,1.9259193079431525,7909.8,7281.8,9196.75,7118.9,-20.022834153369395,3.320737754428361
2022-06-14,7310.2,7438.05,7309.35,7345.1,0,7597.92,7906.996999999999,7982.121,8190.137,-3.327489628740494,-7.106326207029029,-7.9805981392664895,-10.317739495688526,-0.13867551289545865,-3.6152009028160514,-5.6312151501914265,-4.137872529250918,47.48083242059148,46.562872922043695,22.62865005990604,22.098834824579562,136.53571428571408,1.8588680111327833,7909.8,7281.8,9196.75,7118.9,-20.133742898306465,3.1774571914200327
2022-06-15,7386.6,7405.65,7344.1,7376.65,0,7584.37,7888.356000000001,7968.9085,8190.471,-2.7387904334836017,-6.486852266809471,-7.43211570317315,-9.9361929246804,0.429538059386525,-2.99944113876196,-5.400275720560421,-3.5435722084561916,44.066808059384904,41.295731707317074,22.739378990990094,21.791385540468433,124.53214285714265,1.688193730990933,7909.8,7281.8,9196.75,7118.9,-19.790686927447197,3.6206436387644163
2022-06-16,7453.85,7468.05,7181.3,7196.15,0,7573.039999999999,7863.789000000001,7954.075,8189.994000000001,-4.976733253752779,-8.49004214126296,-9.528763558301879,-12.134856264851976,-2.446910182806561,-5.80585625089991,-8.18426559150761,-3.0527769357717838,30.449945967187332,37.5,21.996820613704077,22.025580113291642,136.8107142857141,1.9011654049139348,7909.8,7181.3,9196.75,7118.9,-21.753336776578685,1.085139558077793
2022-06-17,7150.3,7231.8,7088.25,7158.1,0,7551.365,7836.622,7939.1045,8188.99475,-5.207866392367465,-8.658347946347291,-9.837438214851561,-12.588782646368157,-0.5287549592490337,-5.636300119304205,-7.181109713559552,-5.710258706991933,16.42861143785356,41.827502084427024,20.072037421472036,21.796344825025983,134.86428571428556,1.8840793746145703,7909.8,7088.25,9196.75,7088.25,-22.167069888819416,0.9854336401791749
2022-06-20,7163.65,7178.5,6963.15,7032.3,0,7524.5199999999995,7805.9890000000005,7925.059499999999,8186.65075,-6.541546836210142,-9.9114795063124,-11.265019524459081,-14.100403025009948,-1.7574496025481667,-4.391391241689668,-8.38587806149036,-7.093219891137769,12.161209068010066,32.25683649514623,20.740960318834457,21.926548003573153,143.7821428571427,2.04459626092662,7909.8,6963.15,9196.75,6963.15,-23.534944409709947,0.9930850261735069
2022-06-21,7080.95,7242.35,7071.7,7231.55,0,7509.4175000000005,7780.394,7916.329000000001,8185.29375,-3.7002537147521797,-7.054192885347452,-8.650208954175609,-11.651918417711029,2.833354663481358,-1.5459285782358334,-5.105241057134613,-4.009371349686742,25.955495158824505,40.36909210188539,23.621072169875486,23.07618413389383,151.7821428571427,2.09888810638304,7909.8,6963.15,9196.75,6963.15,-21.36841819120885,3.854577310556294
2022-06-22,7209.8,7209.8,7103.7,7119.7,0,7495.6174999999985,7751.0380000000005,7905.391499999999,8182.9665,-5.015163860749281,-8.145205842107865,-9.938679191283557,-12.993655784855045,-1.5466946920093205,-3.483288484610225,-6.378250435583022,-3.7318982652081667,21.270209700656267,38.68631095560899,23.380552374830796,23.06873054027283,155.1499999999999,2.1791648524516467,7909.8,6963.15,9196.75,6963.15,-22.58460869328839,2.2482640758851984
2022-06-23,7134.8,7239.15,7113.55,7212.95,0,7481.8375,7722.936000000001,7896.0740000000005,8180.58125,-3.5938698214175306,-6.603524877067487,-8.651438676993157,-11.82839238959946,1.3097461971712354,0.23345816860405044,-5.585952327970989,-3.6802852354594684,29.4999794568388,44.879661539323635,23.42549869796666,23.31982176303268,149.3107142857141,2.0700367295727005,7909.8,6963.15,9196.75,6963.15,-21.57066354962351,3.587456826292701
2022-06-24,7257.9,7323.45,7253.8,7314.4,0,7467.85,7699.873,7886.643500000001,8178.48425,-2.054808278152356,-5.006225427354451,-7.255856055874737,-10.565334890753146,1.4064980347846534,2.1835403249465646,-3.5758306802976647,-3.683756575785313,35.9025341130604,45.14402029947297,23.422217880334347,23.419243808864586,149.02142857142846,2.0373705098357826,7909.8,6963.15,9196.75,6963.15,-20.46755647375432,5.044412370837911
2022-06-27,7402.05,7435.4,7382.85,7391.0,0,7449.527499999999,7678.585,7876.5995,8176.650500000001,-0.7856538552277206,-3.7452864036798448,-6.165090658729065,-9.608463759090604,1.0472492617302986,5.100749399200821,0.4853642951341275,-4.72384610922404,41.19429316560556,44.24226964827255,22.267196917381444,23.60719247543704,150.6357142857142,2.0380965266637014,7909.8,6963.15,9196.75,6963.15,-19.634653546089652,6.1444892038804335
2022-06-28,7358.9,7408.7,7332.4,7399.45,0,7430.33,7659.529,7865.871,8174.77425,-0.41559392382303484,-3.395495989374812,-5.9296802604568555,-9.48435059231147,0.11432823704504713,2.32177057477303,0.7399490817007193,-4.932934193283134,42.08130833911901,38.87715155657739,22.206493349833483,23.517415579812656,147.81071428571417,1.9975905545103239,7909.8,6963.15,9196.75,6963.15,-19.542773262293746,6.2658423271077055
2022-06-29,7322.75,7375.45,7292.75,7359.95,0,7408.44,7641.662,7853.776499999999,8172.53375,-0.6545237593879384,-3.6865278783594517,-6.287758507006143,-9.942861967379454,-0.5338234598517455,3.374439934266893,-0.2263900279937392,-5.614440062838644,39.247415151631614,36.9535077179037,22.169347633516256,23.4269149233962,148.01785714285708,2.011125851980748,7909.8,6963.15,9196.75,6963.15,-19.972272813765734,5.698570330956539
2022-06-30,7357.1,7387.65,7280.45,7297.65,0,7381.4425,7621.7339999999995,7842.054,8169.877,-1.1351778463355973,-4.2521032615412695,-6.942109809496344,-10.67613380225921,-0.8464731418012406,1.1742768215501354,1.4104764353161103,-6.889226293763406,39.00007638835841,35.0341153938233,22.050918284625233,23.4106678807582,148.5857142857142,2.0360761928252824,7909.8,6963.15,9196.75,6963.15,-20.649686030391177,4.8038603218371
2022-07-01,7268.45,7372.7,7219.2,7355.55,0,7363.625,7601.111000000001,7831.785,8167.333999999999,-0.10966066305657632,-3.230593527709312,-6.080797672561232,-9.93940005392211,0.7934060964831291,0.5625888657989853,2.7584135454939096,-4.620780871121244,50.01099722869836,35.72845427361814,21.880046847280283,23.324944214397565,141.04285714285712,1.9175025272461899,7708.75,6963.15,9196.75,6963.15,-20.0201158017778,5.63538053898021
2022-07-04,7352.7,7429.35,7320.9,7422.0,0,7350.925,7583.5560000000005,7823.12,8164.357999999999,0.966885119899874,-2.130346238624736,-5.127366063667691,-9.092668400871192,0.9033994738666618,0.4194290353132235,5.541572458512856,-3.3090151120375166,53.22323748847346,41.10517918507609,22.219248557524544,23.39557574626194,139.5964285714286,1.8808465180736806,7676.5,6963.15,9196.75,6963.15,-19.297577948731888,6.589690010986413
2022-07-05,7450.4,7494.15,7388.25,7400.3,0,7339.909999999999,7569.135,7814.751,8160.73875,0.8227621319607631,-2.2305719213622166,-5.3034447290771,-9.318258717692688,-0.2923740231743466,0.011487340275295743,2.333524624734662,-2.8908484896202458,50.99953509995353,41.46650984276341,22.12704614256166,22.972562671822168,142.76428571428576,1.92916889469732,7676.5,6963.15,9196.75,6963.15,-19.53353086688232,6.278049446012229
2022-07-06,7415.8,7571.9,7393.3,7561.3,0,7337.7375,7554.9259999999995,7806.718000000001,8157.60025,3.0467497644880317,0.08436879461163097,-3.1436770227898654,-7.309750805698038,2.175587476183405,2.7357522809258183,6.202508532662909,-0.5713534304217727,65.69120364402048,48.27716443927949,23.594986251247878,23.13042247984123,135.03928571428574,1.785926834198957,7648.15,6963.15,9196.75,6963.15,-17.78291244189523,8.59022137969167
2022-07-07,7610.75,7657.35,7584.0,7651.0,0,7338.302500000001,7544.048000000001,7799.299499999999,8155.39725,4.26116939169514,1.417700417600727,-1.9014464055393587,-6.184827477288123,1.1863039424437671,4.841969675169411,6.073104624321535,0.1479115672081477,70.28061224489792,51.288408502103245,23.928784845458253,23.260102057254077,131.64642857142857,1.720643426629572,7657.35,6963.15,9196.75,6963.15,-16.807567890831,9.878431457027355
2022-07-08,7700.5,7702.9,7622.75,7667.35,0,7342.3875,7532.496,7793.951999999999,8154.299500000001,4.425842411613396,1.7902963373628111,-1.6243620694610252,-5.971690149472686,0.21369755587505868,4.23897601131118,4.825412884173685,1.0770336095127009,78.71580375310873,50.778325123152726,23.781212652531362,23.212392067348645,121.98928571428567,1.5910227877204728,7702.9,6963.15,9196.75,6963.15,-16.629787696740692,10.113238979484871
2022-07-11,7638.95,7700.05,7624.4,7691.4,0,7359.1925,7522.946999999999,7792.0635,8153.00925,4.514184130935555,2.2391889774047384,-1.2918721722429567,-5.661826643947453,0.3136676948358952,3.629749393694426,4.0644026518738885,4.5694941062906835,74.70850572242219,53.02791696492485,20.76999662910575,23.16237107784509,112.3892857142857,1.4612331397962102,7702.9,6963.15,9196.75,6963.15,-16.368282273629276,10.45862863790095
2022-07-12,7664.4,7700.5,7610.9,7625.75,0,7373.225,7513.059,7787.08,8150.30125,3.4248920926731463,1.4999349798796975,-2.071765026171555,-6.435973762319526,-0.8535507189848301,3.0464981149412873,3.0583354168215227,3.8209146233543434,78.61140950980949,58.550156492048934,21.09163143459481,23.197339906909615,109.65714285714284,1.437985022550475,7702.9,6963.15,9196.75,6963.15,-17.082121401582082,9.515808218981357
2022-07-13,7656.9,7695.05,7636.7,7660.85,0,7387.435,7507.602,7782.7115,8147.247250000001,3.7010816338823957,2.0412376681662203,-1.5657974730272344,-5.970080876089784,0.4602825951545819,1.3165725470488,4.088342991460547,3.852697362623969,77.10602759622371,59.82757010800212,21.09642755225572,22.68419511116723,105.63571428571433,1.3789033108038184,7702.9,6963.15,9196.75,6963.15,-16.70046483812216,10.019890423156196
2022-07-14,7671.9,7693.15,7595.45,7649.95,0,7410.125,7501.159000000001,7778.516500000001,8144.5765,3.2364501273595225,1.9835734717794842,-1.6528408726779817,-6.073078201180875,-0.14228186167332124,-0.013723696248857387,4.827581481709875,6.306149816221174,72.80636172092707,58.61710177828226,18.71672272803935,22.65050812169827,104.7214285714286,1.3689165101919438,7702.9,6963.15,9196.75,6963.15,-16.8189849675157,9.863352074851184
2022-07-15,7663.9,7726.45,7651.35,7716.75,0,7438.0575,7499.052999999999,7775.714500000001,8142.1035,3.7468451944610557,2.9029932179436666,-0.7583161650289623,-5.224122980013704,0.8732083216230091,0.6442904002034622,4.910577727022458,7.804445313700548,72.43920920300337,67.68222267509002,18.54142069238901,22.361141093544123,101.54285714285717,1.3158759470354382,7726.45,6963.15,9196.75,6963.15,-16.092641422241552,10.822688007582782
2022-07-18,7778.2,7850.55,7768.1,7843.5,0,7478.6175,7502.544,7774.823500000001,8140.4925,4.879010057674426,4.544538492543331,0.8833190875651216,-3.6483357732962753,1.6425308581980769,1.9775333489351787,5.679062247372668,11.535344055287734,76.30160516495883,71.95668887749869,17.216339400966387,22.214936855501733,105.65000000000002,1.3469752023968895,7850.55,7071.7,9196.75,6963.15,-14.714437165302959,12.642984855991907
2022-07-19,7814.45,7901.35,7803.65,7891.85,0,7511.6325,7509.7080000000005,7775.06,8138.661999999999,5.0617159452356155,5.088639931139797,1.5021105946449282,-3.0325869289079583,0.6164339899279669,3.4894928367701583,6.642298285204662,9.130822576072894,81.17819460726847,78.97326996325882,14.974048089903805,21.852441494325085,105.00714285714295,1.330577023855534,7901.35,7103.7,9196.75,6963.15,-14.188707967488511,13.337354501913657
2022-07-20,7968.8,7973.95,7891.65,7906.65,0,7550.9800000000005,7517.851,7775.184,8136.8025,4.710249530524504,5.17167738493354,1.690841014180493,-2.8285373769364583,0.1875352420535048,3.2085212476422154,4.5673363046037085,11.053134261275055,87.80260707635009,75.9873739317884,13.062514181457274,21.815983015008946,103.22857142857154,1.3055917667858263,7973.95,7113.55,9196.75,6963.15,-14.027781553266102,13.549901984015856
2022-07-21,7911.95,8037.95,7901.8,8025.05,0,7591.585000000001,7532.0109999999995,7781.357999999999,8135.619000000001,5.709808952939329,6.545914497469544,3.1317412718962547,-1.35907298510415,1.497473645602132,4.903300021568779,4.888903411318779,11.258916254791739,88.65473441108546,84.67578229729212,13.227334151786296,21.231823947431238,101.9892857142858,1.2708866077380925,8037.95,7219.2,9196.75,6963.15,-12.740370239486772,15.25028184083354
2022-07-22,8052.6,8077.35,8009.7,8038.25,0,7627.777500000001,7545.736999999999,7784.380999999999,8133.743,5.381285702158969,6.527036391541355,3.26126123580026,-1.1740351274929683,0.1644849564800266,4.166261703437324,4.837394927843386,9.896232090123602,87.91141187326977,83.6747184592786,12.875970897586011,21.221968131077563,99.07500000000007,1.23254439710136,8077.35,7219.2,9196.75,6963.15,-12.596841275450565,15.439851216762534
2022-07-25,8036.05,8060.2,7999.7,8039.4,0,7660.1975,7557.146,7786.6705,8131.585999999999,4.950296647051195,6.381430238346591,3.2456683508053854,-1.1336779811466018,0.014306596585078601,2.4976094855612807,4.524533894999605,8.772831822486804,90.33703610199441,82.21935827926406,12.789981252131835,20.979338108940148,95.83214285714295,1.192031032877366,8077.35,7219.2,9196.75,6963.15,-12.584336858129234,15.456366730574524
2022-07-26,8047.35,8049.6,7931.1,7940.05,0,7687.227499999999,7562.704000000001,7788.138500000001,8129.496,3.288864548369372,4.9895645790182925,1.9505495440277447,-2.330353566813981,-1.2357887404532586,0.6107566666877728,4.121561813592112,7.305948415084917,75.92225035931835,73.91645249814873,14.059023873383452,20.44997012565736,91.53928571428585,1.1528804694464878,8077.35,7219.2,9196.75,6963.15,-13.664609780629025,14.02956995038166
2022-07-27,7925.0,8012.35,7900.3,8004.15,0,7719.4375,7569.834,7790.8695,8126.7495,3.688254487454554,5.73745738678021,2.737569920789969,-1.5085920883866333,0.8072997021429273,1.2331391929578217,4.481225973619107,8.752776853103628,75.0478757358678,75.12255920232656,13.734302696120496,20.504940079501296,92.682142857143,1.157926111543924,8077.35,7219.2,9196.75,6963.15,-12.967624432544108,14.950130328945951
2022-07-28,8053.75,8086.35,8012.5,8068.5,0,7757.979999999999,7582.749,7796.031999999999,8124.13125,4.002588302625186,6.40600130638638,3.4949574347565635,-0.6847655249292084,0.8039579468150926,0.541429648413394,5.471277590049617,10.562989455509664,76.63855501693341,78.8415353930069,12.935734514449956,19.339882713017566,92.82857142857165,1.150505935782012,8086.35,7219.2,9196.75,6963.15,-12.267920732867589,15.874281036599822
2022-07-29,8136.95,8186.3,8120.8,8170.8,0,7798.7425,7594.3330000000005,7803.8765,8121.7077500000005,4.7707370771634,7.590752209575213,4.701810696261017,0.6044572337634249,1.2678936605317048,1.648990762914826,5.88395373700068,11.083467585700602,78.83782483156885,84.4207040643356,13.182615545158463,18.904678945064365,95.83928571428591,1.1729486184251958,8186.3,7320.9,9196.75,6963.15,-11.15557126158697,17.343443700049555
2022-08-01,8203.75,8309.45,8178.9,8300.5,0,7842.6675000000005,7608.959,7811.8455,8119.564,5.837714017583934,9.08851000511371,6.255301644150535,2.2283955148330583,1.5873598668429079,3.2477548075727114,5.826480525275701,11.83643222850983,87.68500418877409,85.25538186023955,13.654542567286294,19.1454736828843,99.34285714285735,1.19682979510701,8309.45,7388.25,9196.75,6963.15,-9.745290455867561,19.206106431715536
2022-08-02,8288.3,8335.75,8239.9,8319.35,0,7888.620000000001,7624.673999999999,7818.321999999999,8116.904750000001,5.46014385279047,9.110894446110107,6.40838277062522,2.494118832674484,0.22709475332811646,4.777048003476048,5.416980809315941,12.41909111792765,87.45733788395904,84.71239023635452,13.343185458436297,19.08536346559601,101.23928571428594,1.21691340927219,8335.75,7393.3,9196.75,6963.15,-9.540326745861307,19.476817245068695
2022-08-03,8313.6,8319.7,8159.85,8219.05,0,7921.5075,7641.1410000000005,7823.268,8113.31925,3.756134801361983,7.563124407729142,5.059036709467185,1.303175022972253,-1.205623035453507,2.684857230311777,3.9511044500515347,8.698900982635237,79.38351920693924,79.85632498267873,13.413119253054226,18.79181788432675,105.67857142857169,1.285775989056785,8335.75,7584.0,9196.75,6963.15,-10.630929404409175,18.03637721433546
2022-08-04,8254.9,8293.25,8093.7,8218.6,0,7949.8875,7655.741999999999,7827.6715,8109.01325,3.380079277851423,7.352102513381474,4.99418632986834,1.3514190521269698,-0.005475085320061357,1.8603210014253024,2.4118229792960744,7.4186380865246315,77.81719416883769,77.1476953576739,13.176646527111629,18.64652997959132,114.46785714285741,1.3927902214836763,8335.75,7595.45,9196.75,6963.15,-10.635822437274033,18.02991462197426
2022-08-05,8244.75,8253.45,8200.05,8225.9,0,7977.815,7668.377,7831.869500000001,8105.750749999999,3.1096860481221995,7.2704171951900545,5.031116772310862,1.482271706911299,0.08882291387826147,0.6743525725755095,2.3344633471215737,7.28478548651097,74.43138257091748,75.4786385392661,13.202682717687633,18.437740085241614,108.72500000000036,1.3217398704093215,8335.75,7595.45,9196.75,6963.15,-10.556446570799471,18.13475223138953
2022-08-08,8224.0,8272.4,8195.7,8258.35,0,8006.1625,7678.395,7837.052,8103.49675,3.1499173293072675,7.553075870673492,5.375720360155843,1.9109435688982057,0.3944857097703647,-0.5078007348954805,2.723461949896766,7.371219803936868,73.9011347332725,75.82364764484839,13.202404611616156,17.87907466531843,107.22500000000024,1.2983828488741724,8335.75,7595.45,9196.75,6963.15,-10.20360453421045,18.600776947214992
2022-08-10,8276.85,8287.5,8206.7,8247.85,0,8037.2675,7687.683999999999,7840.559499999999,8101.317250000001,2.620075790683842,7.286537792136112,5.194661171820723,1.808752150769054,-0.12714404209073216,-0.8594421439174882,3.8765498957815225,8.157886109563005,72.37670514165798,74.6053504311298,12.552988020345321,17.882147923598946,107.11785714285732,1.2987367270604742,8335.75,7595.45,9196.75,6963.15,-10.317775301057434,18.44998312545329
2022-08-11,8314.0,8354.0,8297.85,8322.85,0,8070.3674999999985,7698.186,7843.6984999999995,8099.75625,3.1285130447901155,8.114431114031289,6.1087444908801745,2.7543267119921047,0.9093278854489295,1.2629196804983644,3.981684501165028,8.641338754837902,70.70931849791381,80.57187965967898,12.68407536458758,17.96896023363091,104.97500000000016,1.2612866986669249,8354.0,7595.45,9196.75,6963.15,-9.502269823578978,19.527081852322596
2022-08-12,8348.5,8385.95,8327.15,8358.45,0,8105.7925000000005,7708.603,7847.745500000001,8099.255749999999,3.1169993557076654,8.430152648930042,6.507658791942219,3.200223057532186,0.42773809452292255,1.7016280145036866,3.5936047592489473,9.261498441166305,71.5942810898301,80.58039628265826,12.5101388133575,17.961006565259567,104.65000000000016,1.252026392453148,8385.95,7651.35,9196.75,6963.15,-9.115176556935866,20.038344714676565
2022-08-16,8403.9,8461.45,8392.7,8456.15,0,8142.7625,7723.487999999999,7852.448,8098.3282500000005,3.848663153321736,9.486154442138064,7.688073833790423,4.418464391092065,1.1688770047078023,2.7990858143181807,3.4923140940911424,9.581753976738906,74.86723551524557,82.84177937102822,12.686584082662133,17.6565478735632,107.68571428571444,1.2734603133307054,8461.45,7768.1,9196.75,6963.15,-8.052844754940608,21.441445322878298
2022-08-17,8489.0,8519.65,8478.35,8506.8,0,8175.927500000001,7740.103999999999,7857.240499999999,8097.561000000001,4.046910885645678,9.905499977778076,8.267018172601441,5.053855105259456,0.5989723455709806,3.0084702149945075,2.485392446238177,8.456683878370619,85.90433956287613,82.61300309597524,11.915543806387968,17.614821773324586,103.75714285714301,1.2196965116982064,8519.65,7803.65,9196.75,6963.15,-7.502106722483494,22.16884599642403
2022-08-18,8505.7,8553.45,8480.45,8532.3,0,8207.95,7758.338000000001,7861.6845,8097.650249999999,3.951656625588588,9.97587369872257,8.530175689446695,5.36760339828212,0.2997601918465209,3.448777560212646,2.559695168492726,8.115334173862898,85.17951109038832,81.02702702702705,11.895571884702463,17.485211291490543,100.96785714285728,1.18336037343808,8553.45,7891.65,9196.75,6963.15,-7.224834860140819,22.535059563559592
2022-08-19,8556.55,8573.2,8403.2,8429.8,0,8234.1075,7774.839,7865.4195,8097.231749999999,2.376608515251947,8.424110132698559,7.175465974828161,4.107184532541017,-1.2013173470224903,1.2850165508209166,2.5641649582372583,6.616582244060365,72.90187626774845,73.10484044152386,13.168120480787044,17.753964487445224,107.2392857142858,1.2721450771582459,8573.2,7900.3,9196.75,6963.15,-8.33935901269471,21.06302463683821
2022-08-22,8401.05,8401.05,8248.5,8259.4,0,8245.825,7787.232999999999,7867.8625,8095.1275,0.16462876667888182,6.063347533071123,4.976415131809935,2.0292762529064556,-2.0214002704690426,-1.1850283246295779,0.49643491592241684,2.9202310265979525,55.169798109464324,63.364273536654686,14.828856858748468,18.436835822491446,111.77500000000002,1.3533065355836988,8573.2,7900.3,9196.75,6963.15,-10.19218745752576,18.615856329391153
2022-08-23,8196.7,8377.35,8183.8,8358.6,0,8261.842499999999,7802.692000000001,7870.998999999999,8093.1025,1.1711370677908899,7.1245667520901685,6.1949061358031114,3.280540435512838,1.2010557667627264,-1.153598268715661,1.6131973401086963,3.9853201878518485,53.51524685382385,62.823420860405236,15.293191748780574,18.47138850541231,115.69642857142857,1.3841603686194885,8573.2,7900.3,9196.75,6963.15,-9.113545545980912,20.040498912130296
2022-08-24,8361.4,8427.3,8331.05,8419.95,0,8280.869999999999,7823.985,7873.8775,8091.571499999999,1.6795336721866394,7.617154173991912,6.93524251552048,4.058278419711198,0.733974589046027,-1.02094794752432,1.9568073525583207,4.733562206134789,55.78892853032573,64.15066360198713,15.390335393341651,16.949478588058895,115.72499999999998,1.3744143373773,8573.2,7900.3,9196.75,6963.15,-8.446462065403532,20.921565670709395
2022-08-25,8464.35,8508.3,8418.15,8431.7,0,8305.452500000001,7845.717,7876.357,8089.78375,1.5200556501888305,7.4688266222195,7.050759634181142,4.226519033960594,0.1395495222655807,-1.1790490254679153,2.2290657565305017,6.192026498573688,63.6252963413854,64.43022143750466,14.387546368760676,16.925937516139076,110.7464285714285,1.3134531419693358,8573.2,7900.3,9196.75,6963.15,-8.318699540598573,21.090311137918917
2022-08-26,8488.9,8535.15,8459.55,8478.3,0,8329.16,7867.75,7878.053000000001,8087.53,1.7905767208217807,7.760160147437315,7.619230284437011,4.831759511247557,0.5526762100169336,0.575339865714497,1.8677496290333107,5.923802027698133,65.71082879612823,70.59814014006352,14.297696527782456,16.933717758068106,103.88214285714268,1.2252709016800856,8573.2,8012.5,9196.75,6963.15,-7.811998803925308,21.75954848021369
2022-08-29,8262.2,8402.35,8261.2,8394.6,0,8345.465,7891.719,7877.754,8084.414000000001,0.5887628790007533,6.37226186081892,6.560829393758684,3.8368396274609347,-0.9872262128020837,1.6369227788943563,0.4324964556825739,4.041643428146502,59.34211983608379,64.72118538626857,14.850107409439147,16.015075105835866,115.57499999999962,1.3767779286684252,8573.2,8093.7,9196.75,6963.15,-8.722102916791254,20.557506301027566
2022-08-30,8450.4,8563.35,8445.6,8556.0,0,8364.725,7919.677,7878.1494999999995,8082.3505000000005,2.286686053635949,8.034708991288412,8.60418426941505,5.860293982548759,1.9226645700807676,2.361639509008673,1.1807974078037908,4.714348656190337,64.42312351601495,67.12689713322095,15.634340517055662,16.29515831568342,122.14999999999971,1.427653108929403,8573.2,8093.7,9196.75,6963.15,-6.967135129257618,22.875422761250302
2022-09-01,8501.3,8617.5,8490.35,8599.1,0,8379.655,7951.012999999999,7878.501,8080.92875,2.618783231529218,8.15099912426255,9.146397265165037,6.412273465472645,0.5037400654511526,2.1276848437342233,1.0850143414680158,3.5973736521896393,66.49913100662317,65.70014662756603,14.844564483164238,15.556167258020533,125.46071428571402,1.458998200808387,8617.5,8093.7,9196.75,6963.15,-6.498491314866661,23.4943954962912
2022-09-02,8641.85,8671.25,8575.1,8587.7,0,8393.072499999998,7978.1359999999995,7879.265,8079.2345000000005,2.3189064552939627,7.640431298739471,8.991130517884605,6.293486096981097,-0.1325720133502295,1.8501607030610767,0.6492973758541298,3.225612577905723,63.231253434580665,61.52765513365985,14.884606945385592,14.571683053313855,124.7464285714283,1.452617447878108,8671.25,8093.7,9196.75,6963.15,-6.622448147443382,23.33067648980707
2022-09-05,8614.8,8650.7,8613.1,8630.6,0,8413.65,8008.354,7879.696,8077.5625,2.578547954811535,7.769961217998106,9.529606218310967,6.846588930757272,0.49955168438580166,1.7963506835096732,2.382025670834431,5.007269696619443,63.497495412389064,62.25634967513294,14.009995689207189,13.912198250751862,124.73928571428542,1.4453141811031145,8671.25,8093.7,9196.75,6963.15,-6.155979014325709,23.94677696157631
2022-09-06,8667.55,8685.95,8625.9,8651.95,0,8435.317500000001,8037.133999999999,7880.035,8076.1185000000005,2.568160593836565,7.649692041964233,9.795832125111131,7.130052636052829,0.2473756169907082,3.065661258428043,4.752766544785358,5.272795853308354,60.50654646919949,68.17685589519664,13.977961251211054,13.754297299584636,121.67142857142835,1.4062890859451145,8685.95,8183.8,9196.75,6963.15,-5.923831788403504,24.25339106582511
2022-09-07,8625.7,8705.5,8614.85,8700.05,0,8459.025,8064.847000000001,7882.36,8075.19475,2.849323651366436,7.876194055510273,10.373669814624042,7.737958889474457,0.5559440357375989,1.6836138382421595,4.085014236833917,5.764110917954257,60.398170567662135,69.43760345593284,13.999999105140862,13.555176168582971,123.61071428571404,1.4208046423378493,8705.5,8183.8,9196.75,6963.15,-5.40082094218067,24.944170382657273
2022-09-08,8763.05,8778.4,8696.7,8714.1,0,8481.8125,8091.309,7884.946999999999,8075.09025,2.7386540317886108,7.697036412773263,10.515644556647004,7.913344993264938,0.1614933247510164,1.3373492574804358,3.4934886786738506,5.5186568745572595,59.904118544345266,69.60327658207524,14.000106675874477,13.46681105298215,124.23214285714253,1.4256451366996308,8778.4,8183.8,9196.75,6963.15,-5.248049582733027,25.145946877490804
2022-09-09,8766.2,8784.65,8694.15,8735.6,0,8506.2,8118.031999999999,7888.780499999999,8076.386000000001,2.6968564106181327,7.607360995866993,10.734479175837148,8.162239892942202,0.24672656958262262,1.7222306321832415,3.6042553696170376,5.913662348369564,68.27198852772479,69.33360340287629,13.921180393606333,13.459011117373084,118.5535714285711,1.3571314097322575,8784.65,8183.8,9196.75,6963.15,-5.014271345855869,25.45471517919334
2022-09-12,8769.6,8827.8,8760.55,8821.05,0,8531.11,8147.254,7894.4580000000005,8077.306499999999,3.3986198747876735,8.27022208955311,11.737246559548467,9.20781574897524,0.9781812354045405,2.206683196996728,4.042673649198547,5.985930300317777,87.35120037241485,71.89123128628174,13.963799489805462,13.384265317988284,112.18928571428536,1.271835957332578,8827.8,8183.8,9196.75,6963.15,-4.085138771848759,26.681889662006412
2022-09-13,8862.45,8881.8,8821.75,8829.0,0,8554.6375,8177.881000000001,7899.8075,8078.4925,3.207178562504832,7.961952491115959,11.762216990730472,9.290192446177299,0.09012532521639471,2.0463594912129457,5.174755199771286,5.629632288283104,85.6039963669393,70.37394839592648,13.972588361527952,13.110158635984018,102.70357142857107,1.1632525929161974,8881.8,8183.8,9196.75,6963.15,-3.9986951912360347,26.796062127054572
2022-09-14,8713.8,8817.4,8702.7,8795.7,0,8571.615000000002,8206.684,7903.8975,8079.318500000001,2.6142681396679515,7.177271599588842,11.283072686608103,8.866855539857717,-0.37716615698266676,1.0994189688565248,2.8015427769986,4.015420729291708,79.70120939056221,67.63318143323797,13.740850596332125,13.185807504940042,104.84999999999958,1.1920597564719075,8881.8,8183.8,9196.75,6963.15,-4.3607796232364615,26.31783029232461
2022-09-15,8843.65,8869.85,8769.75,8833.25,0,8587.9375,8234.909,7909.2325,8081.971000000001,2.8564774720356314,7.26590907076205,11.68277073660434,9.295739863456557,0.4269131507441015,1.367324221663746,2.722959379469936,3.8375182207175618,80.49669628617015,65.98287700262787,13.688162958285899,13.128388998537735,105.56071428571393,1.1950382281234417,8881.8,8183.8,9196.75,6963.15,-3.952483214178922,26.857097721577166
2022-09-16,8825.15,8843.6,8499.35,8573.45,0,8589.994999999999,8258.372,7913.753500000001,8083.957,-0.19260779546435425,3.8152555975923748,8.336075921495405,6.055116324839436,-2.9411598222624624,-1.8561976280965231,-0.16593500005822603,0.4822849641948901,55.45866559577775,52.39946718508125,17.619500548338497,15.009134806540192,122.760714285714,1.4318706505049192,8881.8,8183.8,9196.75,6963.15,-6.777394188164289,23.126027731701903
2022-09-19,8597.25,8627.7,8506.8,8572.9,0,8597.150000000001,8278.604,7916.765,8085.89,-0.2820702209453344,3.5548988694229156,8.287918107964545,6.02296098512346,-0.0064151537595869,-2.8131571638296937,-0.668551433272313,1.6975491707988288,61.30771182141044,51.488378913410095,17.012056877338622,14.392914982339002,115.88928571428563,1.3518096060176328,8881.8,8183.8,9196.75,6963.15,-6.78337456166581,23.118129007704844
2022-09-20,8636.3,8746.05,8634.95,8680.6,0,8618.21,8299.196,7921.622,8087.77875,0.7239322318671887,4.595674086983853,9.581093366989741,7.329840099792541,1.25628433785534,-1.680824555442284,0.33113922294973896,5.099644041940099,58.479651558459274,59.15930173106426,15.53142205121722,14.417027575737901,116.20357142857132,1.3386582889267022,8881.8,8183.8,9196.75,6963.15,-5.612308696006737,24.66484277948918
2022-09-21,8681.0,8734.7,8601.55,8627.95,0,8631.677500000002,8318.408000000001,7925.451999999999,8088.90875,-0.04318395815878052,3.721168762099664,8.863822530248136,6.663955134862921,-0.6065248945925306,-1.9071819184374172,-0.8287308693628037,3.2224295934725866,51.93819281155528,64.72609581651824,15.393632900505564,14.546676235271638,116.63214285714288,1.351794375919458,8881.8,8261.2,9196.75,6963.15,-6.184793541196611,23.908719473226935
2022-09-22,8596.15,8692.55,8561.15,8661.15,0,8643.7375,8337.803,7930.375,8090.20375,0.20144642291601714,3.8780839508920963,9.214885803004266,7.057254274961863,0.38479592487206116,-1.948320267172332,-0.6076359004372311,2.8646250868473055,54.79407349389721,62.76205340194881,15.271329516328045,14.549392792238242,119.15000000000002,1.375683367682121,8881.8,8261.2,9196.75,6963.15,-5.823796449832825,24.385515176321064
2022-09-23,8667.0,8685.05,8412.45,8428.75,0,8643.59,8353.863000000001,7933.460999999999,8090.845249999999,-2.485541308646062,0.896435577169494,6.243038189763594,4.176383796241816,-2.683246451106369,-1.687768634563691,-3.5126379412976805,-0.03498701329507359,39.43801998848826,50.32438808611027,18.27776405001381,15.785241641164127,134.12142857142848,1.591237473782334,8881.8,8261.2,9196.75,6963.15,-8.3507760893794,21.047945254662046
2022-09-26,8357.85,8363.05,8094.85,8174.45,0,8628.397500000001,8364.135,7935.8685,8089.670750000001,-5.261087009493954,-2.2678376185941573,3.0063691201536447,1.0479938259539014,-3.0170547234168787,-4.647785463495435,-7.330193117599371,-3.583855254001389,29.91165334455188,41.955658400825484,21.0414027295358,17.349275628192633,153.68214285714268,1.8800303733846642,8881.8,8094.85,9196.75,6963.15,-11.11588332834969,17.39586250475719
2022-09-27,8224.6,8254.8,8100.45,8182.15,0,8617.775,8374.779,7937.969,8087.808000000001,-5.054959081665511,-2.300108456593312,3.0761143058129803,1.1664718054632197,0.09419593978798879,-5.742114600373249,-7.326424283610833,-2.5307936054130176,27.44534448218795,40.50831704112046,20.8361269955375,17.33790375302603,158.23214285714266,1.9338699835268565,8881.8,8094.85,9196.75,6963.15,-11.032158099328571,17.506444640715767
2022-09-28,8127.7,8225.25,8106.65,8140.7,0,8597.01,8383.258,7941.155499999999,8085.547999999999,-5.307775610357559,-2.8933619840878095,2.5127892282174917,0.6821059005524543,-0.5065905660492587,-5.647343807045713,-7.446820605523163,-4.853903693314631,25.610378562313826,41.635920411121326,19.413528464768603,17.314717548188234,160.86785714285705,1.9760936669187792,8881.8,8094.85,9196.75,6963.15,-11.482860793214996,16.911168077666
2022-09-29,8215.6,8248.8,8112.65,8179.6,0,8576.035,8389.98,7946.262000000001,8083.193499999999,-4.622590742691693,-2.507514916602891,2.93644986787498,1.192678364064908,0.4778458854889589,-5.559885234639738,-7.399881130954067,-4.878417508809063,26.69544806773405,36.51186124847701,19.400561985366593,16.979745079273904,164.12857142857132,2.0065598736927392,8881.8,8094.85,9196.75,6963.15,-11.05988528556283,17.469823284002224
2022-09-30,8180.05,8349.85,8101.75,8332.7,0,8563.285,8398.796999999999,7954.2525,8081.71,-2.692716638532983,-0.7869817546488853,4.75780093729739,3.1056546201237203,1.8717296689324758,-1.1395521281328702,-2.808087759303435,-2.969363158936622,30.629487128634366,41.151265528466084,20.804970634598682,17.408498817926606,175.2642857142857,2.1033312817488414,8881.8,8094.85,9196.75,6963.15,-9.395166770870137,19.668540818451437
2022-10-03,8341.7,8366.15,8192.75,8225.9,0,8543.05,8405.182,7961.516500000001,8079.87375,-3.7123743861969634,-2.1329936698574885,3.3207680973844487,1.8072838081164313,-1.281697409003102,0.6294001431288887,-4.047638488726102,-4.689129376868362,27.817419449757224,38.69869432123442,21.035561903578134,17.687138258362587,183.31071428571425,2.2284578500311727,8881.8,8094.85,9196.75,6963.15,-10.556446570799471,18.13475223138953
2022-10-04,8363.4,8494.3,8353.95,8481.15,0,8534.509999999998,8414.304,7973.1575,8079.677000000001,-0.6252262871564832,0.794432908532893,6.371283898505697,4.968923881486834,3.1030039266220166,3.654296242430166,-2.2976522360205642,-1.9741214408312668,40.054383912479814,45.878492043793585,24.114535673148417,18.685471803954503,193.46071428571426,2.2810670048957307,8881.8,8094.85,9196.75,6963.15,-7.781009595781123,21.80047823183473
2022-10-06,8555.2,8621.5,8551.2,8579.5,0,8528.4825,8425.129,7985.433000000001,8080.14375,0.5982013799055098,1.8322686809899191,7.439383687772461,6.180041660768718,1.159630474640827,5.390199859962896,-0.5615470650618182,-1.385624220550452,42.27384830861981,48.083384037459304,24.42180766529197,18.83134683372395,196.33571428571426,2.2884283965932077,8881.8,8094.85,9196.75,6963.15,-6.711610079647702,23.21291369566935
2022-10-07,8580.35,8586.95,8487.3,8558.8,0,8520.7175,8435.517,7996.3315,8081.6,0.4469400610922568,1.4614753310318676,7.034081816142803,5.90477133240941,-0.2412728014453136,4.635923517042384,-1.1817137447105774,-1.782169128194544,49.47792309611199,46.20835905833088,24.415545324672504,18.848667600559494,178.8642857142858,2.089829014748397,8881.8,8094.85,9196.75,6963.15,-6.9366895914317634,22.915634447053414
2022-10-10,8452.45,8511.05,8419.1,8483.15,0,8508.095,8446.379,8004.5415,8084.26525,-0.29319136657500544,0.43534631822700376,5.979211926129677,4.93408785665462,-0.8838855914380495,1.8055372208287679,0.645410054871709,-2.889898804890345,46.96411054358489,43.99896063401323,24.545240385606075,18.73351983188325,180.20714285714277,2.1242951363248648,8881.8,8094.85,9196.75,6963.15,-7.759262783048364,21.829200864551247
2022-10-11,8510.9,8512.45,8316.1,8340.85,0,8484.085000000001,8453.113,8011.4735,8085.6465,-1.6882787006495168,-1.3280669500100024,4.111309860789033,3.156253491913115,-1.6774429309867167,1.3974154803729766,2.0356109585354387,-5.443796373447595,38.770451165096674,40.34864673235373,24.75688433659239,19.104666125986004,181.86428571428567,2.1804047035288447,8881.8,8094.85,9196.75,6963.15,-9.306548508984148,19.785585546771227
2022-10-12,8366.75,8421.2,8289.1,8406.1,0,8462.94,8459.865,8021.307,8086.6665,-0.6716342074976326,-0.6355302360025771,4.797135928097511,3.950125802764341,0.7822943704778318,-0.8849035802927618,2.737055663853649,-4.789896930569714,42.727898515094886,39.75356199224636,25.010267648063273,19.100561497287195,181.7892857142856,2.162587712664441,8869.85,8094.85,9196.75,6963.15,-8.59705874357789,20.722661439147526
2022-10-13,8411.65,8425.15,8286.0,8328.15,0,8439.5625,8463.011999999999,8028.6725,8086.903,-1.3201217480171556,-1.5935461275489056,3.7300998390456206,2.9831815714866297,-0.9273027920200905,-2.9296579054723493,2.302627538172386,-5.315665609331843,39.39557989936948,38.04568346182304,25.128201444319455,19.039519742917204,182.342857142857,2.1894761398732854,8869.85,8094.85,9196.75,6963.15,-9.444640769837175,19.60319682902135
2022-10-14,8455.35,8465.15,8315.75,8326.35,0,8414.2175,8463.529,8036.243999999999,8087.5869999999995,-1.0442741704739662,-1.6208250719055854,3.6099700307755915,2.9522155372177243,-0.021613443561885326,-2.715918119362515,1.7940975108807322,-5.738544703251913,46.17767823814858,38.62650544018222,25.015577984028965,18.709075646691243,173.54285714285712,2.0842608963454228,8843.6,8094.85,9196.75,6963.15,-9.46421290129665,19.577346459576496
2022-10-17,8313.55,8396.3,8248.25,8385.05,0,8404.7975,8464.843,8044.7585,8088.49025,-0.23495509558679206,-0.9426400466021813,4.2299778172334115,3.6664413361937287,0.7049907822755275,-1.1564100599423588,0.6282477468287473,-2.1974817605514896,59.205350118017286,39.24922043655552,23.15633301544116,18.767863163656695,160.26785714285708,1.9113524325180777,8746.05,8094.85,9196.75,6963.15,-8.82594394759019,20.42035572980619
2022-10-18,8454.8,8527.4,8430.35,8518.8,0,8402.092499999999,8470.838,8055.989500000001,8089.58,1.3890289829587148,0.5662013604793237,5.74492431997334,5.305837880334941,1.595100804407834,2.133475605004276,3.560704603751552,-0.6310583349858345,63.254458836962066,48.604763971508035,23.92796337928924,18.878146323818257,159.41071428571428,1.8712813340577814,8746.05,8094.85,9196.75,6963.15,-7.371625846086941,22.341181792723116
2022-10-19,8540.45,8559.95,8498.45,8520.05,0,8394.065,8476.867,8066.304499999999,8090.644,1.500881873085314,0.5094217002578793,5.625196767615208,5.307439061711269,0.014673428182376824,1.3555632219459657,0.4586642141690689,-1.8495265304241726,65.42386663956086,48.65120077584666,23.45014018794627,18.87773888277924,155.33214285714283,1.8231365174751657,8734.7,8094.85,9196.75,6963.15,-7.358034088128966,22.35913343817094
2022-10-20,8480.3,8494.05,8428.5,8484.35,0,8386.885,8482.036,8075.206499999999,8091.57625,1.162112035636594,0.027281185790773647,5.066663001125743,4.854106763190921,-0.41901162551861715,1.8755666024267148,-1.1090389882860263,-1.6643582774587329,62.423056540703605,44.80036033171714,23.404009682654458,18.910781707432736,152.14642857142852,1.7932596907415241,8692.55,8094.85,9196.75,6963.15,-7.7462146954087,21.846434444181163
2022-10-21,8504.2,8542.45,8416.45,8457.9,0,8376.7225,8486.027,8082.210999999999,8091.812000000001,0.9690842689369236,-0.33145074838909194,4.648344370123477,4.524178268106065,-0.3117504581965691,1.5799239762921191,-1.1789035846146656,-2.3466860636289666,55.69142649331752,45.43109702033904,23.3536348229401,18.914707596609983,143.42499999999993,1.6957519005899802,8685.05,8094.85,9196.75,6963.15,-8.033816293799443,21.466577626505245
2022-10-24,8560.35,8560.5,8486.45,8496.7,0,8380.119999999999,8491.004,8089.344,8091.674,1.3911495300783494,0.0670827619442873,5.035711177568919,5.005466112450907,0.45874271391244115,1.3315364845767341,0.15972840277491684,0.8061693608186316,63.12142649481545,45.594813961586915,21.33486777693015,18.93145745220653,138.3678571428571,1.6284893799105193,8621.5,8094.85,9067.15,6963.15,-6.291392554441019,22.02379670120565
2022-10-25,8512.1,8562.25,8434.0,8537.05,0,8398.25,8495.287999999999,8096.736999999999,8091.563500000001,1.6527252701455573,0.4915901615107178,5.438153666100309,5.505567619904338,0.4748902515093967,0.21423205146264834,2.352278245022976,4.435772437289343,53.42105263157893,53.23380113466704,18.023267530253843,18.85696105260842,128.35714285714286,1.50353040988565,8621.5,8100.45,9067.15,6963.15,-5.846379512856855,22.603275816261316
2022-10-27,8572.05,8618.4,8552.95,8603.45,0,8419.314999999999,8500.188,8104.3955000000005,8091.726750000001,2.18705441000844,1.2148201898593376,6.157825096270291,6.324030281917267,0.7777862376348033,0.9788674949090748,2.3476998846076125,5.1490134011231925,51.525380549009675,64.42889815686803,18.12138394689225,18.908585175667806,124.14285714285714,1.442942739748091,8621.5,8101.75,9067.15,6963.15,-5.114065610472959,23.556867222449625
2022-10-28,8623.7,8635.15,8552.6,8581.25,0,8441.342499999999,8502.69,8113.089,8091.652000000001,1.6574081670066247,0.9239428933666815,5.770440827162133,6.050655663392333,-0.2580360204336718,1.1421028128259625,3.039090314175419,5.411696782831954,51.427118428580556,63.293584704549986,18.003474846279925,18.7507807062063,122.92142857142842,1.4324419935490567,8635.15,8101.75,9067.15,6963.15,-5.358905499522999,23.238045999296304
2022-10-31,8620.05,8694.95,8618.35,8690.35,0,8466.880000000001,8506.361,8123.2325,8091.8682499999995,2.6393429456895494,2.162957814745924,6.98142642107068,7.396088659748024,1.2713765477057493,2.7483181404367674,4.371663453974439,6.244192870066989,62.63414634146346,67.51872509960158,18.342182165197464,18.914609359793058,121.06428571428569,1.393088721562258,8694.95,8101.75,9067.15,6963.15,-4.1556608195518905,24.804865613982187
2022-11-01,8722.7,8771.35,8709.65,8762.45,0,8488.3675,8510.964,8134.651,8092.049500000001,3.2289188704424077,2.9548474179893227,7.717589851119623,8.284681155249974,0.8296558826744738,3.127684865889102,4.500867615577753,5.157391961789104,78.11416377700718,68.19189113268203,17.519632306380352,18.987906938171616,112.82499999999995,1.2875965055435403,8771.35,8192.75,9067.15,6963.15,-3.3604826213308363,25.840316523412554
2022-11-02,8758.6,8773.1,8723.35,8742.95,0,8514.22,8517.226999999999,8146.033,8092.08625,2.68644690881844,2.6501935430393226,7.32770171689705,8.043213207224532,-0.2225404995178315,2.4118401555572655,2.6312391416631664,6.285634398667628,73.92230665435693,63.96976197773008,16.66816158341813,18.779453259499434,106.94285714285706,1.2231896229860293,8773.1,8248.25,9067.15,6963.15,-3.5755446860369458,25.56027085442653
2022-11-03,8705.35,8783.4,8697.15,8775.1,0,8528.9175,8527.541000000001,8157.387000000001,8091.76125,2.886444850709376,2.9030525915970298,7.572437105166148,8.44487039209172,0.3677248525955079,1.9951298606954104,2.993527033292076,3.4659214847043263,83.9498670717813,69.70294898471695,13.018438459576142,18.160387506370977,103.16428571428567,1.1756479779636204,8783.4,8248.25,9067.15,6963.15,-3.220967999867646,26.021987175344503
2022-11-04,8783.8,8801.65,8724.35,8747.0,0,8537.2925,8535.309000000001,8169.0005,8091.0109999999995,2.456370096257103,2.480179686523345,7.0755228867962465,8.107627093820543,-0.32022427094848815,1.9315367807720252,3.095699729501966,1.952328224255484,80.72456358191505,61.3947108996614,12.584537695536577,18.018533430862185,98.01428571428563,1.1205474530042943,8801.65,8248.25,9067.15,6963.15,-3.5308779495210696,25.618434185677465
2022-11-07,8791.8,8830.2,8759.15,8824.8,0,8550.5925,8543.405999999999,8183.695499999999,8090.68725,3.2068830317898858,3.293698087156343,7.833924172765232,9.073552435239655,0.8894478106779458,1.5471183554172097,4.337956230269913,3.107912324157591,81.24777943579899,60.70244328097728,12.81611231396797,18.050142510658986,93.38214285714288,1.058178574666201,8830.2,8248.25,9067.15,6963.15,-2.672835455462856,26.735744598349882
2022-11-09,8843.1,8846.95,8744.6,8760.3,0,8564.45,8549.978000000001,8197.8475,8089.98425,2.286778485483581,2.459912762348608,6.860977835950223,8.285748516753896,-0.7308947511558306,-0.024536516613515857,3.1023809243588607,3.2670647106322503,69.0337326607818,58.46780971591865,12.662010627701695,18.14594053403818,90.52500000000002,1.0333550220882848,8846.95,8248.25,9067.15,6963.15,-3.3841945925676797,25.809439693242282
2022-11-10,8746.6,8768.8,8644.55,8675.05,0,8581.16,8553.912999999999,8210.8315,8089.87,1.0941411184501795,1.4161588971035903,5.653733120695499,7.233490773028484,-0.9731401892629221,-0.7766257384521413,1.616483445686745,4.006785879137009,60.787861915367465,57.9998332499583,11.496772458479361,18.265717438462957,95.00714285714288,1.095176890705447,8846.95,8248.25,9067.15,6963.15,-4.324401824167466,24.585137473700836
2022-11-11,8776.05,8808.55,8649.3,8680.6,0,8594.884999999998,8559.633,8225.676,8089.875499999999,0.9972791957077027,1.4132264782847648,5.530536335250756,7.302022138659628,0.0639765765038991,-1.0769108044352715,0.8967332872277911,3.2654857781848845,64.25717399200863,65.98597845010114,11.294464016448048,18.109801794854704,99.84285714285723,1.1501838253445296,8846.95,8248.25,9067.15,6963.15,-4.263191851904946,24.66484277948918
2022-11-14,8680.15,8698.05,8616.7,8678.55,0,8612.404999999999,8562.084,8240.8805,8089.9925,0.7680200826598429,1.3602529477636345,5.310955546558405,7.275130353952726,-0.023615879086713587,-0.7825540185206425,1.1338674435542595,4.20741701338232,66.61896512766425,63.62999649807385,10.569480345176107,17.607861695745815,96.6535714285714,1.1137064535961816,8846.95,8248.25,9067.15,6963.15,-4.285800940758677,24.635402080954734
2022-11-15,8679.45,8692.6,8636.4,8675.45,0,8629.859999999999,8563.611,8257.312,8091.18575,0.5282820347027875,1.305979451892431,5.063851287198556,7.2209966258653875,-0.03572025280719204,-1.6923896292267093,-0.17145454440844476,4.192713493907907,64.22828942131653,68.78109452736324,10.573669418861327,17.575546565040508,93.33928571428571,1.0759013735804563,8846.95,8248.25,9021.85,6963.15,-3.8395672727877277,24.59088200024416
2022-11-16,8676.45,8685.5,8556.7,8597.4,0,8640.477499999999,8563.805,8270.970500000001,8093.64975,-0.4985546227045834,0.39229057644352416,3.9466892065447254,6.2240184040580715,-0.8996651470529082,-1.8595253587205929,-1.8836056125855372,2.532483407970143,54.53180145678456,63.540990158365325,11.094043029819495,17.69459315627484,93.37857142857138,1.0861257057781581,8846.95,8416.45,9021.85,6963.15,-4.7046891712897105,23.469981258482154
2022-11-17,8584.05,8604.7,8555.65,8583.35,0,8643.705,8562.86,8285.607,8095.499249999999,-0.6982538159273085,0.239289209446374,3.5934965295843795,6.026197210752647,-0.1634214995231087,-1.0570544261992554,-1.8254708079080917,0.757735831337758,48.36185819070902,60.36916962978459,9.67366718838871,17.662514843868376,91.07142857142857,1.0610242920471442,8846.95,8416.45,9021.85,6963.15,-4.86042219722119,23.268204763648647
2022-11-18,8604.9,8613.85,8498.6,8539.85,0,8644.695,8560.618,8298.876,8097.475,-1.2128247439614623,-0.24259930766680665,2.903694428016519,5.463122763577535,-0.5067951324366327,-1.6214316982697041,-2.6808811295597756,0.2323930023884868,46.739130434782645,51.21542814250251,9.86659721281191,17.688249773218004,93.40714285714292,1.0937796665883233,8846.95,8416.45,9021.85,6963.15,-5.34258494654644,22.643487502064453
2022-11-21,8532.6,8546.8,8495.25,8536.45,0,8647.3,8557.346,8311.0965,8098.87,-1.2819030217524376,-0.24418785917968985,2.7114773604180997,5.402975970721852,-0.039813345667660816,-1.6373702980336358,-2.4071110094889603,0.6140717910034343,35.4564354564355,50.944591636908264,9.737125000857477,17.638988394998652,88.96785714285708,1.0422114244546279,8846.95,8416.45,9021.85,6963.15,-5.380271230401743,22.594659026446383
2022-11-22,8550.55,8592.05,8535.75,8583.75,0,8653.5925,8554.739,8323.024,8099.811749999999,-0.8070925456681795,0.3391219767195752,3.1325873865076037,5.974685152404945,0.5540945006413667,-1.0570056884657397,-2.731506663040517,1.487958003759804,32.282371604203746,55.649653290894584,9.8159741354345,17.6830898317305,87.20357142857132,1.0159146227298248,8846.95,8434.0,8946.65,6963.15,-4.05626687083992,23.273949290191943
2022-11-23,8613.6,8642.4,8602.3,8628.4,0,8660.177500000002,8552.595,8335.3135,8100.592250000001,-0.36693820652061643,0.8863391754198615,3.5162024799667035,6.515668653733299,0.5201689238386376,0.3605741270616747,-1.5056561989886141,1.5500135346663946,39.18217017659823,59.49437576567545,9.850128846642727,17.71524892569136,87.83928571428558,1.0180251925534929,8846.95,8434.0,8946.65,6963.15,-3.5571973867313464,23.915182065588134
2022-11-24,8657.65,8680.45,8641.8,8673.45,0,8666.9975,8549.643,8348.4485,8101.1125,0.07444908112643667,1.4480955520599013,3.8929568769574403,7.0649247248448965,0.5221130221130243,1.0497066995986515,-0.01844369773082999,1.597741608635328,40.628745275191335,59.77437372117457,9.87670713221454,17.612569944942717,85.39642857142852,0.9845727890450571,8846.95,8495.25,8946.65,6963.15,-3.0536569553967006,24.562159367527645
2022-11-25,8693.85,8769.6,8683.35,8758.5,0,8674.75,8548.233,8363.057,8102.5555,0.9654456900775238,2.4597715106736073,4.7284503740677515,8.095526158382988,0.9805786624699442,2.5603494206572597,0.8974034052945612,1.8021840075783446,50.95945269481062,61.669389260684,10.090346710641585,17.75606729219492,86.74285714285712,0.9903848506348931,8846.95,8495.25,8946.65,6963.15,-2.103021801456407,25.783589323797422
2022-11-28,8760.35,8817.25,8753.15,8808.0,0,8686.0875,8548.479,8377.5815,8104.683250000001,1.4035375535878536,3.0358733992327838,5.1377417217606265,8.677905456699976,0.5651652680253472,3.181064728312122,1.4916086212558577,2.64238892935178,48.528896672504445,60.974301196416064,10.135390445070415,17.78182907357333,85.37857142857138,0.9693298300246523,8846.95,8495.25,8946.65,6963.15,-1.5497420822318928,26.494474483531167
2022-11-29,8812.6,8833.05,8750.6,8764.35,0,8689.7875,8547.101,8391.005,8107.0625,0.858047449376639,2.5417858055029394,4.449347843315564,8.10759137480438,-0.49557220708446037,2.10397553516819,1.0247307056117982,0.8515192138406347,50.36808143233673,59.60247535137405,9.417071867111195,17.79091707882196,83.9571428571427,0.9579391838201657,8846.95,8495.25,8946.65,6963.15,-2.037634198275324,25.867603024493235
2022-11-30,8778.7,8874.55,8775.8,8855.6,0,8694.445,8552.744,8405.558,8110.1545,1.8535398176651947,3.541038992865912,5.354100227492326,9.191508003947407,1.0411496574189716,2.633164897315843,3.003233535720118,1.0630588476967073,66.2321316191676,58.83170327614772,9.677399266523267,16.624106137219183,82.9535714285712,0.9367357539700437,8874.55,8495.25,8946.65,6963.15,-1.0176993623311437,27.17807314218422
2022-12-01,8896.65,8944.55,8865.0,8932.15,0,8703.905,8559.929,8419.2665,8112.992249999999,2.6223287133763407,4.348412235662229,6.091783648848744,10.096863459964483,0.8644247707665142,2.982665490664016,4.063681429744781,2.1640293036103264,70.05501076297537,59.02659574468081,10.027291097768755,16.718167371625277,77.93214285714255,0.8724903058853978,8944.55,8495.25,8946.65,6963.15,-0.16207183694455468,28.27743190940882
2022-12-02,8936.2,8999.85,8924.55,8994.15,0,8714.8575,8566.2,8432.698,8115.99875,3.2047856204189173,4.995797436436213,6.658035186366205,10.82000228252869,0.6941217959841595,2.690529200205516,5.319765569652857,2.4962678487994383,72.96608936108295,62.78371501272262,10.204360989145275,16.562975671764683,77.49999999999987,0.8616711973894128,8999.85,8495.25,8999.85,6963.15,-0.06333438890648986,29.16783352362078
2022-12-05,9021.95,9024.25,8953.3,9014.7,0,8728.2425,8573.935,8446.1715,8120.061750000001,3.281960830029647,5.140755090865527,6.731197679327258,11.017628652885552,0.22848184653359027,2.3467302452316208,5.6024459816434335,3.0604778781296638,74.07565112483148,62.339066845195205,10.071624615107977,16.49185796260894,78.5535714285713,0.8713941831516445,9024.25,8495.25,9024.25,6963.15,-0.10582596891707645,29.46295857478298
2022-12-06,8995.2,9009.2,8947.25,8968.4,0,8735.422499999999,8580.08,8458.9415,8125.5025,2.6670432941280278,4.5258319269750364,6.022721637216652,10.373481516989258,-0.5136055553706886,2.328181781877703,4.4811416921508584,1.627232345208962,77.5713436385256,61.19199272065512,9.940991949768982,16.533397523322066,74.17142857142855,0.8270307810917058,9024.25,8495.25,9024.25,6963.15,-0.6188879962323779,28.79802962739565
2022-12-07,8979.15,9004.05,8910.1,8920.0,0,8743.4075,8589.905,8471.884,8129.482,2.0197217160472123,3.8428248042324022,5.289449194535713,9.72408820143768,-0.5396726283394937,0.727223451827097,3.3795373418014973,1.8229969293289017,73.80329491621296,54.95988329686364,9.754878659060559,15.352384697024071,77.37857142857125,0.8674727738629064,9024.25,8495.25,9024.25,6963.15,-1.1552206554561322,28.102941915655993
2022-12-08,8944.7,8982.15,8922.4,8976.05,0,8758.4575,8605.937,8485.036,8133.87375,2.484370107407598,4.300670571955145,5.786822825501262,10.353938060570457,0.6283632286995466,0.4914830136081516,3.4888077985115284,3.469720635615925,80.30429345560647,61.34034165571616,9.06742101585944,13.606017508796352,73.58571428571408,0.81980062817959,9024.25,8495.25,9024.25,6963.15,-0.5341164085658169,28.907893697536313
2022-12-09,9024.75,9042.85,8840.75,8917.3,0,8770.2925,8620.64,8497.709499999999,8138.113,1.6761983708068997,3.4412758217487323,4.937689385592674,9.574541420105605,-0.6545195269634152,-0.854444277669375,1.8130958497459604,2.7267700389373983,74.56938262047603,63.09813463098135,9.528172060647947,13.736569473453539,84.33928571428558,0.9457939703081156,9042.85,8495.25,9042.85,6963.15,-1.3883897222667754,28.06416636148869
2022-12-12,8920.75,8965.0,8853.1,8960.6,0,8784.395,8637.037999999999,8510.148,8142.93125,2.0058865750003263,3.74621484819219,5.2931159364091105,10.04145466658583,0.4855729873392223,-0.6001308973121677,1.732515894641229,3.2499668723461994,74.43745541793658,64.54545454545453,9.586071247186215,13.663455891538383,88.31071428571418,0.9855446542163937,9042.85,8495.25,9042.85,6963.15,-0.9095583803778676,28.68601135980125
2022-12-13,8982.9,9001.25,8960.85,8996.3,0,8800.4375,8653.372000000001,8521.676,8148.24975,2.2255995795663486,3.9629406894791765,5.569608607508662,10.407759654151485,0.39841082070395384,0.31109227955934404,2.6465168552145757,3.6983672316709626,74.13725232909063,65.94890327761887,9.591307276578922,13.65618238120351,87.02499999999989,0.967342129542144,9042.85,8495.25,9042.85,6963.15,-0.5147713386819541,29.198710353791025
2022-12-14,9035.2,9085.6,9026.75,9070.1,0,8824.0725,8668.12,8533.4585,8154.25925,2.7881400566461814,4.637453104017936,6.288675336031689,11.231440182626034,0.8203372497582517,1.6827354260089633,2.422196124486198,5.498173866517786,75.07744831510396,68.49603974316912,8.93590020874755,13.187894136930284,89.68571428571418,0.9888062346138873,9085.6,8495.25,9085.6,6963.15,-0.17059963018402746,30.25857550103044
2022-12-15,9067.5,9086.75,8956.8,8982.1,0,8844.01,8683.243999999999,8544.213,8159.698500000001,1.5613957921802457,3.4417551781339055,5.124954164883303,10.078822152558688,-0.9702208354924413,0.06740158532985152,0.5592158662808044,4.645622047335829,64.08415217939029,67.86311292719174,9.864920450651745,13.028764190610564,92.09999999999998,1.025372685674842,9086.75,8495.25,9086.75,6963.15,-1.1516768921781675,28.994779661503784
2022-12-16,8937.0,8971.4,8824.6,8831.4,0,8858.5875,8690.249,8552.2765,8166.81725,-0.30690558737496243,1.6242457494601115,3.2637333463201252,8.13759791184258,-1.677781365159603,-0.9632960649523903,-1.8095095145177709,3.413994391002184,51.30726256983238,60.22085788454403,11.724053946548512,11.881682529845838,98.77142857142852,1.1184119003943715,9086.75,8495.25,9086.75,6963.15,-2.810135637053956,26.830529286314388
2022-12-19,8838.7,8898.75,8782.4,8890.7,0,8876.3,8696.473,8560.801,8172.590999999999,0.16222975789463465,2.2333996782373817,3.8535996806841006,8.786797234805967,0.6714677174626926,-0.7800816909581898,-1.3755310770186435,4.149851519074077,56.937352440564425,64.27089688834656,11.826166957430438,11.703552652106097,101.19285714285719,1.138187737105708,9086.75,8535.75,9086.75,6963.15,-2.1575370732109858,27.682155346359067
2022-12-20,8871.9,8889.75,8776.65,8859.9,0,8890.1075,8702.495,8569.006,8177.838250000001,-0.3397877922173656,1.8087341618696573,3.394722795152673,8.340367333628773,-0.3464294150066993,-1.5161788735368997,-1.2098033093974392,3.2171253822629975,50.25288167489998,62.869534078701236,11.906496194191805,11.72048748840068,101.46785714285735,1.1452483339863584,9086.75,8602.3,9086.75,6963.15,-2.496492145156413,27.239826802524718
2022-12-21,8887.45,8931.05,8708.0,8738.6,0,8895.6175,8707.604,8576.991499999998,8182.565,-1.7651107413285243,0.3559647407025056,1.8842096322469495,6.79536306769333,-1.3690899445817584,-3.6548659882471024,-2.0336322869955126,1.2771776922720468,39.18654673445453,55.818584902115504,12.990167137870174,11.971888652475524,111.0464285714288,1.2707576565059484,9086.75,8641.8,9086.75,6963.15,-3.8314028668115627,25.497799128268113
2022-12-22,8782.25,8806.7,8625.3,8691.9,0,8896.54,8714.625,8583.869,8187.369250000001,-2.300220085561367,-0.26076853565128005,1.258535049870857,6.162306042322434,-0.5344105463117699,-3.2308702864586314,-3.165646358921792,0.21271812254637368,32.81987153981707,52.382381631274846,13.040124475704108,11.377997593462107,118.62500000000026,1.3647764010170418,9086.75,8625.3,9086.75,6963.15,-4.3453379921314035,24.82712565433748
2022-12-23,8616.0,8638.1,8382.15,8400.35,0,8878.632500000002,8714.51,8587.1875,8191.60975,-5.386893758695397,-3.6050219691066947,-2.1757705884493572,2.5482201468398897,-3.3542723685270115,-4.880879588740172,-5.797158332679164,-4.0891705200662205,23.304219354278075,41.35321681864235,17.19440204814766,13.63932769732964,135.68214285714308,1.615196305596113,9086.75,8382.15,9086.75,6963.15,-7.553855889069245,20.640083870087544
2022-12-26,8394.5,8619.55,8336.0,8595.2,0,8867.9925,8719.851,8591.4315,8197.653999999999,-3.0761471663400655,-1.429508371186616,0.043863470249400585,4.849509384026237,2.319546209384127,-3.3236977965739434,-4.077851929558285,-2.415985467756576,35.63731527093604,45.16577856719957,19.239860767413564,14.426322790379368,151.11785714285725,1.7581656871609415,9086.75,8336.0,9086.75,6963.15,-5.409524857622354,23.438386362494004
2022-12-27,8644.4,8689.85,8593.05,8678.3,0,8863.69,8726.89,8595.209499999999,8203.5275,-2.0915668305186803,-0.5567848340015762,0.9667070942249896,5.787418887789419,0.9668186895011033,-2.0496845336854808,-3.5347865233484876,-0.9818183892701837,40.940100457305626,46.23534192499708,19.5540920490064,14.56501995500204,151.32142857142884,1.7436759338975243,9086.75,8336.0,9086.75,6963.15,-4.495006465457955,24.631811751865172
2022-12-28,8669.35,8714.0,8624.65,8698.4,0,8855.83,8733.157,8599.0,8208.661,-1.7776989847366118,-0.39798895176165516,1.155948366089076,5.966125291323391,0.2316121821094086,-0.4600279220927872,-4.098080506278878,-1.775147928994092,39.30428753033633,48.059209558282554,19.166609705543863,14.500347814058742,153.26428571428602,1.761982499244528,9086.75,8336.0,9086.75,6963.15,-4.273805265909157,24.920474210666153
2022-12-29,8662.4,8723.05,8589.8,8697.5,0,8844.0975,8736.731,8603.7845,8213.52625,-1.6575744444246556,-0.4490352283937753,1.0892357892041606,5.892399138555126,-0.010346730433175022,0.06442780059596753,-3.168524064528344,-2.62702708754331,41.13781146681723,45.08609436190712,18.842157574360204,14.078007135171916,148.34642857142885,1.7056214840060806,9086.75,8336.0,9086.75,6963.15,-4.283709797232234,24.907549025943723
2022-12-30,8750.4,8797.45,8735.15,8751.75,0,8831.9775,8741.365,8609.116,8218.39375,-0.9083752760919156,0.11880295583127141,1.6567786983007315,6.489787009779141,0.6237424547283599,4.183159035040207,-0.9018955092057857,-2.6950851386734698,41.65301147036489,44.31417044881495,18.80313004806967,14.137448031230413,147.4928571428575,1.68529559394244,9086.75,8336.0,9086.75,6963.15,-3.6866866591465595,25.68665043837919
2023-01-02,8787.4,8830.6,8746.2,8821.8,0,8822.3325,8748.114,8615.075,8223.472249999999,-0.006035818758827829,0.8423072676007617,2.399572841791842,7.275852970744815,0.8004113463021545,2.636355174981375,-0.7749671004532943,-2.1398382641685365,43.21222965613818,44.595314998902445,19.055570255055393,14.190986846719984,150.6178571428575,1.7073370190081107,9086.75,8336.0,9086.75,6963.15,-2.9157839711668165,26.69266064927511
2023-01-04,8849.55,8863.95,8713.5,8745.7,0,8811.1975,8753.87,8619.9485,8228.500250000001,-0.7433439098374482,-0.09333014997938137,1.4588428225528296,6.285467998861635,-0.862635743272333,0.7766498046852588,-1.2889535999277557,-2.4831631060166726,37.40389842354586,41.84848484848485,19.195518641815056,14.322868216433513,154.98571428571464,1.7721361844759667,9086.75,8336.0,9086.75,6963.15,-3.7532671197072585,25.59976447441174
2023-01-05,8778.35,8818.0,8722.95,8808.6,0,8805.6275,8760.108,8625.556,8233.05775,0.033756821986847096,0.5535548191871629,2.1221124759957486,6.990625688250522,0.7192105834867402,1.2668996597075433,0.8010436454352066,-1.2488789237668163,43.12925708854744,45.20580823232932,19.348823704411842,14.370991827850476,152.4928571428574,1.7311815401182638,9086.75,8336.0,9086.75,6963.15,-3.061050430571983,26.503091273346126
2023-01-06,8817.7,8827.05,8717.1,8752.3,0,8794.439999999999,8764.413,8629.8505,8236.7745,-0.47916638239614373,-0.13820663175047995,1.418906387775765,6.258827408714415,-0.6391481052607784,0.6300661109514216,0.694899849284969,-2.492744581413875,46.61444958055126,44.99253508510001,19.27744121714574,14.429538664350696,149.09642857142873,1.703511403533114,9086.75,8336.0,9086.75,6963.15,-3.680633890004685,25.69454916237622
2023-01-09,8816.0,8841.75,8779.6,8826.95,0,8789.9225,8768.883,8634.5355,8241.1405,0.4212494478762485,0.6621938050718765,2.2284290799429893,7.108354723475485,0.852918661380464,0.8592567200845558,5.078359830245183,-1.0131990624964837,47.30683114359342,45.59683420943836,19.463847147651933,14.449894855356737,147.17500000000018,1.6673369623709227,9086.75,8336.0,9086.75,6963.15,-2.8591080419291743,26.766621428520153
2023-01-10,8836.55,8836.8,8734.2,8786.3,0,8781.2075,8772.984,8637.837,8245.1425,0.05799316324091915,0.15178415918687294,1.7187520440591753,6.563349268978666,-0.4605214711763561,-0.40241220612573514,2.223333953834672,-1.9451822422605791,46.9163733869616,46.08955223880598,19.412272753309757,14.47960187193186,146.35714285714286,1.6657426090293168,9086.75,8336.0,9086.75,6963.15,-3.306462706688318,26.18283391855697
2023-01-11,8802.65,8829.05,8748.7,8785.4,0,8770.6625,8774.885,8640.623,8248.93175,0.1680317763908858,0.11983063025896541,1.6755389050071974,6.503487557646478,-0.010243219557715122,0.453937363504342,1.2341126718366624,-2.344297099918846,52.18080149114628,44.63432561558248,19.329641695640838,14.207543628445748,136.16428571428565,1.5498928416951494,9086.75,8336.0,9086.75,6963.15,-3.3163672380113947,26.169908733834546
2023-01-12,8816.4,8816.5,8709.35,8748.9,0,8754.602499999999,8774.614,8642.789,8252.23675,-0.06513716642188402,-0.29304992789426343,1.2277402583818597,6.018528855222187,-0.41546201652742365,-0.6777467474967769,0.5805665409730487,-3.5413060495474213,52.68159578471961,42.42683972082774,19.035036207705858,14.119906247174802,130.8607142857141,1.4957390561752233,9086.75,8336.0,9086.75,6963.15,-3.718051008336318,25.64572068675815
2023-01-13,8768.0,8769.45,8687.1,8747.4,0,8742.867499999998,8774.703000000001,8645.965,8255.69225,0.0518422588470106,-0.3111558305734302,1.1732062297268089,5.955984490579812,-0.017145012515862312,-0.05598528386823176,0.5737280827823987,-2.6129746941138565,72.45551601423483,39.66433924796617,18.805024801574262,14.11072409305953,114.61785714285699,1.3103077159253835,8971.4,8336.0,9086.75,6963.15,-3.7345585605414517,25.624178712220765
2023-01-16,8766.45,8797.55,8694.6,8707.35,0,8736.664999999999,8773.348,8650.444500000001,8259.1535,-0.335539934288412,-0.7522555813356497,0.6578332477596837,5.42666388268483,-0.4578503326702732,-1.3549414010501915,-0.5073271060073603,-1.4046470548270906,59.07435876689052,40.92125698047121,17.94857289649717,14.123270812101982,101.71785714285696,1.1681838578081385,8931.05,8336.0,9086.75,6963.15,-4.175310204418517,25.049007992072564
2023-01-17,8723.7,8728.4,8634.75,8695.65,0,8726.9125,8772.321,8653.815,8262.407,-0.35823093218822494,-0.8740104243791383,0.48342840700892176,5.243544647461695,-0.13436923978019655,-1.0317198365637381,-1.429980276134113,-2.1938654999044016,51.58722898179493,45.060582905796316,17.736951735661215,14.108539669525355,101.49285714285686,1.1671681489348913,8931.05,8336.0,9086.75,6963.15,-4.304069111618569,24.88098059068094
2023-01-18,8715.5,8773.05,8700.5,8754.1,0,8721.6225,8770.907,8657.156500000001,8265.517,0.3723791072131461,-0.19162214352516657,1.119807641227225,5.911100297779323,0.6721751680438093,-0.35627290732350714,0.09604720033844494,-1.194144403435693,54.7614976919132,45.02657831500764,17.920550123635934,14.04576287245019,100.63928571428538,1.149624584072439,8931.05,8336.0,9086.75,6963.15,-3.6608248273585122,25.720399531821098
2023-01-19,8734.55,8762.75,8706.9,8755.35,0,8722.46,8770.808,8660.393,8268.375,0.37707252311849226,-0.17624373945935812,1.0964513966052156,5.889609506100054,0.014279023543251057,0.07372355381820572,-0.6045228526667112,0.19167830087198912,54.942332336608295,46.1097674418605,17.23365923721417,13.948970426523918,95.11071428571397,1.0863153875711875,8863.95,8336.0,9086.75,6963.15,-3.647068533854234,25.73835117726892
2023-01-20,8763.75,8770.45,8677.5,8687.15,0,8722.2225,8771.05,8662.4815,8270.267249999999,-0.40210508273550943,-0.9565559425610348,0.2847740569489212,5.040740974845773,-0.778952297737967,-0.6887760934677689,-0.7443757640848703,-0.05464858086263735,44.60947930574098,48.00681826986399,17.358508249829722,13.885776056310121,94.61071428571397,1.0890880701462962,8863.95,8336.0,9086.75,6963.15,-4.397611907447661,24.758909401635755
2023-01-23,8717.55,8797.2,8690.8,8788.5,0,8741.63,8773.207999999999,8666.4205,8272.08725,0.5361700277865891,0.17430340190271656,1.4086496264518877,6.242834902400231,1.166665707395409,0.931971265654874,-0.4355977999195737,4.620640806633047,47.35923869944496,53.590277261577356,12.49928551593564,14.12778387784614,96.44285714285694,1.097375628865642,8863.95,8336.0,9086.75,6963.15,-3.2822516301207805,26.214428814545148
2023-01-24,8801.95,8804.25,8720.9,8733.45,0,8748.5425,8774.306,8668.195,8273.17225,-0.1725144502641307,-0.46563226766880217,0.7528095526231358,5.563497726038536,-0.6263867554190061,0.4347001086750346,-0.6015046151394587,1.6084558823529438,48.99499548773485,65.02074314574315,10.110343931505666,14.203847270362036,91.64999999999976,1.0494134620339013,8863.95,8589.8,9086.75,6963.15,-3.8880787960491845,25.423838349023086
2023-01-25,8724.35,8724.35,8576.85,8604.1,0,8744.8325,8772.878999999999,8668.245,8273.373,-1.609321848074278,-1.9238724254603152,-0.7399998500273173,3.997486877480331,-1.4810870847145163,-1.7134828251904821,-2.063651057436189,-0.8550061648018525,34.872022488533915,50.426531199079825,10.965837584903122,14.596418492084437,96.04642857142842,1.1162867536573078,8863.95,8576.85,9086.75,6963.15,-5.311580047871897,23.566202078082487
2023-01-27,8629.25,8636.8,8374.55,8463.0,0,8733.0625,8770.190999999999,8666.998,8273.1315,-3.0924146025520827,-3.5026717206044764,-2.3537330918964052,2.2950015964329893,-1.6399158540695735,-3.3391012352447347,-3.2678393855227528,-2.706244826634774,30.984619429473014,40.22518841369297,12.282746209261674,14.918887958328831,106.92499999999993,1.2634408602150529,8863.95,8374.55,9086.75,6963.15,-6.864390458634825,21.539820339932366
2023-01-30,8466.4,8563.85,8410.95,8476.95,0,8722.035,8768.063,8665.4615,8272.57875,-2.809952035276161,-3.3201517826685256,-2.1754352033068143,2.470466056306809,0.16483516483516425,-2.419665828263573,-3.0917758419644614,-2.5357861454440855,25.000000000000128,39.889512852120795,12.321859562831586,14.921669214556093,111.4571428571427,1.3148260029508574,8863.95,8374.55,9086.75,6963.15,-6.710870223127073,21.740160703130066
2023-01-31,8511.55,8654.95,8473.05,8638.0,0,8716.3475,8770.026,8665.322,8272.6785,-0.8988570040375267,-1.505423131014661,-0.31530276659078704,4.416000210814429,1.8998578498162555,-1.712465153325371,-0.7964535708338438,-1.2997400519896063,40.96172598732332,47.630048593961604,14.060882127696864,15.485872012738852,117.12142857142862,1.3558859524360805,8863.95,8374.55,9086.75,6963.15,-4.938509368035877,24.05305070262741
2023-02-01,8714.3,8801.6,8402.55,8554.7,0,8702.9925,8770.391,8663.8685,8273.11425,-1.7039254026703983,-2.459308826710222,-1.260043362846513,3.4036245782535905,-0.9643435980550952,-2.0467283833994543,-1.6209254052313438,-3.0277267677798037,37.223083739477254,42.32880445361471,14.021172926257874,15.644830149195332,139.88571428571453,1.635191348448391,8863.95,8374.55,9086.75,6963.15,-5.855228767160968,22.85675304998458
2023-02-02,8528.55,8630.2,8489.25,8580.65,0,8694.74,8770.329,8662.534,8273.7405,-1.3121726469106627,-2.1627352862133233,-0.9452661311343773,3.7094407299817993,0.3033420225139194,-0.2725444846061853,-1.9813573068619306,-1.8872131447454255,40.571588680302604,40.27816972384603,13.84481689258629,15.609991996160549,142.30000000000032,1.6583825234685057,8841.75,8374.55,9086.75,6963.15,-5.569648114012164,23.229429209481342
2023-02-03,8618.95,8632.8,8469.4,8604.05,0,8684.5125,8769.842,8661.218499999999,8274.9995,-0.9265056616592059,-1.8904787566298376,-0.6600514696633017,3.976441327881644,0.27270661313536504,1.6666666666666607,-1.728086255832162,-2.322162432168573,42.159383033419005,44.036040587764674,13.586300249968641,15.577764928753869,148.08928571428598,1.721157893251271,8841.75,8374.55,9086.75,6963.15,-5.312130299612081,23.56548401226456
2023-02-06,8611.6,8684.05,8601.85,8667.3,0,8680.2625,8769.719000000001,8659.681,8277.0695,-0.14933304148349724,-1.1678709431853138,0.087982455704763,4.714597358400817,0.7351189265520253,2.2455010351600357,-0.22849841432460716,-0.9711732915919202,47.863658185309596,44.052529674214966,13.75636917915596,15.621822578934614,146.60714285714312,1.6914972697050192,8841.75,8374.55,9086.75,6963.15,-4.616061848295603,24.47383727192434
2023-02-07,8680.2,8692.85,8610.6,8659.5,0,8671.89,8767.739,8657.985999999999,8278.89675,-0.14287542853979257,-1.234514394189877,0.017486745762825596,4.597270161631139,-0.08999342355749951,0.248900208381575,-1.4678272742788878,-1.897031250885084,48.063634902780024,45.92768123573815,13.34076233059747,15.461465713981731,145.79285714285743,1.6836174968861646,8836.8,8374.55,9086.75,6963.15,-4.701901119762291,24.361819004329945
2023-02-08,8672.25,8747.65,8639.8,8740.45,0,8669.5975,8766.388,8657.4335,8280.6655,0.8172524733703137,-0.2958801275964525,0.958904275730233,5.55250661918419,0.9348114787228079,2.1713210282067186,0.08015160102823327,-0.5218351296905288,49.28605052565513,46.22501527450467,13.74339661648608,15.555161964885315,147.96785714285747,1.69290891364698,8829.05,8374.55,9086.75,6963.15,-3.8110435524252266,25.52436756353089
2023-02-09,8760.3,8778.75,8719.3,8758.55,0,8668.255000000001,8766.271999999999,8656.6865,8282.959499999999,1.041674477735118,-0.0880876158074921,1.1767031184506853,5.74179434295194,0.20708315933388732,2.073269507554776,1.7950744412547293,-0.30562068887017846,50.16447368421047,48.76463517784801,13.767617108693955,15.522464666135091,148.22500000000036,1.6923463358661006,8816.5,8374.55,9086.75,6963.15,-3.6118524224832944,25.78430738961533
2023-02-10,8733.1,8789.6,8708.3,8771.75,0,8669.397500000001,8764.595,8658.6695,8286.2115,1.1806183763058395,0.08163526095616118,1.3059800931309369,5.859595787532102,0.15070987777658917,1.9490821183047569,3.6482334869431643,0.2611756906582663,54.608847243408185,49.39891672905017,13.693896837157734,15.343999374108689,147.39285714285754,1.6803130178454417,8804.25,8374.55,9086.75,6963.15,-3.466585963078108,25.973876765544336
2023-02-13,8742.8,8756.3,8617.35,8629.5,0,8663.502499999999,8758.542,8659.2355,8288.000250000001,-0.39247983133840725,-1.4733274099730238,-0.34339636564914633,4.120411917217293,-1.621683244506511,-0.43612197570176425,1.799585935979331,-1.3478290692091277,41.70752060081358,45.190138575572036,14.879426982141528,15.624203341462572,150.56071428571457,1.7447211806676466,8804.25,8374.55,9086.75,6963.15,-5.032052163864968,23.93097951358222
2023-02-14,8637.7,8654.3,8564.1,8627.35,0,8659.5025,8751.206,8658.703,8290.1625,-0.37129731182594083,-1.4153020737941693,-0.36209811099883155,4.067320755172169,-0.024914537342834997,-0.37126854899243167,-0.12329242880295688,-0.9187640326850266,44.14329874144399,45.166485485364596,14.80648284433366,15.527828266826202,151.05000000000018,1.7508273108196626,8804.25,8374.55,9086.75,6963.15,-5.055712988692322,23.900102683411973
2023-02-15,8614.3,8698.2,8602.85,8688.85,0,8659.162500000002,8744.689,8659.312,8292.382,0.3428449344841164,-0.6385475801369258,0.34111255028113624,4.781111145145036,0.7128492526673913,-0.5903586199795252,1.568143827369739,-0.078200019550001,55.05698430693957,49.26779070687881,15.039951875513207,15.614911115808367,146.67500000000018,1.6880830029290435,8804.25,8374.55,9086.75,6963.15,-4.378903348281836,24.783323639444806
2023-02-16,8723.15,8774.55,8707.4,8749.7,0,8658.942500000001,8740.315,8660.1975,8295.28625,1.048136074353187,0.10737599274168286,1.033492596444833,5.477975518928012,0.7003228275318518,-0.10104412260018014,1.9701304679715426,-0.05026216287224994,68.91909726804816,52.05912606194526,15.05695022749926,15.674793360259894,134.06428571428583,1.5322157984192124,8804.25,8374.55,9086.75,6963.15,-3.7092469804935675,25.65720973984477
2023-02-17,8722.7,8732.4,8644.7,8658.85,0,8654.1175,8735.091999999999,8662.4985,8297.97975,0.05468495198961734,-0.8728242358523342,-0.0421183334115363,4.348892873593719,-1.0383213138736247,-1.287086385270897,0.636909362451421,-1.10218323653537,60.89743589743591,46.458712867606046,15.502346136618966,15.795307344376797,130.64285714285728,1.5087783844604916,8804.25,8374.55,9086.75,6963.15,-4.709054392384512,24.35248414869708
2023-02-20,8680.85,8702.4,8614.0,8647.3,0,8652.125,8728.517,8667.227,8301.54775,-0.05576664692200735,-0.9304787972573182,-0.2299120583780891,4.164913103101762,-0.1333895378716754,0.206269192884867,-0.2307523680961765,-0.45872351691866875,50.678733031674156,46.01335645500494,15.267800707224307,15.718321698466406,123.96428571428571,1.4335605994274019,8804.25,8374.55,9086.75,6963.15,-4.836162544364055,24.18661094475919
2023-02-21,8672.35,8675.5,8599.85,8609.95,0,8643.1975,8722.37,8671.505,8304.737,-0.3846666699447686,-1.2888698828414762,-0.7098537105150545,3.675167557985299,-0.43192672857421677,-0.2016841788034518,-0.5722039378716959,-2.0316322466859993,54.322146600954405,47.08525258627203,14.664401132423105,15.683639989688473,100.86428571428561,1.1714851504861887,8804.25,8374.55,9086.75,6963.15,-5.247200594271871,23.6502157787783
2023-02-22,8580.05,8598.85,8491.1,8519.75,0,8632.5125,8713.553,8675.2955,8308.2255,-1.3062535385845166,-2.224155863859437,-1.7929706256115445,2.5459648393029237,-1.0476251313886964,-1.946172393354706,-2.5250416168503986,-2.446913877104706,45.671026442991206,39.766972546929125,14.939170000810279,15.784057125840285,99.28571428571415,1.165359479864012,8801.6,8374.55,9086.75,6963.15,-6.239854733540595,22.35482504326347
2023-02-23,8523.25,8531.3,8422.25,8507.45,0,8627.68,8703.776,8678.573999999999,8312.418,-1.393538007900149,-2.2556416893081703,-1.9717985927180894,2.34627276924718,-0.144370433404728,-2.7686663542750067,-2.8669129022497852,-1.1233016817563723,43.02325581395359,41.105163727959685,14.050480844667554,15.743606456482759,95.40357142857127,1.1214120732836663,8801.6,8374.55,9086.75,6963.15,-6.375216661622685,22.17818085205692
2023-02-24,8531.85,8564.8,8463.95,8476.95,0,8628.377499999999,8691.913,8680.0165,8317.1345,-1.7549939139774307,-2.473137961689213,-2.3394713592998237,1.9215211681379039,-0.35850930654897084,-2.100740860506878,-3.360788896172362,0.16483516483516425,35.56970661814884,44.573428364132994,12.81232374092807,15.608422127379326,96.73571428571411,1.1411617891542845,8801.6,8402.55,9086.75,6963.15,-6.710870223127073,21.740160703130066
2023-02-27,8467.3,8468.7,8338.2,8418.0,0,8625.43,8680.631000000001,8681.9375,8321.726999999999,-2.4048656124970034,-3.0254828249236856,-3.0400760198976324,1.1568872663090373,-0.6954152141985137,-2.6516947486498577,-2.450895185120805,-0.6954152141985137,33.0097087378641,47.93464292270975,13.03752678303719,15.544442324762128,100.77142857142839,1.197094661100361,8801.6,8338.2,9086.75,6963.15,-7.35961702478884,20.893561103810782
2023-02-28,8444.4,8483.4,8426.45,8456.7,0,8616.365000000002,8673.136999999999,8681.693,8327.42525,-1.8530435978513078,-2.4954869270484035,-2.5915797759722508,1.5523976033288378,0.45972915181753393,-1.7799174211232338,-1.9780117880925152,-2.0988654781199267,28.77552546936947,49.09123547098685,11.05991359459649,15.18276296384288,97.73928571428549,1.155761534810097,8801.6,8338.2,9086.75,6963.15,-6.93372217789638,21.449344046875353
2023-03-01,8474.1,8575.5,8470.9,8567.7,0,8617.015,8666.677,8681.575,8333.504,-0.5722979477231813,-1.142040946028091,-1.311685955601374,2.8102944451697613,1.3125687324843094,0.5628099416062682,-1.394315703459026,0.15196324827286833,37.46634268076456,46.69673902828684,11.64742303496052,15.412897658781837,101.97857142857109,1.190267766478414,8789.6,8338.2,9086.75,6963.15,-5.712163314716475,23.043450162641925
2023-03-02,8567.1,8581.5,8533.85,8549.0,0,8615.4325,8660.459,8681.477,8338.90425,-0.7710872321267771,-1.286987213957144,-1.525973057349582,2.5194647126449548,-0.2182616104672297,0.48839546515111465,-2.2937929300433257,-0.36885317545872764,35.47629914585647,49.714857428714325,11.620410668663956,15.403731096187842,99.57499999999956,1.1647561118259395,8789.6,8338.2,9086.75,6963.15,-5.917957465540485,22.7748935467425
2023-03-03,8595.9,8640.0,8584.4,8623.75,0,8616.4175,8658.162,8682.883,8343.71225,0.08509917259696895,-0.3974515607354108,-0.6810295612643844,3.356272862837516,0.8743712714937457,1.7317549354425754,-0.4053656085969859,0.22896194234112155,49.58890398226926,52.05570924353717,12.008401316422654,15.25091440004552,95.04642857142815,1.102147309133824,8789.6,8338.2,9086.75,6963.15,-5.095331113984648,23.84840194452224
2023-03-06,8660.25,8724.85,8658.5,8680.65,0,8617.085000000001,8657.937,8686.280999999999,8348.87725,0.7376624461752284,0.26233732123483616,-0.06482636239835442,3.9738606768952094,0.6598057689520154,3.120099786172492,0.385669515340048,0.15402720570421025,53.53401405649112,53.54039563690147,11.951269721101157,15.280151953691695,95.82499999999969,1.1038919896551491,8789.6,8338.2,9086.75,6963.15,-4.469144633669908,24.665560845307084
2023-03-08,8649.55,8753.25,8627.45,8745.1,0,8621.365,8664.832,8689.671,8355.489,1.4352135653692957,0.9263653351848025,0.637872250859671,4.662934748642488,0.7424559220795768,3.4103137157520003,1.5696955266871315,0.9885097291991496,53.715078264315416,53.591874422899394,12.220785597916963,13.290815465263378,97.99999999999962,1.1206275514287958,8789.6,8338.2,9086.75,6963.15,-3.7598701405893156,25.591147684596784
2023-03-09,8768.3,8785.65,8679.35,8690.95,0,8618.89,8666.747,8693.299,8360.98575,0.836070538085546,0.2792627960640981,-0.02702081223710538,3.9464754499790997,-0.6192038970394775,1.4385424326248675,2.0094486340561657,-0.5663323970733769,46.085160258546026,51.3923938548723,11.974356807892342,12.352949672671235,99.4714285714282,1.1445403387596085,8789.6,8338.2,9086.75,6963.15,-4.355792775194644,24.81348240379715
2023-03-10,8636.4,8636.4,8544.8,8627.95,0,8612.36,8665.74,8696.315,8366.279499999999,0.1810189077093868,-0.4360850890979773,-0.7861375766632163,3.1276805896814954,-0.7248919853410696,0.9234998245408965,1.4164056209557518,-1.4911143967894058,47.861591695501765,44.93881590786397,12.189126516745494,12.273280524473508,102.41071428571402,1.1869646241078589,8789.6,8338.2,9086.75,6963.15,-5.049109967810265,23.908719473226935
2023-03-13,8625.85,8649.35,8433.05,8455.55,0,8596.55,8660.883,8697.02,8370.88925,-1.6401928680691673,-2.3708090733935623,-2.776468261542473,1.0113710440022736,-1.9981571520465646,-1.950427598202642,-0.25244928895418184,-3.6047538974549043,39.14643119941136,38.0303389428775,13.930035481256201,13.045305275276109,111.54642857142842,1.3192096146487033,8785.65,8338.2,9086.75,6963.15,-6.946377967920332,21.432828533063336
2023-03-14,8457.6,8472.0,8372.75,8423.5,0,8586.25,8655.403,8696.067,8376.02825,-1.895472412287087,-2.6792859904963438,-3.1343709748326356,0.566757281411994,-0.3790409849152243,-2.962335769786817,0.06533618436683764,-2.387160322150761,39.38272307955127,36.44466933945743,12.882994419287975,13.065305424579615,113.23214285714273,1.3442410263802782,8785.65,8338.2,9086.75,6963.15,-7.299089333370016,20.9725483437812
2023-03-15,8493.95,8512.75,8397.2,8411.4,0,8575.4525,8648.596000000001,8694.9805,8380.6425,-1.9130477371310703,-2.7425954455497945,-3.261427670826864,0.3670064675828817,-0.1436457529530477,-3.8158511623652136,-0.5356699421760425,-2.5030861156670414,43.22770173135821,40.55353430353432,12.878558439845037,12.971814737873611,112.99642857142837,1.3433724299335232,8785.65,8338.2,9086.75,6963.15,-7.432250254491433,20.798776415846277
2023-03-16,8402.35,8483.8,8323.7,8455.05,0,8563.7625,8641.261,8694.6875,8384.947,-1.2694478624319794,-2.1549054009594335,-2.7561370089494384,0.8360577592201734,0.5189385833511695,-2.714317767332697,-1.3148219475471956,-2.6908048821190467,46.8483098760976,42.79622041976751,12.729057948538452,12.88913774693251,116.64285714285688,1.3795643685472812,8785.65,8323.7,9086.75,6963.15,-6.951880485322043,21.425647874884206
2023-03-17,8519.6,8535.8,8445.6,8487.7,0,8550.6625,8636.101,8694.9855,8388.59825,-0.7363464526871413,-1.7183796252498649,-2.383966022715046,1.1813862941880862,0.3861597506815695,-1.6255309778104854,-0.7170429289975355,-2.994388379030133,50.644909712640235,41.38211730431434,12.503041380467211,12.804615292820742,115.88214285714263,1.3652949898929347,8785.65,8323.7,9086.75,6963.15,-6.59256609899028,21.894544853981333
2023-03-20,8471.25,8487.85,8316.5,8392.2,0,8537.33,8627.773,8693.940499999999,8391.64225,-1.699946001853029,-2.730403314968979,-3.470698931054314,0.00664649401611397,-1.1251575809701042,-0.7492120559868809,-2.6850268154804957,-3.0795082487859227,48.51724137931039,35.125239244403815,12.588475072650995,12.898977454620603,118.21071428571408,1.4085783737960733,8785.65,8316.5,9086.75,6963.15,-7.643546922717135,20.52303914176775
2023-03-21,8422.6,8447.55,8382.65,8433.6,0,8526.645,8621.399,8692.905999999999,8394.8215,-1.0912263850553185,-2.178289161654612,-2.982961048928847,0.4619335860804229,0.493315221276891,0.11990265329138161,-2.8459850356828076,-2.4712916170365196,48.67652114128565,40.22564547624216,12.79644874453309,12.903186471353367,118.1749999999998,1.4012402769872865,8785.65,8316.5,9086.75,6963.15,-7.187938481855445,21.1175976389996
2023-03-22,8467.5,8490.8,8445.15,8451.7,0,8518.7325,8613.894,8691.3885,8397.892,-0.786883494698294,-1.8829347099000697,-2.7577699466546504,0.640732221848065,0.2146177195978094,0.479111681765243,-3.355021669277647,-1.837989767652537,42.56219543472688,41.56023472557826,12.794521958465294,12.746777502986136,113.77499999999976,1.3461788752558628,8785.65,8316.5,9086.75,6963.15,-6.988747351913492,21.377537465084067
2023-03-23,8435.5,8452.45,8390.2,8399.9,0,8512.740000000002,8606.166,8689.575,8401.332,-1.325542657240817,-2.3967234654781193,-3.3335922642937206,-0.017044916210913915,-0.612894447270973,-0.6522729019934781,-3.3488859100558765,-1.406731418175422,40.8291302743265,41.048369912635835,12.45124496100134,12.774504349932636,114.81785714285694,1.3668955242664431,8785.65,8316.5,9086.75,6963.15,-7.5588081547307935,20.633621277726316
2023-03-24,8399.85,8402.95,8266.3,8283.75,0,8501.555,8596.133,8685.509,8404.37075,-2.561943079824812,-3.6339944949665135,-4.625624128649225,-1.4352145281072952,-1.3827545566018618,-2.4028888862707265,-3.9893601608725238,-2.6294600614755415,30.10066721292293,40.16010673782525,13.299229927742534,13.099713102654729,118.07857142857132,1.4254241307206437,8785.65,8266.3,9086.75,6963.15,-8.83704294714832,18.965554382714725
2023-03-27,8278.85,8325.05,8243.75,8255.85,0,8490.5,8586.272,8680.443000000001,8407.546999999999,-2.763677050821502,-3.848259174645299,-4.891374783522001,-1.804295592995178,-0.3368039837030268,-1.6247229570315325,-2.361762392747946,-2.6082494293348524,24.263904034896527,39.644385907145235,13.29450148589522,13.091597001054305,116.66428571428553,1.4131105302819882,8785.65,8243.75,9086.75,6963.15,-9.144083418163806,18.56487365631935
2023-03-28,8272.9,8283.95,8194.6,8231.1,0,8481.155,8575.946,8675.324499999999,8410.67875,-2.9483602174468015,-4.021084087982825,-5.120551974741677,-2.135127916994794,-0.2997874234633602,-2.401109846328975,-2.2840861874517726,-2.2202423378474667,17.286150712831045,39.83292667797033,13.14414919173178,13.096374286803103,114.06071428571418,1.3857286910098794,8785.65,8194.6,9086.75,6963.15,-9.416458029548515,18.20943107645248
2023-03-29,8225.2,8390.45,8225.05,8373.5,0,8476.994999999999,8569.269,8671.3085,8414.34775,-1.220892545058703,-2.2845472583484105,-3.434412464969955,-0.48545355164339166,1.7300239336176082,-0.9252576404747082,-0.45057897615140563,-0.9838353021864421,31.836127481833273,48.278529980657645,14.569226869962634,13.711248698006848,118.28214285714292,1.4125770926989063,8785.65,8194.6,9086.75,6963.15,-7.8493410735411455,20.25448252586833
2023-03-31,8413.3,8490.9,8410.75,8466.8,0,8471.95,8564.692,8668.5065,8418.753499999999,-0.06078883846105625,-1.1429716328386337,-2.3268887206810107,0.5707080032691346,1.1142294142234332,0.7964380528339587,0.1389702012406735,-1.1776789570129842,41.08831499198135,50.37487937049953,14.339225427084171,13.967348523317783,116.22857142857136,1.3727567844825834,8785.65,8194.6,9086.75,6963.15,-6.822571326381828,21.59439334209373
2023-04-03,8513.3,8515.1,8465.4,8497.75,0,8469.3875,8559.565,8665.236,8424.465750000001,0.3348825402072968,-0.7221745497580836,-1.9328498381348271,0.8698978923381437,0.36554542448150595,2.5833710577938707,0.11840663548428054,-0.5994853199204564,52.76648747869416,47.2396511582021,14.400858162119365,13.902679844962515,104.32857142857132,1.2277199426738998,8785.65,8194.6,9086.75,6963.15,-6.4819654992158915,22.03887608338181
2023-04-05,8500.7,8501.45,8451.8,8495.55,0,8462.977499999999,8554.368999999999,8662.5885,8430.218,0.38488227104467926,-0.6875901659140436,-1.928274672172187,0.7749740279551314,-0.02588920596628963,2.9033957739057703,1.2315006792021022,-1.4865922597477987,54.915739919492324,47.86294030626522,14.00327787402269,13.901933036803172,100.78571428571429,1.1863353671712167,8785.65,8194.6,9086.75,6963.15,-6.506176575783429,22.00728118739363
2023-04-06,8490.35,8559.15,8466.7,8550.65,0,8456.477499999999,8551.639000000001,8661.3445,8436.088,1.1136137948690883,-0.011565034492234727,-1.2780290635016263,1.3579991104881777,0.6485748421232396,3.88222716283364,1.3879007778410113,-1.4975837062892738,58.97402848488752,47.03062799577544,13.995556999205785,13.889782123608724,99.13571428571426,1.159393897372881,8785.65,8194.6,9086.75,6963.15,-5.899799158114841,22.79858971873362
2023-04-10,8573.85,8591.5,8537.45,8581.95,0,8448.320000000002,8547.508,8660.358,8443.017,1.5817345933866043,0.40294785333925304,-0.9053667296432717,1.6455373712974983,0.36605404267513464,2.489401086761811,1.5411100725297944,-1.8656161736286592,58.31041257367393,45.905583672114886,13.767047460017878,13.649885584190304,91.56071428571431,1.066898715160474,8785.65,8194.6,9086.75,6963.15,-5.5553415687677035,23.248098920747093
2023-04-11,8606.05,8634.8,8570.1,8607.85,0,8444.165,8544.996,8659.651000000002,8450.26575,1.9384391470322935,0.7355650020199095,-0.5981880794041387,1.8648437180806992,0.3017962118166517,1.6659186469504483,2.4756247098179918,-0.956167047330847,57.93855302279481,44.11827726590959,13.685895870469789,13.605171685465425,89.73928571428574,1.0425284561683317,8649.35,8194.6,9086.75,6963.15,-5.270311167359062,23.620057014425953
2023-04-12,8621.05,8661.25,8615.85,8646.4,0,8445.0875,8545.842,8659.360499999999,8458.33625,2.383782287631715,1.1766892016023591,-0.14967040579958799,2.2234130264092933,0.44784702335658455,1.749286575858311,4.377848196770784,0.21383990403280873,68.16233209488415,48.06497849976107,13.544978383965702,13.227668857732223,81.31428571428569,0.9404409432166647,8661.25,8194.6,9086.75,6963.15,-4.846067075687131,24.17368576003677
2023-04-13,8671.75,8699.05,8626.45,8677.35,0,8456.177500000002,8550.129,8660.16,8465.56525,2.6155139245835213,1.4879424626224884,0.19849517791819676,2.5017201302653795,0.35795244263510106,2.139943852958326,5.105470666254841,2.623129187338513,67.67969826648286,52.20713073005091,11.29802250296701,12.693196800603076,81.86428571428561,0.9434249593975766,8699.05,8194.6,9086.75,6963.15,-4.505461248521195,24.618168501324845
2023-04-17,8647.95,8707.85,8610.4,8699.2,0,8469.9625,8554.574,8661.3185,8473.46275,2.7064759731817123,1.6906277273421235,0.43736412648953304,2.6640495941284468,0.25180498654544525,1.7372948255395926,5.6869677199888224,3.272986288359947,67.854566440629,62.578080636002305,11.140408051581309,12.69863195364736,84.73928571428574,0.9741043511390213,8707.85,8194.6,9086.75,6963.15,-4.265001238066407,24.931963263752774
2023-04-18,8723.15,8781.75,8705.8,8771.7,0,8487.9775,8557.248,8663.636999999999,8481.2565,3.342639633528716,2.5060860687922233,1.2473168024006769,3.4245338529733327,0.8334099687327567,2.2110359533672463,4.755478593180884,4.283472430273205,76.04370972261141,67.25470763131811,11.321515621103426,12.114031700804075,86.18928571428569,0.9825836008331985,8781.75,8194.6,9086.75,6963.15,-3.467136214818271,25.973158699726433
2023-04-19,8789.55,8805.25,8741.5,8753.45,0,8502.8975,8561.223,8665.807,8488.45175,2.9466720021028316,2.2453217256459825,1.0113657043135165,3.121867895402722,-0.2080554510528132,1.691479289253417,3.3855766050928437,3.529251748954776,88.13119012826755,66.84726395114022,11.354455324020133,11.910905286438084,80.98214285714273,0.9251454324539778,8805.25,8194.6,9086.75,6963.15,-3.6679780999807328,25.71106467618824
2023-04-20,8773.65,8792.4,8752.45,8767.1,0,8516.8675,8564.952,8667.640500000001,8495.33225,2.938081401407267,2.360176682834896,1.1474806782768507,3.199024381889253,0.1559385156709503,1.395956698741685,3.169662557735875,3.29182228401097,92.48732651874003,65.83768969192509,11.327314156698503,11.899290353890558,78.02857142857127,0.8900157569614955,8805.25,8194.6,9086.75,6963.15,-3.5177593749140192,25.907096644478443
2023-04-21,8780.7,8782.15,8700.15,8731.3,0,8533.8225,8567.497,8668.6695,8501.9915,2.3140568016266925,1.9119119621518386,0.7224926501119843,2.6971151406114577,-0.4083448346659746,0.6217335937815038,2.774982196561737,4.04065680036223,90.81932430226838,62.32419305878771,10.500492328961448,11.93067652868409,77.50357142857125,0.8876521414745943,8805.25,8194.6,9086.75,6963.15,-3.911739620876559,25.392961518852815
2023-04-24,8743.1,8794.6,8721.95,8790.3,0,8551.6575,8569.957,8669.838,8509.143250000001,2.7905993662632063,2.571109750025571,1.389437726518068,3.3041722502438566,0.675729845498374,1.0472227331248751,2.8027109050189125,4.229510529311309,89.37275647081022,70.91300693422974,10.587601408116912,11.913412512842509,70.87857142857112,0.8063271040643792,8805.25,8194.6,9086.75,6963.15,-3.262442567474628,26.24027918399
2023-04-25,8806.3,8846.4,8791.3,8815.1,0,8569.827500000001,8573.069,8670.403999999999,8516.7305,2.8620471065491,2.8231546952439186,1.668849571484809,3.5033338204138396,0.28212916510246266,0.4947729630516262,2.7167485245194856,4.299726682205951,87.79296874999973,70.39670658682626,10.59075005841527,11.923270859242479,66.49999999999974,0.75438735805606,8846.4,8194.6,9086.75,6963.15,-2.989517704349736,26.5964398296748
2023-04-26,8800.5,8839.45,8770.85,8834.2,0,8591.5425,8574.944,8670.666,8524.12375,2.8243764143633254,3.0234133307459645,1.8860604248854873,3.6376319618776067,0.21667366223865336,0.9224934168813537,2.6295764912260378,5.17029964642437,87.4707651186098,70.42832728049552,10.132364696989582,11.753390536056076,67.84999999999971,0.7680378528899018,8846.4,8194.6,9086.75,6963.15,-2.779321539604361,26.870740972117524
2023-04-27,8835.9,8874.9,8834.65,8865.15,0,8620.6125,8577.076,8671.674,8531.3395,2.836660388110478,3.358650430519685,2.231126308484368,3.912756021489938,0.35034298521652296,1.118385783212239,2.5299546632124414,7.018560434585774,88.68536738538815,75.41377615119893,8.077780603791247,11.769254795826107,67.21071428571382,0.7581452573923039,8874.9,8194.6,9086.75,6963.15,-2.438715712438445,27.315223713405572
2023-04-28,8878.85,8970.15,8861.4,8962.85,0,8655.9625,8580.898000000001,8672.746500000001,8539.15225,3.545388511098572,4.451189141276347,3.3450014940480415,4.96182451835311,1.1020682109157853,2.6519533173754217,3.290174995822448,8.563624581357466,89.61176244474326,87.85817816924951,8.091239893118573,12.01201620228616,68.37499999999962,0.7628711849467481,8970.15,8194.6,9086.75,6963.15,-1.3635238121440518,28.71832432160733
2023-05-02,9010.75,9080.7,8996.95,9062.2,0,8697.5175,8589.552000000001,8674.046999999999,8546.65675,4.192949309961156,5.502591986171097,4.4748777589054125,6.032104307921347,1.108464383538732,3.0931822577159096,4.172797498620562,10.097070865376434,90.81329140817526,91.63525584757562,7.9895620965998475,11.620080132627242,72.93214285714255,0.8047951143998427,9080.7,8225.05,9086.75,6963.15,-0.270173604424016,30.14512110180021
2023-05-03,9046.65,9099.85,9032.15,9065.85,0,8732.135,8598.322,8674.764,8553.731,3.8216885103127716,5.437433024722734,4.5083186124717765,5.987083297335404,0.04027719538302055,2.8445508275572573,3.35339785902391,8.268346569534856,90.45221692280501,94.06175771971479,6.627838082035104,11.617382148113514,73.14642857142839,0.8068347542859013,9099.85,8410.75,9099.85,6963.15,-0.37363253240438027,30.197539906507842
2023-05-04,9080.65,9132.15,9071.4,9122.9,0,8764.939999999999,8607.003,8675.846,8561.00875,4.083998293199965,5.993921461396017,5.152857715547281,6.563376658153733,0.6292846230634641,3.2679812546693388,4.220621583489925,7.749090565502903,90.75436195689345,93.47372084928628,6.1391050626998265,11.596274356890284,74.06785714285694,0.8118893898086895,9132.15,8451.8,9132.15,6963.15,-0.10129049566640934,31.016853004746416
2023-05-05,9130.45,9155.3,9027.25,9036.8,0,8791.892499999998,8612.745,8676.53,8567.73575,2.7856061706851083,4.923575468680409,4.152235974519751,5.474774942726255,-0.9437788422541171,1.9362334534666514,3.076273796352269,6.343443852784558,78.09300508010925,83.34503334503317,7.7202954108533905,11.745119784183812,78.02857142857127,0.8634535613112084,9155.3,8451.8,9155.3,6963.15,-1.2943322447107142,29.780343666300453
2023-05-08,9069.4,9156.25,9062.2,9149.15,0,8824.5725,8622.551,8678.8215,8575.35275,3.6781101860741625,6.107229751381003,5.419266890095615,6.691237861906026,1.2432498229461908,2.078579915986545,4.785656202398281,7.693439506565203,80.80794248545004,84.79329131503027,8.283711626799871,11.757472230529668,79.59999999999984,0.8700261772951569,9156.25,8466.7,9156.25,6963.15,-0.07754266211604494,31.393837559150672
2023-05-09,9174.25,9222.15,9132.6,9152.8,0,8854.68,8632.661,8680.589,8582.8125,3.366807157345031,6.025245286476548,5.4398497613468315,6.641034043327863,0.039894416421204504,0.9997572333428906,4.12386380442078,7.042154689994318,78.81009978832762,85.05146392192405,8.296487400101334,11.745233109921012,80.09999999999984,0.8751420330390682,9222.15,8537.45,9222.15,6963.15,-0.7519938409156256,31.44625636385831
2023-05-10,9184.75,9184.75,9101.25,9158.0,0,8883.4825,8643.622,8682.996,8590.35275,3.090201393428759,5.950954356865683,5.470508105727572,6.607962053711939,0.05681321562800434,1.0164518495232144,3.8899161665777893,6.712343931157827,81.19842677566113,84.21111924745102,8.357059718612193,11.678957824594724,81.51071428571413,0.8900492933578743,9222.15,8570.1,9222.15,6963.15,-0.6956078571699619,31.52093520892126
2023-05-11,9191.85,9221.8,9169.1,9194.65,0,8912.822499999998,8657.12,8685.3365,8597.74225,3.162045468761453,6.209108802927518,5.864061801174891,6.942610427755034,0.4001965494649484,0.7864823685450828,4.080165719589757,6.817033289381191,81.8425560437922,84.30571108622607,8.360473071544705,11.379065394501735,83.21428571428558,0.9050293998606318,9222.15,8610.4,9222.15,6963.15,-0.2981951063472184,32.047277453451386
2023-05-12,9186.4,9194.6,9125.25,9149.6,0,8937.9825,8669.963,8686.869499999999,8604.27275,2.367620433358426,5.532168937745185,5.326780838597858,6.337865684232294,-0.48995883475716484,1.2482294617563783,3.2086315516375974,5.81976313841599,80.73023802527189,79.69632187688424,8.836685222634058,11.452056113680204,82.31428571428556,0.899649008855967,9222.15,8610.4,9222.15,6963.15,-0.7866929078360174,31.4003001515119
2023-05-15,9162.0,9255.55,9133.95,9239.25,0,8966.0775,8685.208999999999,8688.561,8611.009750000001,3.0467336469041295,6.379132615000987,6.3380921190517086,7.295779104186925,0.9798242546122271,0.9847909368629892,3.0838405194776097,6.475479264982975,81.560632688928,80.77342330651436,9.174313549900855,11.541307589890684,85.81071428571406,0.9287627706330499,9255.55,8610.4,9255.55,6963.15,-0.1761105498862766,32.68779216302967
2023-05-16,9279.25,9331.6,9261.2,9269.7,0,8994.6025,8702.242999999999,8691.437,8617.825,3.0584731231869315,6.52081308232834,6.653249629491658,7.564263604795873,0.32957220553617717,1.2772047897911198,2.2897309704045465,6.55807430568327,81.70595620030691,80.76343806803425,9.17127147548361,11.371924304710411,88.39999999999976,0.9536446702698012,9331.6,8700.15,9331.6,6963.15,-0.663337476960003,33.12509424613862
2023-05-17,9271.15,9274.2,9171.7,9244.65,0,9018.25,8718.002,8695.5695,8623.922999999999,2.5104648906384237,6.04092543222632,6.314485784973602,7.1977335604689525,-0.27023528269524144,0.9461672854334857,1.9722364698290695,5.391771264407108,78.39109082105546,78.23386303638893,9.188027602690333,11.402720487143704,90.82142857142831,0.9824214932034022,9331.6,8700.15,9331.6,6963.15,-0.9317801877491612,32.76534327136426
2023-05-18,9280.3,9287.2,9166.0,9176.55,0,9039.405,8730.179,8698.428,8629.6145,1.5171905672994916,5.112965037715712,5.496648359910542,6.337890296258304,-0.7366422741802103,-0.19685360508556737,0.5880805445636739,4.833522782445754,70.4868421052631,71.05194737663135,9.724521581054606,11.284177417656906,96.57142857142844,1.052371845316905,9331.6,8700.15,9331.6,6963.15,-1.6615585751639708,31.787337627366917
2023-05-19,9199.15,9200.3,9095.05,9176.1,0,9059.855,8742.721000000001,8701.59,8635.298,1.283077930055181,4.957026536704064,5.453141322447968,6.262690644839351,-0.00490380371707122,0.2896301477660179,1.5414748583569615,4.6651686418542,66.08826857789514,72.39205298013239,9.759237915609917,11.259491094445007,96.32142857142844,1.0496989850963747,9331.6,8700.15,9331.6,6963.15,-1.6663808993098717,31.780875035005725
2023-05-22,9162.65,9241.25,9140.9,9235.9,0,9085.085,8754.964,8706.563,8641.77725,1.6600284972567734,5.493295003840104,6.0797469678907685,6.875006527158526,0.6516929850372,-0.036258354303653206,0.9481755135722914,5.779208136245462,63.93613607188697,73.67915951106164,9.562981671707714,11.196139315133296,95.07142857142844,1.029368318966516,9331.6,8721.95,9331.6,6963.15,-1.0255476016974658,32.6396817532295
2023-05-23,9255.75,9304.5,9247.9,9286.15,0,9109.877499999999,8767.074,8712.505500000001,8648.187249999999,1.934960157257888,5.920743910682162,6.584150793362466,7.376837845410905,0.5440725863207652,0.17745989622099945,1.4569312123066114,5.640876875647027,66.44520752463418,77.62234280878181,9.50250392550673,11.17147698624459,95.13571428571413,1.024490389297116,9331.6,8770.85,9331.6,6963.15,-0.48705473873720184,33.36133790023194
2023-05-24,9290.05,9319.05,9248.05,9267.6,0,9132.502499999999,8777.524,8721.178,8654.18275,1.4793042761280568,5.583305724940211,6.265460927411418,7.088101415468727,-0.19975985742206603,0.24825169151889703,1.1967678532430748,5.1332372860205755,61.46047837795033,74.7587924058513,9.651473666267096,11.109104992985552,95.47142857142846,1.0301634573290652,9331.6,8770.85,9331.6,6963.15,-0.6858416563076,33.09493548178627
2023-05-25,9264.8,9342.0,9254.95,9332.0,0,9157.3925,8790.345,8728.546,8659.98875,1.9067381899378024,6.161931073240023,6.913568422507021,7.7599552308887185,0.6948940394492675,1.6939917507124314,1.4938034617957285,5.634918838151726,74.21259842519697,75.75485799701049,9.77649395339231,11.051877581262891,92.54285714285705,0.9916722797134274,9342.0,8834.65,9342.0,6963.15,-0.10704345964461572,34.019804255258045
2023-05-26,9342.15,9435.3,9340.45,9428.6,0,9185.564999999999,8806.358,8736.049,8665.62925,2.6458361570573143,7.065826758348913,7.927508190487479,8.804562576918466,1.0351478782683277,2.7517136910016227,3.0493136311969815,6.355786422113563,73.52866885577177,77.4930619796485,10.140724425212513,11.045908498600589,91.3892857142855,0.9692773658261619,9435.3,8861.4,9435.3,6963.15,-0.07100993079180215,35.40710741546572
2023-05-29,9468.6,9478.7,9419.9,9470.35,0,9210.94,8826.654,8743.7685,8671.38425,2.816324935348616,7.292638864058791,8.30970650698266,9.213820157952304,0.44280168847972146,2.5384640370727407,2.501285277484655,5.662261445857064,75.12461428910528,77.71569884594253,9.7194617106627,9.866836302296836,89.19285714285706,0.9418116240989727,9478.7,8996.95,9478.7,6963.15,-0.08809224893709436,36.00669237342296
2023-05-30,9480.8,9514.95,9459.6,9506.4,0,9233.15,8848.312,8751.8575,8677.821000000002,2.9594450431326256,7.437441175220763,8.621512633175294,9.548237973564996,0.38066174956574717,2.3718117842162822,2.55348069516812,4.901679503873213,76.28243814121915,76.38208027957096,9.224990814212319,9.773090667729962,87.18214285714281,0.9170889385797233,9514.95,9027.25,9514.95,6963.15,-0.08985859095424664,36.52441782813813
2023-05-31,9496.85,9547.4,9485.65,9539.9,0,9256.852499999999,8870.882,8759.739,8684.4275,3.057707789985858,7.541730348797336,8.906212844926088,9.850649337564278,0.3523941765547489,2.938193275497425,3.1937390815228284,5.22896363826888,76.16918062608968,74.76926267758996,9.201346516695025,9.73526901653937,87.03571428571429,0.9123336123619147,9547.4,9027.25,9547.4,6963.15,-0.07855541822904666,37.00552192613975
2023-06-01,9547.3,9603.4,9541.1,9559.5,0,9278.682499999999,8892.971,8767.116,8691.095500000001,3.0264803219638243,7.495009260684651,9.038137512951808,9.991887673999193,0.2054528873468353,2.437848264037723,4.173136963237822,4.785758914380289,82.31630400504575,75.17980107115534,9.096152442714242,9.716806051895693,86.61428571428574,0.9060545605343976,9603.4,9027.25,9603.4,6963.15,-0.4571297665410129,37.287003726761604
2023-06-02,9590.25,9637.8,9587.0,9629.65,0,9308.325,8915.81,8775.9555,8697.952,3.452017414518712,8.0064514609441,9.727653017383686,10.711693971178507,0.7338249908467986,2.1323420232059798,4.9427316615991534,6.560397485835701,81.75532780217995,75.50712236371876,8.106731263530355,9.773470009219514,83.52142857142864,0.8673360773385186,9637.8,9062.2,9637.8,6963.15,-0.08456286704434245,38.29445006929335
2023-06-05,9669.2,9684.9,9629.5,9638.15,0,9332.775,8940.729,8784.251,8704.9035,3.272070739946051,7.800493673390618,9.720794635763475,10.720928727124882,0.08826904404626301,1.7718458135126847,4.355287519353834,5.3447588027303095,81.07971320118094,82.83374283374292,7.363723683997753,9.258538403194903,80.88214285714288,0.8391874255655172,9684.9,9095.05,9684.9,6963.15,-0.48271019835000883,38.41652125833854
2023-06-06,9643.3,9644.6,9571.65,9628.15,0,9356.5425,8964.62,8793.0095,8711.43,2.9028618210198918,7.401652273046697,9.497777751746993,10.52318620479071,-0.10375435119810428,1.2807161491205976,3.6829041098840776,5.193492701686919,83.19196814955876,79.44430784361946,7.438387835593066,9.284420935983231,78.77142857142864,0.8181366988614495,9684.9,9095.05,9684.9,6963.15,-0.585963716713647,38.27290809475597
2023-06-07,9658.55,9710.25,9644.15,9704.75,0,9383.880000000001,8989.681,8801.7875,8718.1615,3.419374501805212,7.954331193732007,10.258853670348206,11.316474235995742,0.7955837829697332,1.728005534649224,4.716970952565935,5.970189997816111,95.05288297509411,81.13612004287255,7.637543398057837,9.358889139532733,75.97857142857148,0.7829008622434528,9710.25,9095.05,9710.25,6963.15,-0.05664117813650524,39.37298492779849
2023-06-08,9723.95,9725.15,9599.4,9609.6,0,9404.6275,9013.875,8810.0205,8723.92875,2.179485577711609,6.608977825851816,9.075796134640093,10.152206366884888,-0.9804477189005345,0.5240859877608806,2.9747106729532735,4.512950465759991,81.83286826259373,73.12813684318353,8.852541814833021,9.572875397153881,77.44285714285719,0.8058905380333957,9725.15,9095.05,9725.15,6963.15,-1.188156480876894,38.006505676310304
2023-06-09,9637.6,9650.05,9590.25,9598.85,0,9427.09,9040.177000000001,8818.155,8729.389,1.8219832419124056,6.17989006188705,8.853269192932077,9.96015872359453,-0.11186729936729645,-0.31984547724994705,1.8056763464353143,4.9100507125994675,78.72121547835732,71.26473063973073,8.545405022923608,8.840785910283849,74.54642857142855,0.7766183300231647,9725.15,9095.05,9725.15,6963.15,-1.298694621676779,37.85212152545904
2023-06-12,9628.45,9685.8,9592.55,9675.65,0,9448.91,9068.572999999999,8827.4225,8735.10575,2.3996418634530308,6.694294681202889,9.609005346690939,10.767405420363673,0.80009584481473,0.3890788169928827,2.1678185072357303,4.7233271098844565,79.57928311057117,76.78053250521816,8.361229349508465,8.790134087861622,76.30714285714281,0.7886513346094868,9725.15,9095.05,9725.15,6963.15,-0.5089895785669116,38.95507062177319
2023-06-13,9696.15,9801.3,9694.35,9795.5,0,9475.2,9099.860999999999,8837.9035,8741.93425,3.3804035798716567,7.644501383043116,10.835109254134757,12.051860833888103,1.238676471348188,1.7381324553522814,3.04110914752167,5.67224397769075,84.74397788600766,77.473205907048,9.092216118123446,8.910533479087096,80.2107142857142,0.8188526801665479,9801.3,9095.05,9801.3,6963.15,-0.059175823615227295,40.67627438731034
2023-06-14,9825.8,9833.0,9793.4,9819.65,0,9503.95,9128.784,8849.0265,8749.735499999999,3.321776734936514,7.567995912708637,10.96870373255182,12.227963919595066,0.2465417793884983,1.183956310054346,2.9324206752691317,6.2198136219326905,83.89047188824799,77.33214054967448,8.861195625759214,8.3327201557473,76.82142857142857,0.7823234898537991,9833.0,9095.05,9833.0,6963.15,-0.13576731414624593,41.02310017736226
2023-06-15,9835.25,9864.3,9796.05,9803.35,0,9535.29,9155.515,8860.103500000001,8756.95925,2.8112411893083427,7.075899061931536,10.645998661302311,11.94924767978109,-0.16599369631299377,2.016212953712948,2.5508656310476496,6.8304537108172525,79.31627943362288,78.01062869748336,8.177831833137795,8.200157248553404,74.31785714285719,0.758086339290724,9864.3,9095.05,9864.3,6963.15,-0.6178846953154193,40.78901072072267
2023-06-16,9831.75,9906.35,9817.35,9884.2,0,9570.695,9183.244,8871.404499999999,8764.2805,3.2756764268425753,7.632988952487815,11.416405373016214,12.778225206279053,0.8247180810641241,2.9727519442433348,2.643398254349849,7.716785998408904,80.50866199778854,85.03044403742412,8.254166540741679,8.284863578181616,77.47499999999998,0.7838267133404825,9906.35,9140.9,9906.35,6963.15,-0.2235939574111518,41.95012314828779
2023-06-19,9926.8,9950.25,9880.0,9891.55,0,9603.4775,9211.164,8882.7665,8771.579749999999,2.999668609626027,7.386536598414691,11.356636471306542,12.768170408528754,0.07436110155600861,2.231374636329342,2.629135259359927,7.098929178531588,79.64744823339244,85.17626235311482,8.250631233250672,8.267368950454824,78.53928571428567,0.7940038286647256,9950.25,9247.9,9950.25,6963.15,-0.5899349262581416,42.05567882352096
2023-06-20,9900.0,9968.2,9871.55,9957.55,0,9637.0475,9239.302,8895.4705,8778.976,3.3257333223686887,7.773833997416683,11.939553956139811,13.424959813080688,0.6672361763323309,1.6543310703894587,3.4212179909951512,7.230122278877671,80.61725679935498,85.26609001612678,8.301514360397062,8.271450130244743,81.03214285714292,0.8137759072979087,9968.2,9248.05,9968.2,6963.15,-0.10683975040630661,43.00352570316595
2023-06-21,10033.8,10081.3,10003.9,10032.4,0,9675.2875,9268.311,8907.9095,8787.165,3.6909755911645963,8.24410186494605,12.62350610993522,14.171066549905442,0.7516909279893236,2.166574165066981,3.3761817666606575,8.252406232465791,82.06971382069722,85.6120257695062,8.150001414934408,8.33083888458262,85.33571428571433,0.8506011949853907,10081.3,9254.95,10081.3,6963.15,-0.48505649073035856,44.078470232581516
2023-06-22,10047.5,10047.7,9872.75,9911.45,0,9704.26,9294.383,8919.6895,8793.94225,2.1350417239439223,6.639138929394248,11.118778293795991,12.707699439349863,-1.205593875842259,1.1026842864939157,3.141129703629697,6.2092798971281615,67.87844182210394,77.9898274138157,9.848376341999312,9.002581561953761,92.23928571428587,0.9306336178287321,10081.3,9340.45,10081.3,6963.15,-1.6848025552259984,42.3414690190503
2023-06-23,9901.0,9905.4,9780.3,9807.25,0,9723.192500000001,9317.6,8931.721,8799.983,0.8645051509573525,5.255108611659651,9.80246696017487,11.446238021141628,-1.0513093442432786,-0.7785152060864942,2.1710934122316727,4.015972678870661,59.56664403711252,69.96932644228754,10.552146172029625,9.4787814139342,97.65000000000029,0.9956919625787075,10081.3,9419.9,10081.3,6963.15,-2.7183994127741395,40.84501985451987
2023-06-26,9809.4,9894.0,9762.65,9883.8,0,9743.865,9341.729,8945.929,8806.4635,1.4361344292023699,5.802683850066727,10.483774239656935,12.233474878990862,0.7805450049708007,-0.07834970252387219,2.1512766584157017,4.365730939194412,63.450307781343746,69.45465424395249,10.722304824565573,9.549822723212786,101.82142857142883,1.0301850358306404,10081.3,9459.6,10081.3,6963.15,-1.9590727386348983,41.94437862174446
2023-06-27,9910.8,9957.55,9900.8,9945.1,0,9765.8,9366.646999999999,8960.610499999999,8813.036,1.835999098896159,6.17566777097505,10.986857424502512,12.845335024161939,0.6202068030514596,-0.12503075555733156,1.527231892195391,4.614785828494505,62.85225389016635,69.95670267770824,10.804480017133322,9.583460506300161,101.22500000000024,1.0178379302370035,10081.3,9485.65,10081.3,7071.7,-1.3510162379851698,40.63237976724127
2023-06-28,9994.0,10062.25,9966.0,10040.05,0,9790.807499999999,9392.014000000001,8974.631,8819.976499999999,2.545678688913047,6.899861946543076,11.871451873620208,13.83306973663706,0.9547415310052099,0.07625294047286513,2.2444791820482424,5.242717428903854,73.02241001230146,71.37421396243045,11.103847219147736,9.623940650235944,100.6107142857145,1.0020937573589226,10081.3,9541.1,10081.3,7103.7,-0.4091734200946307,41.335501217675294
2023-06-30,10072.85,10133.25,10060.4,10126.85,0,9819.175,9419.482,8990.3525,8827.1105,3.1334098842316296,7.509627387153565,12.641300772133231,14.724405002067206,0.8645375272035682,2.1732440762955996,3.2998923837259664,5.93493383545165,76.11534276387383,72.5463834364077,11.306966005144165,9.64984000147942,102.99642857142888,1.017062843543934,10133.25,9571.65,10133.25,7113.55,-0.06315841413169157,42.36000309268931
2023-07-03,10189.75,10199.2,10126.0,10142.95,0,9844.84,9446.999,9005.975499999999,8834.25475,3.028083747425053,7.3669003246427875,12.624667921870344,14.813872669904619,0.1589832968790894,3.422977899003299,2.6178142894720757,5.330411801051982,74.58956009261217,72.47236451873827,11.191972458703903,9.649618840262109,101.56428571428607,1.0013288610738105,10199.2,9571.65,10199.2,7219.2,-0.5515138442230763,40.499639849290794
2023-07-04,10182.8,10184.5,10095.8,10119.6,0,9868.9125,9474.765,9021.131000000001,8841.17475,2.5401734993597316,6.805815236578437,12.176621756185549,14.45990251465169,-0.23020916005699332,2.385722090693876,2.3055031820089056,4.995253238432684,68.98207801335369,69.57685699444605,11.314105511972999,9.591068883395536,98.92500000000044,0.9775584015178508,10199.2,9571.65,10199.2,7219.2,-0.7804533688916813,40.176196808510646
2023-07-05,10137.05,10205.05,10113.45,10194.15,0,9897.2125,9502.841999999999,9036.3995,8848.04025,3.0002134439368664,7.274750016889694,12.812077420879856,15.213648581673208,0.7366891972014677,2.5042483232948776,2.376086487137896,5.878595576512624,70.71120451277517,71.1021709427661,11.3622977885824,9.60440436010513,102.63928571428603,1.0068449622017142,10205.05,9590.25,10205.05,7219.2,-0.10680986374392715,41.208859707446805
2023-07-06,10200.8,10271.9,10182.4,10267.4,0,9925.345,9531.887999999999,9052.4785,8855.232250000001,3.4462781898261503,7.716330699647339,13.420871422119374,15.947269480142642,0.7185493640960772,2.2644309540291063,2.342410589689403,5.797676395579487,74.14286457520419,73.1503277441785,11.319907471895572,9.65042715647599,104.15714285714317,1.0144451648629953,10271.9,9590.25,10271.9,7219.2,-0.04380883770285926,42.223515070921984
2023-07-07,10255.75,10266.5,10117.9,10169.95,0,9953.3625,9558.603,9066.773500000001,8862.1035,2.1760234292682643,6.395777709357755,12.167244499931531,14.757743463501658,-0.9491205173656314,0.42560124816699574,2.6080946783770376,5.831148018648014,64.61412570960982,66.59650374598651,11.273926369341297,10.05321285907132,107.47857142857174,1.0568249738550508,10271.9,9590.25,10271.9,7219.2,-0.9925135564014342,40.87364250886526
2023-07-10,10203.6,10203.95,10099.1,10141.85,0,9980.5125,9584.137,9080.6065,8868.646499999999,1.6165252034902982,5.819125916084043,11.686923114662005,14.356232374353873,-0.276304209951872,-0.010844971137591308,3.411761706900518,5.656927652791732,62.53505608974364,69.94267301135304,11.36566459910179,10.13007690645191,109.95000000000034,1.0841217332143578,10271.9,9592.55,10271.9,7219.2,-1.2660754096126254,40.48440270390072
2023-07-11,10173.2,10275.15,10169.1,10249.25,0,10009.1925,9609.865,9095.3815,8877.0255,2.3983702981034765,6.653423331129003,12.686312278379974,15.458156563817466,1.0589783915163409,1.2811771216253653,3.6974645379307614,5.928283887904184,64.02673591075211,72.72377891132699,11.558912209911274,10.112352588979856,112.56785714285732,1.0983033601761818,10275.15,9694.35,10275.15,7320.9,-0.2520644467477325,39.99986340477265
2023-07-12,10282.25,10306.05,10244.9,10286.0,0,10033.717499999999,9634.341,9111.9465,8885.591,2.514347249660968,6.763918777630973,12.8847716566378,15.760448573426345,0.3585628216698833,0.9010069500644979,3.4278187247991365,5.007401357766317,62.65848058300892,71.93846375040442,11.010965948671421,9.93131947432082,108.09642857142873,1.0509083081025543,10306.05,9762.65,10306.05,7388.25,-0.19454592205548463,39.22106046763442
2023-07-13,10321.6,10327.7,10161.45,10193.95,0,10052.432499999999,9656.903,9127.6125,8893.15775,1.4077935862787616,5.561275700915712,11.68254568212664,14.626888295105307,-0.8949056970639635,-0.7153709799949226,1.5328608921270526,3.8117448177888313,64.51994243421053,64.61397395928853,11.733222112594415,10.252314608108945,107.47500000000011,1.0543018162733788,10327.7,9762.65,10327.7,7393.3,-1.295060855756848,37.88091921063666
2023-07-14,10241.85,10356.25,10219.05,10352.4,0,10079.884999999998,9681.492999999999,9144.248,8901.78,2.7035526694997145,6.929788618346376,13.212152601285531,16.295841955204452,1.554353317408852,1.7940107866803556,2.227247367147722,5.600636517108937,76.53960371939054,67.78738606390442,12.59849584684743,10.637512859712086,109.69999999999995,1.0596576639233408,10356.25,9762.65,10356.25,7584.0,-0.037175618587812806,36.50316455696202
2023-07-17,10382.75,10422.45,10362.25,10379.05,0,10104.6275,9708.338,9160.5415,8910.3695,2.715810157276938,6.9086181383466405,13.30170820142019,16.48282374821828,0.257428229202894,2.3388237846152293,2.327725168713224,5.006474980271536,75.34155452080034,69.08946216592614,12.430501068481622,10.276815954837389,105.32142857142857,1.0147501801362222,10422.45,9762.65,10422.45,7595.45,-0.41640880982879697,36.648256521996714
2023-07-18,10411.85,10415.05,10314.45,10373.6,0,10128.73,9732.827000000001,9177.689,8920.09375,2.417578511817383,6.583626730445319,13.030633310847644,16.2947418573936,-0.05250962274966353,1.213259506793185,2.509980631645514,4.873351496984801,73.25518289373721,67.08202443280982,12.462052604770376,10.061268451037572,107.23928571428561,1.033771166367371,10422.45,9762.65,10422.45,7595.45,-0.4686997778833226,36.576503038003025
2023-07-19,10396.5,10459.95,10385.2,10455.9,0,10153.647500000001,9758.889000000001,9195.775,8931.501,2.9767874057081327,7.142319171782756,13.703303962961252,17.067668693089765,0.793360067864568,1.6517596733424122,2.56764909286209,5.004745143132605,72.88284818136808,68.71869713755024,12.527121632097609,10.121019512205176,105.03928571428567,1.004593442116754,10459.95,9762.65,10459.95,7595.45,-0.038719114336121026,37.66004647519238
2023-07-20,10481.3,10483.2,10447.7,10477.3,0,10175.8925,9785.275,9214.4485,8942.97675,2.9619760625419276,7.07210579161035,13.705122992439522,17.156739784658388,0.20466913417305221,2.779589854766784,2.044334495587985,4.434631792990706,70.77972131633567,67.76497932118815,12.384752699587633,10.110548636726207,100.91785714285705,0.9632048060364508,10483.2,9762.65,10483.2,7595.45,-0.0562805250305389,37.94179410041537
2023-07-21,10428.8,10479.2,10412.65,10447.65,0,10202.7025,9810.335,9233.7275,8954.5115,2.4008099814730484,6.496363274037028,13.146613867476582,16.674706375663252,-0.2829927557672307,0.9200765039990788,2.73059356240688,5.409904706173152,67.78127917833807,64.6457165026629,11.367332618384955,10.181912970536674,100.44285714285706,0.9613918646093339,10483.2,9762.65,10483.2,7595.45,-0.3391140109890214,37.55142881593586
2023-07-24,10461.05,10522.25,10437.8,10449.75,0,10234.8275,9836.338,9253.1505,8965.86225,2.0999132618502907,6.2361826118622625,12.93180630748414,16.550418784317145,0.02010021392371275,0.6811798767710098,3.0359352583601673,6.551275841851689,69.75644784872253,70.72297505389595,10.30705220866067,10.052825582829666,100.13928571428563,0.9582936023759959,10522.25,9762.65,10522.25,7651.35,-0.6890161324811709,36.5739379325217
2023-07-25,10515.1,10515.1,10428.75,10503.95,0,10265.835000000001,9861.632000000001,9273.4205,8976.718499999999,2.319489841790753,6.513303274752082,13.269424156922472,17.013249329362417,0.5186726955190402,1.256555101411272,2.485059882430418,6.274408628260408,69.00147203140351,77.89477898782843,10.193071717340688,9.937554459994299,99.76428571428576,0.9497787566990108,10522.25,9900.8,10522.25,7768.1,-0.17391717550903346,35.2190368301129
2023-07-26,10530.85,10585.6,10520.85,10566.45,0,10296.9025,9887.567000000001,9294.905,8988.42125,2.617753251523947,6.866026799110436,13.680021474130182,17.556239367397268,0.5950142565415817,1.0572977935902284,2.7265214855142883,6.247800424329575,68.58723351358088,77.64324762097604,10.183181970654077,9.965101516095633,99.20357142857145,0.9388543117941356,10585.6,9966.0,10585.6,7803.65,-0.1809061366384488,35.403945589563875
2023-07-27,10615.35,10656.15,10583.2,10646.15,0,10327.2075,9915.597,9316.799500000001,8999.24625,3.0883711787528156,7.3677157310850765,14.268317140451487,18.30046321935017,0.7542741412678744,1.6115793190993877,4.435964469121378,6.036822525784236,80.26566670903787,77.97151179028857,10.037466520159134,9.947974351046279,94.93214285714281,0.8917039761523443,10656.15,10060.4,10656.15,7891.65,-0.09384252286238463,34.90398078982216
2023-07-28,10644.8,10694.65,10624.1,10687.0,0,10355.215,9945.806,9337.9925,9009.78375,3.2040377722722306,7.452327141711787,14.446440174373665,18.615499511850096,0.38370678602124286,2.2909458107804204,3.232100768903834,5.5313350153305185,84.09531552942666,76.97760727242412,9.818592291068056,9.670552989437931,92.48214285714273,0.8653704768142858,10694.65,10095.8,10694.65,7900.3,-0.0715310926491249,35.27334405022594
2023-07-31,10704.2,10831.1,10690.65,10821.35,0,10389.134999999998,9978.711,9360.716,9021.0965,4.160259732884422,8.444367213360534,15.603870473156112,19.956038603511235,1.2571348367175217,3.5560659345917456,4.261469016913888,6.68838947249073,84.61398838334966,77.85576768811177,10.40797237601686,9.874093736683443,93.25357142857138,0.8617554318876237,10831.1,10095.8,10831.1,7900.3,-0.09001855767188928,36.973912383074065
2023-08-01,10854.5,10864.0,10772.55,10792.95,0,10422.8025,10009.851999999999,9382.408,9032.6455,3.5513241280356307,7.823272511921274,15.033901744626768,19.488249594208032,-0.2624441497594998,2.751345922248305,4.042473201203056,6.653919127238228,80.98526984903144,75.81618873619838,10.431434008702055,9.935092436171534,95.41785714285717,0.884075782273217,10864.0,10099.1,10864.0,7900.3,-0.6539948453608181,36.61443236332798
2023-08-02,10781.65,10783.95,10548.9,10638.6,0,10445.025,10036.901,9401.9875,9044.13425,1.8532746451061701,5.994868336352033,13.152671177237805,17.629832838892252,-1.4301002043000333,0.682821572051151,1.7473388230568432,4.359853445358364,75.25416027716257,68.67040794301757,12.01205173978807,10.661933693768102,100.97500000000011,0.9491380444795379,10864.0,10099.1,10864.0,7900.3,-2.0747422680412337,34.6607090869967
2023-08-03,10628.2,10696.35,10582.0,10662.9,0,10464.8,10064.806999999999,9421.1655,9055.41825,1.8930127666080612,5.94241896541087,13.180264161583835,17.751601368606014,0.22841351305622482,0.1573338718691808,1.77144875110955,3.8519975845881183,70.8054140980971,67.49524129436801,11.86535326406343,10.607172308253999,97.55000000000018,0.9148543079274886,10864.0,10099.1,10864.0,7900.3,-1.8510677466863068,34.96829234332873
2023-08-04,10705.8,10780.3,10666.2,10734.05,0,10493.005,10092.848,9441.5965,9067.44775,2.297197037454953,6.353033355897159,13.688929621171585,18.380059041421003,0.6672668786165126,0.44025451483109546,2.7412863179758107,5.5467332681084835,72.44846338687248,67.44420769317043,11.170813913554307,10.601835993857597,100.93214285714294,0.9402987954885896,10864.0,10099.1,10864.0,8012.5,-1.1961524300441893,33.96630265210607
2023-08-07,10761.9,10795.05,10739.7,10786.8,0,10525.2525,10120.012,9463.185,9079.75,2.484952261240277,6.588806416435065,13.986992751383386,18.80062777058839,0.4914268146692047,-0.31927624557011036,3.225436015215677,6.359293422797596,74.65393794749403,73.85620915032683,11.001567815367691,10.472812841308542,98.10357142857161,0.9094779863219083,10864.0,10161.45,10864.0,8093.7,-0.7106038291605369,33.274027947662994
2023-08-08,10818.85,10840.45,10709.15,10807.05,0,10553.1425,10146.746,9486.7,9091.86,2.4059894955459886,6.507544389107603,13.917906121201245,18.865116708792247,0.1877294471020141,0.13064083498950385,2.8855811385240626,5.442349440202943,72.62710226174367,75.88326848249034,10.644846747186348,10.467028238617626,101.31428571428594,0.9374832698496439,10864.0,10161.45,10864.0,8093.7,-0.5242083946980921,33.52422254345972
2023-08-09,10834.55,10865.65,10744.7,10864.45,0,10582.065,10173.907000000001,9511.109499999999,9103.588249999999,2.6685245271126212,6.787392493365623,14.229049723378772,19.342502117228356,0.5311347685076129,2.122929708796284,2.820247102858575,5.623663231576903,73.84075374099397,74.90688259109322,10.681996724845643,10.480907214176218,107.4178571428573,0.988709572439077,10865.65,10161.45,10865.65,8093.7,-0.011043978040880285,34.23341611376751
2023-08-10,10875.0,10900.55,10803.3,10870.25,0,10615.880000000001,10200.514000000001,9535.697999999999,9115.339249999999,2.396127311160252,6.5657083554809,13.995325774788608,19.252281257661377,0.053385123038895976,1.9445929343799628,2.104986309604895,6.634327223500214,76.81131836061415,74.26186620156979,9.796925899371839,10.490245564778578,109.61071428571437,1.0083550450607333,10900.55,10219.05,10900.55,8093.7,-0.2779676254867807,34.30507678811916
2023-08-11,10909.55,10909.55,10809.05,10811.35,0,10638.827500000001,10225.551,9559.261,9126.974250000001,1.6216307671122507,5.728776864933742,13.098177777549957,18.454919493171563,-0.5418458637105883,0.7201382516384802,1.163563207635443,4.433271511919945,71.39898212806253,76.3643351268256,9.105160837196461,10.644558468513358,110.75714285714288,1.0244524768612882,10909.55,10314.45,10909.55,8093.7,-0.9001287862469022,33.57735028478941
2023-08-14,10805.9,10848.5,10674.65,10817.05,0,10660.727499999999,10249.298999999999,9582.5545,9138.77,1.4663398909689815,5.539412988146801,12.882739148522443,18.36439695932821,0.05272237047175832,0.2804353469054721,-0.039736262111489395,4.220039406304044,69.6572074334505,72.81834700191531,9.122587619176088,10.594601679835021,117.00714285714288,1.0816918000484688,10909.55,10314.45,10909.55,8094.85,-0.8478809850085476,33.62878867428055
2023-08-16,10804.95,10851.55,10745.75,10838.2,0,10683.9575,10273.3,9607.014500000001,9150.4775,1.44368320446801,5.498719982868226,12.815484977148722,18.444092125247014,0.19552465783185813,0.2882377707144945,0.4192551619344176,4.478676640703316,67.99549698695452,72.67071544956315,9.070819340675586,10.589696978139408,118.73214285714286,1.0954968800828813,10909.55,10385.2,10909.55,8094.85,-0.6540141435714447,33.890065906100794
2023-08-17,10858.25,10903.4,10839.55,10873.75,0,10704.85,10298.212,9631.416000000001,9162.161,1.577789506625498,5.58871773080609,12.898767948555006,18.681062251580165,0.32800649554354244,0.08560028349340332,2.2103472261387758,3.9963083044022962,66.00787733858493,73.98225845121077,8.828437400346115,10.562540887085703,116.98214285714286,1.0758215229993595,10909.55,10412.65,10909.55,8094.85,-0.3281528569005988,34.329234019160324
2023-08-18,10878.9,10895.8,10794.25,10810.65,0,10721.5175,10320.33,9655.0055,9173.197,0.8313422050563244,4.7510108688384936,11.969382099264473,17.850407006412265,-0.580296585814466,-0.5482854580161511,1.3856455560870007,3.1816403080946465,58.43279001568572,67.32939279957014,9.2497383451052,10.645541685048872,119.19642857142857,1.1025833652132717,10909.55,10412.65,10909.55,8094.85,-0.9065451828902168,33.54972606039641
2023-08-21,10847.3,10922.45,10820.1,10908.25,0,10744.5475,10346.303,9680.089,9184.832,1.5235867308511541,5.4313796918570825,12.68749698479012,18.763740044455897,0.9028134293497692,0.8962802980201356,1.6228730069265618,4.408646920599368,56.239230327398026,69.59308933848605,9.454775085588407,10.391477460023953,116.88928571428576,1.071567719059297,10922.45,10428.75,10922.45,8094.85,-0.1300074616958716,34.7554309221295
2023-08-22,10934.1,11014.55,10919.9,11008.9,0,10772.505000000001,10374.503999999999,9707.340499999998,9196.42475,2.194429243708855,6.114952579901658,13.40799264226903,19.70847692740594,0.9226961244929166,1.773588917495994,2.058998034634918,5.350845714012298,64.0473557535939,73.9696775571215,9.743116494145692,10.462473687504549,117.94999999999995,1.0714058625294076,11014.55,10428.75,11014.55,8094.85,-0.05129578602847721,35.99881406079173
2023-08-23,11038.4,11106.3,11027.35,11080.7,0,10801.3425,10402.605,9735.589,9208.016,2.58632202432244,6.518511469002247,13.81643165092529,20.33754068194496,0.6521995839729788,2.2374564041999667,2.53214336937464,5.49079155936576,82.21833551960357,75.43230279334114,9.800989759862452,10.429634973157645,107.47499999999984,0.9699296975822811,11106.3,10520.85,11106.3,8094.85,-0.23049980641616513,36.88579776030439
2023-08-24,11142.3,11185.4,11119.6,11124.9,0,10829.265000000001,10429.193000000001,9764.527,9219.92575,2.7299636678943435,6.6707654178036435,13.93178594313887,20.661492311909335,0.3988917667656189,2.309690769053918,2.3972681543934504,5.285124142924058,82.71954674220963,75.232638465602,9.73911019889357,10.19785051766487,106.78571428571402,0.959880217221854,11185.4,10548.9,11185.4,8094.85,-0.5408836519033741,37.43182393744169
2023-08-25,11098.9,11131.5,11003.9,11011.0,0,10847.5075,10453.02,9790.902,9231.10525,1.507189554835526,5.337978880744508,12.461548486543936,19.281491238549137,-1.023829427680245,1.8532650673178885,1.294818426439126,3.4270604866547982,68.49415692821374,67.3401724070679,10.552560332306149,10.595513968911066,107.5142857142855,0.9764261712313642,11185.4,10548.9,11185.4,8094.85,-1.5591753535859212,36.024756480972464
2023-08-28,11052.05,11092.65,11031.9,11070.3,0,10866.672499999999,10478.359,9816.937,9242.72175,1.8738716934737891,5.649176555222043,12.767352994116182,19.773160973930633,0.5385523567341677,1.485572846240224,2.3951680409939557,3.5866005427154457,68.76737720111217,66.81200206112014,10.608178597606209,10.577637116381007,108.98928571428549,0.9845197123319648,11185.4,10548.9,11185.4,8094.85,-1.0290199724641083,36.75732101274266
2023-08-29,11105.85,11128.85,11086.1,11110.6,0,10881.135,10502.886999999999,9843.065499999999,9254.15075,2.1088333156421655,5.786151940890172,12.8774364043397,20.060719780256438,0.3640371082987981,0.9237980179672922,2.713771314730007,2.6729567013357824,69.57503063132785,66.79752557696885,9.850344134428775,10.498176589242277,103.7928571428569,0.9341786865052915,11185.4,10548.9,11185.4,8094.85,-0.6687288787168923,37.25516840954434
2023-08-30,11159.9,11235.05,11152.4,11206.3,0,10901.8025,10529.181999999999,9870.173,9266.38075,2.793093160511755,6.43086993842447,13.537017031008459,20.93502633161279,0.861339621622581,1.133502396058006,3.3963204222103194,3.829814832830669,71.0071898236342,65.74759664553076,10.056306157933228,10.584043602288396,104.0428571428569,0.9284318387233691,11235.05,10548.9,11235.05,8094.85,-0.25589561239157815,38.43740155778055
2023-08-31,11249.5,11261.35,11140.35,11186.35,0,10929.189999999999,10553.758,9896.53,9278.937249999999,2.3529648583289493,5.993997588347208,13.033052999384628,20.55637082791999,-0.17802486101566872,0.5523645156360946,2.8748131969191792,5.148703776812735,69.09277603285827,66.20530565167245,8.189860054964258,10.583642733681417,105.73928571428549,0.945252792146549,11261.35,10582.0,11261.35,8094.85,-0.6659947519613545,38.190948566063604
2023-09-01,11187.35,11274.75,11154.25,11260.6,0,10959.075,10578.322,9923.3165,9291.83725,2.7513727207816316,6.449775304627711,13.476175026766498,21.188089040194928,0.6637553804413443,2.266824085005914,4.162099411228759,5.60541691284735,76.64116705212602,77.43230131428075,8.317595990070016,10.563393852845097,107.1678571428569,0.9517064556316439,11274.75,10666.2,11274.75,8094.85,-0.12550167409476606,39.10819842245378
2023-09-04,11310.35,11349.65,11260.6,11327.05,0,10988.725,10606.633999999998,9950.5085,9305.079749999999,3.078837626749226,6.792126512520383,13.833880951913155,21.729746593520606,0.5901106512974374,2.3192686738390034,3.8392959457291376,5.5244758502149605,78.2110852970462,78.24127227112308,8.27365035465065,10.062720349969073,101.11071428571397,0.8926482560394275,11349.65,10674.65,11349.65,8094.85,-0.19912508315234712,39.92909071817265
2023-09-05,11361.6,11448.7,11327.05,11437.65,0,11021.267499999998,10639.242,9978.421,9318.89075,3.77799105229958,7.504369202242033,14.623846799007573,22.736174367104788,0.9764236937243265,2.943585404928628,3.894576206523803,6.033763488708432,80.17315145719036,78.94758495844655,8.617374238053772,9.717875741354963,102.24285714285699,0.8939148963542074,11448.7,10674.65,11448.7,8094.85,-0.09651750853809682,41.29539151435788
2023-09-06,11467.15,11489.1,11418.85,11469.65,0,11054.397500000001,10670.958999999999,10006.344,9333.252,3.7564462468442867,7.484716228410218,14.623782672272718,22.890178042980082,0.2797777515486155,2.350017400926263,3.5101573005315467,6.131182885246211,80.10204081632659,78.58189276296521,8.608399680358835,9.657988304951612,102.60357142857136,0.8945658448912683,11489.1,10674.65,11489.1,8094.85,-0.16929089310738638,41.69070458377856
2023-09-07,11487.6,11530.7,11458.15,11520.8,0,11087.215,10702.473,10034.56,9347.939250000001,3.9106754942517044,7.646148698529763,14.811212449773581,23.24427546959077,0.44595955412762844,2.9898045385670757,3.558683673561114,6.0412630183764415,86.31180651429166,79.12195520013063,8.583257369749901,9.636163147851828,100.53214285714292,0.8726142529784644,11530.7,10674.65,11530.7,8094.85,-0.08585775364896715,42.32258781818068
2023-09-08,11559.25,11656.85,11458.15,11647.15,0,11126.06,10734.615,10063.3145,9363.47575,4.6835088072507265,8.500863794369895,15.738706168827369,24.389172471557906,1.0967120338865488,3.4327655719943895,5.777404413768039,7.147029737126553,86.7027617723029,80.23408529048213,8.983201771706995,9.691160865747948,106.73928571428574,0.9164412385372023,11656.85,10674.65,11656.85,8094.85,-0.08321287483325879,43.883456765721405
2023-09-11,11714.45,11736.15,11685.65,11725.65,0,11171.774999999998,10766.591,10093.0365,9379.421750000001,4.957806615331959,8.907731332972519,16.17564248380554,25.01463643001231,0.6739846228476454,3.5190098039648454,5.919893769816542,8.456853214445914,86.40357560058926,81.28520225294425,8.405251890260892,9.643319377527858,105.5035714285715,0.8997673598356724,11736.15,10674.65,11736.15,8094.85,-0.08946715916207615,44.85320913914401
2023-09-12,11789.95,11789.95,11371.5,11386.5,0,11200.2475,10791.462000000001,10119.2305,9393.4355,1.662932002172278,5.513970210894489,12.52337813631185,21.2176311850973,-2.8923769684409795,-0.44720724974098847,2.483214227854469,5.264374297983276,62.21441124780318,67.45682459708019,14.411671291281378,12.008414087537297,128.43571428571445,1.1279648204954502,11789.95,10745.75,11789.95,8094.85,-3.421982281519435,40.66350827995577
2023-09-13,11381.15,11463.1,11271.35,11454.95,0,11231.085,10818.169,10146.466999999999,9407.56825,1.9932624497099045,5.886217898796006,12.8959469340412,21.76313469742832,0.6011504852237337,-0.12816432933872024,2.2188411875462943,5.690520566145674,62.932486971513725,68.65095608443957,14.45914559520381,11.988019867851623,134.65357142857167,1.1755055362840665,11789.95,10794.25,11789.95,8094.85,-2.841403059385324,41.509107642513456
2023-09-14,11508.05,11589.2,11497.05,11582.8,0,11266.537499999999,10845.942000000003,10174.392,9422.115,2.807095791408858,6.793858938209299,13.842674825188567,22.932059309401335,1.1161113754315721,0.5381570724255269,3.5440514555685976,6.520749511438084,72.16279069767445,70.49207397622195,14.760541848571407,12.09684214960073,135.12857142857163,1.166631310465273,11789.95,10794.25,11789.95,8094.85,-1.7570049067214148,43.08850689018325
2023-09-15,11638.35,11654.1,11585.95,11635.9,0,11307.8,10873.312,10202.6,9436.502,2.901536992164704,7.013392055704829,14.048379824750546,23.307344183257726,0.4584383741409681,-0.0965901529558777,3.3328597055219067,7.63367605093126,72.02835332606331,70.77438874805792,14.375265535641212,12.060017969226285,134.38928571428602,1.1549539418032642,11789.95,10820.1,11789.95,8094.85,-1.3066213173083947,43.744479514753195
2023-09-18,11652.5,11654.75,11579.5,11595.5,0,11342.1625,10901.822999999999,10230.213,9450.4395,2.2335908165660614,6.362944986356883,13.345636107478898,22.697997273036876,-0.34720133380313767,-1.1099597890095625,2.369990421159973,6.300277313042879,68.88386946023837,71.66119283526074,14.448177116563224,11.824763986649662,135.58214285714308,1.169265170601898,11789.95,10919.9,11789.95,8094.85,-1.6492860444700843,43.24539676460959
2023-09-20,11568.55,11648.55,11509.15,11594.7,0,11371.4525,10930.88,10257.5085,9464.59125,1.9632276527558932,6.072887086858529,13.036221222726754,22.506082869664354,-0.006899228148848913,1.8284810960347953,1.3730967462721955,5.321149251968871,66.33305298570238,70.0148701052571,14.301334668265303,11.7766572908198,136.6500000000003,1.178555719423532,11789.95,11003.9,11789.95,8094.85,-1.656071484611894,43.23551393787408
2023-09-21,11577.3,11634.1,11473.15,11502.5,0,11392.5425,10955.945,10282.905,9477.82575,0.9651708562860348,4.988661407117326,11.860412986408017,21.362222765068246,-0.7951909061899021,0.4151043871863269,0.28640804209369986,3.806618715424115,62.53320118929634,64.46319737458981,14.696904317934484,11.873740582101084,139.50357142857177,1.2128108796224453,11789.95,11003.9,11789.95,8094.85,-2.4380934609561593,42.09651815660574
2023-09-22,11513.9,11570.25,11427.85,11494.9,0,11411.0425,10980.123,10307.232,9490.639500000001,0.7348802705800112,4.688262599608402,11.522666803269779,21.118287129123367,-0.06607259291459,-0.7588838622785476,-0.2248107770293717,3.325872592113188,59.80662983425413,62.611131409085374,14.702380153959588,11.889042758167143,141.06785714285746,1.227221264585664,11789.95,11003.9,11789.95,8094.85,-2.5025551423034114,42.00263130261832
2023-09-25,11513.3,11618.5,11414.1,11600.65,0,11440.525,11008.257,10332.58,9503.671999999999,1.3996298246802485,5.381351470991276,12.27253986903561,22.064923957813374,0.9199732055085397,-0.3029417578356619,-0.39923929888427967,5.355099446008538,61.08679795769514,63.96184886280267,14.2240208781893,11.706394501208656,149.3071428571432,1.287058422218955,11789.95,11031.9,11789.95,8094.85,-1.605604773557149,43.30901746171948
2023-09-26,11602.15,11639.45,11543.85,11554.7,0,11464.744999999999,11032.303,10356.898000000001,9516.372,0.7846227718104655,4.735158198610035,11.565258246243223,21.419171087469064,-0.39609849448090095,-0.35186063559138336,-1.457914913032532,4.375671842678175,55.00534530682067,66.61877980193184,14.371789506927133,11.413903443474345,147.44642857142884,1.2760731872868083,11789.95,11086.1,11789.95,8094.85,-1.9953434917026787,42.741372601098234
2023-09-27,11574.95,11672.4,11544.4,11655.0,0,11491.965,11057.822,10383.08,9529.805,1.418686882530532,5.400502920014446,12.24992969330873,22.300508772215167,0.8680450379499272,0.520065202204445,2.358055592148589,4.899825391968027,57.48858631974469,67.4349952290077,14.549829032249075,11.505454732427205,151.57142857142884,1.300484157627017,11789.95,11140.35,11789.95,8094.85,-1.1446189339225417,43.98043200306367
2023-09-28,11674.8,11680.65,11432.5,11453.65,0,11504.3325,11079.423,10406.125,9542.473250000001,-0.44055141834609524,3.3776758952158334,10.06642722435104,20.028106969018737,-1.72758472758473,-0.424690284720719,-0.011348805538224926,2.207240570036495,47.580616105206275,59.33291617923117,15.928565724068886,12.307170544184387,164.11428571428587,1.4328557771041186,11789.95,11140.35,11789.95,8094.85,-2.8524293996157835,41.49304804906823
2023-09-29,11529.25,11648.5,11497.75,11611.65,0,11525.5975,11102.537999999999,10430.7135,9555.65125,0.7466207283396786,4.5855461156719395,11.32172310168427,21.516050515133635,1.3794729191131117,1.0156678179018552,0.24907621645888778,3.8019550613023867,48.74947160772157,60.66626318974821,16.49900946043761,12.52067933296833,163.83928571428584,1.4109905630490571,11789.95,11154.25,11789.95,8094.85,-1.5123049716071832,43.44490632933284
2023-10-03,11621.5,11635.0,11549.25,11607.6,0,11542.947499999998,11125.144000000002,10455.2095,9569.10275,0.560103907602473,4.336627013546955,11.022165552971458,21.302908990082695,-0.03487876399994594,0.0599104360531566,-0.24321281551060725,3.0815409480844824,45.6113610171382,61.17818760780153,16.42020658419848,12.53303966631847,163.60714285714297,1.4094829495946015,11789.95,11260.6,11789.95,8094.85,-1.5466562623251188,43.39487451898429
2023-10-04,11578.15,11580.8,11350.85,11448.9,0,11549.04,11145.169,10477.752,9581.544249999999,-0.8670850564202846,2.7252256112042783,9.26866755387987,19.489089663182433,-1.367207691512462,-0.9156447160030168,-1.264283558276924,1.0757434636555985,52.67926148561614,54.78234367856961,17.187417284500388,12.979956205184443,152.05714285714294,1.3281375752879572,11789.95,11271.35,11789.95,8100.45,-2.8927179504578144,41.33659241153269
2023-10-05,11506.3,11551.95,11437.05,11453.9,0,11549.8525,11165.252,10500.795,9593.832250000001,-0.8307681851348425,2.585234977231138,9.076503255229719,19.388162118427683,0.04367231786459591,-1.7254397254397258,-1.214347934832305,0.14207463945827836,49.952318241678356,53.3254686066326,16.842608259677775,12.978509905798457,146.56785714285732,1.279632763887037,11789.95,11271.35,11789.95,8101.75,-2.8503089495714664,41.375628722189646
2023-10-06,11505.4,11548.5,11474.6,11543.7,0,11553.554999999998,11186.047000000002,10523.8395,9606.20025,-0.08529842113529339,3.197313581822053,9.690954522824114,20.169262555191903,0.7840124324465902,0.7862122554818773,0.35818300369485634,0.6456169107165621,48.16086547507062,52.81083516658277,17.04265674260033,13.026966205988877,143.7357142857145,1.2451442283298637,11789.95,11271.35,11789.95,8101.75,-2.0886432936526447,42.484031227821156
2023-10-09,11444.45,11459.75,11373.5,11415.65,0,11548.2975,11203.030999999999,10545.298999999999,9618.367999999999,-1.148632514879366,1.8978703174167832,8.253450186666122,18.685935077551633,-1.109263061236876,-1.6879599367876197,-0.6894361847427977,-0.9126970349281227,40.32250977635222,48.638083228247154,17.438049194488396,13.314689577551484,150.80000000000018,1.3209935483305828,11789.95,11271.35,11789.95,8101.75,-3.174737806352029,40.903508501249725
2023-10-10,11464.0,11578.15,11459.35,11568.45,0,11544.3625,11221.476999999999,10568.537,9632.053249999999,0.20865162541458185,3.0920439439478584,9.461224387065121,20.10367571420976,1.338513356663884,-0.33727902408766663,-0.2775706533685529,-0.6757017811224064,48.91830287519497,51.14315188446132,17.666737752389494,13.512340408419574,157.03214285714304,1.3574173105052365,11789.95,11271.35,11789.95,8192.75,-1.8787187392652216,41.203503097250625
2023-10-11,11638.15,11685.65,11592.15,11607.55,0,11538.4575,11239.887999999999,10592.847,9645.6375,0.5988018762473133,3.271046828936376,9.579133919332541,20.33989458965256,0.3379882352432473,1.3857226458437122,0.4573896336555583,-1.007193631056702,50.49858378923674,49.008463117832626,17.529396410892275,13.50900900040227,155.4464285714287,1.3391837947838148,11789.95,11271.35,11789.95,8194.6,-1.5470803523339915,41.64876870133989
2023-10-12,11653.8,11687.6,11623.85,11646.3,0,11551.4475,11256.386999999999,10617.548999999999,9659.5695,0.8211308582755455,3.4639267466550367,9.689157073821843,20.5674849174179,0.3338344439610452,1.6797771937942407,-0.07464607464607864,2.2816493215650047,55.82091968911914,47.97281761745394,13.954543281208757,13.283661772369882,149.6678571428573,1.2851107831917201,11687.6,11271.35,11789.95,8194.6,-1.2184105954647937,42.121641080711676
2023-10-13,11613.15,11684.5,11583.2,11626.7,0,11560.035,11273.062,10641.457,9674.01,0.5766851051921631,3.1370181411226232,9.25853480402167,20.184907809688024,-0.16829379287841562,0.7190069041988378,1.5108720800792952,1.4993518086067636,55.283835792174514,57.33390327308259,13.867151893119056,13.270284627691922,146.73214285714297,1.262027427018354,11687.6,11350.85,11789.95,8194.6,-1.384653878939266,41.8824591804359
2023-10-16,11646.8,11678.6,11598.3,11648.9,0,11563.34,11293.268,10665.084500000003,9688.795,0.7399246238543491,3.1490619013026135,9.22463858584521,20.23063755606347,0.19093981955327077,2.0432476468707383,0.320798508394593,0.5706737576406384,52.07321789197783,56.093882552549694,13.326956116083249,12.76553478239496,137.8678571428574,1.1835268320859258,11687.6,11350.85,11789.95,8194.6,-1.1963579150038897,42.15336929197275
2023-10-17,11705.25,11714.05,11653.75,11672.65,0,11565.1775,11313.463,10689.135,9705.156500000001,0.9292767015465162,3.1748634348298124,9.201071929580825,20.27266123941431,0.2038819115967927,0.900725680622716,0.5604086977497369,0.3158328964669721,55.16667396732222,53.020675743822515,13.249280802954768,12.765222533245677,135.69285714285732,1.1624854436897991,11714.05,11350.85,11789.95,8194.6,-0.994915160793736,42.44319429868449
2023-10-18,11688.1,11695.7,11529.9,11542.75,0,11562.539999999999,11329.636999999999,10711.2425,9719.894250000001,-0.17115616464893577,1.8810223134245272,7.762941600846024,18.753864014518456,-1.1128578343392426,-0.5582573411270997,0.8197294063185145,-0.45491785606485147,45.207292600657524,47.022154023208984,13.797433557757808,13.04143322925275,138.3928571428574,1.1989591487544768,11714.05,11350.85,11789.95,8194.6,-2.096701003821057,40.85800405144851
2023-10-19,11502.4,11553.05,11425.05,11537.85,0,11559.6975,11344.658000000001,10732.335,9734.192000000001,-0.1889971601765518,1.7029336626983298,7.505496241032369,18.52909825489367,-0.042450889086220744,-0.9311970325339258,0.732938125878535,-0.4903102279489757,54.31972091114307,48.1142259003631,13.797590269625854,13.024343389333264,129.81071428571457,1.1250858200246543,11714.05,11350.85,11789.95,8194.6,-2.138261824689675,40.798208576379565
2023-10-20,11503.65,11517.45,11321.5,11346.45,0,11551.895,11355.446000000002,10751.096000000001,9747.43225,-1.7784527993026225,-0.07922189934240366,5.537612165308535,16.40450232418903,-1.658887921059815,-2.4104001995407076,-1.7087242391954027,-1.356661595305364,36.84523809523813,42.779862141174405,14.74823734566107,13.633630749416604,131.34642857142885,1.1575993246471703,11714.05,11321.5,11789.95,8194.6,-3.761678378619078,38.462524101237406
2023-10-23,11336.5,11373.75,11103.3,11140.35,0,11534.1675,11360.964000000002,10767.435499999998,9759.646499999999,-3.4143556524560545,-1.9418598633003448,3.4633548536232484,14.147064650343651,-1.8164271644435126,-4.3656482586338585,-2.4116016170783072,-3.084411347641125,30.692946572455668,40.12165516488912,16.00632067079059,14.257198086857242,144.53928571428605,1.2974393597533833,11714.05,11103.3,11789.95,8194.6,-5.509777395154351,35.94745320088839
2023-10-25,11172.9,11232.75,10982.35,11066.55,0,11507.4625,11364.89,10782.702,9771.2205,-3.8315354058290465,-2.6251023987033766,2.632438511237721,13.256578336350099,-0.662456745075346,-5.19247985675918,-4.338524175667457,-4.604052359135046,33.008932142381,38.72318020271158,15.581077549389768,14.347680493948106,144.0857142857146,1.3019930717858286,11714.05,10982.35,11789.95,8194.6,-6.135734248236858,35.04686012740096
2023-10-26,10995.4,11006.3,10810.75,10893.0,0,11474.3775,11366.522999999997,10796.037,9781.576500000001,-5.066745450897014,-4.165944150203167,0.8981351212486558,11.362416886480403,-1.5682394242107933,-5.6290745273006815,-6.155907146641615,-5.726673994132259,28.3218675117879,32.012404361861655,16.28560047404706,14.741313877936623,154.15000000000015,1.4151289819149926,11714.05,10810.75,11789.95,8194.6,-7.6077506690019945,32.92900202572425
2023-10-27,10962.3,11078.7,10962.2,11033.1,0,11443.2825,11370.844000000001,10810.071500000002,9793.0135,-3.5844828614516775,-2.970263245190951,2.0631547164142114,12.66297141324273,1.2861470669237152,-4.374731860788616,-5.26519152005357,-5.335907335907331,31.004464285714235,37.34717640209585,16.74097868146008,15.013257077693195,160.65714285714304,1.4561378294146075,11714.05,10810.75,11789.95,8194.6,-6.419450464166518,34.638664486369066
2023-10-30,11061.4,11066.8,10901.55,11022.1,0,11421.705,11374.521999999999,10823.910999999998,9804.081,-3.498645780117763,-3.0983455832253757,1.8310294679991563,12.423591767550677,-0.09969999365545545,-2.8586033517091325,-5.20009977035617,-3.7677945458434614,33.9622641509434,33.95202596480553,15.831764880910049,15.012559662466202,160.30357142857156,1.454383206726228,11714.05,10810.75,11789.95,8194.6,-6.512750266116483,34.50442974641837
2023-10-31,11075.55,11107.5,11015.0,11068.85,0,11394.564999999999,11378.423999999999,10838.318000000001,9815.66375,-2.8585119309073965,-2.72071070650908,2.1270090063790272,12.76720843254233,0.4241478484136474,-0.6418110741583494,-4.979440118809498,-4.674615580042452,27.714336693728157,39.41286523964124,14.91458820356287,15.023656417323139,155.30357142857156,1.403068714713557,11714.05,10810.75,11789.95,8194.6,-6.116226107829129,35.074927391208846
2023-11-01,11097.5,11104.3,11040.95,11049.05,0,11366.6375,11383.192000000003,10851.761,9826.77425,-2.794032096123426,-2.9353980851768413,1.818036722334733,12.438219489981657,-0.1788803714929843,-0.1581341971978567,-5.342402967620896,-4.811933560770543,24.650508351488696,33.246977547495675,14.897726797507987,14.965337065687406,151.45714285714297,1.3707707256021375,11714.05,10810.75,11789.95,8194.6,-6.284165751339075,34.83330485929757
2023-11-02,11131.65,11232.75,11129.15,11225.6,0,11355.4725,11389.539,10867.920999999998,9838.97075,-1.1436996567073672,-1.4393822260936135,3.291144644868158,14.093234803040755,1.5978749304238926,3.0533370054163234,-2.7476121374888973,-1.950405715832959,33.0280781023076,39.684597105206315,15.627643324406773,15.248190622016825,158.86071428571435,1.4151645728131623,11714.05,10810.75,11789.95,8194.6,-4.786703930042115,36.98777243550631
2023-11-03,11306.1,11329.75,11279.05,11311.35,0,11348.345,11395.588,10885.046,9851.6005,-0.32599467146970756,-0.7392159140888507,3.916418910861746,14.81738424127125,0.7638789908779975,2.521956657693658,-1.9631040445143633,-1.2445542566287382,37.92271456474282,46.13330334804489,15.918089754363098,15.206193341033606,159.06428571428583,1.4062360877727753,11714.05,10810.75,11789.95,8194.6,-4.059389564841244,38.0341932492129
2023-11-06,11381.35,11389.5,11352.05,11380.85,0,11340.202500000001,11401.590999999999,10902.098,9864.76025,0.35843716194661535,-0.18191320842852696,4.391374944529029,15.368744009769534,0.6144271019816294,3.254824398254419,0.3031785272045395,-1.4107261969732443,40.09313671138712,48.01833817106586,15.81015566708043,15.198846591818802,158.91071428571428,1.3962991717289506,11714.05,10810.75,11789.95,8194.6,-3.469904452521006,38.88231274253776
2023-11-07,11402.75,11411.05,11333.35,11403.1,0,11339.575,11407.155,10918.173999999999,9878.03875,0.5602061805667288,-0.03554786447628958,4.44145696890342,15.438907343828761,0.19550385076685384,3.0197355642185064,2.3585434927986926,-0.10993679729143224,40.02664002664007,46.040774949312905,15.339932467560427,15.182234727467927,159.8071428571428,1.4014359503743963,11714.05,10810.75,11789.95,8194.6,-3.2811843985767566,39.1538330119835
2023-11-08,11463.5,11513.8,11455.65,11501.05,0,11336.205,11416.956,10934.988000000001,9892.00725,1.4541462508837777,0.736571114051759,5.176612905290779,16.266089473397816,0.8589769448658524,4.090849439544586,3.9262462104269202,-0.5826191062761388,48.419736243747124,52.446290461185896,14.871826840259642,15.082944166646378,155.87142857142837,1.3552799837530345,11714.05,10810.75,11789.95,8194.6,-2.4503920712132063,40.34913235545358
2023-11-09,11532.25,11593.55,11514.25,11554.55,0,11333.554999999998,11426.641000000001,10952.5,9906.30175,1.9499177442558917,1.1193928294412838,5.4969185117553,16.63838122031765,0.46517491881175044,2.930355615735447,6.073166253557316,-0.45659936851445426,50.61038011695903,49.5778155752642,14.919778968795539,15.072656980165089,153.3357142857141,1.327059160986054,11714.05,10810.75,11789.95,8194.6,-1.9966157617292817,41.002001317941065
2023-11-10,11550.75,11625.55,11481.55,11613.75,0,11331.9275,11436.704000000002,10969.7955,9920.6,2.4869776125906227,1.5480509069745831,5.870250726187192,17.067012075882502,0.512352276808703,2.6734209444496004,5.262800119639999,-0.2794879060302402,60.81485677294056,50.186040929004406,14.989016221183652,15.090187060631605,148.16785714285692,1.2757968540984344,11714.05,10810.75,11789.95,8194.6,-1.4944931912349138,41.72442828203938
2023-11-12,11703.2,11710.0,11683.7,11691.15,0,11335.15,11446.400999999998,10987.7915,9935.279,3.140673039174603,2.1382179429149972,6.401272721638378,17.673092018855225,0.6664514045850778,2.7265098828294754,6.070077389971051,0.5543275391985514,74.87580164393452,51.315287838353036,15.163758376269925,15.045435500078074,135.7249999999997,1.1609208674937856,11714.05,10810.75,11789.95,8194.6,-0.838001857514248,42.66895272496521
2023-11-13,11682.3,11695.35,11620.6,11673.4,0,11336.375,11456.142,11004.95,9950.21025,2.9729521121169653,1.8964324988290107,6.074084843638534,17.318124006475134,-0.15182424312407683,2.3704080469346023,5.461723665963492,0.21032028775249678,78.86875029732171,51.37102929951262,15.164917352663407,15.043157289371875,123.17857142857117,1.0552073211623965,11714.05,10810.75,11789.95,8194.6,-0.9885538106607838,42.45234666731749
2023-11-15,11775.55,11789.45,11719.35,11774.95,0,11341.49,11466.429000000002,11022.3755,9965.1425,3.8218964174901267,2.6906458846080046,6.827697895068089,18.161381033939062,0.8699264995631228,2.381521687150312,6.569795593286321,0.8764076709230739,95.04111128134406,53.53586355858512,15.456518082410778,15.090664997990158,113.19642857142844,0.9613325625283201,11789.45,10810.75,11789.95,8194.6,-0.12722700265904435,43.69157738022601
2023-11-16,11789.9,11909.85,11772.45,11875.35,0,11358.119999999999,11477.395,11042.0145,9980.851999999999,4.553834613474778,3.467293754375448,7.546951690744484,18.981325441956272,0.8526575484396837,2.776395445949875,5.788109321550738,2.8814623898117953,94.8315324426464,55.45156258404606,15.068114127384439,15.146478202977162,109.74642857142837,0.9241532129278578,11909.85,10810.75,11909.85,8194.6,-0.2896761923953702,44.91677446123056
2023-11-17,11862.25,11938.55,11847.9,11905.45,0,11376.5,11486.750999999998,11062.996500000001,9997.35875,4.649496769656755,3.645060295987981,7.615057095968525,19.085953577488667,0.25346621362738464,2.5116779679259515,5.252246637227209,3.186035526549569,96.08221607804256,60.30807707610982,15.055522189663378,15.017521240545047,104.4178571428569,0.8770593059721128,11938.55,10810.75,11938.55,8194.6,-0.2772531002508558,45.28408952236839
2023-11-20,11931.9,11961.65,11901.5,11919.8,0,11405.1675,11495.754,11083.3565,10014.642749999999,4.512274808765411,3.68871846074645,7.546842872012638,19.023716547452484,0.12053303319066178,1.9557528557926362,4.735586533519021,5.053122342230365,95.94514335079089,60.79717314487628,13.44070038404518,15.011132005196986,102.10714285714259,0.8566179202431468,11961.65,10810.75,11961.65,8194.6,-0.3498681202008115,45.45920484221315
2023-11-21,11969.8,11990.75,11922.0,11954.55,0,11445.8775,11504.428999999998,11103.451,10032.03075,4.444154674903682,3.912588795150121,7.665175448606025,19.163809381266095,0.2915317371096737,2.408467113266055,4.835965658461294,7.308567504611596,98.11370882040383,68.86049252527752,11.003732048291427,14.995841297129383,102.64999999999989,0.8586688750308451,11990.75,10810.75,11990.75,8194.6,-0.301899380772685,45.88326458887558
2023-11-22,11976.25,12001.4,11881.0,11941.9,0,11489.645,11510.323999999999,11122.469500000001,10048.55025,3.9361964621187093,3.749468737804435,7.367343196580565,18.842019026575493,-0.1058174502595266,1.417840415458227,3.8331282795918575,7.90987254383706,96.08801955990224,78.25044937088072,10.485896434771655,14.81780571623699,98.12857142857125,0.8217165729789335,12001.4,10810.75,12001.4,8194.6,-0.49577549285916644,45.728894637932285
2023-11-23,11979.8,11993.65,11948.2,11960.35,0,11543.0125,11515.017999999998,11140.8045,10065.5785,3.6154989869412306,3.8674016836100664,7.356250619064361,18.824268272310437,0.15449802795199918,0.7157683773530987,3.5120363839353352,9.798494445974493,95.71710340941115,82.7807525856378,7.626367770479139,14.751822926353721,94.38571428571413,0.7891551190869341,12001.4,10901.55,12001.4,8194.6,-0.3420434282666962,45.954042906304146
2023-11-24,11987.3,11993.65,11937.8,11955.25,0,11589.12,11526.392999999998,11158.9275,10082.451500000001,3.159256267947861,3.7206522456765256,7.13619207580657,18.574832718015045,-0.04264089261601933,0.4182958225014577,2.940480034441939,8.358031740852523,94.49953517198637,94.45118634138169,7.185144823128631,13.133134544222328,92.79285714285705,0.7761682703653796,12001.4,10901.55,12001.4,8194.6,-0.38453847051177065,45.891806799599735
2023-11-28,11992.2,12041.0,11957.7,12031.6,0,11639.595,11537.926000000001,11178.0475,10099.58925,3.367857730445097,4.278706589035144,7.635971308942816,19.12959727545355,0.6386315635390272,0.9379352002550467,2.9120317505121562,9.158871721359807,94.92494639027878,94.13844929714429,6.974741168628035,13.140744345345718,93.36785714285712,0.7760219517176196,12041.0,11015.0,12041.0,8194.6,-0.07806660576363787,46.823517926439365
2023-11-29,12081.15,12123.0,12069.6,12113.8,0,11691.8425,11548.545999999998,11197.244,10116.821750000001,3.608990627439589,4.894590193432151,8.185549944254127,19.739185876236263,0.6832009042853748,1.3321287710537089,3.7726797676769452,9.440456777352658,94.80804387568556,95.40048240871654,7.027328852095799,13.00409555619932,91.98928571428574,0.7593759655457887,12123.0,11040.95,12123.0,8194.6,-0.07588880640106184,47.82661752861639
2023-11-30,12135.15,12239.65,12082.3,12200.6,0,11749.420000000002,11559.84,11216.576,10134.52725,3.8400193371247124,5.542983293886422,8.77294461340075,20.386473873263316,0.716538163086744,2.1663219420695157,3.6148773455513483,10.422162991388406,95.0491597517607,95.54875840141659,6.669128779957346,13.054211034784055,96.62142857142862,0.7919399748490125,12239.65,11129.15,12239.65,8194.6,-0.31904507073322586,48.885851658409194
2023-12-01,12281.45,12359.2,12265.45,12334.5,0,11804.865000000002,11574.62,11238.2215,10152.4975,4.486582438680988,6.565053539554638,9.754910952769531,21.492273206666642,1.0974870088356292,3.1282529357418376,3.866412358372595,9.878313854047892,95.51626144616357,97.38287441483284,5.747168343318884,13.202795273483645,97.6642857142858,0.7917976870913761,12359.2,11279.05,12359.2,8194.6,-0.1998511230500415,50.51985453835452
2023-12-04,12515.35,12519.6,12412.9,12464.45,0,11862.52,11592.015,11261.4475,10171.027,5.074216945471959,7.52617211071588,10.682485533054258,22.54858825957301,1.0535489886091876,4.25921666213589,4.695328610006344,10.19418548625939,95.79533341229421,97.2897660037409,6.0269570354973405,13.361159555250765,104.01071428571439,0.8344589154412299,12519.6,11333.35,12519.6,8194.6,-0.44050928144668866,52.10565494349938
2023-12-05,12515.95,12551.45,12366.1,12508.05,0,11918.880000000001,11612.125999999998,11284.0355,10189.7085,4.9431658008134844,7.7154174868581435,10.847311673204143,22.751794126397222,0.3497948164580045,3.9599886964327258,4.935066024597723,9.904356880197863,97.96012181807734,97.19965291472745,6.026086002615666,13.191553448622761,111.91071428571442,0.8947095213539634,12551.45,11333.35,12551.45,8194.6,-0.34577678276216256,52.63771264003122
2023-12-06,12566.8,12600.8,12486.75,12549.4,0,11976.195,11633.215999999999,11306.669500000002,10209.308,4.786202963462101,7.875586596174276,10.991127847152494,22.921161747691407,0.33058710190636553,3.5958988921725776,4.975929666946888,10.052529575290926,97.80850669794431,97.13605744020008,5.962022139407165,13.184923937003878,111.76785714285714,0.8906231145939816,12600.8,11455.65,12600.8,8194.6,-0.4079106088502289,53.14231323066409
2023-12-07,12570.7,12647.25,12494.5,12631.2,0,12032.7025,11653.827000000001,11331.042,10229.32725,4.973924187022835,8.3867127940032,11.47430218685979,23.480261128609413,0.6518239915852542,3.5293346228874034,5.772113315301586,9.826494102712369,97.75699753585644,97.26733892694942,5.831643440328971,13.12101985880911,112.86428571428574,0.8935357346434681,12647.25,11481.55,12647.25,8194.6,-0.12690505841190197,54.14053156957021
2023-12-08,12683.5,12711.85,12512.35,12624.2,0,12086.185000000001,11675.216999999999,11353.76,10249.004,4.451487380012795,8.128182970817607,11.189597102633845,23.174895824023483,-0.055418329216538886,2.348696744902523,5.550422855518455,9.25739210960186,96.77839245037423,96.48222488929355,6.123314853308334,13.067111217567101,120.63928571428576,0.9556192528182836,12711.85,11481.55,12711.85,8194.6,-0.6895141147826606,54.05510946232886
2023-12-11,12650.55,12696.5,12622.6,12684.7,0,12139.732500000002,11695.810999999998,11376.816499999999,10268.679,4.4891228039826965,8.455069939143195,11.496041093745353,23.528060425299113,0.47923828836677895,1.7670254202953206,6.101503523556606,9.221397050909497,96.960952848723,96.50248940460025,6.119565581572814,12.990836459258823,121.62142857142862,0.9588041386191917,12711.85,11620.6,12711.85,8194.6,-0.21358024205760479,54.7934005320577
2023-12-12,12724.35,12748.5,12581.4,12650.35,0,12187.6925,11719.745,11399.584,10288.6365,3.7961041435858447,7.940488466259287,10.972031961868078,22.954581979837656,-0.2707986787231942,1.1376673422316186,5.142707536819713,8.204496563640017,92.73955773955771,93.54364445937996,6.553991443470672,12.28751220478046,128.48928571428573,1.0156974764673368,12748.5,11620.6,12748.5,8194.6,-0.7698944973918472,54.37422204866619
2023-12-13,12694.9,12827.2,12657.7,12815.55,0,12244.8,11743.823,11423.1805,10309.47775,4.661162289298314,9.125878344726406,12.188982744341638,24.308430657411325,1.3058927223357442,2.1208185251884615,5.792979907213258,9.784210255795234,95.1942475816046,93.98716845317266,6.967905702646006,12.252306783336698,132.52142857142866,1.0340674303594357,12827.2,11719.35,12827.2,8194.6,-0.09082262691781101,56.39018377956213
2023-12-14,12904.2,13023.35,12890.4,13000.7,0,12306.0875,11771.685,11448.414499999999,10331.4315,5.644462547499367,10.440433973556049,13.55895613318335,25.836385790294404,1.444729254694499,2.925296092216101,6.557874202908054,10.4098106573701,95.90116920361785,95.91144932549288,7.670193518467667,12.552760333857647,143.6678571428573,1.1050778584449858,13023.35,11772.45,13023.35,8194.6,-0.17391838505453386,58.64959851609597
2023-12-15,13066.5,13072.5,12996.9,13029.35,0,12363.7875,11803.294000000002,11474.2315,10353.9795,5.383160297764742,10.387405414115742,13.553138613248308,25.839055408599187,0.22037274915964744,3.209312273252962,5.633386031051124,9.717608323123116,96.42548409405254,95.69430278303946,7.609989920920279,12.008038848712093,145.0785714285716,1.1134751267605183,13072.5,11847.9,13072.5,8194.6,-0.3300822336966887,58.999218997876646
2023-12-18,13049.65,13081.8,12963.75,13039.1,0,12420.47,11834.998,11500.125,10376.63775,4.980729392688047,10.174078609899222,13.382245845153859,25.658236455252574,0.07483105450387662,2.793917081208064,4.610311726550309,9.522109622063834,96.20711796000731,95.38983579702794,7.701977269045914,12.00533187701504,147.38571428571439,1.130336559162169,13081.8,11881.0,13081.8,8194.6,-0.32640768090017364,59.11819979010568
2023-12-19,13063.65,13071.25,12905.4,12977.65,0,12473.3625,11863.677,11524.862,10399.14125,4.042915452829984,9.38977856527955,12.605686731867163,24.79540077407833,-0.4712748579273174,2.587280193828634,3.7543821778774467,8.87472944176917,90.38758240216926,90.82083301606632,8.307486299321148,12.055488231987301,152.7035714285716,1.1766658172209268,13081.8,11881.0,13081.8,8194.6,-0.796144261493064,58.368315720108356
2023-12-20,13044.15,13117.0,12504.1,12560.0,0,12503.634999999998,11886.564000000002,11544.7975,10419.85125,0.4507889105848148,5.665522854207471,8.793592958213424,20.5391487714376,-3.2182251794431127,-1.9940619013620098,0.08446618961863717,5.064598834753298,62.832964364778945,68.64732610975183,15.390573684628182,14.034273542698289,185.24285714285725,1.4748635122838951,13117.0,11881.0,13117.0,8194.6,-4.2463978043760005,53.271666707343854
2023-12-21,12459.4,12785.75,12385.9,12764.85,0,12544.7825,11910.492,11565.984499999999,10441.392,1.754255205301495,7.173154559862012,10.36544273425234,22.252377843873695,1.630971337579612,-1.8141330851415671,1.0580942428272788,6.891281956807549,64.62531860662702,71.47400222610908,16.074790447623215,14.1715012859317,202.4750000000001,1.5861917688026113,13117.0,11937.8,13117.0,8194.6,-2.684683997865363,55.771483659971196
2023-12-22,12836.8,12881.1,12744.95,12838.2,0,12588.675,11935.105,11587.4965,10462.744499999999,1.9821387080054214,7.566711813595282,10.793560973243888,22.703942545858805,0.5746248487056294,-1.4670724172733074,1.6951569208345951,7.339668153523937,63.2099812674513,73.01273492862276,16.080117069937156,14.19321012699589,198.97857142857148,1.5498946225216268,13117.0,11937.8,13117.0,8194.6,-2.1254860105206927,56.66658531227882
2023-12-26,12877.2,12950.35,12827.55,12905.6,0,12636.192500000001,11960.291000000001,11608.339000000002,10484.5275,2.132030673005332,7.903729098230128,11.175250826151773,23.09186083969926,0.5249957159103369,-1.0238436701919595,1.7414680678297545,7.949227326906594,63.81869373283744,73.6744558819846,16.017862560129846,14.208566379575387,194.51071428571439,1.5071807144628253,13117.0,11957.7,13117.0,8194.6,-1.6116490051078725,57.48907817343129
2023-12-27,12961.9,13016.9,12874.25,12946.5,0,12681.937500000002,11986.687000000002,11629.8745,10506.14125,2.0861362863521298,8.00732512661754,11.321063696775061,23.22792633308637,0.31691668732953815,-0.24002804822136348,2.3410419474559907,7.604142424947624,63.80737134909596,74.38919371109415,15.991804823318512,14.183948961968468,196.55357142857156,1.5181985202840271,13117.0,12069.6,13117.0,8194.6,-1.299839902416711,57.98818734288433
2023-12-28,12995.15,13078.05,12947.95,13066.25,0,12729.560000000001,12015.034000000001,11654.151000000002,10528.06925,2.644946093973387,8.749172078913787,12.116704168325931,24.108701127702016,0.9249604140115109,4.030652866242046,1.9562172516981446,7.862520431243714,64.73796537823094,74.92471874924718,16.0770035278666,14.271875473798287,195.0392857142858,1.492695193450958,13117.0,12082.3,13117.0,8194.6,-0.38690249294808265,59.44951553462035
2023-12-29,13102.75,13162.2,13037.55,13144.95,0,12776.7775,12044.48,11678.9715,10550.068500000001,2.881575577253346,9.1367165705784,12.552291098578339,24.595873477030022,0.6023151248445435,2.977708316196437,1.1095556393117212,7.740193105257132,66.82389429134493,74.8823628773437,16.050766722495798,14.295577356421896,189.69285714285732,1.4430854217236073,13162.2,12265.45,13162.2,8194.6,-0.1310571181109541,60.40990408317673
2024-01-01,13185.8,13265.7,13147.9,13225.4,0,12821.322499999998,12078.133,11703.885,10572.740749999999,3.1516054603571613,9.498711431642622,13.00008501450586,25.089608387494046,0.6120221073492083,3.0159991276035525,1.5046798190239574,7.222830272812031,67.24610870119925,74.8051507963402,15.85358372680913,13.975824256125993,193.0392857142859,1.4596101873235283,13265.7,12366.1,13265.7,8194.6,-0.3037909797447635,61.39164815854342
2024-01-02,13261.45,13271.4,13046.35,13198.35,0,12858.0175,12111.343,11728.0005,10595.592750000002,2.6468504961981925,8.975115311324265,12.537085925260664,24.56452707659983,-0.20453067582076878,2.2683951152987936,1.221326625303898,5.88794531648007,67.56072550150613,72.04992725323532,15.746003659656937,13.999555529435389,197.17857142857156,1.4939638017522763,13271.4,12366.1,13271.4,8194.6,-0.5504317555043121,61.06155272984648
2024-01-03,13207.95,13274.4,13108.55,13226.1,0,12893.92,12148.935999999998,11752.191,10619.445499999998,2.576252993659029,8.86632376695377,12.541567780850393,24.546050921397004,0.2102535544215689,2.159657050168007,1.9144452192808359,5.740702987276203,64.42703025617601,70.51140494977513,15.746906175693576,13.283525702050083,196.39285714285728,1.4848886455028865,13274.4,12385.9,13274.4,8194.6,-0.3638582534803778,61.40019036926756
2024-01-05,13518.3,13533.15,13364.1,13461.55,0,12939.5275,12195.36,11778.162,10644.63575,4.034324282706607,10.382555332519898,14.292450723635818,26.46322820393361,1.780192195734176,3.0253515737108883,7.177945859872614,7.268474986851969,65.64165224179476,73.27312667805711,16.62002654809876,12.765762106204598,203.48214285714286,1.5115803370127725,13533.15,12385.9,13533.15,8194.6,-0.5290712066296491,64.27342396212138
2024-01-08,13492.2,13498.35,13277.1,13291.05,0,12972.52,12239.85,11802.37,10669.034,2.4554211517885407,8.588340543389004,12.613398834301911,24.575945676056516,-1.2665703429397102,1.1114534479020444,4.1222576058473015,5.223969219076552,58.102167182662505,67.02867770302848,17.537894465278203,13.088037364067878,213.88571428571427,1.609246179088291,13533.15,12385.9,13533.15,8194.6,-1.7889404905731507,62.19278549288554
2024-01-09,13391.25,13436.85,13231.25,13253.05,0,13003.9625,12287.051000000001,11826.787,10693.024000000001,1.915473841146494,7.861927162180721,12.059598266207034,23.94108532815411,-0.28590668156390775,0.20906740060790963,3.2313719991899026,4.981305746106668,56.509965008367544,64.57108044145556,17.61193695558555,12.41027556851601,220.13928571428576,1.6610462173936247,13533.15,12385.9,13533.15,8194.6,-2.0697324717453096,61.72906548214676
2024-01-10,13270.7,13275.65,13105.85,13235.85,0,13031.52,12331.105999999998,11850.975,10716.764749999998,1.5679675126155652,7.337087200450654,11.685747375215962,23.506023587948988,-0.12978144653493784,0.28412642489401563,2.558966650136374,4.344998305044667,58.073796122576645,64.26389309950795,17.63911172171872,12.294527780116166,220.42142857142855,1.6653364050773358,13533.15,12385.9,13533.15,8194.6,-2.1968277895390154,61.51917116149659
2024-01-11,13271.55,13327.4,13223.65,13271.65,0,13062.585,12376.097,11875.3095,10741.162000000002,1.6004871930020017,7.2361504600359865,11.758350382362668,23.558791870004352,0.27047752883266885,0.3443947951399018,2.511489591781557,4.911326564087148,79.23427679415035,63.847406044306034,17.54423346175768,12.250162710773962,184.05357142857142,1.3868175504068554,13533.15,12385.9,13533.15,8194.6,-1.9322921862241975,61.95604422424522
2024-01-12,13345.6,13375.85,13281.95,13353.8,0,13089.497500000001,12421.796,11900.11,10765.763,2.0191951600892084,7.502973000039599,12.215769434064043,24.039513037766095,0.6189885959922092,-0.8004278853475322,2.2007079307375887,4.199975810636292,76.90620859792597,66.22984103546133,17.158975597348906,12.261979844568518,162.9357142857143,1.2201449346681417,13533.15,12385.9,13533.15,8194.6,-1.3252642585059675,62.9585336685134
2024-01-15,13447.8,13494.9,13356.75,13477.55,0,13113.34,12470.365999999998,11926.779000000002,10790.892249999999,2.777400723232976,8.076619403151449,13.002429239277399,24.897456927160036,0.926702511644617,1.4031998976755,2.5302492592212067,3.6678794218772737,77.92287199196407,65.57134120525006,16.759048304514902,12.25450074050798,163.2892857142858,1.2115650523595594,13533.15,12385.9,13533.15,8194.6,-0.4108430040308455,64.46867449295877
2024-01-16,13502.95,13512.9,13289.4,13410.85,0,13132.414999999999,12514.070999999998,11951.805,10815.947,2.1202117051585816,7.166165191167625,12.20773765970914,23.99145446995996,-0.4948970695712429,1.1906693176287897,1.4022260196288938,2.928004850587329,72.0797098282569,60.21671441026282,16.930816749318357,12.103094509923016,170.48214285714286,1.2712254842694002,13533.15,12385.9,13533.15,8194.6,-0.9037068236146003,63.654723842530444
2024-01-17,13300.15,13411.15,13222.15,13236.95,0,13142.3075,12552.583,11974.085499999997,10840.713,0.7201360948220084,5.452001392860738,10.546646756447526,22.104053487994758,-1.2967112449993823,0.008310762059116072,0.29246080002425234,1.5173593269474095,61.371021414869126,54.82229965156796,17.694186268814057,12.621752288475063,173.79285714285717,1.312937324254131,13533.15,12385.9,13533.15,8194.6,-2.188699600610345,61.53259463549167
2024-01-18,13228.3,13326.1,12932.35,13292.5,0,13158.05,12590.816,11996.203499999998,10865.89625,1.021807942666282,5.5729827201032816,10.80588954663867,22.332292653723805,0.4196586071564701,0.1571017921660145,0.5020376377012026,2.426094092536024,59.326435549692945,55.763544557157815,17.60758630603598,12.605793426074738,192.52142857142866,1.4483462747521434,13533.15,12385.9,13533.15,8194.6,-1.7782260597126291,62.21048007224269
2024-01-19,13412.0,13487.4,13352.6,13477.2,0,13203.91,12632.298,12019.7265,10892.126749999998,2.0697656981909214,6.688426761306612,12.125679398778333,23.733411383594152,1.3895053601655105,0.9240815348440234,0.11625704320825658,7.302547770700651,62.59524621858303,60.758975684348876,12.992689288359399,12.83099379935794,197.53928571428565,1.465729422389559,13533.15,12385.9,13533.15,8194.6,-0.41342924596268354,64.46440338759672
2024-01-20,13564.45,13583.5,13460.05,13473.3,0,13239.3325,12671.743,12044.3495,10917.62575,1.7672152278069821,6.325546532943408,11.864073688662048,23.408699918111775,-0.028937761552860763,-0.031533921224558004,1.371223492500584,5.550006463060653,59.9766580811333,73.93594716427302,12.14073061020908,12.800389905736239,197.73214285714286,1.4675850968741353,13583.5,12744.95,13583.5,8194.6,-0.8112783892222235,64.41681107070508
2024-01-23,13577.5,13577.5,12956.05,13049.05,0,13249.875,12701.632999999998,12064.136999999999,10940.537,-1.5156746761761957,2.73521522783725,8.163973933651453,19.272481780373294,-3.1488202593277115,-2.697815574702578,-1.5392683193679924,1.6423641943574596,45.44706025859961,56.68014291086874,17.097196993379924,14.97631512083333,226.04642857142866,1.7322826456441553,13583.5,12827.55,13583.5,8194.6,-3.9345529502705543,59.23962121397016
2024-01-24,13102.5,13368.65,12984.3,13356.2,0,13272.404999999999,12736.482,12086.592999999999,10964.82925,0.631347521417572,4.865692111840623,10.504258727004391,21.80946639000329,2.3538111969837017,0.900887288990293,0.9092729216483963,3.4915075626084757,53.38978634705577,60.969927996611624,18.86005275912589,15.696754133479264,241.65357142857152,1.8092988382067619,13583.5,12874.25,13583.5,8194.6,-1.6733537011815753,62.98782124813902
2024-01-25,13405.1,13411.95,13160.3,13240.0,0,13287.079999999998,12767.459,12106.93,10988.551500000001,-0.35432916788337326,3.701135832901435,9.35885480464494,20.48903806839326,-0.8700079363890945,-0.39495956366372154,-0.2384782600505564,2.2670219750511755,43.84497846923186,56.93833513154618,19.211813509251883,15.882524679434216,237.69642857142884,1.7952902460077709,13583.5,12932.35,13583.5,8194.6,-2.528803327566533,61.56981426793253
2024-01-29,13293.6,13556.8,13268.55,13543.8,0,13310.957499999999,12804.867,12130.5045,11013.517249999999,1.7492543267454703,5.77071983644968,11.650756157750902,22.97433864735628,2.2945619335347445,0.494167928056255,1.4228159774745786,3.654835932268252,56.537596027003964,61.174093613200135,20.54275896787689,16.498622676640625,244.52142857142877,1.8054122814234468,13583.5,12932.35,13583.5,8194.6,-0.29226635256009664,65.2771337222073
2024-01-30,13623.25,13649.35,13464.95,13476.35,0,13327.5275,12838.895,12152.662,11037.98925,1.1166549834543595,4.96503009020636,10.89216502524303,22.090624431438,-0.49801385135632703,0.022637364268596194,-0.00890369540457181,2.5211202781296294,55.68917197452233,57.825141199816834,20.619310645786886,16.542638392750096,243.007142857143,1.8032118701068391,13649.35,12932.35,13649.35,8194.6,-1.2674596226193922,64.45403070314597
2024-01-31,13479.25,13633.65,13450.3,13620.6,0,13347.2875,12873.8,12175.5975,11063.053,2.0477007032327728,5.800929018626988,11.86802126137958,23.11791329210843,1.070393689686,4.380012338062933,1.5640321083302045,2.9881893931374526,59.20652772127971,58.854409054524474,20.823845477669515,16.588854695474467,243.97500000000022,1.7912206510726416,13649.35,12932.35,13649.35,8194.6,-0.21063274075322266,66.21433627022674
2024-02-01,13672.35,13672.35,13427.4,13529.35,0,13363.8375,12906.278,12196.5145,11087.467750000002,1.238510270721271,4.8276660397366316,10.92800324223778,22.023804759206612,-0.6699411185997706,1.2964016711340065,2.2089680779938003,2.5078892437312206,56.00699300699303,55.63548716047095,20.995399918960885,16.725416947148165,254.06071428571457,1.8778486348990497,13672.35,12932.35,13672.35,8194.6,-1.04590651936207,65.1007980865448
2024-02-02,13625.2,13747.35,13614.2,13657.7,0,13385.4175,12941.035999999998,12218.395,11112.369499999999,2.034172636004825,5.537918293404041,11.77982050834009,22.90538035114835,0.9486782439658947,3.1548338368580175,2.7474139552379206,3.2632446450578723,56.93455640744801,58.20839513232431,21.194461150679516,16.792710940504445,262.189285714286,1.9197177102607759,13747.35,12932.35,13747.35,8194.6,-0.6521256824042425,66.66707343860591
2024-02-05,13728.3,13799.45,13625.0,13700.05,0,13397.342500000002,12975.946000000002,12240.1875,11137.37375,2.2594592920200163,5.580356145131904,11.926798506967309,23.009699661017468,0.3100814924914097,1.1536644073302904,1.6535333748849856,1.7717127671033506,55.273011659872985,58.42532842692833,20.337457267507393,16.792838944984606,264.57142857142884,1.9311712626700548,13799.45,12932.35,13799.45,8194.6,-0.7203185634210164,67.18387718741609
2024-02-06,13775.6,13872.25,13678.15,13862.9,0,13425.935000000001,13014.366000000002,12262.345,11162.82975,3.2546336623855123,6.519979536459922,13.052601276509513,24.188044702554016,1.1886817931321403,2.8683582720840484,2.891644957063222,4.302519364534785,60.246152451324804,57.32377146402439,20.021179565239425,16.8916700235873,262.4714285714289,1.8933370980922384,13872.25,12932.35,13872.25,8194.6,-0.06740074609382302,69.1711614965953
2024-02-07,13950.7,13970.85,13830.05,13930.8,0,13459.8225,13053.775,12284.396499999999,11188.716499999999,3.499136039869761,6.718554594360633,13.402396283773488,24.507578684293243,0.489796507224316,2.2774327122153215,6.757196884064354,5.113917173782645,66.52063144360577,62.12819200363989,19.951235964284596,16.893144526878036,259.0285714285718,1.8593948045235866,13970.85,12932.35,13970.85,8194.6,-0.28666831295161777,69.99975593683644
2024-02-08,14061.3,14065.5,13917.65,13948.6,0,13495.460000000001,13093.642000000002,12310.0175,11214.624,3.357721781991865,6.529566029069671,13.310968079452367,24.37866842437161,0.1277744278864068,3.0988184946061814,4.435393300489654,5.384996052388025,65.90776840267674,63.28780208233836,19.905870990225473,16.879120999075482,241.4642857142861,1.7311005098309944,14065.5,12932.35,14065.5,8194.6,-0.8311115850840683,70.21697215239303
2024-02-09,13976.3,13979.0,13584.35,13840.9,0,13523.9225,13129.827999999998,12333.877,11240.171999999999,2.3438281312244955,5.415699276487111,12.218566797771691,23.137795400283924,-0.7721204995483455,1.3413678730679335,4.538519637462235,4.289217994748196,59.160286117267745,61.17256024374479,20.246710657546316,17.036184416552345,255.73214285714326,1.8476554476742357,14065.5,12932.35,14065.5,8194.6,-1.59681490170986,68.9026920166939
2024-02-12,13896.2,13899.2,13541.5,13579.3,0,13535.1975,13159.138,12353.841999999999,11264.117000000002,0.32583565921368385,3.19292950647678,9.919650906981008,20.553612857536873,-1.8900505024962322,-0.881383644585243,0.26211255334545047,1.6886579101079935,52.36301217174194,55.24364677609039,21.507186003476313,17.69457952729804,272.4642857142861,2.0064678276073593,14065.5,12932.35,14065.5,8194.6,-3.456684796132386,65.71034583750273
2024-02-13,13607.8,13658.75,13404.4,13638.45,0,13543.242499999998,13187.895,12373.8675,11288.23375,0.7029889629459287,3.4164284747490052,10.219783749906814,20.820053004306377,0.4355894633744084,-1.619069603041201,1.2028479521532187,1.1938371588308128,65.69389711364363,54.88996924979816,21.32441459413366,17.66646002775855,246.2428571428575,1.8055047101603006,14065.5,12932.35,14065.5,8194.6,-3.0361522875119924,66.4321626436922
2024-02-14,13510.75,13826.7,13450.4,13776.35,0,13561.517499999998,13216.732000000002,12395.676000000001,11312.9445,1.5841331915842183,4.234163180429159,11.138351792996195,21.77510461577886,1.0111119665357826,-1.1086944037671853,1.143488539418236,2.7254051756600006,62.29551373972079,55.108216227305384,21.466790266015906,17.645678484248535,245.66785714285757,1.783257953978068,14065.5,12932.35,14065.5,8194.6,-2.0557392200774918,68.11497815634687
2024-02-15,13871.85,13941.0,13830.5,13914.4,0,13595.39,13245.730999999998,12418.873,11338.19075,2.34645714466448,5.048184958610452,12.042372927076395,22.721519745114534,1.0020796509960794,-0.24518589679251024,2.846034731897684,5.117870808607705,69.48682385575589,58.40356469351311,20.96664701557768,17.6336603719271,239.4535714285717,1.7209047564291073,14065.5,12932.35,14065.5,8194.6,-1.0742597134833485,69.79962414272812
2024-02-16,13979.55,14067.6,13931.55,14035.45,0,13632.5375,13276.279000000002,12444.2025,11363.55375,2.955520936582792,5.718251326294049,12.78705887339909,23.51285793847723,0.8699620536997799,1.4056166867761677,2.765839050498986,5.589242053789745,65.88375924789199,63.56516716499047,21.07329909975399,17.69095320722789,227.76785714285754,1.6228040935121961,14067.6,12956.05,14067.6,8194.6,-0.22853933862207934,71.27681644009469
2024-02-19,14092.45,14092.5,14009.95,14022.25,0,13659.789999999999,13305.736,12469.475999999999,11388.354000000001,2.6534814956891797,5.385000874810677,12.45260025361131,23.12797793254406,-0.09404757239703798,3.2619501741621537,2.351816234247317,4.0442376754815434,68.27708584438189,62.57820983504833,20.692531974150143,17.70505662490353,220.4928571428575,1.5724499074175506,14092.5,12956.05,14092.5,8194.6,-0.49849210572999825,71.11573475215384
2024-02-20,14001.2,14027.65,13922.4,13984.0,0,13685.325,13332.792,12493.3095,11412.94475,2.182447256459012,4.88425830088702,11.931910435741631,22.52753611201,-0.27278075915063704,2.5336456855434397,0.8735545953588275,3.7904596498259613,63.09643938301855,59.19982573337202,20.747364371323517,17.71299150648539,214.91428571428605,1.5368584504740135,14092.5,12956.05,14092.5,8194.6,-0.7699130743303175,70.64896395187074
2024-02-21,14008.4,14033.55,13777.4,13813.55,0,13723.55,13356.579,12515.898000000001,11436.398000000001,0.6558069887164765,3.4213176892076897,10.368029525328492,20.78584533346949,-1.2188930205949688,0.2700279827385188,-0.8416602061618872,5.858664040677297,59.68907677621703,55.82430373679795,17.49954877056121,17.992965682105808,215.71428571428598,1.5616136743580469,14092.5,12984.3,14092.5,8194.6,-1.979421678197628,68.56893564054376
2024-02-22,13867.85,13984.15,13702.55,13961.95,0,13753.8375,13382.124000000002,12538.9675,11461.02375,1.5131231556283917,4.332839839176494,11.348482241460472,21.821141850438973,1.0743074734590463,0.34173230610017313,0.09570852988831646,4.535346880100621,60.23273803517973,67.25643642962459,16.026337764450137,18.09206818873416,220.25714285714315,1.5775528694569392,14092.5,13160.3,14092.5,8194.6,-0.9263792797587317,70.37988431406048
2024-02-23,14031.6,14141.0,14015.25,14062.2,0,13794.9475,13410.360999999999,12565.053,11485.589,1.9373216172080432,4.860711803358626,11.915166613304384,22.4334250511663,0.7180229122722759,0.19058883042581964,1.5988844656055656,6.2099697885196425,61.723479330549345,64.47789352801244,15.569638931381743,18.096358488182023,220.58571428571446,1.568642988193273,14141.0,13268.55,14141.0,8194.6,-0.5572448907432238,71.60325092133844
2024-02-26,14069.35,14083.8,13856.55,13977.9,0,13816.652500000002,13433.608,12588.7155,11509.714500000002,1.1670518600652193,4.0517186447602125,11.035156843444426,21.444367712161736,-0.5994794555617244,-0.31628305015244385,2.9353501285044103,3.2051566030213197,53.922237380627536,65.3326684120849,13.975197857674369,18.012761726855913,222.9535714285716,1.5950434001428797,14141.0,13404.4,14141.0,8194.6,-1.153383777667777,70.57452468698898
2024-02-27,13984.4,14063.75,13866.2,13931.95,0,13839.432499999999,13452.232999999998,12611.958999999999,11533.58425,0.6685064579057108,3.566077096642635,10.466185308721682,20.79462635390209,-0.32873321457442817,-0.37221109839816746,2.1520040767095905,3.380737365829778,50.03981856583918,59.03325653378019,13.88184013756868,17.811322905024042,227.0071428571429,1.6293996379339784,14141.0,13404.4,14141.0,8194.6,-1.4783254366734975,70.01378956874039
2024-02-28,13956.85,13959.95,13581.45,13618.25,0,13839.314999999999,13464.010999999999,12633.6525,11555.702249999998,-1.5973695229857743,1.1455650177350674,7.793450864664829,17.848744328800976,-2.2516589565710565,-1.413829174976744,-1.1476189266387715,-0.01725327812284183,40.506911118135605,52.96279283417545,15.887639629979574,18.604225447911595,243.48214285714286,1.7879106556065782,14141.0,13404.4,14141.0,8194.6,-3.6966975461424223,66.18565884850999
2024-02-29,13621.3,13782.45,13505.3,13745.85,0,13850.14,13478.146,12656.572,11578.683500000001,-0.7529887784527742,1.9862078953588995,8.60642202327771,18.716864486364095,0.9369779523800803,-1.5477780682497833,-1.2113350198355577,1.6002246966779543,47.29948575162659,52.63346018796913,16.0071531076356,18.69980315306655,235.08928571428584,1.710256446231305,14141.0,13404.4,14141.0,8194.6,-2.7943568347358716,67.7427818319381
2024-03-01,13799.85,13914.2,13795.8,13898.1,0,13862.16,13496.555,12680.115999999998,11601.977750000002,0.259266954067768,2.975166625853783,9.605464177141616,19.790783084375406,1.1076070232106439,-1.1669582284422053,-0.978593490055546,1.7601792395498528,59.65767949106332,57.55929562739589,16.130449309831068,18.78208907283399,221.56428571428583,1.5942055800022004,14141.0,13404.4,14141.0,8194.6,-1.7177003040803311,69.60071266443755
2024-03-02,13955.55,14028.85,13927.45,13976.95,0,13876.005,13524.893999999998,12705.729000000001,11625.514,0.7274788384697292,3.342399578140889,10.005100848601442,20.226512135291408,0.567343737633208,-0.006796442956369386,-0.3230579971117309,2.021160506713482,60.13351694407853,56.68012805758404,16.202225300947127,17.148625483749637,212.73571428571435,1.522046757595286,14141.0,13404.4,14141.0,8194.6,-1.1601018315536333,70.56293168672052
2024-03-04,14008.0,14075.65,13936.7,14056.75,0,13885.6975,13550.732,12730.612000000001,11649.574499999999,1.2318610570336836,3.7342484524083277,10.41692261141883,20.663205338529757,0.57094001194824,0.8957827152695774,0.520237414187652,1.3983365673848835,58.69673097202404,57.348578491965384,15.797591275369708,16.862735003660493,195.7821428571428,1.392798071084303,14141.0,13404.4,14141.0,8194.6,-0.5957853051410791,71.53674370927196
2024-03-05,14068.9,14096.2,13967.5,13989.05,0,13888.61,13573.749000000002,12754.427,11673.636999999999,0.7231825215050224,3.0595895061857825,9.679956614279886,19.834546851165584,-0.4816191509417256,2.7228168083270665,1.2704916549330258,0.4181382260889599,52.42095021890706,52.70493385080514,15.834911213647507,16.9082507391344,193.21428571428572,1.381182322704442,14141.0,13404.4,14141.0,8194.6,-1.0745350399547466,70.71058990066628
2024-03-06,14009.9,14014.5,13706.2,13915.8,0,13886.969999999998,13593.952999999998,12777.122,11697.335500000001,0.20760468266296933,2.3675747591594702,8.911850415140437,18.965554164023064,-0.5236238343561572,1.2363731598991512,-0.3305412209612668,-0.23514904721622099,45.99551524482074,49.67910320041075,15.947590335668572,16.961194073678808,204.29285714285703,1.4680640505242748,14141.0,13404.4,14141.0,8194.6,-1.5925323527331923,69.8167085641764
2024-03-07,13937.3,14008.9,13921.05,13948.4,0,13892.345000000001,13613.990999999998,12800.339000000002,11720.897999999997,0.4034955941563391,2.4563627227313543,8.968989024431288,19.004533611673804,0.23426608603169807,0.36191997467278636,-0.8092617086942422,0.7766835971649177,47.56004889813988,49.99574829931971,15.705425685959723,16.958187366416922,205.04642857142855,1.470035477699439,14141.0,13404.4,14141.0,8194.6,-1.3619970299130213,70.21453152075756
2024-03-11,13983.2,13990.7,13853.05,13876.4,0,13907.2,13630.194,12822.614,11743.849250000001,-0.22146801656696596,1.8063279216715487,8.218183905403377,18.1588736759372,-0.5161882366436332,-0.7193987243282796,-0.7261462737607194,2.1878889191637274,46.522526016417814,50.76630833657126,14.141512958268102,16.93019340781237,207.36071428571435,1.494340854153198,14141.0,13404.4,14141.0,8194.6,-1.8711547981048042,69.33590413198935
2024-03-12,13897.95,13931.8,13666.35,13719.3,0,13911.242500000002,13641.681,12843.0805,11766.10775,-1.3797653229034201,0.5689841303282108,6.822502591959921,16.600156071152757,-1.1321380185062457,-2.400626033756026,-1.5263477115551094,0.5928093001770662,46.92746536267319,53.16484311420562,14.747743677217859,17.12587177788024,208.02500000000003,1.516294563133688,14141.0,13450.4,14141.0,8194.6,-2.9821087617565993,67.4187879823298
2024-03-13,13752.1,13797.75,13091.95,13189.05,0,13881.877499999999,13640.954,12859.543500000002,11785.392999999998,-4.9908774947769095,-3.312847473864368,2.562349899901172,11.910141647376555,-3.8649931118934666,-5.718758600476804,-3.151653112551178,-4.263103071568308,29.82616412612235,41.624734429162466,19.764908986271124,19.244117485653344,238.32499999999996,1.806991405749466,14141.0,13091.95,14141.0,8194.6,-6.731843575419,60.94806335879724
2024-03-14,13123.4,13435.1,13034.2,13407.2,0,13856.517500000002,13645.131000000001,12878.237,11805.286,-3.242643759516061,-1.7437062348467043,4.107417808819651,13.569463713119706,1.654023602913024,-3.6548383851449318,-2.4636526660773983,-3.6451445984016506,33.894762724366885,43.320123771782235,20.419858317892782,19.59086620276407,254.17142857142855,1.8957830760444279,14141.0,13034.2,14141.0,8194.6,-5.18916625415458,63.610182315183174
2024-03-15,13392.55,13436.55,13131.75,13345.55,0,13822.022500000001,13647.52,12898.228000000001,11824.662,-3.447198121693129,-2.2126364350446175,3.4680887948328896,12.861999776399518,-0.45982755534340614,-4.322001089730721,-3.9757233003072434,-4.915410620963357,34.276549717781066,39.41378989485441,20.057463569417706,19.618464500101407,259.71071428571423,1.9460472913121922,14141.0,13034.2,14141.0,8194.6,-5.625132593168805,62.85785761355037
2024-03-18,13332.05,13364.35,13120.45,13201.15,0,13780.967500000002,13642.312,12918.836000000001,11843.135750000001,-4.207378763501204,-3.2337773831884236,2.1852897583032904,11.466678071303862,-1.08200860961144,-4.866175665158112,-5.5505671838276704,-5.855693629766979,32.67671739439626,34.60757905612341,20.264990587494037,19.35240347798833,263.02142857142854,1.9924129986510914,14141.0,13034.2,14141.0,8194.6,-6.6462767838201,61.09572157274301
2024-03-19,13202.3,13209.35,12962.7,12981.9,0,13730.8625,13636.129,12937.9895,11860.34575,-5.454591800041692,-4.797761886822874,0.3393919897678071,9.456336886300294,-1.6608401540774809,-5.374909798604888,-7.646504348444704,-7.166046910755153,34.20850187358863,32.16226874474911,20.837138359530535,19.501453662652494,253.60357142857134,1.9535165994852166,14141.0,12962.7,14141.0,8194.6,-8.196732904320772,58.42017914236203
2024-03-20,13029.25,13086.0,12837.0,12975.15,0,13688.9425,13630.571000000002,12958.811000000002,11877.423999999999,-5.214372841437529,-4.808463269807274,0.12608409830190534,9.242121860767122,-0.05199547061678356,-1.6217999021915896,-7.247811681279281,-6.069402868922181,29.65417106652589,32.51347650494864,20.611764861948494,19.493329328045377,251.59285714285696,1.9390362126284242,14141.0,12837.0,14141.0,8194.6,-8.244466445088753,58.33780782466501
2024-03-21,13099.35,13319.8,13097.95,13305.4,0,13656.115,13631.962,12981.534,11895.802749999999,-2.5681901477836133,-2.3955612552323715,2.494820719954976,11.849534492323361,2.545249958574658,-0.7592935139328238,-4.386380948274615,-4.702423372093445,35.69739382239382,41.65448603195982,22.492345861816883,20.333357580221996,264.185714285714,1.9855525898185251,14141.0,12837.0,14141.0,8194.6,-5.909058765292414,62.367900812730326
2024-03-22,13262.8,13357.75,13210.9,13329.95,0,13619.502499999999,13633.128,13004.6125,11914.26175,-2.126013780606142,-2.223833004428623,2.501708528416371,11.882299379565008,0.18451155170082778,-0.11689289688322502,-4.43384187433683,-5.207222198518013,33.96689299697678,39.18030541669522,22.27245597014866,20.328795602758827,265.33571428571406,1.990522952342012,14096.2,12837.0,14141.0,8194.6,-5.735450109610348,62.66748834598395
2024-03-26,13296.55,13504.3,13293.9,13474.1,0,13594.3125,13635.534,13028.665,11933.491500000002,-0.8842852479667481,-1.1839213631090597,3.4188844367400604,12.90995598396327,1.0813994050990372,2.0676228964900734,-2.8991669309042623,-3.604261012026122,36.00778079296851,40.08095800303593,22.724845614222687,20.425511702224952,270.4392857142856,2.007104635666097,14096.2,12837.0,14141.0,8194.6,-4.716073827876385,64.42657359724696
2024-03-27,13516.4,13553.5,13440.65,13460.05,0,13570.717499999999,13635.184000000001,13052.775,11952.268,-0.8154874640931812,-1.2844271115080064,3.1202177314785526,12.615028377877731,-0.10427412591564877,3.6832050778391467,-1.8896736713972295,-3.3871783921130993,36.96016564780125,41.05381359592296,22.718484526114523,20.32260466715107,269.30714285714265,2.000788576990001,14096.2,12837.0,14141.0,8194.6,-4.815430309030484,64.25511922485538
2024-03-28,13541.5,13579.25,13450.05,13526.5,0,13566.13,13637.497000000001,13075.784000000001,11971.8525,-0.2921245779009872,-0.81391035319752,3.4469520145025223,12.985855781300337,0.4936831586807022,4.249276501620414,2.558561837281692,-0.6737282690507218,40.37148793035224,43.04485804957544,21.422943887856505,20.318609681126993,256.5142857142856,1.8963832899440771,14096.2,12837.0,14141.0,8194.6,-4.3455201188034795,65.06601908573938
2024-04-01,13640.45,13786.65,13602.3,13772.6,0,13567.467499999999,13648.21,13100.396499999999,11992.72125,1.5119439202636862,0.9114015684108117,5.131169121484235,14.841325107927442,1.8193915647063186,3.5113562914305563,2.7254012769258207,0.19460418962813364,46.06729005413631,52.710605342184294,22.16466823431931,20.479606246150034,268.44642857142844,1.9491339948261652,14096.2,12837.0,14141.0,8194.6,-2.6051905805812856,68.06921631318184
2024-04-02,13824.15,13934.6,13744.7,13922.6,0,13568.692500000001,13660.812,13125.813999999998,12013.956,2.6082653136991594,1.9163428938191995,6.070373997376483,15.886890213348545,1.089118975356862,4.446003173305213,4.3239132145172166,0.17628308905532908,50.99865980718518,53.07975118049868,22.152719303602115,20.590284553815486,272.17857142857116,1.9549406822617268,14096.2,12837.0,14141.0,8194.6,-1.5444452301817384,69.89969003978229
2024-04-03,13889.5,13988.25,13839.7,13955.85,0,13567.6375,13670.385,13151.341500000002,12034.757749999999,2.8613124429363594,2.0882001494471454,6.117311302424912,15.962865974597634,0.23882033528219715,3.5753779473211678,5.716926176886106,-0.1509628352394543,55.40253511476534,51.049790041991606,22.075249726069714,20.380932324649716,263.8285714285712,1.8904514696601866,14096.2,12837.0,14141.0,8194.6,-1.3093133441765055,70.30544504917873
2024-04-04,14061.15,14079.0,13925.1,13941.15,0,13561.857500000002,13679.742,13175.7425,12055.36525,2.7967592197455082,1.9109132321355142,5.80921720350864,15.64270107867531,-0.10533217252980398,3.5742809276340104,7.389134102095984,-0.822380706777881,72.46818426241254,49.33368076235853,21.974246079957993,20.383714109157935,224.40714285714265,1.6096745451927759,14096.2,12837.0,14141.0,8194.6,-1.4132663885156662,70.12605862397187
2024-04-05,13948.55,13988.3,13891.0,13978.35,0,13561.3225,13698.328000000001,13199.9805,12076.240249999999,3.0751241259840265,2.044205687000625,5.896747347467677,15.75084389365309,0.2668359496885264,3.340479798913254,7.731702523670259,-0.07648839628137116,69.1307988611622,48.517285725092684,21.931747573145167,18.999618694349202,202.72142857142833,1.4502529166277016,14079.0,12837.0,14141.0,8225.05,-1.1502015416165734,69.94851095130123
2024-04-08,14056.5,14058.7,13822.3,13957.1,0,13563.3875,13710.345999999998,13223.413999999999,12096.604749999999,2.9027593586041807,1.7997649366398387,5.548385613579077,15.380309503788672,-0.15202080359985048,1.3396163396889538,4.89801133374419,0.2967849494818875,71.0538093434778,49.38495004523843,21.85240701063457,18.321985847825314,197.8357142857142,1.4174557342550687,14079.0,12837.0,14141.0,8410.75,-1.3004737995898425,65.94358410367684
2024-04-09,14026.45,14054.65,13900.5,13941.6,0,13563.0475,13724.378,13245.918500000002,12116.855,2.7910578356376012,1.5827456807150004,5.252044242911495,15.059559596941623,-0.11105458870395157,0.13646876301840472,4.588539341857989,-0.04875111123856524,77.97423400959607,50.5079540085053,21.842689386164565,18.195275925677457,191.42499999999993,1.3730490044184305,14079.0,12837.0,14141.0,8451.8,-1.4100841524644625,64.95421093731515
2024-04-10,13984.75,14112.85,13969.0,14097.95,0,13574.125,13735.461000000001,13270.163999999999,12137.557000000003,3.8589964362343854,2.639074145381793,6.237948528744648,16.15146276964959,1.121463820508417,1.0182110011214052,4.629993840033841,1.5965956588164243,94.26837491571128,52.80755439577977,22.0948842270405,17.65338880748394,186.03928571428565,1.3196194178180916,14112.85,12837.0,14141.0,8451.8,-0.304433915564665,66.80411273338225
2024-04-12,14095.7,14171.7,14037.65,14049.1,0,13590.615,13746.916,13292.9055,12157.640499999998,3.373541226795113,2.198194853303833,5.688707408624846,15.557784423712834,-0.3465042789909223,0.7743263647546961,4.376283891961785,2.4039127360725443,91.22174029862191,53.27058556169988,21.69153782819819,17.630859276343863,177.82857142857145,1.2657648634330414,14171.7,12837.0,14171.7,8466.7,-0.8651043982020532,65.93359868661933
2024-04-15,13854.9,13935.45,13752.65,13841.3,0,13623.227499999999,13751.33,13312.565,12177.289750000002,1.6007403531945734,0.6542639875561079,3.971698917526403,13.66486536957041,-1.4790983052295203,-0.9804447592169363,2.3272834805751597,4.945390304836206,72.70377902050487,52.26689955033631,17.01615332971576,17.829210575459694,174.38571428571439,1.2598940438088502,14171.7,12837.0,14171.7,8537.45,-2.3314069589393047,62.12452195913297
2024-04-16,13758.55,13889.2,13707.35,13765.5,0,13641.142499999998,13756.053,13331.165499999997,12197.081,0.9116355173329647,0.06867522246388638,3.2580384663291646,12.858970109323698,-0.5476364214343943,-1.3727780126243982,-0.051551631500224016,2.672444656602413,67.68443704575897,62.887612063761736,16.384662080763693,17.80632166545415,176.88571428571439,1.2849930208544142,14171.7,12837.0,14171.7,8570.1,-2.8662757467346944,60.622396471453065
2024-04-18,13847.3,13921.2,13648.6,13687.05,0,13658.217499999999,13756.64,13348.838,12216.097249999999,0.21110002092147412,-0.5058648041963747,2.5336437523625617,12.04110216133062,-0.5699030184156073,-1.8258306076777475,-1.6918535331044593,2.5589054029245606,59.13360497533768,56.6734231548825,16.442398798513448,17.734352275696708,181.3285714285716,1.3248185067532565,14171.7,12837.0,14171.7,8610.4,-3.4198437731535485,58.95951407600112
2024-04-19,13578.45,13668.2,13385.05,13595.45,0,13677.9325,13754.548,13365.247,12234.349000000002,-0.6030333897319647,-1.1566937713983765,1.7223998927966042,11.125242544576738,-0.669245746892122,-3.5643480080437273,-2.5824295904584793,2.9868609931710477,55.445186198021446,55.875299760191865,16.100077193607717,17.785464696505922,194.83928571428584,1.4331212700887859,14171.7,12837.0,14171.7,8610.4,-4.066202361043488,57.89568428876709
2024-04-22,13686.0,13703.75,13612.3,13681.25,0,13712.9,13750.915,13382.640499999998,12252.555,-0.2308045708785132,-0.5066208321409947,2.23131974590517,11.660384303518732,0.6310934908370092,-2.6183171875778566,-1.8642651431194701,5.387115907532802,56.12798479388587,61.60727237561046,14.668930806559057,17.635758035917824,193.3464285714286,1.4132219539254718,14171.7,12837.0,14171.7,8610.4,-3.460770408631291,58.89215367462604
2024-04-23,13756.55,13817.2,13727.0,13780.65,0,13753.175,13747.912000000002,13400.8435,12270.823999999999,0.19977205263512146,0.23813070668475003,2.8341984592238445,12.304194078572076,0.726541799908631,-0.43818138469652324,-1.4143300174913387,6.20802071652351,50.360679241901494,70.49916591813162,14.704846667102961,17.67892993057388,184.4750000000001,1.3386523857728054,14171.7,13097.95,14171.7,8700.15,-2.759372552340235,58.3955449043982
2024-04-24,13843.8,13915.6,13825.85,13901.8,0,13782.994999999999,13746.975999999999,13420.309000000001,12289.61825,0.8619679539896828,1.1262404182563535,3.587778791084453,13.118241081247579,0.8791312456233991,0.9901565507972832,-0.3962141132470287,4.482390608324427,49.04332628093087,72.46260877996747,12.338081493789524,17.790377900747682,180.55000000000018,1.2987526795091298,14171.7,13210.9,14171.7,8700.15,-1.9044998130076238,59.788049631328185
2024-04-25,13886.85,13974.35,13838.55,13964.35,0,13814.715,13749.445,13439.636499999999,12308.841999999999,1.0831566195900546,1.5630085432539325,3.9042238977222463,13.449746125590059,0.4499417341639278,2.026002681366701,0.16318069662017987,4.759207648940911,50.38068792547474,68.35566450318947,12.363234867861037,17.72923468218533,179.63928571428602,1.2864135152319014,14171.7,13293.9,14171.7,8700.15,-1.46312721832949,60.50700275282611
2024-04-26,14003.0,14107.75,13985.65,14083.25,0,13845.1725,13759.524,13459.330999999998,12328.2875,1.7195704856692786,2.352741272154477,4.635587013945951,14.235249624086066,0.8514538807749661,3.5879650912621353,-0.10427047904127962,4.520895644235967,55.82090775028675,69.93595511565125,12.180183232601237,17.26948622385585,178.88928571428602,1.2702272963576307,14171.7,13385.05,14171.7,8700.15,-0.6241311910356606,61.87364585668064
2024-04-29,14152.6,14164.45,14077.65,14153.05,0,13879.8225,13769.816,13478.8555,12347.715750000001,1.9685230124520618,2.783145395697361,5.001867554704475,14.620795348321797,0.49562423446292136,3.4485153037916882,0.7399050472983948,5.148569284660898,56.97015639961694,68.70437202126774,12.15177169679537,17.276390668702717,178.13928571428616,1.258663579329446,14171.7,13385.05,14171.7,8721.95,-0.13160030201035483,62.269331972781295
2024-04-30,14209.9,14277.55,14144.05,14161.9,0,13911.592500000002,13777.527,13497.1295,12367.675500000001,1.7992728007235486,2.789854812115408,4.925273184939068,14.507370443217063,0.06253069126442856,2.7665603581833897,2.3162564210009284,4.697445754629803,58.25274016763376,69.39079983423125,12.135398187866002,17.144194591684155,170.78928571428605,1.2059772044308041,14277.55,13385.05,14277.55,8770.85,-0.8100129223851406,61.46553640753175
2024-05-02,14217.75,14260.45,14164.55,14243.6,0,13935.142499999998,13784.111,13514.921,12388.18425,2.2135223949091465,3.3334685131308035,5.391663036728073,14.97730185922929,0.5768999922326934,2.4586744162626406,3.4731756928553237,3.4198335826205684,61.553175210405506,69.64657534246575,10.69670801254147,17.05047767101993,166.81785714285758,1.1711776316581313,14277.55,13385.05,14277.55,8770.85,-0.23778589463877842,62.397031074525266
2024-05-03,14268.95,14298.75,14113.9,14189.3,0,13948.477499999999,13787.188,13531.7335,12407.8845,1.726514596306301,2.916562826299309,4.859440218801227,14.357125100576162,-0.3812238479036223,1.6108877248135256,3.6695270346787767,1.9155904787898637,53.790613718411485,62.75716385011016,10.287288259113478,16.973157901138126,167.7892857142862,1.1825057311797356,14298.75,13385.05,14298.75,8834.65,-0.7654515254830019,60.609644977446756
2024-05-06,14292.3,14294.55,14083.05,14157.95,0,13958.5825,13789.902,13547.819,12427.24425,1.428278981766238,2.668967480697112,4.503536694725558,13.92670583423997,-0.22094113169781604,0.5304173397475687,4.137413619997865,1.4481382359369022,54.58335087793172,57.76963454491434,10.332524395935273,16.98021817105813,173.32142857142895,1.224198620361203,14298.75,13385.05,14298.75,8861.4,-0.98470145991782,59.77102940844563
2024-05-07,14186.95,14190.2,13775.1,13874.7,0,13955.26,13787.715999999999,13560.253999999999,12445.648000000001,-0.5772733721908405,0.630880415581538,2.318879867589514,11.482343064820727,-2.0006427484205003,-1.966713888525784,1.4139789858382823,-0.4766464746451926,51.32235331380163,47.70054688164122,12.689965053940004,17.568872874993826,181.79642857142895,1.310272860468543,14298.75,13385.05,14298.75,8996.95,-2.965643849986882,54.21559528506883
2024-05-08,13876.95,14059.0,13796.4,14010.4,0,13956.8625,13791.653,13574.116000000002,12463.937999999998,0.3835926591667745,1.5860825384745352,3.2140877534861034,12.407491115568783,0.9780391648107623,-1.0697717114229066,1.667192766669201,0.22928314142942607,59.256879346840044,51.836334226087885,13.146693713637156,17.4832981205367,187.5642857142861,1.338750397663779,14298.75,13385.05,14298.75,9027.25,-2.0166098435177924,55.201196377634375
2024-05-09,14034.75,14039.7,13730.9,13755.65,0,13946.789999999999,13787.527,13584.8255,12480.821000000002,-1.3704945725862328,-0.2312017231226485,1.257465544919946,10.214304010930032,-1.8182921258493745,-3.4257491083714786,-1.0513027090017113,-1.443351412542726,52.288039490360894,44.70543483429221,14.669322132413399,17.801484012250683,190.1500000000004,1.3823410743948878,14298.75,13385.05,14298.75,9027.25,-3.798234111373374,52.37918524467584
2024-05-10,13794.15,13927.7,13654.05,13909.9,0,13945.205000000002,13784.481000000002,13597.420999999998,12498.5025,-0.25316945860603773,0.9098565263356527,2.2980754953457807,11.292532845434875,1.1213574058659637,-1.96908938425433,-0.38992147862235704,-0.22737705858725255,60.0672322714903,48.94459102902373,15.26231302294665,17.91059134674083,188.1250000000005,1.3524540075773406,14298.75,13385.05,14298.75,9027.25,-2.7194684850074333,54.087900523415215
2024-05-13,13933.1,14086.0,13683.35,14064.8,0,13943.5475,13786.219,13609.913499999999,12516.546999999999,0.8695957753935911,2.0207208372360843,3.342317348306443,12.369649552708113,1.1135953529500586,-0.657934234829205,-0.1310066923473019,-0.23514057008289235,61.75920532237789,52.593138286676464,15.254620626427606,18.03579691124866,209.15000000000055,1.487045674307495,14298.75,13385.05,14298.75,9062.2,-1.6361570067313627,55.202930855642094
2024-05-14,14091.1,14189.1,14004.0,14163.15,0,13949.25,13790.843,13621.538,12534.97625,1.5334157750416662,2.699668178370233,3.976144250377595,12.98904535220001,0.6992634093623717,2.07896386948907,0.07136270980461212,0.8117957733947412,61.73456865873114,51.40668824163967,15.397250161063864,18.08153297889467,212.66071428571482,1.5015071808581766,14298.75,13385.05,14298.75,9095.05,-0.9483346446367715,55.72371784652091
2024-05-15,14213.1,14281.25,14156.0,14262.55,0,13970.3125,13803.729000000001,13633.87,12554.05075,2.0918465496029475,3.3238916817332336,4.611163228048958,13.60914723082507,0.7018212756342956,1.7997344829555173,0.7107097211532354,3.043428001705051,61.217001958894315,54.50687274339644,14.451251853450742,17.35825743768598,211.9678571428576,1.4861848487322227,14298.75,13385.05,14298.75,9095.05,-0.25316898330274135,56.816620029576534
2024-05-16,14314.55,14411.5,14263.25,14396.9,0,14001.882499999998,13816.75,13647.448,12573.786499999998,2.821174224251645,4.198889029619843,5.491517534999945,14.499319675898755,0.9419774163806682,4.661720820172066,1.076272852368776,4.586829392321379,62.874661428103686,62.1066852610477,14.459397369820964,17.35950316049129,212.9071428571433,1.4788401868259369,14411.5,13385.05,14411.5,9095.05,-0.10130798320785736,58.29379717538662
2024-05-17,14440.3,14525.15,14404.25,14515.2,0,14043.289999999999,13829.091999999999,13662.8235,12593.84275,3.3603948932194787,4.961338025663594,6.238655575108617,15.256322380236176,0.8217046725336852,4.351576934413637,2.2968011106961006,6.05060988306465,62.86139645675154,66.03910829660694,14.283009296993715,17.285739824632465,211.82500000000047,1.459332286155206,14525.15,13385.05,14525.15,9095.05,-0.06850187433519729,59.59450470310775
2024-05-18,14581.65,14600.7,14551.15,14578.9,0,14092.4625,13841.131000000001,13683.0125,12613.905,3.4517565684492686,5.330265279622007,6.547443408386851,15.578006969293007,0.4388503086419693,3.6552243899664383,2.973241182515829,7.233670088154476,62.72599587604221,69.20145542230932,13.821857326754916,17.26999707251621,211.73214285714326,1.4523190560134391,14600.7,13612.3,14600.7,9095.05,-0.14930790989473855,60.294885679572964
2024-05-21,14577.7,14627.65,14518.35,14614.5,0,14139.125,13852.286,13701.508999999998,12633.74675,3.362124601062654,5.502441979612606,6.663433932715017,15.6782725599593,0.24418851902408,3.186791074019557,5.332007178533593,6.821379625399726,63.31254779692925,72.48218501114127,13.786959842531402,17.23877039962313,210.00357142857177,1.4369535148556007,14627.65,13654.05,14627.65,9095.05,-0.08989824066066412,60.68630738698524
2024-05-22,14654.15,14658.55,14474.05,14618.6,0,14181.022500000001,13864.877,13719.313,12653.404750000002,3.0856554948699886,5.436204013926701,6.554898193517418,15.530960155210389,0.02805432960415466,2.496397909209791,4.341060926169127,6.080627546596129,61.55766504345682,71.45309317281945,13.746132722054455,17.190724157134678,216.1428571428574,1.4785469001331002,14658.55,13654.05,14658.55,9095.05,-0.27253718819391354,60.73138685328835
2024-05-23,14675.95,14686.4,14533.25,14677.45,0,14219.805000000002,13880.11,13737.0315,12672.685249999999,3.218363402311062,5.744478970267528,6.845864042751898,15.81957344044351,0.402569329484348,1.948683397120221,6.701246396935079,5.579493303025518,65.00291975289676,70.91320367520174,13.58256913294069,17.14531930936193,213.87857142857163,1.4571916199923802,14686.4,13654.05,14686.4,9095.05,-0.060940734284773056,61.37844211961454
2024-05-24,14687.85,14762.3,14623.8,14662.65,0,14254.719999999998,13894.395,13754.193000000001,12692.03375,2.8617187850761163,5.529243986513981,6.604945851784969,15.526402535763815,-0.10083495430065481,1.0158316798941636,5.411613311382535,5.000590790119119,65.670992982674,68.66887498466446,13.629288005251794,17.14957243954309,208.6642857142859,1.4231007745140607,14762.3,13654.05,14762.3,9095.05,-0.6750303137045016,61.21571624125212
2024-05-27,14717.55,14883.85,14669.7,14783.75,0,14289.744999999999,13912.542,13771.368,12712.7595,3.457059590636509,6.262033207159415,7.351353910519272,16.290644843867298,0.8259080043511835,1.4051128685977687,5.111697286843753,4.973993928958165,81.38659669233154,69.54395840290033,13.61457510258164,17.163957207047662,194.81428571428594,1.317759605744726,14883.85,13654.05,14883.85,9140.9,-0.6725410428081469,61.73188635692328
2024-05-28,14819.95,14856.95,14595.1,14664.7,0,14315.3275,13931.45,13786.5655,12732.7685,2.4405484261537245,5.263271231637769,6.369494273247388,15.172909960626399,-0.8052760632451084,0.34349447466557326,3.541231999943517,3.6151218288637432,72.8536500174642,63.867490281189646,14.074236475986876,17.05544156692628,194.76071428571453,1.3280920461087817,14883.85,13654.05,14883.85,9247.9,-1.472401294020026,58.57329772164492
2024-05-29,14616.25,14700.9,14556.3,14637.8,0,14339.122499999998,13960.425,13800.689500000002,12752.28725,2.0829552157044593,4.852108728781538,6.065715049961793,14.785682858578959,-0.18343368769904167,0.13133952635682178,2.6310161927565634,3.360424801756823,86.64478876749874,61.80273185459325,14.128782138884551,14.407505385234307,183.03214285714304,1.2504074577951814,14883.85,13654.05,14883.85,9248.05,-1.6531341017277188,58.27985359075698
2024-05-30,14624.35,14634.25,14358.6,14390.85,0,14346.485,13980.097999999998,13812.6145,12770.3075,0.3092395105839499,2.938119604025682,4.186285659387661,12.689925438365519,-1.6870704614081244,-1.95265526368682,-0.04202293549305791,1.0337976354292344,68.55016006479731,54.995309056793154,15.48286090587753,14.639165911962385,183.42857142857142,1.2746194382442413,14883.85,13654.05,14883.85,9254.95,-3.3123150260181338,55.4935466966326
2024-05-31,14437.9,14492.3,14325.65,14443.45,0,14359.192500000001,14002.056,13824.787999999999,12788.4895,0.5867843891639429,3.152351340403154,4.47501979777196,12.941016216184101,0.36551002894200657,-1.494954868321885,-0.4943094135802517,1.7911383930144575,65.85570118504253,54.41647698393406,15.429993374672755,14.580687431605929,166.57142857142858,1.1532662111298102,14883.85,13654.05,14883.85,9340.45,-2.958911840686379,54.63334207666654
2024-06-03,14951.85,14958.0,14747.75,14919.5,0,14397.27,14036.423,13839.3675,12808.76475,3.6272848949835597,6.291325076196403,7.804782263351267,16.478835322508363,3.2959576832404913,0.9182379301597932,2.3362530780785873,5.378956699239645,74.06076029902972,63.60131132883808,19.094802296564986,15.91102408899611,190.10357142857134,1.2741953244315918,14958.0,13654.05,14958.0,9419.9,-0.25738735125016715,58.38278537988727
2024-06-04,14937.75,14937.75,13284.2,13762.25,0,14391.647500000001,14052.03,13844.0795,12823.224750000001,-4.373352668622553,-2.0621931493172205,-0.5910793852346761,7.322847944312905,-7.756627232816116,-6.1538933629736725,-5.831537171986723,-0.8104679740823295,40.487146334043224,44.8073591937431,33.595117341017264,23.66949460171348,299.267857142857,2.174556174628836,14958.0,13284.2,14958.0,9459.6,-7.994050006685385,45.48448137341959
2024-06-05,13908.9,14514.95,13580.2,14456.35,0,14413.945000000002,14081.653999999999,13856.1125,12841.449750000002,0.29419426812020466,2.6608806039404307,4.331932928518017,12.575684844306606,5.043506694036215,-1.2395988468212327,-1.1098874037185458,3.1829926340432912,50.932008089422624,56.889873372739004,38.00484776646388,26.108799232957164,355.3964285714284,2.4584105155964564,14958.0,13284.2,14958.0,9485.65,-3.3537237598609417,52.402312967482466
2024-06-06,14607.95,14824.65,14563.7,14724.25,0,14462.375,14110.031,13870.9965,12860.985750000002,1.810733022757327,4.353066268954328,6.151349688538965,14.487725017501074,1.8531648721841876,2.3167498792635577,0.3188564771128499,7.04147023223185,53.1304751493733,58.199046689255155,37.67155020644768,25.83798879847155,372.5428571428569,2.530131294584491,14958.0,13284.2,14958.0,9541.1,-1.5627089183045864,54.32444896290784
2024-06-07,14753.75,14963.3,14716.95,14952.4,0,14514.5,14142.48,13887.803999999998,12881.55675,3.0169830169830143,5.726859786968057,7.665689982375914,16.07603250282618,1.5494846936176643,3.5237425961248903,1.976109366315093,7.49466207521261,55.33053605069361,63.829983936764,37.8154521003227,26.010547808831248,384.0321428571425,2.5683645625929117,14963.3,13284.2,14963.3,9571.65,-0.07284489384026008,56.21549053715922
2024-06-10,14992.4,15045.2,14817.7,14908.0,0,14556.66,14171.158000000001,13903.345999999998,12901.728000000001,2.413603120496049,5.1995891937694765,7.225987183229147,15.550413091951706,-0.29694229688879137,-0.07708033111029078,0.840449818212563,5.995108355611167,54.17829280792665,61.834803642572574,37.78874034462198,25.966190717615667,392.47499999999974,2.632646900992754,15045.2,13284.2,15045.2,9571.65,-0.9119187514954984,55.751620671462085
2024-06-11,14955.5,15093.45,14906.65,15031.9,0,14600.0975,14202.595,13918.8895,12922.83425,2.9575316192237744,5.839108979732227,7.9964030176401675,16.32045810693579,0.8310973973705282,9.225599011789498,2.503972123534748,6.133875585586535,55.68970264317179,61.552152515648146,37.809223537173736,25.991787500178436,392.6392857142855,2.6120402990592373,15093.45,13284.2,15093.45,9571.65,-0.40779278428723115,57.04606833722503
2024-06-12,15103.05,15273.6,15089.25,15243.4,0,14649.14,14236.932999999997,13937.215,12944.51,4.056620388637151,7.069408839670753,9.371922582811555,17.759575294854727,1.4070077634896538,5.444320315985696,4.137233737310253,6.877101219627635,57.47691332091473,62.56411449307389,37.98472458396376,26.119183148713155,398.9642857142856,2.617291980229382,15273.6,13284.2,15273.6,9590.25,-0.1977267965640106,58.94684705821016
2024-06-13,15372.3,15387.15,15283.35,15378.35,0,14698.2125,14269.048,13958.629,12966.357250000001,4.627348393554664,7.774183673641014,10.17092008104807,18.60193039182226,0.8853011795268761,4.442331527921639,6.861999117494788,6.817092568539063,59.1643618111043,62.87115007497982,37.97375721047255,25.914431160957648,399.3392857142856,2.596762888829332,15387.15,13284.2,15387.15,9590.25,-0.0571905778522941,60.35400537003728
2024-06-14,15429.1,15539.05,15383.45,15523.6,0,14748.632500000002,14301.068000000001,13980.94,12988.571750000001,5.254504104024551,8.54853637504555,11.034022032853297,19.51737495695013,0.9445096515555917,3.820122522136926,7.478476402798506,6.94720017636683,59.415365428422355,62.96428407051135,37.99613743699259,25.891917582636076,395.0178571428569,2.5446279029532897,15539.05,13284.2,15539.05,9590.25,-0.09942692764357479,61.86856442741326
2024-06-18,15566.1,15599.7,15475.4,15591.55,0,14799.265,14333.782,14002.083499999999,13010.905,5.3535428955424464,8.774850908155294,11.351642775162714,19.83447730961066,0.43772063181219956,4.585122082103554,4.504507523710566,6.945997297464146,61.95056539061592,62.53012188449493,37.99610822984671,25.896067829530345,385.19285714285695,2.4705231817417572,15599.7,13284.2,15599.7,9592.55,-0.05224459444733844,62.53811551672913
2024-06-19,15629.7,15629.9,15352.05,15442.95,0,14840.6875,14363.818000000001,14021.78,13033.064750000001,4.058184635988062,7.512849299538601,10.135446426915841,18.49054920102349,-0.9530803544227417,2.7345179252123986,12.212392595687493,5.6686852098942975,60.0655073695791,59.86369707416753,38.28285362940774,26.023024469778445,394.71071428571406,2.555928202096841,15629.9,13284.2,15629.9,9694.35,-1.1961049015028817,59.29845734886816
2024-06-20,15500.25,15633.95,15417.3,15616.6,0,14890.5875,14396.583,14047.4555,13055.79625,4.875647116005334,8.474351170690989,11.170311235369283,19.614305408603485,1.1244613237755718,2.4482726950680433,8.025884818782059,6.826919130422882,65.60967844635468,61.0900841080124,38.375623132046236,26.10236501960419,390.24285714285713,2.498897693114104,15633.95,13284.2,15633.95,9762.65,-0.11097643269935213,59.96271504151025
2024-06-21,15704.65,15748.65,15597.65,15623.8,0,14937.904999999999,14429.917000000001,14070.131500000001,13078.36225,4.5916411973432725,8.273665052959057,11.042316839753756,19.462970220143575,0.04610478593292111,1.5960750015443725,6.109309472468882,6.447645878541564,65.20736436605384,61.11676361947313,38.39113053469312,26.091028953017087,389.125,2.4905912774101053,15748.65,13284.2,15748.65,9762.65,-0.7927663641010522,60.03646550885261
2024-06-24,15590.15,15734.2,15458.45,15707.65,0,14990.155000000002,14465.237999999998,14094.808,13100.868999999999,4.786441501105205,8.588949590736096,11.442809295451195,19.89777166690241,0.536681217117474,1.1856141616635174,5.0510285974157965,7.126951812939675,61.29591675863156,61.330591056070034,38.36042962113652,26.086812140699266,372.0678571428572,2.3687047848841627,15748.65,13284.2,15748.65,9762.65,-0.2603397751553308,60.89535115977732
2024-06-25,15757.5,15816.45,15629.95,15659.85,0,15033.960000000001,14496.476,14115.9685,13123.236499999999,4.163174572767251,8.025219370555988,10.93712769336372,19.329176152544395,-0.30431032013062964,0.43805779412566803,5.043265360880067,5.926101293650121,89.87895090786827,60.88860256382261,38.393297227531896,26.038838027726353,267.2785714285715,1.7067760638101355,15816.45,13284.2,15816.45,9762.65,-0.9901083997989458,60.4057300015877
2024-06-26,15656.45,15691.65,15580.15,15595.45,0,15080.497500000001,14527.403,14137.1595,13144.910750000003,3.414691723532326,7.3519472131392,10.315300609008487,18.64249439654809,-0.41124276413886385,0.9875056255443493,3.7490270690997196,6.346873785348484,82.5550157187769,58.97421722978952,38.26584013841957,26.046534583716923,208.4750000000001,1.3367680958228207,15816.45,13284.2,15816.45,9762.65,-1.3972794147865037,59.746073043692036
2024-06-27,15623.5,15724.8,15493.45,15641.8,0,15130.6975,14563.413,14157.371500000001,13166.484499999999,3.377917640611076,7.404768374006826,10.485198470634172,18.80012466501594,0.29720206855203823,0.16136675076521279,2.6135901439311437,6.858954214431123,80.02552439543189,60.97939186911477,38.21724435692799,25.753353443885224,198.6928571428572,1.2702684930305796,15816.45,13284.2,15816.45,9762.65,-1.1042300895586648,60.22084167720855
2024-06-28,15683.1,15763.4,15651.85,15711.15,0,15196.7125,14602.326,14179.1895,13187.851999999999,3.385189395403776,7.593475176489011,10.804288214075983,19.133502559780023,0.4433632957843825,0.5590829375696105,2.1640813221184274,9.174579680838857,77.70879742906195,61.94695190498984,37.44378403610613,25.689932222870603,189.78214285714304,1.2079455855054726,15816.45,13284.2,15816.45,9762.65,-0.6657625446923999,60.93120208140208
2024-07-01,15745.4,15849.65,15689.7,15840.4,0,15266.559999999998,14645.393,14201.016500000002,13209.70575,3.7588035549593495,8.159610329337012,11.544127844651106,19.91485881507997,0.8226641588935157,0.8451296024548638,2.0407637403695,9.671858177928394,82.06327372764798,66.56836859490909,37.462517144980936,25.64378204943279,184.95714285714297,1.1676292445717467,15849.65,13284.2,15849.65,9762.65,-0.05836091017782727,62.25512540140229
2024-07-02,15874.2,15886.8,15621.4,15711.45,0,15306.157499999998,14687.713,14221.130500000001,13230.659,2.647904936297717,6.97002317515328,10.47961341751276,18.750320751218823,-0.8140577258149984,0.3295050718876702,0.769006288662788,5.308153758503975,73.28741304273342,64.24463017884429,36.19868866242346,25.674139307946398,190.57142857142858,1.2129461543742213,15886.8,13284.2,15886.8,9762.65,-1.1037465065337169,60.93427501754136
2024-07-03,15795.5,15879.65,15749.4,15862.3,0,15411.159999999998,14731.333999999999,14241.124500000002,13251.734749999998,2.927359134549257,7.677281636544256,11.383760460769775,19.699800058252766,0.9601278048811501,1.7110759869064296,2.715478584078812,15.259496085305813,72.12886155606418,61.426216792708956,20.21052596898708,25.706382822980224,185.32142857142844,1.168313728598176,15886.8,13580.2,15886.8,9900.8,-0.15421607875720725,60.21230607627667
2024-07-04,15921.4,16001.05,15881.0,15976.05,0,15487.145,14775.242,14261.577,13272.98675,3.156843950256802,8.127162993337091,12.02162285419067,20.365146902598987,0.7171091203671542,2.136902402536789,2.3017174032760046,10.512335409698847,71.69982573337215,85.91382498945534,12.171448740194823,25.705604313726205,184.96428571428558,1.1577598074260258,16001.05,14563.7,16001.05,9966.0,-0.15623974676661845,60.305538832028894
2024-07-05,15987.85,16118.65,15959.7,16097.35,0,15555.8,14819.153,14283.0645,13296.541000000001,3.481338150400501,8.625304023785976,12.702354596242282,21.06419255955364,0.7592615195871399,2.4581268716802995,3.0309527771732903,9.325432534764078,71.1989654535379,82.6983620930141,11.138551983887766,25.693341843799427,184.83928571428558,1.1482590967723605,16118.65,14716.95,16118.65,10060.4,-0.13214506177626087,60.00705737346429
2024-07-08,16145.9,16146.5,15924.35,15988.95,0,15607.627499999999,14859.645,14304.545,13319.211,2.4431804257245506,7.599811435602938,11.775313370680442,20.04427289274118,-0.6734027650513896,0.9377919749501418,1.790847134994733,6.932331933335134,64.25701370452764,76.91080091922727,11.020162757176223,25.784760961126672,191.8285714285712,1.1997571537128529,16146.5,14817.7,16146.5,10095.8,-0.9757532592202599,58.37229342895067
2024-07-09,16039.4,16080.3,15948.65,16027.45,0,15663.6,14898.529000000002,14329.0265,13341.43425,2.322901504124214,7.577399084164606,11.853027838283367,20.13288601261143,0.240791296489129,2.011272034089795,2.347404349339244,7.509055540649312,72.76799626051738,74.88368863273395,10.771759303904352,25.752110988819428,181.385714285714,1.1317191086898664,16146.5,14906.65,16146.5,10095.8,-0.7373114916545336,58.753640127577825
2024-07-10,16078.85,16079.35,15624.4,15947.75,0,15709.392500000002,14934.423,14352.119499999999,13362.9935,1.5172929188700213,6.785176769132622,11.117734213403123,19.34264579265117,-0.4972718679515542,0.5386986754758238,2.2589922060600953,6.092709504453864,63.91795906359017,73.67965565146105,11.037926511747912,25.80421098577441,198.40714285714253,1.2441074311871112,16146.5,15089.25,16146.5,10099.1,-1.2309169169789118,57.912586270063656
2024-07-11,16026.5,16033.9,15917.0,15966.15,0,15745.529999999999,14970.508,14374.0175,13384.84675,1.4011595671914556,6.65068947560096,11.076461399883502,19.28526563070286,0.11537677728832296,-0.06196775798773535,2.0736104540398204,4.7413962764212725,64.25448640546284,72.35101318213361,10.240839422426323,25.80248532894529,195.97142857142822,1.2274181851694255,16146.5,15283.35,16146.5,10099.1,-1.116960331960489,58.09478072303471
2024-07-12,16037.65,16038.8,15934.75,15954.9,0,15774.357500000002,15004.733999999999,14394.4225,13406.647749999998,1.1445315601602013,6.332441481468456,10.84084825216155,19.007378261280877,-0.07046157025958344,-0.8849282645901346,1.5514459476231757,3.7491018217168826,60.957234655439876,68.82573953537604,9.993443300052396,25.8016629872724,183.70714285714243,1.151415194436458,16146.5,15352.05,16146.5,10099.1,-1.1866348744309936,57.98338465803883
2024-07-15,16025.15,16101.65,15904.1,16088.45,0,15802.6,15042.716999999999,14414.9525,13429.5775,1.8088795514662168,6.951756122248407,11.609455528903071,19.79863104405184,0.8370469260227331,0.6223047792381697,1.5659326784677186,3.6386534051379815,67.65238879736413,68.80262670126575,9.892039071869496,25.795678113512494,184.4964285714281,1.1467632281010793,16146.5,15352.05,16146.5,10099.1,-0.3595206391477984,59.30577972294561
2024-07-16,16164.75,16177.45,16068.25,16104.6,0,15828.252499999999,15081.65,14435.776000000002,13452.626,1.7459128858350073,6.782745919710381,11.560334546615287,19.713429928104745,0.10038257259088468,0.4813616638953855,2.502315190513915,3.290564440353916,71.83787261419688,66.51318781264217,9.848167810096092,25.774642453877217,184.33214285714243,1.1445931153654385,16177.45,15352.05,16177.45,10161.45,-0.4503181898259637,58.48722377219786
2024-07-18,16091.6,16092.9,15875.55,16002.75,0,15856.242499999998,15124.211000000001,14455.963500000002,13474.6365,0.923973633728177,5.808825333103319,10.69998896995,18.76201632600627,-0.6324280019373352,0.34487623645969023,0.885432755653337,3.624955076588332,64.77789150460598,61.46617589649216,9.422405230026298,25.333689849706136,184.16785714285692,1.150851304574882,16177.45,15417.3,16177.45,10161.45,-1.079898253433024,57.484906189569394
2024-07-19,16001.0,16001.0,15570.5,15596.4,0,15855.232500000002,15155.931,14473.792,13494.845,-1.6324736959864967,2.906248385533024,7.756142965160756,15.573020660852352,-2.5392510662229917,-2.315836942531546,-2.3763696282873448,-0.12934953831179596,46.31798491897962,53.741131725869735,12.888325474305006,26.06845069612691,206.3571428571426,1.3231075303091906,16177.45,15458.45,16177.45,10161.45,-3.5917279917415974,53.48596903001047
2024-07-22,15571.9,15923.55,15477.8,15867.1,0,15867.397500000001,15198.16,14492.8435,13515.9055,-0.0018749136397483081,4.401453860204133,9.482311045448048,17.395760128686895,1.7356569464748395,-0.5503011613986919,-1.4303596554712472,1.557239596000981,50.7854327234218,55.8312770613157,14.293062371613468,25.85369253622507,226.7714285714284,1.4291926601044198,16177.45,15458.45,16177.45,10219.05,-1.9184111216539093,55.269814708803665
2024-07-23,15959.7,15977.05,15274.0,15843.55,0,15874.1925,15236.833,14510.657,13537.855,-0.19303344091360825,3.9819101515387008,9.185614407397267,17.031464733519453,-0.1484203162518738,-1.522210032663196,-0.9093780392083417,0.8651835252249773,54.14288402433665,55.07681644911632,14.210114947554908,25.80315000926622,258.0321428571427,1.628625799502906,16177.45,15274.0,16177.45,10314.45,-2.0639841260520133,53.60537886169401
2024-07-24,15849.95,16012.55,15822.35,15981.15,0,15890.257500000002,15275.16,14530.6895,13559.7025,0.5720014291775831,4.621817381945589,9.982048683925145,17.857674237321948,0.8684922255428829,-0.7665511717149132,-0.2888793912943166,2.0517437906493408,53.75857816008349,56.16546438232642,14.433704493240896,25.767970875069317,259.60357142857123,1.6244361102209244,16177.45,15274.0,16177.45,10314.45,-1.2134174421803257,54.939429635123524
2024-07-25,15832.3,15973.25,15799.7,15938.85,0,15907.4275,15310.674,14550.758500000002,13581.35875,0.1975335106823563,4.102863139793842,9.539650458771606,17.358287144870545,-0.2646868341765085,-0.39930636921778895,-0.05580724553619909,2.2019242791968097,48.76788553259146,56.305084745762706,14.373356963331918,25.77605691758176,262.6535714285711,1.6478828235949965,16177.45,15274.0,16177.45,10385.2,-1.4748925201437826,53.47658205908408
2024-07-26,15994.75,16305.65,15983.35,16296.3,0,15940.1525,15351.348999999998,14577.539,13605.59575,2.2342791262505117,6.155491611844672,11.7904743729377,19.776453008314604,2.2426335651568374,4.487574055551269,2.0678122152178124,4.184301039522298,55.6981240154661,63.98595118836181,16.241702297384943,26.14452524850247,277.4999999999997,1.702840522081698,16305.65,15274.0,16305.65,10412.65,-0.05734208694532487,56.50482826177774
2024-07-29,16419.85,16500.1,16371.7,16455.9,0,15977.39,15392.528999999999,14604.6395,13630.605750000002,2.9949196958952746,6.9083579442988405,12.675838386835924,20.72757661558804,0.9793634137810647,3.71082302374095,3.140101160145181,4.7402640799687035,62.992848994128934,65.54337864670845,16.45383630623019,26.149524088248484,276.1892857142854,1.6783602581097685,16500.1,15274.0,16500.1,10412.65,-0.26787716438080433,58.03757929057447
2024-07-30,16465.5,16585.4,16430.75,16546.55,0,16012.6975,15433.156,14631.124000000002,13655.62,3.3339323371343212,7.214298877041083,13.091448066464324,21.170258106186303,0.5508662546563681,4.437136879045411,2.847384303646394,4.457905103406468,64.03655832567189,65.82137040263626,16.35349002634435,26.1277960883056,277.8321428571427,1.6790940882367786,16585.4,15274.0,16585.4,10428.75,-0.2342421647955562,58.66283111590555
2024-07-31,16643.45,16693.85,16579.45,16661.65,0,16060.2075,15474.810999999998,14657.970999999998,13681.85,3.744923594542605,7.669489469047496,13.66955221838005,21.7792184536448,0.6956132849446073,4.25814162309972,3.4589496168796474,6.047818629088986,68.94136375696472,65.63719796645026,15.956474602208443,26.142389533461262,255.8571428571426,1.5356050742702108,16693.85,15274.0,16693.85,10428.75,-0.19288540390621153,59.76651084741701
2024-08-01,16735.65,16743.6,16402.15,16505.95,0,16092.390000000003,15512.64,14682.462999999998,13706.5375,2.569910373785358,6.403229882212191,12.419489836276128,20.42392179644203,-0.9344812788649404,3.5579731285506844,3.1444595460155433,4.057734376477562,63.3494905529726,64.97530817657479,16.32798176737752,26.284449841727387,271.89642857142815,1.6472631297891254,16743.6,15274.0,16743.6,10520.85,-1.4193482883011888,56.88798908833412
2024-08-02,16336.9,16419.15,16227.4,16269.15,0,16107.044999999998,15545.651000000002,14705.264000000001,13729.845500000001,1.0064229658512869,4.654028319560228,10.634871975096798,18.4947784008203,-1.434634177372407,-0.16660223486312242,4.3134954220204635,1.8346211986066674,56.99156784657483,57.42792981943657,17.194768919931168,26.553823492864886,284.360714285714,1.7478523111884394,16743.6,15274.0,16743.6,10548.9,-2.833620010033678,54.226033046099595
2024-08-05,15844.2,15968.8,15615.3,15735.95,0,16088.975,15566.821000000002,14723.4655,13750.29375,-2.194204416378294,1.086471027064543,6.876672479043744,14.440827855041277,-3.277368516486723,-4.3750265862092075,-0.8265530563240864,-2.245090030346608,43.34151870041557,46.19866375352272,20.736567228752364,27.690335172600157,316.9535714285712,2.014200422780774,16743.6,15274.0,16743.6,10548.9,-6.018120356434685,49.171477594820324
2024-08-06,15852.55,16066.4,15612.85,15654.65,0,16072.26,15586.661,14740.527999999998,13770.433500000001,-2.598327802063932,0.4361999019546237,6.201419650639389,13.683058706902717,-0.5166513620086577,-5.3902475138321915,-1.1922832950948425,-2.0908189718524373,41.704920450565055,42.90112568551362,20.687016718105518,27.725770187541148,341.54999999999967,2.1817798545480076,16743.6,15274.0,16743.6,10548.9,-6.503679017654501,48.400781124098245
2024-08-07,15940.1,16096.2,15839.95,16077.7,0,16074.772499999997,15612.54,14762.541000000001,13792.5775,0.01821176629406992,2.979399892650394,8.908757645448704,16.56776987477505,2.702391941052662,-3.5047549312343107,0.6041492633508838,0.31352460934210846,51.23543277234741,51.292695360862275,22.94318412766003,28.276910710342733,356.7285714285711,2.2187786277177155,16743.6,15274.0,16743.6,10548.9,-3.9770419742468635,52.41115187365508
2024-08-08,16098.75,16179.4,16008.05,16052.6,0,16080.015,15640.297999999999,14785.874,13814.477249999998,-0.17049113449209502,2.63615181756768,8.567136443878804,16.201284417041567,-0.15611685751071303,-2.7465853222625847,0.7136650385692889,0.6574595162327057,58.600731495795785,50.36775995437729,22.871911173482204,28.197584078688763,338.0928571428568,2.106156368082783,16743.6,15274.0,16743.6,10548.9,-4.126949998805504,52.17321237285405
2024-08-09,16220.05,16294.8,16148.0,16176.55,0,16090.535,15671.073,14815.749,13837.646250000002,0.5345689251476065,3.225541735399988,9.184827577735014,16.90246814916227,0.7721490599653658,-0.5691754025256457,-0.7348293784478654,1.3177879451213848,56.175783822619564,53.302921815452116,23.017951127135003,28.212928102960007,323.55357142857105,2.000139531782556,16743.6,15274.0,16743.6,10582.0,-3.386667144461163,52.86855036855036
2024-08-12,16134.7,16230.7,16013.9,16196.75,0,16102.627499999999,15707.191,14843.6445,13860.940750000002,0.5845164088904206,3.1167826252319673,9.115722894064188,16.851736776957207,0.124872114264174,2.9283265389124846,-1.574815111905159,1.5158352606409409,57.058353317346125,53.3271772378369,23.011964451120505,27.875640894006025,288.8214285714283,1.7832060664727696,16743.6,15274.0,16743.6,10666.2,-3.266024033063371,51.85117473889481
2024-08-13,16265.4,16295.3,16031.9,16055.35,0,16100.972499999998,15739.428999999998,14870.7425,13884.48525,-0.28335244967344475,2.0071947972191504,7.9660279236225096,15.635183522558036,-0.8730146480003698,2.5596228596615145,-2.968594661727064,-0.20573765651756837,51.480565088993544,51.39686556994062,23.071520535731786,27.988167919107386,294.0499999999998,1.8314767351692722,16743.6,15274.0,16743.6,10674.65,-4.110525812847884,50.406336507520166
2024-08-14,16105.05,16115.15,15880.4,15922.95,0,16091.89,15759.498,14897.960500000001,13908.39825,-1.0498456054571508,1.0371650162968462,6.880065898953079,14.484426702406228,-0.8246472359680679,-0.9625132948120729,-4.433534493882663,-1.1279386013933856,49.69374783312146,47.69780770086802,23.250974096762786,27.181875917373993,297.8571428571427,1.8706153247805384,16743.6,15274.0,16743.6,10674.65,-4.901275711316551,49.16601481079006
2024-08-16,16059.95,16258.1,16002.0,16246.25,0,16104.064999999999,15809.178,14930.604000000001,13934.296750000001,0.8829137239572824,2.7646725212405103,8.811739967117196,16.591818672155078,2.0304026577989687,1.2063466354359953,-1.5733720264510698,1.52161347268438,49.023128720601164,51.815304173982135,24.260295366622444,20.644494201352,295.5964285714285,1.8194748238604508,16743.6,15274.0,16743.6,10674.65,-2.9703886858262174,52.19468554004113
2024-08-19,16341.45,16369.1,16201.7,16260.05,0,16137.247499999998,15845.252,14963.453000000001,13961.132,0.7609878946208244,2.6178062677703005,8.665092208329172,16.466558728905362,0.08494267907979136,0.5161792842107937,-0.05593408383351983,4.255148624041438,45.94672902998816,53.37354136619902,22.193251554822098,17.614153529904907,292.9964285714285,1.801940514152346,16743.6,15274.0,16743.6,10674.65,-2.887969134475258,52.3239637833559
2024-08-20,16349.7,16408.3,16293.45,16394.95,0,16163.64,15878.666000000001,14994.3485,13987.94125,1.4310514215857402,3.251431826829783,9.340862659021168,17.207741346497297,0.8296407452621724,1.2237022859524327,4.187862823661748,3.3266948591740064,46.91894967888793,61.27242698437346,21.596432279285672,17.279206340452493,292.53928571428554,1.7843255741206012,16743.6,15274.0,16743.6,10674.65,-2.08228815786329,53.587705451701005
2024-08-21,16408.8,16456.1,16358.2,16444.35,0,16193.680000000002,15908.505,15025.4925,14015.0525,1.547949570449684,3.368292620833946,9.443001618748923,17.333488404699153,0.30131229433452145,2.422868389664501,5.044507542487375,3.7920794266436353,45.46251827103773,58.69156064142133,21.566758071121438,17.010804813076323,289.010714285714,1.7575076806666974,16743.6,15612.85,16743.6,10674.65,-1.7872500537518814,54.05048409081328
2024-08-22,16518.6,16605.2,16492.85,16575.35,0,16223.39,15941.851999999999,15056.505,14042.585,2.1694602669355736,3.9738042982709896,10.087633218997366,18.036315963193385,0.7966261968396449,4.097230726718348,3.095281041442477,3.718130422403898,51.4642585872225,60.67323960095676,21.538484772639084,17.024970736672064,276.1107142857144,1.6657911554550244,16743.6,15612.85,16743.6,10745.75,-1.0048615590434555,54.2502849963939
2024-08-23,16598.35,16612.05,16451.15,16463.1,0,16249.602499999999,15970.475999999999,15086.5355,14069.65525,1.3138629083388318,3.0845918430984764,9.124457367962304,17.011395854919748,-0.6772104359787257,1.3347695622066613,2.557218145347151,3.2891331557797443,54.31911813829193,57.08156398313177,21.70350294142489,17.08223147870724,267.7071428571427,1.6261040925290053,16743.6,15612.85,16743.6,10794.25,-1.675266967677202,52.517312458021614
2024-08-26,16549.65,16599.3,16508.2,16558.0,0,16262.6875,15996.768,15116.8505,14096.317249999998,1.8158899013462566,3.5084086985571084,9.533397846330487,17.463304112285087,0.5764406460508686,1.83240518940595,2.3580429696072436,1.6058859986622709,72.74689393729763,58.959035726171685,20.358115173836147,16.877894328607386,230.73214285714272,1.3934783358928777,16743.6,15612.85,16743.6,10794.25,-1.1084832413578833,53.396484239294075
2024-08-27,16603.6,16629.55,16546.1,16581.0,0,16268.9425,16020.820999999998,15144.934500000001,14122.665499999997,1.9181179108599151,3.496568621545687,9.482150616102029,17.40701498594584,0.1389056649353737,1.1348006550797596,2.372389522589402,0.7602136619692557,76.48757613015756,54.561038128804874,20.086568538230694,16.79846216756414,204.29642857142855,1.2321116251820068,16743.6,15612.85,16743.6,10810.75,-0.97111732243961,53.37511273500913
2024-08-28,16622.15,16655.55,16516.5,16586.2,0,16270.925,16042.073,15171.5705,14148.69225,1.937658737902126,3.3918746037373126,9.324212677916243,17.227795381583768,0.031361196550272474,0.8626063055092059,3.3063745106771236,0.2396269917294136,69.10504959422904,52.19611676666891,19.997664671613833,16.702899408606456,182.68928571428555,1.1014535319379095,16743.6,15612.85,16743.6,10810.75,-0.9400606799015613,53.42321300557317
2024-08-29,16591.9,16598.0,16402.35,16514.7,0,16263.5775,16060.536,15197.159,14174.25025,1.54407909329913,2.8278259206293033,8.669653321387248,16.511982706104696,-0.4310812603248504,-0.3659047923573078,3.7163339707780185,-0.8819654716069603,66.77679349404592,49.459702454664225,19.892091560591474,16.73655434442027,184.42499999999993,1.1167323657105483,16743.6,15612.85,16743.6,10810.75,-1.3670895147996718,52.76183428531787
2024-08-30,16592.75,16678.0,16560.65,16618.8,0,16269.219999999998,16084.053,15223.9355,14199.839,2.148720098443575,3.324703045930024,9.162312202386826,17.035129764499437,0.6303475085832622,0.9457514076935736,2.293144571824257,0.6836928501540163,66.29093454156998,49.27037749663706,19.730360940038253,16.591039083152687,178.78928571428565,1.0758254850788604,16678.0,15612.85,16743.6,10810.75,-0.7453594209130611,53.72476470180144
2024-09-02,16690.6,16690.6,16548.25,16588.75,0,16285.2,16103.496000000001,15250.039499999999,14225.01,1.8639623707415276,3.013345673510888,8.778406770684109,16.61678972457664,-0.1808193130671265,0.18571083464187232,2.0215189990190785,1.964454197053933,64.3358689291984,51.472890280347215,18.97372739067833,16.455901126584045,173.47142857142833,1.0457172998051592,16690.6,15612.85,16743.6,10810.75,-0.9248309801954093,53.44680063825359
2024-09-03,16619.1,16708.15,16607.65,16651.6,0,16330.982500000002,16124.052,15276.984499999999,14250.19925,1.9632468530291831,3.2718078557424577,8.997950479035964,16.851699459570707,0.37887122296735853,0.42578855316324216,1.5654210595335671,5.8188415697812745,73.13467582353626,57.25202419553633,14.159127005907191,16.4645336494057,163.18571428571417,0.980000205900419,16708.15,15612.85,16743.6,10810.75,-0.5494636756730931,54.02816640843603
2024-09-04,16524.4,16646.0,16497.25,16627.95,0,16379.647499999997,16142.458,15303.848,14274.883249999999,1.5159209012282069,3.0075469299656854,8.65208541015306,16.483964938907658,-0.14202839366785902,0.2517152813785062,1.1164928987767997,6.217322009754289,79.87541317060783,70.96554317679693,13.937849452163848,16.449405318634895,157.44285714285692,0.9468566909502188,16708.15,15839.95,16743.6,10810.75,-0.6907116749086087,53.80940267789007
2024-09-05,16721.4,16747.9,16658.9,16705.15,0,16411.02,16163.364,15329.92,14300.042000000001,1.7922712908765026,3.3519383712450077,8.970888302091605,16.81888766480546,0.464278518999639,1.153215014502229,0.7830905531406751,3.902610448011856,74.57164275005374,74.7386021100227,10.727909595800604,16.43812807391754,142.07142857142844,0.8504648480943208,16747.9,15880.4,16747.9,10810.75,-0.25525588282710066,54.52350669472518
2024-09-06,16703.2,16711.25,16384.2,16413.95,0,16429.0875,16179.733999999999,15353.5685,14323.237,-0.09213840999995117,1.4475886933617215,6.906417228020974,14.596651580924073,-1.7431750089044407,-1.2326401424892164,-0.2985464462950338,2.2510372151551827,56.35320343461038,58.4427649584453,12.710381792597895,16.93018005667611,153.47499999999985,0.9350278269398885,16747.9,15880.4,16747.9,10810.75,-1.9939813349733442,51.82989154313994
2024-09-09,16392.6,16396.7,16240.2,16328.9,0,16436.704999999998,16193.475999999999,15378.444500000001,14345.504749999998,-0.6558796303760303,0.8362874036433,6.180439770745332,13.825900758214878,-0.51815681173637,-1.5664230276542845,-1.3836212102910972,0.9417953766408749,47.15632668876733,56.73475357090625,12.649857338888346,16.98217983565119,155.2964285714284,0.9510526034909175,16747.9,15880.4,16747.9,10810.75,-2.501806196597793,51.043174617857225
2024-09-10,16458.8,16617.25,16444.6,16562.85,0,16455.010000000002,16210.51,15406.418,14368.79175,0.6553627132405054,2.1735281616679445,7.506170480380312,15.269608525017409,1.4327358242135046,-0.532981815561262,-0.10946263795912348,2.2603300044762076,54.402258711642766,58.93675102947301,13.571017145939251,17.23099443948698,168.90000000000003,1.0197520354286855,16747.9,15880.4,16747.9,10810.75,-1.1049146460153387,53.207224290636624
2024-09-11,16634.8,16713.1,16506.1,16545.85,0,16479.535,16224.619,15435.006000000001,14391.921999999999,0.40240819901774344,1.9798985726567626,7.196913302139288,14.966228972058076,-0.10263934045167122,-0.493746974221132,-0.2432745294280947,3.055056414217061,48.80266255377872,58.088133080024086,13.094051261539382,17.15963886811929,172.19642857142844,1.040722770794057,16747.9,15880.4,16747.9,10810.75,-1.206419909361788,53.04997340610039
2024-09-12,16713.0,16779.7,16625.7,16760.15,0,16521.395,16245.592999999999,15466.653,14415.95,1.4451261530881685,3.1673636043941427,8.363134545011135,16.261155178812363,1.2951888237836329,0.32923978533565545,1.4862516424761107,5.257819687934706,61.13422542074301,65.79560735096373,13.155039370047167,17.2394544839734,177.40714285714304,1.0585056986789678,16779.7,16002.0,16779.7,10810.75,-0.11650983033069287,55.03225955646002
2024-09-13,16818.9,16926.1,16789.2,16878.0,0,16552.982500000002,16265.907,15498.6205,14440.630500000001,1.9634981188435259,3.763042540449794,8.900014681951848,16.87855319059648,0.7031559980071656,2.8271683537478776,1.5596793992346036,3.888589674540288,61.7915837570934,71.5445870649011,11.528806170027464,17.185777689336675,179.5321428571428,1.0637050767694205,16926.1,16201.7,16926.1,10810.75,-0.28417650846916037,56.12237818837731
2024-09-16,16952.5,16979.65,16861.7,16889.95,0,16584.4775,16284.185,15529.713499999998,14465.2785,1.841918143034653,3.71995896632224,8.758928488925458,16.762010492919305,0.0708022277521092,3.435932610279946,1.8156883430035409,3.8739118268394046,61.47787643496679,66.8941262925831,11.530680199884511,17.13339004713373,181.99642857142848,1.0775427314552646,16979.65,16240.2,16979.65,10810.75,-0.5282794403889404,56.232916310154245
2024-09-17,16913.0,16925.95,16804.4,16881.0,0,16608.780000000002,16299.858,15559.505499999997,14489.90725,1.639012618627,3.5653194033960287,8.493165158751367,16.50178092064737,-0.05299009174094538,1.9208650685117679,1.3776453914338571,2.9646324020506265,60.92175459395375,66.3386396526773,11.307539412333542,17.073743164199588,180.74642857142848,1.0707092504675582,16979.65,16240.2,16979.65,10810.75,-0.5809895963697805,56.15012834447194
2024-09-18,16884.2,16887.15,16582.0,16687.75,0,16620.95,16313.834,15586.7395,14513.188,0.40190241833348433,2.292017927851903,7.063764041222351,14.983351693645805,-1.1447781529530188,0.8576168646518667,0.35963543311110513,1.480143635960074,55.880653821320536,57.4747268457061,12.179950009572245,17.215870849936945,188.56785714285706,1.1299777210400268,16979.65,16240.2,16979.65,10810.75,-1.7191167073526334,54.36255578937631
2024-09-19,16780.1,16851.1,16294.3,16584.55,0,16621.41,16324.975999999999,15611.7525,14535.54175,-0.22176217300458015,1.5900421538138896,6.231187049628149,14.09653857586697,-0.6184177016074655,-1.0477233198986968,-0.721933056572388,0.05550410700227992,48.83539052670951,53.48340290200757,12.105469008842427,17.285438607556166,216.67499999999993,1.306487061753258,16979.65,16240.2,16979.65,10810.75,-2.3269030869305443,53.407950419721104
2024-09-20,16669.65,16813.0,16564.95,16767.45,0,16636.627500000002,16341.37,15637.896499999999,14558.376,0.7863522820355171,2.6073701286978994,7.223180560122021,15.173904012370615,1.1028336614499645,-0.654994667614639,2.15365588417169,1.8486797747690353,55.504219799174535,54.65290897640852,12.418860687248607,17.38635564933366,224.22499999999997,1.3372635672090865,16979.65,16240.2,16979.65,10810.75,-1.24973129599256,55.09978493629028
2024-09-23,16850.75,16932.7,16801.7,16921.3,0,16654.792500000003,16360.472999999998,15665.4905,14581.31,1.6001850518401597,3.4279387888113093,8.01640714665142,16.047872241931625,0.9175515656823174,0.1856133381093361,3.6279234976024144,2.194105568305349,57.86618444846293,60.87895911486777,12.6512693532491,17.48154363268297,227.49999999999986,1.3444593500499364,16979.65,16240.2,16979.65,10810.75,-0.34364665938345124,56.5229054413431
2024-09-24,16974.6,17018.85,16946.6,16990.35,0,16675.260000000002,16381.182000000003,15692.958,14603.9395,1.8895657399044843,3.7187060127895286,8.267351508874222,16.340868160950667,0.4080655741580008,0.647769681890864,2.5810775319464963,2.468789578433128,60.29720975166213,60.39277901973507,12.694976405825695,17.487425508520932,223.44285714285706,1.315116269781712,17018.85,16240.2,17018.85,10810.75,-0.16746137371208986,57.161621534121124
2024-09-25,17000.8,17005.55,16849.8,16913.0,0,16691.6,16397.673,15720.195,14625.96425,1.326415682139528,3.1426837210377423,7.587723943627927,15.636820321094378,-0.4552584261065751,1.3497925124717147,2.218985425348352,1.9703126695686635,55.90533284086707,57.777361319340336,12.85906348444478,17.460033192441283,225.99999999999986,1.3362502217229342,17018.85,16240.2,17018.85,10810.75,-0.6219574178043672,56.4461300094813
2024-09-26,16954.2,16965.35,16815.2,16947.3,0,16713.23,16414.527,15748.088500000002,14647.95375,1.4005072628091622,3.245740800207043,7.614965460728758,15.697388790567409,0.20280257789866418,2.1872767123618075,1.1166367842769809,2.6194844592998923,67.74343790545255,58.345273861798,12.707328748289202,17.46137910256314,213.36428571428547,1.2589868929816872,17018.85,16240.2,17018.85,10810.75,-0.4204161855824529,56.76340679416321
2024-09-27,16975.45,17066.75,16956.45,16987.9,0,16731.685,16434.23,15779.220500000001,14669.737249999998,1.5313161824406814,3.3690048149502707,7.6599442919249405,15.802346766640305,0.2395661845839836,1.3147497085126192,0.6511435004147526,2.2209786506847795,72.59170380527942,61.094438713307724,12.579301414189137,17.38076739836267,209.4857142857141,1.2331466178027541,17066.75,16240.2,17066.75,10810.75,-0.4620094628444112,57.138958906643865
2024-09-30,16928.3,16992.35,16844.9,16883.35,0,16746.415,16459.968999999997,15807.95,14691.032999999998,0.8176973997121035,2.572185889292995,6.802906132673736,14.922824011082142,-0.6154380470805854,-0.22427354872261995,-0.03907649223355847,1.7759023434556376,62.05703107365882,56.20121422376406,12.806439226050992,16.371195224669506,199.42142857142815,1.181172152276818,17066.75,16240.2,17066.75,10810.75,-1.0746041279095402,56.17186596674605
2024-10-01,16920.4,16972.85,16827.4,16952.05,0,16761.4375,16481.668,15839.913999999999,14712.369750000002,1.1372085478945304,2.8539708480961865,7.021098725662276,15.223110131527228,0.40690976613053653,-0.22542207782653145,0.42088738818790716,1.8043311153282504,64.70886442641942,58.364414974443946,12.81517802039384,15.982282507019791,195.02499999999938,1.1504508304305343,17066.75,16240.2,17066.75,10810.75,-0.6720670309227048,56.80734454131304
2024-10-03,16715.25,16862.55,16522.5,16563.7,0,16758.225,16496.071,15866.452000000001,14731.9365,-1.16077329192082,0.4099703499093864,4.394479622791533,12.43396277196824,-2.2908733751965005,-2.0652752320699963,-0.7433596500426964,-0.3863976016285853,43.682670354053435,48.24002883229221,15.355160032086475,16.87793633562087,209.0035714285706,1.2618169335871248,17066.75,16240.2,17066.75,10810.75,-2.9475442014443245,53.215086834863456
2024-10-04,16539.0,16623.45,16267.5,16387.6,0,16742.3475,16504.2,15889.68,14749.796750000001,-2.118863558410798,-0.7064868336544768,3.1336062148513895,11.103903855488701,-1.0631682534699483,-3.3025909731933756,-1.1875510640927844,-1.9009107969698125,34.799454466555076,45.46449531070139,15.676833821155164,16.979173750945247,222.57499999999942,1.3581915594717924,17066.75,16240.2,17066.75,10810.75,-3.9793751007075246,51.58615267210877
2024-10-07,16455.95,16509.05,15983.75,16133.15,0,16728.3075,16508.086,15909.38,14765.458999999999,-3.5577867037654554,-2.2712263553751764,1.406528727077991,9.2627733414857,-1.5526983817032325,-5.0315224365578,-3.782924654613562,-1.7107399498597298,29.607674067687014,39.88291060879408,15.423156210800157,17.346475443900705,251.6714285714279,1.5599645981809374,17066.75,15983.75,17066.75,10810.75,-5.47028578962017,49.232476932682744
2024-10-08,16065.05,16440.7,16020.05,16408.35,0,16732.280000000002,16510.327,15930.838,14782.354,-1.9359585185043753,-0.617655846549875,2.997406664985224,10.999574222075857,1.7058045081090656,-2.8134226915866867,-3.0313864773983124,0.4865606378874121,38.86231354714044,49.90038777615707,16.566461927991064,17.033372604769028,273.03571428571377,1.6640046944739342,17066.75,15983.75,17066.75,10810.75,-3.857793663116888,51.77809125176328
2024-10-09,16503.2,16663.55,16494.0,16549.2,0,16731.597499999996,16512.193,15952.360999999999,14799.904499999999,-1.0901379859274976,0.2241192311645184,3.7413834854915944,11.819640457815131,0.85840440994982,-2.3764087529236755,-2.5964738807617183,-0.08241335277442419,46.652492208074634,53.84239718142813,16.038237353995896,17.000445252588527,269.4678571428566,1.6282832834388163,17066.75,15983.75,17066.75,10810.75,-3.0325047240980227,53.080961080406084
2024-10-10,16635.4,16654.05,16438.0,16482.35,0,16728.4225,16510.909,15972.0325,14817.427999999998,-1.470984487628777,-0.17297048878411905,3.1950692562139427,11.236241539354879,-0.4039470185870142,-0.491134227255996,-2.5462661857742597,-0.383782035978808,47.48659682258619,48.50903837605572,16.099541680992225,16.981352422735263,245.12857142857087,1.487218578834759,17066.75,15983.75,17066.75,10810.75,-3.4242020302635323,52.46259510209743
2024-10-11,16500.2,16530.45,16414.95,16520.9,0,16716.46,16508.094,15991.4525,14837.2325,-1.1698649115901194,0.07757406760586955,3.3108155747578403,11.347584531010089,0.2338865513716426,0.8134199028533962,-2.5160350026257716,-1.4274931906933963,43.47319655857053,49.54155412233804,15.379253037026222,16.915288783127615,235.66071428571377,1.4264399293362575,17066.75,15983.75,17066.75,10810.75,-3.198324226932477,52.81918460791343
2024-10-14,16553.9,16639.2,16482.95,16617.45,0,16703.4325,16510.324,16011.482000000002,14856.495499999997,-0.5147594663551833,0.6488425060586346,3.784584087843954,11.85309482980023,0.5844112608877294,3.001893616559692,-2.180669770836896,-1.5437255599004551,41.70466024188492,47.25935315356841,15.305945829383049,16.83249958083333,235.01785714285663,1.4142835220978949,17066.75,15983.75,17066.75,10810.75,-2.632604332986651,53.71227713155887
2024-10-15,16668.65,16679.05,16556.65,16658.95,0,16691.8825,16518.12,16031.8855,14875.599250000001,-0.19729650025992565,0.852578864907155,3.9113583988608225,11.988429642590697,0.2497374747629788,1.5272711759561686,-1.3291201094569383,-1.3676772281741467,40.81434669327579,45.665895015927696,15.34143111156274,16.506000730611444,236.79285714285652,1.4214152581216495,17066.75,15983.75,17066.75,10810.75,-2.3894414578053773,54.096154290867894
2024-10-16,16661.95,16737.6,16595.7,16659.05,0,16680.784999999996,16536.582,16051.701500000001,14894.366499999998,-0.13029962318917815,0.7405883513291971,3.7837016842108495,11.847992997889511,0.0006002779286751192,0.6637783095255312,-1.7284045292457306,-1.314791777738289,42.64616453826777,45.409907760814235,15.34313807314118,14.639896323466234,235.80357142857065,1.4154682975834196,17066.75,15983.75,17066.75,10810.75,-2.388855523166395,54.09707929607104
2024-10-17,16682.8,16685.85,16382.95,16399.2,0,16666.3575,16551.473,16069.067,14911.63,-1.6029747351813228,-0.9199966673661072,2.054462776214709,9.975904713300972,-1.5598128344653461,-0.5044790336329319,-0.9931355916854345,-1.729112672469324,35.96199159922149,41.290987310654025,15.79576707023782,15.054008312244004,246.71428571428493,1.5044287874669797,17066.75,15983.75,17066.75,10810.75,-3.9114066825845533,51.693453275674685
2024-10-18,16342.65,16490.35,16181.25,16460.6,0,16660.159999999996,16559.131,16085.835499999997,14928.60175,-1.197827631907483,-0.5950251858023387,2.3297795131623795,10.262168390954624,0.37440850773207135,-0.36499222197339254,0.4454587615025929,-0.7473823528525103,36.63710086163198,45.68852614596183,15.742011379657672,13.840535076777114,260.26071428571333,1.5811131689349924,17066.75,15983.75,17066.75,10810.75,-3.55164281424408,52.26140647041139
2024-10-21,16495.75,16549.35,16113.1,16135.2,0,16628.547499999997,16560.783,16100.540500000001,14943.552999999998,-2.9668706782717873,-2.569824144184479,0.21526917062194123,7.974321769394487,-1.9768416704129765,-2.9020698121552946,0.012706755965208316,-3.7706985856525543,32.948925405109776,42.13446760839506,16.56927291117922,14.565147162872389,280.8892857142849,1.7408478712026183,17066.75,15983.75,17066.75,10810.75,-5.458274129520848,49.251439539347416
2024-10-22,16153.5,16191.25,15709.35,15739.5,0,16569.457499999997,16552.042,16111.5575,14956.123499999998,-5.008960009704584,-4.909013643150502,-2.309258431408638,5.237831179984588,-2.452402201398185,-5.519255415257273,-4.076278236385733,-6.984096966545117,25.949580498641325,33.25405229290543,17.858152546266727,15.473072311075638,304.9214285714279,1.937300604030801,17066.75,15709.35,17066.75,10810.75,-7.77681749600832,45.59119395046597
2024-10-23,15709.9,15934.0,15582.65,15763.0,0,16508.09,16543.367,16125.279000000002,14968.946749999997,-4.513483994817088,-4.7170990040902705,-2.246652600553468,5.304670149888821,0.14930588646400178,-5.378758092448244,-4.750682812462237,-7.223806454840531,31.430890538033367,30.293647282997057,17.73464470065658,15.474590369359797,299.33571428571366,1.8989768082580325,17066.75,15582.65,17066.75,10810.75,-7.6391228558454305,45.80857017320722
2024-10-24,15759.65,15803.65,15623.55,15656.5,0,16445.265,16535.39,16137.409500000002,14981.09875,-4.796304589801377,-5.315205749607354,-2.980091073477447,4.508355904135541,-0.6756328110131271,-4.528879457534519,-5.010511243845683,-7.429196476083488,32.479390337423325,27.592521040872256,17.76621183742292,15.426846733747809,286.77499999999935,1.831667358605048,17066.75,15582.65,17066.75,10810.75,-8.263143246370868,44.823439631847926
2024-10-25,15704.4,15709.8,15245.45,15419.6,0,16368.880000000001,16525.322999999997,16142.4105,14990.889,-5.799297202985181,-6.6910825283112265,-4.477711058085157,2.859810382159465,-1.5131095711046538,-6.324192313767407,-6.6661017256929185,-9.014415275589617,32.75491214926167,26.18865397493545,18.06222618910447,15.680968232806066,282.4214285714279,1.8315742857883985,17066.75,15245.45,17066.75,10810.75,-9.651222406140594,42.63210230557547
2024-10-28,15437.25,15611.3,15374.1,15544.65,0,16296.717499999999,16511.290999999997,16160.234500000002,15002.157,-4.6148403811994605,-5.854424102876013,-3.8092547481288257,3.61610000481931,0.8109808295934995,-3.660010412018455,-6.455864166884817,-8.495752859388162,27.49257309636735,28.264608804797575,18.467221065236807,15.07233513911094,269.31785714285627,1.7325437185324617,16992.35,15245.45,17066.75,10810.75,-8.918511140082327,43.78882131211988
2024-10-29,15626.05,15694.45,15394.7,15677.45,0,16236.4225,16499.639000000003,16172.4455,15014.278999999999,-3.442707283578016,-4.98307265995336,-3.0607337647234556,4.41693537198824,0.8543132203040926,-0.3942310746847033,-5.891727870003816,-7.142539839546047,27.187082929892938,30.257468701508046,19.007342884091496,15.214928967452495,272.4999999999991,1.7381653266315573,16972.85,15245.45,17066.75,10810.75,-8.140389939502244,45.01722822190876
2024-10-30,15651.5,15778.35,15578.25,15647.5,0,16171.195000000002,16484.69,16181.678,15026.33725,-3.238443417446896,-5.078591104837269,-3.3011285974173994,4.133826758081045,-0.1910387212206155,-0.7327285415212881,-6.072074938246774,-7.695529449240645,27.72248165443628,30.953224936425997,18.803523952687318,15.077015719282139,271.36071428571347,1.7342113071462755,16862.55,15245.45,17066.75,10810.75,-8.315877363880059,44.74018916356404
2024-10-31,15658.65,15675.9,15462.3,15539.6,0,16119.99,16466.595,16187.55,15037.677,-3.6004364766975625,-5.62954879257066,-4.002767559019116,3.337769523843348,-0.6895670234861817,-0.7466547440360238,-5.241719108249187,-6.182797321854416,24.749112243322415,28.49137340297554,17.471712971573055,15.10921938647812,278.36785714285634,1.7913450612812192,16737.6,15245.45,17066.75,10901.55,-8.948100839351367,42.54486747297404
2024-11-01,15643.2,15685.0,15632.2,15649.3,0,16083.075,16448.074,16194.963,15049.154499999999,-2.6970899532583257,-4.856337587002595,-3.3693377379127107,3.9879017788009326,0.7059383767921812,1.4896625074580339,-4.928738928107112,-4.505235665991359,25.254952076677185,34.784345047923296,17.592132386124003,15.082623239093643,277.5928571428563,1.773835616563401,16737.6,15245.45,17066.75,10901.55,-8.305330540378225,43.551146396613326
2024-11-04,15677.75,15678.8,15425.2,15507.2,0,16051.7775,16428.956000000002,16199.715999999999,15059.30275,-3.392630504627911,-5.610557359822506,-4.274865065535704,2.9742230263615625,-0.9080278351108251,-0.2409189013583335,-3.8921116565025504,-3.8798994616674243,22.002090575394305,35.18244243974689,17.088129555901045,15.136034822409625,286.9642857142849,1.850522890749361,16737.6,15245.45,17066.75,11015.0,-9.137943662384457,40.78256922378575
2024-11-05,15481.45,15610.1,15326.7,15591.75,0,16010.947499999998,16409.631,16203.199499999999,15070.207250000001,-2.6181929582868126,-4.984152294466592,-3.773634336848095,3.460753666808389,0.5452306025587994,-0.5466450219901886,-0.9387210521299871,-4.976734406567385,25.078223509083188,40.33524938412652,15.828651017552358,15.12886206107789,297.07142857142793,1.9053116460399115,16737.6,15245.45,17066.75,11040.95,-8.642535925117553,41.21746769979032
2024-11-06,15680.4,15985.55,15656.9,15958.4,0,15981.407500000001,16397.179,16209.0,15083.8145,-0.1439641658596186,-2.6759420019748545,-1.54605466099081,5.798171941189009,2.3515641284653777,1.9868988656334796,1.239611749032532,-3.569961085732243,40.19616565099412,42.22172282054386,17.959571082614268,16.10441960567695,303.5642857142852,1.9022225643816746,16737.6,15245.45,17066.75,11129.15,-6.494206571256979,43.39280178629995
2024-11-07,16041.85,16053.9,15834.7,15856.6,0,15950.119999999999,16382.587,16212.33,15096.635,-0.5863278771570285,-3.2106467678151147,-2.1941941719666422,5.034002610515523,-0.6379085622618796,2.03994954825093,1.2780634241369437,-3.7964853312785984,36.8035831330566,37.863175971681876,18.018148217796202,16.1524631679909,297.1428571428566,1.873938026707217,16737.6,15245.45,17066.75,11279.05,-7.090688033749832,40.58453504506143
2024-11-08,15903.35,15907.95,15609.95,15656.9,0,15906.920000000002,16365.431,16212.9835,15107.533500000001,-1.5717687647891747,-4.329436847706613,-3.429865329845063,3.6363745279796875,-1.2594124843913646,0.04856447253231977,1.5389504267296017,-5.22973929991708,38.94257444054001,36.17869162634159,18.332240514471778,16.349621498916047,287.26785714285677,1.8347684225029015,16737.6,15245.45,17066.75,11333.35,-8.260799507814905,38.14891448689045
2024-11-11,15626.7,15645.1,15483.45,15529.2,0,15852.507500000002,16343.639,16213.846000000001,15117.812999999998,-2.0394723043026524,-4.983217017948075,-4.222600856083131,2.72120709523264,-0.8156148407411412,0.14186958316138032,-0.09939110883808722,-6.548838720742356,44.45060164661178,33.87636978506154,18.14771108869484,16.339050044099178,265.23571428571387,1.707980541725999,16737.6,15245.45,17066.75,11333.35,-9.009038041806432,37.02215143801259
2024-11-12,15582.1,15658.6,15303.7,15341.4,0,15786.63,16318.692,16211.094,15129.27475,-2.820297935658209,-5.988788807338232,-5.364807581770851,1.4020847231953344,-1.2093346727455434,-1.6056568377507352,-2.1435246165671162,-7.908961849336249,39.762517604778765,29.851099777360147,18.266177515465472,16.517573544755244,265.48928571428524,1.7305414480704842,16737.6,15245.45,17066.75,11455.65,-10.109423293831576,33.91994343402601
2024-11-13,15276.75,15314.65,14913.75,14966.5,0,15702.002499999999,16284.99,16204.520999999999,15137.32625,-4.684131848788069,-8.096351302641265,-7.639972819930925,-1.1285100629974205,-2.4437143937319883,-6.215535392019245,-4.352132928582842,-10.15994309399395,35.17722878625132,25.82179745424928,19.561373994342503,17.25118619804637,283.171428571428,1.8920350687964989,16685.85,14913.75,17066.75,11481.55,-12.30609225540891,30.352609186041963
2024-11-14,14991.35,15150.8,14986.55,15048.1,0,15634.4475,16253.393,16197.925500000001,15146.366749999997,-3.7503563845156656,-7.4156393068204265,-7.098597286424122,-0.6487810022162381,0.5452176527578345,-5.098823202956493,-3.162887075600407,-8.238816527635496,41.44876162415983,27.509807480210483,19.514375284491035,17.333366695731005,263.16785714285663,1.7488444198460713,16549.35,14913.75,17066.75,11481.55,-11.827969589992234,31.063314622154685
2024-11-18,15137.65,15164.4,15000.55,15079.15,0,15565.375,16220.873,16192.118499999999,15154.043500000002,-3.123760269187221,-7.038603902514988,-6.873519978253611,-0.494214629910505,0.20633834171754906,-3.6900663605183626,-3.643293949250126,-8.392464430215174,38.80040419593878,30.313334228147824,19.432372962905486,17.292642863129753,257.92857142857105,1.7104980813147364,16549.35,14913.75,17066.75,11620.6,-11.646036884585527,29.762232586957637
2024-11-19,15139.8,15345.2,15124.6,15185.0,0,15517.865,16196.294000000002,16188.014,15162.58675,-2.145043793073337,-6.2439839632449345,-6.196028740770791,0.1478194345697617,0.7019626437829718,-2.2164696185251076,-2.077744531572434,-5.888988050969313,37.99634369287017,31.225162638721258,18.92435203375184,17.03896184029925,255.52142857142826,1.682722611599791,16191.25,14913.75,17066.75,11620.6,-11.02582506921353,30.673114985456856
2024-11-21,15193.65,15240.8,15028.65,15167.55,0,15489.267500000002,16173.067,16183.271499999999,15170.321499999998,-2.077034953395972,-6.2172314008221194,-6.276366926180529,-0.018269223892182662,-0.11491603556141872,-1.13320818178263,-2.7206695848766227,-3.6338511388544825,38.22930717351314,34.33792467183527,17.125514175059685,17.01817237060872,256.38214285714247,1.6903332631647332,16053.9,14913.75,17066.75,11719.35,-11.128070663717466,29.423133535562968
2024-11-22,15180.2,15380.05,15157.6,15353.7,0,15468.8025,16148.884000000002,16179.697,15179.44325,-0.7440944442855163,-4.924080202693889,-5.105145046906622,1.1479785334024055,1.2272911577677403,2.5871112150469333,-3.7892269901744435,-2.5965869441096245,45.60935285781767,43.30115293790805,17.813579366000177,16.92642021625839,257.0142857142852,1.673956673077403,16053.9,14913.75,17066.75,11772.45,-10.037353333235673,30.420600639628965
2024-11-25,15610.1,15666.8,15579.45,15604.05,0,15466.180000000002,16130.047999999999,16177.333499999999,15189.175,0.8914289113407263,-3.260982236382679,-3.543745327374252,2.7313860035189537,1.6305515934269765,3.694486347113579,-1.592712182939604,-0.3350046306645815,48.99785174849954,47.44161341724475,18.72647018496204,17.390081143647336,268.9928571428566,1.723865644770791,16053.9,14913.75,17066.75,11847.9,-8.570465964521661,31.703086622945836
2024-11-26,15673.95,15750.95,15622.1,15635.35,0,15476.967499999999,16107.552000000001,16176.5725,15198.851499999999,1.0233432356823229,-2.9315565766914866,-3.3457180128856088,2.8719176577256613,0.20058894966372698,3.6885368207093983,-0.13763899622529774,1.3991932345845504,52.98460535202738,49.651134020618564,17.870724015618116,17.1061087349052,261.3714285714282,1.6716698287625682,16053.9,14913.75,17066.75,11881.0,-8.387068422517466,31.5996128272031
2024-11-27,15684.95,15744.1,15571.45,15730.4,0,15486.255000000001,16084.6,16175.253499999999,15208.188999999998,1.57652705576654,-2.2021063626077164,-2.750210375373711,3.4337487520703562,0.6079173155701723,3.591702337833391,1.2956237282023553,1.1949448845744337,53.21343314714811,55.378279227521276,17.774160099026652,17.08348452165484,253.46071428571395,1.611279524269656,16053.9,14913.75,17066.75,11881.0,-7.830137548156506,32.39962966080296
2024-11-28,15761.4,15815.6,15628.85,15661.85,0,15485.475,16060.038,16172.1115,15216.84425,1.1389705514361037,-2.4793714684859407,-3.1551940511911543,2.924428631120413,-0.4357803997355414,3.258931073245197,2.088792417901897,-0.09950597833193742,42.0250100847116,52.06855166084226,17.603768622710845,17.089947122682386,238.6714285714283,1.5239031696219048,16053.9,14913.75,17066.75,11881.0,-8.231795743184845,31.822658025418736
2024-11-29,15670.4,15746.3,15632.65,15697.75,0,15487.9875,16036.373,16168.1155,15225.59,1.3543560775730272,-2.111593438241924,-2.909216599794824,3.101094932938558,0.2292194089459354,2.2408279437529766,4.885911869842641,0.32113756191085585,45.571137814704315,50.37097953216373,17.606212740399414,17.109507953975857,231.1321428571426,1.4723902652108907,16053.9,14913.75,17066.75,11937.8,-8.021445207787071,31.49617182395417
2024-12-02,15707.35,15945.3,15652.0,15923.55,0,15507.185000000001,16021.089,16167.461500000001,15236.00325,2.6849811877526317,-0.6088162920760297,-1.5086567548034795,4.512645073109967,1.4384227038906738,2.04754534880367,5.817677979279767,2.4707843187726786,57.32776388469043,54.707778365196035,18.07972359132969,17.310609233389112,230.7964285714283,1.449403107795864,16053.9,14913.75,17066.75,11937.8,-6.69840479294535,33.38764261421703
2024-12-03,16029.2,16064.9,15970.55,16055.7,0,15527.505,16010.512000000002,16167.744,15248.38525,3.401673353188433,0.2822395686034168,-0.693009488522331,5.294427814905854,0.8299028796970642,2.6884591646493483,6.476160791556551,2.596921268043939,64.43335709194582,58.729406988938145,18.137518276534987,17.38751168024364,228.50357142857123,1.4231928313843134,16064.9,14913.75,17066.75,11957.7,-5.924092167518709,34.27080458616623
2024-12-04,16109.5,16232.35,16086.05,16217.05,0,15562.997500000001,15999.503999999999,16170.437000000002,15261.27825,4.202612639371033,1.359704650844178,0.2882606079229495,6.262724093900849,1.0049390559115912,3.0936911966637837,6.796509713533094,4.577551073049935,74.35811844557568,59.438118194663794,17.94931255091888,17.355232612379247,215.7714285714284,1.330522065180957,16232.35,14913.75,17066.75,12069.6,-4.978686627506706,34.36277921389275
2024-12-05,16325.2,16325.2,16148.15,16270.95,0,15596.9575,15986.497000000001,16173.485,15273.75125,4.3213075370629195,1.7793328957557086,0.6026221312228017,6.528839796313964,0.3323662441689468,3.8890680219769713,7.274741141450014,4.356149886959448,94.1752175827153,63.0799267010327,17.91562130357303,17.234875667075336,197.87142857142848,1.216102492917921,16325.2,14913.75,17066.75,12082.3,-4.6628678570905375,34.66765433733645
2024-12-06,16302.25,16344.5,16232.95,16322.25,0,15615.15,15973.135,16177.158500000001,15285.790500000001,4.528294636939129,2.1856385737677653,0.8968911320241971,6.780542360566821,0.3152858314972251,3.9782771416285723,6.3082514312510884,2.279990475235616,94.05317567333955,62.654609707930575,16.063936516739055,17.222823898132066,192.67499999999993,1.180443872627854,16344.5,14913.75,17066.75,12265.45,-4.362283387288148,33.075019669070436
2024-12-09,16296.2,16425.6,16292.55,16409.5,0,15642.795000000002,15963.065,16180.369,15297.66075,4.901329973319973,2.796674698749892,1.416104910833612,7.268034428074246,0.5345464013846168,3.051769234875401,5.161800942703976,3.486876127290839,94.27563483875262,58.652038820054486,15.870462937818463,17.253581810631168,190.47499999999985,1.1607605350559118,16425.6,14913.75,17066.75,12366.1,-3.8510554147684823,32.69745513945382
2024-12-10,16421.2,16493.95,16371.5,16483.65,0,15684.132500000002,15953.792,16184.1595,15309.96775,5.0976201584627,3.3212041375492554,1.850516240895931,7.66613143257602,0.45187239099302445,2.6654085464975052,5.425526131490499,5.2804194955578865,94.15224560568457,62.15566540661047,14.953203541685975,17.281730741862344,180.21785714285696,1.0933128108328976,16493.95,14913.75,17066.75,12366.1,-3.4165848799566323,33.29707830277938
2024-12-11,16480.15,16555.7,16460.1,16536.95,0,15734.52,15944.773000000001,16189.501499999998,15322.7325,5.099806031578976,3.7139255604328745,2.1461346416379916,7.924288308237455,0.32335071419253847,1.9726152413663378,5.12733306209634,6.489387734075169,95.44971788914708,68.08681176398053,14.40105853640019,17.289963170015376,171.89285714285714,1.0394471601042339,16555.7,14913.75,17066.75,12385.9,-3.104281717374423,33.51431870110368
2024-12-12,16540.05,16570.4,16433.05,16463.85,0,15790.642500000002,15936.383,16198.176000000001,15335.983999999999,4.263331906855574,3.3098288363174926,1.6401476314370038,7.354376478222721,-0.4420404004366163,1.185548477501297,5.1207232862018115,7.316476983847631,89.83458322867693,69.64995269631024,13.553808134871645,17.26505876213586,165.81428571428594,1.00714162066762,16570.4,14913.75,17066.75,12385.9,-3.5325999384768716,32.924131472077114
2024-12-13,16425.05,16464.6,16193.9,16456.25,0,15865.130000000001,15926.466999999999,16204.0675,15348.455499999998,3.725907067890392,3.326431405031645,1.5562913447503277,7.2176285099175095,-0.04616174224132408,0.8209652468256445,4.8319026612094085,9.95389703671532,87.02963413574346,75.35997816246217,8.831914189102482,17.234071783638743,162.78571428571453,0.9892029732515885,16570.4,14986.55,17066.75,12385.9,-3.5771309710401806,32.86277137713045
2024-12-16,16505.45,16585.1,16489.75,16572.9,0,15941.37,15926.651000000002,16211.360999999999,15361.009000000002,3.9615792118243327,4.057657821471694,2.230158220522031,7.88939710926541,0.7088492214204489,0.9957646485267757,4.077922322597671,10.132840690851342,87.92524574248615,91.40633054954117,8.867693538792523,16.53281305428304,161.49642857142862,0.9744608883866348,16585.1,15000.55,17066.75,12385.9,-2.8936382146571464,33.80456809759486
2024-12-17,16574.1,16623.6,16461.45,16490.05,0,16011.915000000003,15928.7,16216.45,15373.569749999999,2.986120023744796,3.5241419575985393,1.6871756765506543,7.262335736955307,-0.4999125077687183,0.038826352173204626,2.705269779579833,9.356628191907369,81.03525758875668,87.14355632260877,9.49449732932937,16.39317271301599,160.74642857142848,0.9748086183573033,16623.6,15028.65,17066.75,12385.9,-3.3790850630612197,33.13566232570907
2024-12-18,16481.95,16499.1,16317.7,16381.35,0,16071.732500000002,15933.664,16220.875,15385.81675,1.9264724571541894,2.809686460063421,0.9893116123513704,6.470460854799927,-0.659185387551886,-0.9409232053069094,1.0131312415019966,7.878498518274624,78.46123417721512,82.25343042552132,10.21710466092174,16.072560231529913,160.36428571428547,0.9789442610913354,16623.6,15028.65,17066.75,12385.9,-4.015996015644452,32.25805149403758
2024-12-19,16120.2,16336.75,16085.25,16322.75,0,16129.492499999998,15931.952000000001,16221.1395,15399.33925,1.198162310438481,2.4529197677723285,0.626407904327564,5.996430983231953,-0.35772387501641356,-0.8570291881910941,0.3183587928178744,7.616259712346429,74.28693557161724,78.85566461234112,10.408250227183617,15.631311959152239,173.3964285714284,1.062299113638501,16623.6,15157.6,17066.75,12385.9,-4.359353714093193,31.784932867211914
2024-12-20,16372.35,16393.15,15854.35,15881.1,0,16155.8625,15918.59,16215.3915,15410.015500000001,-1.700698430678021,-0.2355108084321525,-2.0615690962503086,3.0570021165780075,-2.705732796250626,-3.4950246866692014,-2.7027523778890727,3.435002637800655,48.58740141759014,64.89261786988918,14.620781637829475,16.633816000660968,190.9321428571428,1.2022601888858,16623.6,15571.45,17066.75,12385.9,-6.947134047197033,28.219184718106888
2024-12-23,15962.2,16069.25,15848.25,15955.25,0,16173.422499999997,15908.048,16209.4785,15420.30125,-1.3489569075438237,0.29671773683357827,-1.568394072640889,3.469119969365057,0.4669072041609157,-3.726867355743424,-2.768213534842623,2.250697735523799,46.52313869371083,63.170801129770304,13.63231272152084,16.66065162259463,196.62142857142848,1.2323306032273293,16623.6,15571.45,17066.75,12385.9,-6.512663512385193,28.817849328672125
2024-12-24,15976.3,16014.8,15862.75,15926.8,0,16187.995,15896.166,16202.13,15430.050500000001,-1.6135105057791377,0.19271313598511752,-1.6993444689062485,3.2193640584649934,-0.17831121417715146,-3.415696131909851,-3.378195969945985,1.8640452564221421,38.93569168604434,57.8270886382927,13.667020280409577,16.64900919744916,194.86428571428561,1.2234992949888592,16623.6,15571.45,17066.75,12385.9,-6.679361917178143,28.588152657457265
2024-12-26,15957.5,15995.05,15815.7,15962.95,0,16199.622499999998,15883.076000000001,16196.7,15439.581500000002,-1.4609754023588943,0.5028874759523898,-1.443195218779134,3.389784237351243,0.2269759148102679,-2.5541240496051887,-3.47101490903704,1.4783476580379373,38.097998299714085,57.926062131036474,13.544089417294844,16.596251554183382,195.02857142857115,1.2217577041121543,16623.6,15628.85,17066.75,12385.9,-6.4675465451828815,28.880016793289155
2024-12-27,16002.0,16025.05,15911.4,15919.4,0,16212.5,15868.285,16193.2025,15449.23325,-1.8078643022359313,0.3221205064063305,-1.6908483667761198,3.043301517892484,-0.2728192470690005,-2.471090962000888,-3.3069421793808784,1.6444417485801388,34.33891847762709,54.68959356855738,13.474450625086398,16.585133487191214,195.17857142857116,1.2260422593098432,16623.6,15632.65,17066.75,12385.9,-6.722721080463477,28.5284073018513
2024-12-30,15915.2,16065.5,15817.85,16030.35,0,16229.13,15855.711000000001,16196.146499999999,15459.806,-1.2248346029639225,1.101426482861596,-1.0236786880138344,3.690499091644487,0.6969483774514229,0.9397963617129745,-2.5880744398025013,2.1187749836760084,35.52696873687836,58.95504252733898,13.642074959385821,16.677126426487217,203.36428571428547,1.2686203714471953,16623.6,15652.0,17066.75,12744.95,-6.072626598502935,25.778053268157187
2024-12-31,15933.1,16042.0,15788.45,15974.1,0,16231.657500000001,15847.208999999999,16199.341,15469.9345,-1.5867603169916613,0.8007151290804674,-1.3904331046553067,3.2590021631959787,-0.35089689245711986,0.11814293101017892,-3.6131274550621817,0.31745433650161026,30.27980959015447,56.64990254349446,12.779673274153861,16.339693251581778,212.7285714285711,1.331709275818801,16623.6,15788.45,17066.75,12827.55,-6.402214832935384,24.529625688459614
2025-01-01,15985.25,16060.1,15926.6,16051.95,0,16231.470000000001,15839.035999999998,16199.083499999999,15480.812249999999,-1.1059996414372846,1.3442358486968684,-0.9082828667436531,3.689326766429854,0.48735140007887257,0.7857824547303993,-2.6567536180909013,-0.023356191259182868,31.579946828712593,53.326597233017274,12.547103137391838,16.356642741951458,215.4357142857138,1.3421155329147787,16623.6,15788.45,17066.75,12837.0,-5.946064716480872,25.04440289787334
2025-01-02,16090.25,16264.6,16033.3,16241.95,0,16232.715000000002,15841.171,16200.976999999999,15493.425500000001,0.05689128405198244,2.5299834210488634,0.2529045007594405,4.831239547380917,1.18365681428112,1.7477972429907895,-0.8509677163359486,0.15354210537674717,42.25966234128656,54.684945289900625,12.750988291841168,15.971350976584153,222.146428571428,1.3677324986927555,16623.6,15788.45,17066.75,12837.0,-4.832788902397933,26.52449949365117
2025-01-03,16265.25,16299.3,16155.45,16181.6,0,16228.247500000001,15850.013,16201.0275,15508.38825,-0.2874463185257739,2.0920298298808935,-0.11991523377143691,4.340952387492623,-0.3715686847946209,1.6470469992587722,-0.8647439922807143,-0.5491381879976331,40.75968105507525,49.06055386246194,12.760334579185661,14.967606913227735,213.0857142857137,1.3168395849960057,16623.6,15788.45,17066.75,12837.0,-5.186400457029016,26.05437407493963
2025-01-06,16227.9,16230.8,15698.55,15748.3,0,16199.55,15849.719000000001,16196.543,15520.09375,-2.7855712041383867,-0.6398788521108904,-2.767522674437381,1.4703922133202274,-2.677732733475069,-1.7594749958672162,-0.8362141161506464,-3.5163656971312185,27.130019968937233,38.46832733932001,15.771100369207575,16.17735020583088,241.8999999999995,1.5360388105382772,16623.6,15698.55,17066.75,12837.0,-7.725255247777114,22.678974838357867
2025-01-07,15780.95,15959.65,15778.7,15868.05,0,16172.477499999999,15853.95,16194.67,15532.70625,-1.8823801115197085,0.0889368264691042,-2.0168364035821713,2.1589525006307255,0.7603995351879167,-0.6638871673521618,-0.5465285721001023,-3.299613029038062,33.09506984834488,40.272423541506065,15.925318009244599,16.18865708191389,245.4142857142854,1.546593851886561,16623.6,15698.55,17066.75,12837.0,-7.023598517585368,23.61182519280205
2025-01-08,15905.75,15909.5,15506.6,15692.2,0,16132.904999999999,15859.402000000002,16192.3625,15545.161499999998,-2.731715087890235,-1.0542768258223174,-3.088879093461492,0.9458795265652428,-1.1082017009021228,-2.2411607312507242,-1.4729889243287997,-4.801424441795355,31.92962215171623,35.19932320897992,16.088676006796028,16.014494754548046,261.2357142857141,1.664748819704784,16623.6,15506.6,17066.75,12837.0,-8.053964580251069,22.241956843499267
2025-01-09,15720.35,15776.9,15552.15,15574.75,0,16084.795000000002,15860.004,16185.6475,15558.12575,-3.1709760677708467,-1.7985745779131,-3.774316103201921,0.10685252367240158,-0.7484610188501328,-4.107881134962243,-2.431881325193652,-5.818485270863127,30.973698936765572,31.575106426109897,16.03997673200801,16.01109469906602,256.1392857142855,1.6445803991350454,16623.6,15506.6,17066.75,12837.0,-8.742144813746027,21.32702344784607
2025-01-10,15549.9,15577.95,15247.65,15266.45,0,16024.925,15851.784,16175.7115,15569.58225,-4.7330954747058005,-3.6925433755594885,-5.6211530478891065,-1.9469517237689453,-1.9794860270630266,-5.655497602214854,-4.10159930650652,-7.272903968391342,33.22782219554129,26.658092963439344,17.119750107190555,16.498059872417667,241.24642857142837,1.5802392080112164,16623.6,15247.65,17066.75,12837.0,-10.54858130575534,18.92537197164447
2025-01-13,15076.95,15111.3,14618.3,14650.1,0,15934.617499999998,15831.836,16158.263,15576.30575,-8.06117561340897,-7.464301676697503,-9.333695088389145,-5.946247877164322,-4.0372843719397755,-6.973451102658689,-8.610229970025607,-10.975465248765659,22.517950769619574,22.2222222222223,21.433021671733123,18.772653247932762,271.75714285714275,1.8549849001518264,16623.6,14618.3,17066.75,12837.0,-14.159989453176497,14.124016514762019
2025-01-14,14705.15,15019.7,14703.5,14970.1,0,15854.477499999999,15820.445999999998,16143.5205,15584.5065,-5.578093002434162,-5.374981211022735,-7.268677857472292,-3.942418709248183,2.184285431498756,-5.658855372903404,-6.285174125615844,-9.67121022874694,32.05806233824693,29.227178060746724,23.170816167686628,19.42527895917923,287.2964285714285,1.9191349995753435,16623.6,14618.3,17066.75,12837.0,-12.28499860840523,16.616810781335207
2025-01-15,15037.4,15169.15,14914.7,15038.4,0,15781.894999999999,15808.228000000001,16128.151000000002,15592.327999999998,-4.711062898340149,-4.869793122923084,-6.756825379425092,-3.5525676473711827,0.4562427772693445,-4.166401141968623,-6.3141861269191635,-8.80318737663015,32.867599369961994,28.257481296758115,23.416515328900722,19.382206427615998,292.6607142857143,1.946089439606037,16499.1,14618.3,17066.75,12837.0,-11.884805249974367,17.148866557606915
2025-01-16,15189.85,15243.6,15111.7,15131.5,0,15719.4025,15800.714,16114.835,15600.685249999999,-3.739979938804927,-4.235340251079792,-6.102048205892268,-3.007465649625863,0.6190818172145951,-2.8459525835085597,-6.8369253691828895,-7.629713057837117,35.66307591527769,30.80628982354024,23.70236546031834,19.346717457466656,299.2000000000001,1.9773320556455083,16393.15,14618.3,17066.75,12837.0,-11.339300101073725,17.874113889538055
2025-01-17,15147.8,15192.9,15034.3,15139.65,0,15660.247500000001,15791.671999999999,16100.6515,15608.750999999998,-3.324324855019064,-4.128897813987012,-5.968711887217734,-3.0053717943222926,0.053861150579903594,-0.8305794732894722,-6.439103673307955,-7.248165903417014,33.16257088846881,31.944161698415016,23.753691707002833,19.30144976246941,292.83928571428584,1.9342540000217037,16393.15,14618.3,17066.75,12837.0,-11.291546427995959,17.937602243514835
2025-01-20,15242.2,15344.25,15059.9,15298.45,0,15631.115,15778.472999999998,16087.826,15616.380249999998,-2.1282230986081228,-3.0422652432842994,-4.906666693187746,-2.035876719894789,1.048901394682189,4.425567060975699,-2.8564987966955058,-3.6688264666805193,37.704500373059645,35.5271709949982,22.55456807930642,18.678863087023572,295.03928571428594,1.9285567211991144,16299.3,14618.3,17066.75,12837.0,-10.361082221278211,19.17465139830179
2025-01-21,15324.3,15328.45,14944.4,14963.0,0,15581.502500000002,15760.600999999999,16071.594,15621.58225,-3.969466359229492,-5.060727062375342,-6.897847220381495,-4.215848557850147,-2.1927057969925112,-0.04742787289330197,-5.703599371063229,-6.218956142962351,31.881936009849753,36.626365622723974,23.50334338439669,19.236540533431043,312.9357142857146,2.0913968741944435,16299.3,14618.3,17066.75,12837.0,-12.326599967773594,16.561501908545612
2025-01-22,14992.5,15019.0,14570.6,14774.75,0,15523.9,15742.957999999999,16054.1945,15625.67675,-4.825784757696195,-6.150102159962561,-7.9695340678724165,-5.445695336043609,-1.258103321526427,-1.7531785296308056,-5.846535221320148,-7.233405329381915,25.574349071052808,33.35729994924719,23.734500679913342,19.236137992817532,328.44285714285735,2.223001114352915,16299.3,14570.6,17066.75,12837.0,-13.42962192567419,15.095037781413104
2025-01-23,14795.55,15059.25,14759.5,15008.2,0,15476.162500000002,15732.538,16038.088499999998,15631.011999999999,-3.0237631583411027,-4.604075960280532,-6.421516504289134,-3.9844637058688086,1.5800605763210962,-0.8148564253378621,-3.637618581357638,-5.98103733958949,31.529985833464522,37.75722358460394,24.64966124110772,19.53290482139124,339.5785714285717,2.262620243790539,16299.3,14570.6,17066.75,12837.0,-12.06175751094965,16.913609098699077
2025-01-24,15030.55,15065.7,14771.55,14827.0,0,15421.542500000001,15722.25,16020.470999999998,15635.255250000002,-3.8552725837898603,-5.694159550954857,-7.449662372598145,-5.169440709962198,-1.2073399874735213,-2.0651071854369096,-2.878534302342728,-6.8620676658668,34.24805088223228,35.42401806680098,24.86015060472802,19.532302098808316,322.57142857142895,2.175567738392318,16299.3,14570.6,17066.75,12837.0,-13.123471076801382,15.502064345252005
2025-01-27,14682.05,14686.8,14392.15,14427.05,0,15341.377499999999,15711.461,15998.2255,15637.605,-5.9598787657757555,-8.174994037791903,-9.820936078191929,-7.741306932871115,-2.6974438524313804,-5.6960018825436665,-1.5225152046743795,-10.00165311424892,27.516694751295034,32.4555319123923,25.875873840456215,19.699098177042757,338.5357142857147,2.3465345603274037,16299.3,14392.15,17066.75,12837.0,-15.466916665445973,12.386461011139668
2025-01-28,14445.05,14501.75,14183.4,14341.4,0,15259.742499999998,15697.327,15975.36,15639.604,-6.018073371814753,-8.63794835897857,-10.228001121727466,-8.300747256771974,-0.5936764619239532,-4.154247142952617,-4.199704744791289,-10.22092011443525,28.313639866426925,30.025427236709845,25.87008020863333,19.683354169503538,332.496428571429,2.3184377297295176,16299.3,14183.4,17066.75,12837.0,-15.968769683741781,11.719249045727192
2025-01-29,14368.75,14684.95,14366.75,14671.25,0,15190.707499999999,15689.169,15955.021,15642.470499999998,-3.4195741047610766,-6.488036428188133,-8.046188093390793,-6.208868989076871,2.299984659796128,-0.7005194673344706,-2.441416640068095,-8.601447176199784,36.42088493447157,35.52823041976296,27.55598043282526,20.393058051980127,340.9821428571434,2.324151949269104,16299.3,14183.4,17066.75,12837.0,-14.036064277029897,14.288774635818339
2025-01-30,14738.25,14796.3,14635.45,14674.05,0,15112.3125,15678.95,15937.622,15645.595250000002,-2.9000359805952973,-6.409230209931159,-7.9282342121051705,-6.209704613188192,0.01908494504556657,-2.226449540917641,-3.023163599114431,-9.653397529237573,40.19627312746167,34.43508121907688,26.952544442581015,20.321632148381706,328.8785714285718,2.2412256427405643,16299.3,14183.4,17066.75,12837.0,-14.019658107138152,14.310586585650848
2025-01-31,14713.75,14982.0,14657.0,14948.1,0,15050.6375,15674.561000000002,15923.813999999998,15651.129249999998,-0.6812834340073659,-4.6346497359639045,-6.127388827827292,-4.491875562269718,1.8675825692293646,0.8167532204761629,-1.2652207944040983,-7.622855589064126,55.56177678238147,35.65687806932944,28.227587600208004,20.776535294688873,305.7964285714288,2.045721051982719,16230.8,14183.4,17066.75,12837.0,-12.413904228983256,16.4454311755083
2025-02-01,15023.35,15056.8,14660.05,14925.65,0,15009.505000000001,15666.0,15907.442,15656.93,-0.5586793168728841,-4.725839397421169,-6.171903691366591,-4.670647438546386,-0.15018631130377935,3.456007985000409,-2.4368481774297512,-5.223738435259673,49.06674505028448,35.959038111102416,26.89374409393243,20.580228826821205,307.7357142857145,2.0617910394905046,15959.65,14183.4,17066.75,12837.0,-12.545446555436742,16.27054607774402
2025-02-03,14835.65,14864.25,14653.1,14828.5,0,14957.527500000002,15650.489000000001,15890.268499999998,15662.637250000002,-0.8626258584515519,-5.252161769514047,-6.681878912241151,-5.3256500593474545,-0.6508929259362195,3.396460596594486,-0.8988839136536808,-6.551214547471174,45.64577023607021,38.88136740565241,26.653098288978093,20.257940138675586,309.02857142857164,2.084017745750222,15909.5,14183.4,17066.75,12837.0,-13.114682057216518,15.513749318376568
2025-02-04,14929.25,15102.6,14922.8,15070.0,0,14926.417500000001,15639.181999999999,15873.367,15670.01,0.9619354409723472,-3.6394614500937386,-5.061100143403729,-3.8290339316950037,1.6286205617560778,2.7179006560449803,1.9983417655121016,-3.9650272109710616,48.79821784499942,40.62892638649148,27.34750698717846,20.61521431317795,313.9500000000002,2.0832780358327816,15776.9,14183.4,17066.75,12837.0,-11.699649904053203,17.39502999143102
2025-02-05,15126.9,15258.65,15111.25,15155.95,0,14905.477499999999,15627.693000000001,15856.1465,15677.383499999998,1.6804057434590853,-3.018634932232162,-4.415931071272581,-3.3260237590028807,0.5703384207033979,3.2840286083255954,0.9844618275342887,-2.688967720188118,50.30912194196854,43.56729004474408,27.389600150289102,20.609074759727157,316.0964285714287,2.0856259658512246,15577.95,14183.4,17066.75,12837.0,-11.196039081840418,18.06457895146842
2025-02-06,15223.65,15238.15,14927.4,14961.9,0,14890.25,15613.694,15836.866000000002,15683.289749999998,0.4811873541411302,-4.174502203002056,-5.524868367264092,-4.599734886617131,-1.2803552400212581,0.09231942521121805,0.9098266675659161,-1.9948973074945475,43.70169364648638,42.781082513693384,26.868201660718377,20.773561984963827,317.982142857143,2.125279161451039,15344.25,14183.4,17066.75,12837.0,-12.333045248802499,16.552932928254265
2025-02-07,14984.65,15098.6,14840.45,15010.1,0,14908.25,15599.940999999999,15818.157000000001,15688.83125,0.6831787768517456,-3.781046351393243,-5.108414336765027,-4.326206580875799,0.322151598393261,0.5658045043264393,4.041366738175856,2.457321110436106,50.987628433633894,46.78328084022436,22.46216669495729,20.78178994995974,308.98928571428576,2.058542486154561,15344.25,14183.4,17066.75,12837.0,-12.050624752808822,16.928410064656855
2025-02-10,15012.8,15027.05,14630.6,14671.2,0,14893.304999999998,15574.894000000002,15797.991500000002,15692.3655,-1.4913076714671307,-5.802248156552469,-7.132498457161475,-6.5074032337572,-2.2578130725311563,-1.060795090535116,2.299636018798723,-1.9966466489869772,47.957714533656805,50.28458135520069,22.610360042081496,21.046871100781832,305.2785714285714,2.0808016483216876,15344.25,14183.4,17066.75,12837.0,-14.036357244349388,14.28838513671419
2025-02-11,14681.6,14689.9,14139.7,14253.6,0,14854.065000000002,15538.851999999999,15774.681999999999,15693.217250000002,-4.042428789694955,-8.271215917366344,-9.642552540837263,-9.173499780613826,-2.8463929330934112,-5.4173855341738575,-2.8467240351026657,-5.218640280880937,36.12510572573826,40.584261984861236,24.509346618182594,21.76796542798685,323.16785714285703,2.2672718270672463,15344.25,14139.7,17066.75,12837.0,-16.48322029677589,11.03528861883618
2025-02-12,14228.2,14297.05,13833.45,14218.5,0,14808.415000000003,15498.881000000001,15749.1925,15693.5445,-3.9836471357670793,-8.261118980137992,-9.719180840541503,-9.399052584965748,-0.24625357804344272,-6.185359545261104,-3.1044599139296913,-6.033770610977096,38.17620083942175,39.13060769965005,24.290949641349787,21.58379626761883,335.27142857142826,2.357994363480172,15344.25,13833.45,17066.75,12837.0,-16.688883355061744,10.76186024772143
2025-02-13,14246.3,14438.95,14212.9,14257.05,0,14764.285,15458.602999999997,15722.55,15694.02025,-3.4355541091221187,-7.7727140026818615,-9.321007088544796,-9.156164112888796,0.2711256461652045,-4.710965853267302,-4.622995564653709,-5.829725257849427,46.15697621846461,38.237311846760214,24.345054322397434,21.575682766076206,320.3571428571426,2.24700862280165,15344.25,13833.45,17066.75,12837.0,-16.46300555173071,11.062164057022663
2025-02-14,14303.65,14328.8,13770.65,13927.35,0,14695.73,15410.705,15691.92,15692.438999999998,-5.228593611885897,-9.625484362980147,-11.245086643317068,-11.248022056991895,-2.312540111734185,-7.21347625931873,-6.688485928586019,-8.962345858567378,41.57012846875829,34.991086019907925,24.81504234226812,22.02056281990585,337.485714285714,2.4231868538215378,15328.45,13770.65,17066.75,12837.0,-18.3948320564841,8.493806964243985
2025-02-17,13832.05,14022.55,13613.9,13996.85,0,14647.4225,15362.452,15662.758499999998,15691.47675,-4.4415493579160445,-8.889218986656552,-10.63611176792388,-10.799663900340033,0.49901811902479665,-4.596420197393536,-5.608456688134334,-6.456927086814135,34.64131177408338,33.521130326893385,24.14802949558654,22.01372060020306,342.13571428571385,2.4443765153281904,15258.65,13613.9,17066.75,12837.0,-17.987607482385336,9.03521071901535
2025-02-18,14013.75,14037.85,13828.2,13996.75,0,14608.522500000001,15312.714000000002,15633.252999999999,15690.67075,-4.187778059006315,-8.593930507681405,-10.468090038586332,-10.795719169621856,-0.0007144464647446114,-1.8020008980187519,-7.121765096217647,-5.265740537064922,34.55627508208687,36.63166341537655,23.912980344640832,21.95674568325209,345.6214285714282,2.4692977196236856,15258.65,13613.9,17066.75,12837.0,-17.98819341702433,9.034431720807042
2025-02-19,13911.4,14208.1,13834.0,14162.75,0,14566.25,15265.23,15605.001499999998,15692.111,-2.7701021196258475,-7.222164356514769,-9.242238778381397,-9.746050101226029,1.1859896047296647,-0.3920948060625262,-6.553201877810366,-5.633253821244388,31.164408202422365,41.480357490881765,23.549101822457484,22.170517175214744,349.1285714285711,2.4651185075537665,15258.65,13613.9,17066.75,12837.0,-17.015541916299238,10.327568746591883
2025-02-20,14132.5,14337.75,14074.85,14323.05,0,14541.0525,15222.413999999999,15579.3985,15693.67425,-1.4992209126540221,-5.908156222790942,-8.064165635149521,-8.733609658044232,1.1318423328802618,0.46292886677117284,-4.269845407334627,-3.3988669319484743,36.44380455322595,40.263745008597276,23.788658305699453,22.39898671926741,339.5678571428568,2.3707789691640873,15258.65,13613.9,17066.75,12837.0,-16.076288689996634,11.576302874503384
2025-02-21,14315.35,14410.65,14088.65,14142.5,0,14526.825,15176.139,15551.303,15695.608499999998,-2.6456228391269305,-6.810948423706447,-9.05906726915423,-9.895178641847487,-1.2605555381011713,1.5448021339307116,-5.780108060572553,-1.972336686987286,35.12575888985256,40.271184513488166,22.25480851852212,22.50270518766592,343.09999999999974,2.4260208591126022,15258.65,13613.9,17066.75,12837.0,-17.134193680694917,10.169821609410299
2025-02-24,14017.0,14053.4,13895.95,14022.05,0,14510.857500000002,15125.122,15525.886499999999,15696.169249999999,-3.368563849517525,-7.29297919051496,-9.685994419706724,-10.66578235323246,-0.8516881739437876,0.18004050911455405,-4.424655106603426,-2.2267700503437626,26.01890203437148,43.74691205533597,22.350866885372007,22.418074412752915,341.13214285714247,2.432826461588302,15258.65,13613.9,17066.75,12837.0,-17.839951953359606,9.23151826750798
2025-02-25,13997.85,14099.6,13910.55,13942.2,0,14474.405000000002,15074.165,15501.4325,15695.55625,-3.676869619165704,-7.509304827166215,-10.058634903580685,-11.171036069524447,-0.5694602429744511,-0.3897333309518247,-2.1847112308469363,-4.969242566243503,22.147004153567238,43.82540369980821,20.503527734870232,22.42142656041898,341.16071428571405,2.446964713500839,15258.65,13613.9,17066.75,12837.0,-18.30782076259393,8.60948819817715
2025-02-27,13954.35,13978.7,13763.65,13824.45,0,14431.925,15023.027,15478.345499999998,15693.862750000002,-4.209244435513617,-7.978265631819735,-10.685221492180784,-11.91174397138143,-0.844558247622329,-2.3886603943443108,-2.7713893870661366,-5.789812628415458,22.950702718127985,35.982453236219186,20.5841471942676,22.439479663805702,334.3249999999998,2.418360224095713,15258.65,13613.9,17066.75,12837.0,-18.997758800005855,7.6922178078990475
2025-02-28,13726.05,13732.55,13428.75,13540.15,0,14361.5275,14967.375,15449.6635,15690.25075,-5.719290653448949,-9.535573205054328,-12.359579870461262,-13.703418665887156,-2.056501343633932,-5.466014570918897,-5.028389463458427,-9.418922806242936,18.572680820131225,32.830102967898256,19.828483919114316,22.77229304443736,344.1499999999999,2.5417000550215465,15258.65,13428.75,17066.75,12837.0,-20.663570978657333,5.477525901690424
2025-03-03,13553.05,13635.6,13274.4,13602.85,0,14295.3875,14921.81,15420.2,15686.2805,-4.844482180003867,-8.83914216840986,-11.785515103565455,-13.281864365488047,0.46306724814717537,-3.8158034293795273,-2.329947908252472,-8.862595598851641,24.099978181289217,28.23677867115333,20.08405407254327,22.199687092813523,341.63214285714287,2.5114747487265014,15258.65,13274.4,17066.75,12837.0,-20.296189960009958,5.965957778297113
2025-03-04,13445.4,13669.6,13337.75,13594.55,0,14233.689999999999,14874.595999999998,15391.322,15681.67725,-4.490332443660073,-8.605584985299759,-11.67392898413795,-13.309336856808486,-0.0610166251925226,-3.0487696164255618,-2.874218127650152,-8.321475536972722,30.066842089344547,28.366650414431987,20.116973529432844,22.13749645019001,326.0357142857144,2.3982825050164545,15258.65,13274.4,17066.75,12837.0,-20.34482253504622,5.9013009270078625
2025-03-05,13546.6,13948.5,13546.6,13936.7,0,14177.025,14834.794000000002,15365.48,15678.46625,-1.6951722946104624,-6.053970146130784,-9.298635643012771,-11.109289787832397,2.5168174010908873,-0.039448580568346436,-0.4290281672531093,-7.52023888520238,42.811957963473134,36.57534246575345,21.518264005021944,23.02893872447558,321.62857142857166,2.307781407568303,15258.65,13274.4,17066.75,12837.0,-18.340047167738437,8.566643296720423
2025-03-06,14067.95,14106.25,13960.4,13983.2,0,14118.3875,14795.198999999999,15339.1375,15675.309749999999,-0.9575279046562505,-5.488260076799224,-8.839724528188105,-10.794745220265888,0.3336514382888289,1.1483277815753867,-1.2677622636846575,-7.737885121025078,43.04295912405055,32.61954261954264,21.39547329833658,23.041691712686887,317.5928571428572,2.2712459032471624,15238.15,13274.4,17066.75,12837.0,-18.06758756060761,8.92887746358184
2025-03-07,13975.45,14066.85,13891.0,13922.1,0,14066.397500000001,14755.252999999999,15311.768999999998,15671.827249999998,-1.0258312407281294,-5.646484001324806,-9.075822656415456,-11.164794137199275,-0.4369529149264806,2.820869783569613,-2.7993339407458517,-6.949652116375593,49.845547350769316,30.109780278239015,21.139570926495878,23.04532382770418,290.2857142857144,2.085071320316004,15098.6,13274.4,17066.75,12837.0,-18.425593625031127,8.452909558308018
2025-03-10,13939.05,14027.8,13661.0,13708.4,0,14001.3125,14708.813999999998,15282.2625,15666.982,-2.092036014480788,-6.801459315482533,-10.298622340769247,-12.501335611415143,-1.5349695807385433,0.7759403360325212,-3.069471451299277,-8.672160745098301,42.17762711864406,29.92022554704772,21.381638622877546,23.114610827960547,287.2964285714287,2.0957692259594753,15027.05,13274.4,17066.75,12837.0,-19.677735948554943,6.788190387162106
2025-03-11,13590.4,13867.65,13544.2,13835.75,0,13959.539999999999,14666.046999999999,15256.628,15662.8475,-0.8867770714507718,-5.661355101343933,-9.313185062911678,-11.665168163068687,0.9289924425899487,1.7742404125182576,-1.3286217065265005,-5.6944898849446535,45.91577879249113,31.65336124607478,20.779763027179502,23.278698475743607,295.42500000000007,2.1352293876371,14689.9,13274.4,17066.75,12837.0,-18.931548185799873,7.7802446054374075
2025-03-12,13873.2,13910.7,13567.35,13743.65,0,13934.0425,14619.881000000001,15229.4585,15657.646999999999,-1.3663838042692917,-5.993420876681565,-9.756147928700164,-12.224039793463216,-0.6656668413349554,-1.3851916163797773,-1.4240937585173197,-3.5776926530841413,38.95419324231723,34.298241159243645,18.534427341500773,23.22800594862698,293.22857142857146,2.1335567438676875,14438.95,13274.4,17066.75,12837.0,-19.471193988310606,7.062787255589309
2025-03-13,13798.25,13809.2,13604.8,13632.85,0,13904.759999999998,14567.698999999999,15204.435,15652.487749999998,-1.955517391166752,-6.417272899446909,-10.336359095224514,-12.902982466796681,-0.8061904952468946,-2.5055066079295196,-1.3859502548021818,-4.118929563596718,31.321714656852194,38.273797155108916,18.6688536545314,23.00306142794365,289.0500000000002,2.1202463168009635,14438.95,13274.4,17066.75,12837.0,-20.120409568312652,6.1996572407883495
2025-03-17,13646.05,13797.65,13640.75,13752.35,0,13879.525,14519.114,15184.563499999998,15648.0605,-0.9162777544620532,-5.281066048520587,-9.432036027904248,-12.114667501445302,0.8765591934188466,-1.2192844470302666,1.567190909997307,-3.540003016051696,39.0809101340573,41.46636155606408,18.99387595514016,23.164145702368767,277.8214285714287,2.0201742143810235,14410.65,13274.4,17066.75,12837.0,-19.420217674718383,7.130560099711773
2025-03-18,13827.45,14059.9,13794.15,14041.3,0,13885.2225,14484.973999999998,15167.3465,15646.31275,1.1240547279670845,-3.0629947972291776,-7.424149636193783,-10.258089401926341,2.10109544914141,2.4284380379913095,3.223221604296156,0.8181743116960405,50.4923147745582,46.3820367917093,18.861445811304662,23.141007600920567,282.17857142857156,2.009632807707061,14410.65,13274.4,17066.75,12837.0,-17.727159535353838,9.381475422606522
2025-03-19,14109.9,14412.25,14087.7,14389.75,0,13904.867499999998,14455.408000000001,15154.678999999998,15646.044249999999,3.487142182404842,-0.45421063175803317,-5.0474774160508336,-8.02946885440388,2.4816078283349974,4.004119762210223,5.849402885715227,2.8070601599645695,60.0634092595507,57.70563924810024,20.71302590125886,23.827965704074757,295.1714285714287,2.051261686766127,14412.25,13274.4,17066.75,12837.0,-15.685470285789622,12.095894679442237
2025-03-20,14483.4,14501.3,14333.15,14479.75,0,13929.017499999998,14431.159,15145.2805,15643.845499999998,3.953850298486609,0.3367089226859766,-4.394309501233739,-7.441236235681297,0.62544519536476,5.355928010390265,3.896546528231215,3.4508010788218746,64.92098911607991,57.99265119666323,20.77313864975641,23.800108432108946,291.82142857142856,2.015376153396492,14501.3,13274.4,17066.75,12837.0,-15.158129110697702,12.796993066915945
2025-03-21,14474.3,14652.3,14428.75,14630.15,0,13952.3875,14412.267,15136.135499999999,15648.185,4.857681167470433,1.5117885340314596,-3.3428975315396645,-6.505770477534615,1.0386919663668115,7.315418272774954,4.626623376623362,3.300206527687055,76.43064985451014,59.98675580221997,20.68472137756783,23.906794207173203,279.5249999999999,1.910609255544201,14652.3,13274.4,17066.75,12837.0,-14.27688341365521,13.968606372205342
2025-03-24,14745.25,14897.7,14691.7,14829.8,0,13977.725,14403.534,15127.659,15650.052249999999,6.095949090427798,2.959454256156855,-1.9689695543771868,-5.241210935893199,1.3646476625325032,7.8346609852134375,6.5198497353129214,3.5380034280408257,77.89854248618653,60.40688331747194,20.84411837526077,23.742953715939613,272.83571428571423,1.839780133823209,14897.7,13274.4,17066.75,12837.0,-13.107064906909638,15.523876295084516
2025-03-25,14921.85,14929.45,14594.2,14659.2,0,14003.560000000001,14403.716,15117.775999999998,15649.726999999999,4.681952303557091,1.773736721829286,-3.033356229117281,-6.329356416249294,-1.1503863841723971,4.400589688988932,6.935893320883557,3.653526604207191,72.5442032821599,55.22759435796154,20.746422858532274,22.073642351210083,273.0785714285713,1.8628477094832685,14929.45,13274.4,17066.75,12837.0,-14.10666940102831,14.194905351717695
2025-03-26,14670.05,14774.3,14546.05,14567.05,0,14030.810000000001,14395.655,15108.050500000001,15647.800249999998,3.8218748596837813,1.1906023032644129,-3.58087563977895,-6.906723199000443,-0.6286154769701069,1.2321270348685687,5.2855826391774885,3.886735534390473,64.92835997631731,56.7889981610298,20.61288257951579,21.54616802406547,260.6749999999999,1.7894838007695444,14929.45,13274.4,17066.75,13097.95,-14.646608170858544,11.216259032902084
2025-03-27,14493.5,14628.35,14462.7,14591.7,0,14063.285,14386.721000000001,15097.4745,15646.21875,3.757408030911703,1.4247791418211233,-3.350060303132153,-6.739767395876395,0.16921751487088965,0.7731487076779731,6.17048600626473,4.65851874166201,64.56159663061165,59.39721869380889,20.41352988947525,21.521412702011894,260.39642857142854,1.78455168740742,14929.45,13274.4,17066.75,13210.9,-14.502175282347249,10.451975262851139
2025-03-28,14669.8,14770.75,14490.45,14561.6,0,14100.142499999998,14375.323,15088.0185,15643.86725,3.272715151637668,1.2958108836928397,-3.48898365945137,-6.9181566981143945,-0.20628165326863623,-0.4685529540025213,6.812588710357703,5.332219364965685,65.53390983287989,60.38843418757545,20.088669043646085,21.46889961105007,267.8571428571427,1.839476038739855,14929.45,13274.4,17066.75,13274.4,-14.678541608683549,9.696860121738087
2025-04-01,14556.75,14683.45,14393.5,14421.7,0,14144.220000000001,14360.964,15076.318000000001,15639.75875,1.961790752689081,0.42292425494556485,-4.342028338749556,-7.7882195593330374,-0.9607460718602301,-2.751891461786393,4.86716815671504,6.510636883638665,67.97087574322285,59.94306357900342,18.738417267813333,21.559975510316562,262.36785714285713,1.8192574879719945,14929.45,13274.4,17066.75,13274.4,-15.498264168631984,8.642951847164476
2025-04-02,14466.65,14672.5,14353.85,14665.95,0,14197.375,14348.314000000002,15063.393499999998,15636.196750000001,3.3004340591130457,2.2137513857028677,-2.6384725327662566,-6.205132651582939,1.693628351719978,0.04604616895873548,4.448662160911043,7.81527400507982,69.7525576968832,68.99571423750547,19.359709055720202,21.782271161809224,262.02500000000003,1.7866213917270959,14929.45,13337.75,17066.75,13274.4,-14.067118812896418,10.482959681793535
2025-04-03,14535.6,14702.25,14503.65,14659.9,0,14250.642499999998,14342.252000000002,15051.426500000001,15631.87825,2.871852970839747,2.214770734749308,-2.6012584255718334,-6.217923620278965,-0.04125201572350301,0.6373974140268635,1.8773779947532043,7.836596283069319,72.73065568483464,68.18330380334746,19.353809826971954,21.235275496896506,251.6857142857143,1.7168310444526518,14929.45,13544.2,17066.75,13274.4,-14.102567858555382,10.437383233893812
2025-04-04,14634.1,14637.85,14169.7,14238.75,0,14265.744999999999,14331.532000000001,15037.245,15625.11425,-0.18922951447680428,-0.647397640391837,-5.310114984493508,-8.87266632306385,-2.8728026794180073,-2.4188408478792778,-1.6643933769574737,2.167299288927782,63.025625591194405,59.70326856454285,20.875601149162733,22.009965608713532,272.09999999999985,1.910982354490386,14929.45,13544.2,17066.75,13274.4,-16.57023159066606,7.264735129271383
2025-04-07,13269.65,13821.2,13269.65,13756.6,0,14254.415000000003,14306.5,15019.518999999998,15616.6825,-3.4923565786459996,-3.8437074057246683,-8.408518275452085,-11.91086839346321,-3.3861820735668458,-5.528238655092843,-5.970888883572623,-1.6205160478288239,50.07904182707508,47.39702269114033,24.261318627055875,22.907195625946475,329.5499999999999,2.395577395577395,14929.45,13269.65,17066.75,13269.65,-19.395315452561267,3.669652176206612
2025-04-08,14058.05,14162.35,13879.0,14064.25,0,14261.522500000001,14291.245,15006.7475,15608.92075,-1.3832499300127383,-1.5883500702703006,-6.280491492243735,-9.896076575313508,2.2363810825349217,-2.478556619538619,-5.1622408933363895,1.0210384927561211,50.42387750955804,51.08919140472765,25.547489561559328,23.399689432443957,336.5642857142857,2.393048230188497,14929.45,13269.65,17066.75,13269.65,-17.59268753570539,5.988100665805055
2025-04-09,14028.8,14080.95,13825.35,14031.6,0,14277.6825,14283.336000000001,14997.398500000001,15600.959750000002,-1.72354652094274,-1.7624454119121804,-6.439773538057289,-10.059379519904224,-0.23214888813836154,-4.32532498747098,-4.281270464963982,2.357678503691174,42.5115520521881,51.48285574995937,24.87631326949768,22.631464966479317,328.32499999999993,2.339897089426722,14929.45,13269.65,17066.75,13269.65,-17.783995195335958,5.742050468550419
2025-04-11,14262.85,14312.3,14140.3,14267.9,0,14299.290000000003,14281.866000000002,14989.5965,15593.761,-0.21952138882422167,-0.09778834222364337,-4.814649280252474,-8.502509433099563,1.6840559879129913,-2.673960941070541,-2.0536072849341447,3.123430244113967,45.8258625105905,57.53068805857651,25.338737222942076,22.923575518063814,336.3642857142856,2.3574897897678397,14929.45,13269.65,17066.75,13269.65,-16.39943164340018,7.52280580120802
2025-04-15,14520.0,14688.1,14420.15,14660.9,0,14345.1525,14281.659000000001,14985.414,15588.76625,2.201074544170928,2.655440799979877,-2.165532430401996,-5.952146790320889,2.754434780170878,2.96479676937933,0.47424220618570434,6.673991261418899,50.55300782303749,60.365034104184204,26.72038822609502,23.17934991589542,350.4107142857143,2.3901037063598705,14929.45,13269.65,17066.75,13269.65,-14.09670851216547,10.484451360812079
2025-04-16,14694.25,14745.15,14622.2,14736.9,0,14400.355000000001,14282.916,14980.933,15584.473499999998,2.33706044052385,3.178510606657635,-1.6289572885747585,-5.438576413890393,0.5183856379894713,7.126034049110963,1.2038512251400846,8.098453368151182,48.2515245050064,62.527274332488304,26.380230301832498,23.207546899509733,340.0821428571427,2.307691189172368,14929.45,13269.65,17066.75,13269.65,-13.651398186532294,11.057186888878004
2025-04-17,14710.9,14840.75,14644.25,14829.25,0,14454.2,14280.538999999999,14977.55,15580.41075,2.5947475474256567,3.8423689750085845,-0.9901485890549474,-4.8211870794227885,0.6266582524140141,5.439323106457872,2.825949784006032,7.8306616687329855,53.297651598890745,65.16003953470691,26.335643660188275,22.8638784371516,330.1714285714284,2.2264877088957866,14929.45,13269.65,17066.75,13269.65,-13.110287547424084,11.753135915416008
2025-04-21,14910.75,15206.45,14865.95,15191.9,0,14511.73,14285.864,14975.932000000003,15577.8145,4.687035935756799,6.342185533895606,1.4421005650933583,-2.477334031676913,2.445504661395548,8.269192394309988,3.5861979619458584,8.194397954605348,60.9667058637696,67.18229670211623,26.658692517910037,23.51295180556432,340.8107142857142,2.2433712326023354,15206.45,13269.65,17066.75,13269.65,-10.985395579123152,14.486064063483212
2025-04-22,15242.45,15423.2,15171.75,15352.2,0,14559.852499999999,14296.338,14973.4135,15575.373500000002,5.442002245558475,7.38554166808312,2.5297271059802102,-1.4328613050595593,1.0551675563951868,7.599576672110131,4.722406019140646,6.688441425320102,62.74082760931479,66.14249827603194,25.648827863319244,23.564740063627763,346.9392857142857,2.2598668966941915,15423.2,13269.65,17066.75,13269.65,-10.046142352820539,15.694083868074902
2025-04-23,15466.05,15551.75,15272.95,15540.15,0,14612.872500000001,14305.740999999998,14972.4615,15574.517,6.345620958507632,8.628766590979115,3.7915509083125727,-0.22066173865937666,1.2242545042404185,5.9972443710822665,9.139847247827237,7.323330858612898,65.57035339793467,64.74909613067001,25.825704817833874,23.445279844900877,346.83214285714286,2.2318455282422813,15551.75,13269.65,17066.75,13269.65,-8.944878198836923,17.110473900969506
2025-04-24,15552.6,15585.75,15488.75,15513.8,0,14657.054999999998,14312.898000000001,14970.2955,15572.7745,5.845273828883093,8.390348341754397,3.630552917275408,-0.3787025876474373,-0.16956078287533316,5.271800717925745,12.773505081197388,6.039924402688968,68.02859218172212,63.477354187031594,25.7647346775347,23.423259178099517,333.0499999999999,2.1467983343861587,15585.75,13269.65,17066.75,13269.65,-9.099271976211059,16.911900464594016
2025-04-25,15553.65,15592.8,15015.5,15137.5,0,14672.439999999999,14316.41,14965.052,15568.581749999998,3.169615960262924,5.735306546822843,1.1523381275253861,-2.768921131817274,-2.425582384715541,2.078662103612783,7.63105035817766,2.074876262660319,57.459227739373894,56.24484570978424,27.17380684414557,23.895962680552465,351.5249999999999,2.322213047068538,15592.8,13269.65,17066.75,13269.65,-11.304144022734263,14.076106001288657
2025-04-28,15127.75,15414.35,15123.95,15404.95,0,14709.727499999999,14324.306999999999,14962.124,15565.119750000002,4.726277220295221,7.544120633549685,2.959646638405088,-1.029029988670668,1.7668042939719353,1.402392064192104,9.78755095641266,5.087248963108482,60.88538242384398,56.96315936028282,27.342114192842566,24.203519282510516,358.0821428571427,2.3244615714893113,15592.8,13269.65,17066.75,13269.65,-9.737061830752776,16.091607540515398
2025-04-29,15444.9,15559.3,15409.7,15442.3,0,14753.49,14339.729,14957.3115,15562.386499999999,4.668793621034748,7.688924944118539,3.2424844531719454,-0.7716457883885576,0.24245453571740683,0.5868865700029868,8.231064136978805,6.008423119300055,69.80532837466473,59.796832386719025,27.139634007617495,23.614048450229944,334.092857142857,2.1634915598250064,15592.8,13269.65,17066.75,13269.65,-9.518215243089639,16.373076908584625
2025-04-30,15458.2,15521.4,15247.8,15314.1,0,14789.609999999997,14360.938999999998,14949.8955,15558.819749999999,3.5463409785653814,6.63717741576649,2.4361675304017996,-1.5728683404793504,-0.8301872130446863,-1.4546191639076778,4.455388141246441,4.950759678447336,79.00912646675363,59.26229000061994,27.43672870514952,22.731727096957126,284.41428571428554,1.8572053579007943,15592.8,13269.65,17066.75,13269.65,-10.26938345027612,15.406962504662902
2025-05-02,15269.85,15441.0,15133.7,15176.35,0,14820.3475,14380.095999999998,14939.4885,15554.962749999999,2.402119788351795,5.5371953010605965,1.5854726217701558,-2.4340318654893496,-0.8994978483880867,-2.1751601799687936,2.981970427973324,4.221720140643881,72.11286089238848,57.051026930545,27.700765223432484,22.83789407176609,277.38214285714264,1.8277263166515179,15592.8,13269.65,17066.75,13269.65,-11.07650841548625,14.368879360043413
2025-05-05,15251.25,15463.75,15246.25,15448.9,0,14871.707499999999,14403.933,14931.268,15552.376499999998,3.881144784484237,7.254733828600831,3.46676518029145,-0.6653420459567633,1.7958863626629462,2.0571428571428463,4.1785660097442445,7.122599970877208,75.7269921945907,60.10983752250302,27.868103288389474,23.137274958731,279.6535714285711,1.8101843589418738,15592.8,13269.65,17066.75,13269.65,-9.479543556916228,16.42281446760088
2025-05-06,15487.9,15506.55,15096.8,15120.7,0,14894.444999999998,14427.8,14919.2525,15548.2055,1.5190562656077675,4.80253399686717,1.350251964701316,-2.749548814491803,-2.124423098084649,-1.8451861252389623,-0.46867080483677936,3.100719694257781,64.98032602585727,57.636673513088326,28.725784658239697,23.037060619849917,288.87142857142834,1.910436875087981,15592.8,13269.65,17066.75,13269.65,-11.402581042084751,13.949501305610934
2025-05-07,14945.5,15418.75,14942.0,15407.4,0,14931.820000000002,14456.010999999999,14909.2315,15544.800249999998,3.1850102666654037,6.5812692035168014,3.3413425769128327,-0.8838984598724502,1.8960762398566144,-0.22600260323915045,0.35955758783756675,5.098943376148535,63.62176562899167,58.026001017525246,29.354498493815186,23.349534878314145,292.91071428571405,1.9011041076736765,15592.8,13269.65,17066.75,13269.65,-9.722706432097501,16.11007072530172
2025-05-08,15458.1,15494.9,15016.35,15098.85,0,14974.825,14478.053,14895.383500000002,15539.771499999999,0.8282233682196596,4.287848649262442,1.3659702014385773,-2.8373744105567997,-2.0026091358697706,-1.4055674182615996,-2.83974092914161,6.040558335528057,56.088002287521256,54.459469069703665,28.262894787889874,23.866087026791927,318.310714285714,2.1081785320452484,15592.8,13269.65,17066.75,13269.65,-11.53060776070429,13.784839841291976
2025-05-09,14785.05,15128.3,14783.9,15097.55,0,15041.872499999998,14496.749,14880.989500000001,15535.245499999997,0.3701500594424106,4.144384371971946,1.4552829299422445,-2.817435360129958,-0.008609927246117088,-0.5192289318577958,-2.683095050857942,9.747684747684747,54.65539977790117,59.53861874403004,24.728167613422443,23.753108391060376,328.8749999999997,2.1783335706786846,15592.8,13825.35,17066.75,13269.65,-11.53822491101118,13.775043049364525
2025-05-12,15516.55,15732.75,15476.5,15723.15,0,15124.8175,14524.751,14873.5825,15535.879249999998,3.955965088504377,8.250736966162101,5.711922463871762,1.2054081200457418,4.143718682832653,1.7752072963123533,3.8688687035507874,11.795154380788176,58.447154600817306,71.1677771439028,27.31851966249048,25.311869565315398,347.30357142857116,2.2088676342117908,15732.75,13825.35,17066.75,13269.65,-7.872617809483354,18.489560764601933
2025-05-13,15746.0,15822.2,15677.4,15729.2,0,15209.6975,14556.485,14866.312,15535.189749999998,3.415600474631402,8.056306175563675,5.804317842918949,1.2488437741805054,0.038478294743748975,4.02428458999915,2.104842923865391,12.098406454003818,56.30371534628634,69.16577453925939,27.22947101689912,25.093665353294654,339.685714285714,2.159586719513478,15822.2,14140.3,17066.75,13269.65,-7.837168763824391,18.5351535270335
2025-05-14,15756.3,15871.1,15698.1,15848.6,0,15288.732499999998,14593.016000000001,14859.069000000001,15535.215,3.661961513160114,8.604006190358449,6.659441449528224,2.0172556350201796,0.7590977290644174,2.863559069018784,2.631084747738366,11.078715157801788,55.27851458885944,70.50651197435842,26.93132711562586,24.99856802276581,332.12857142857126,2.095633503455013,15871.1,14420.15,17066.75,13269.65,-7.137562804869114,19.43495118560023
2025-05-15,15902.75,15953.95,15816.0,15931.85,0,15352.280000000002,14632.809000000001,14853.487,15534.9685,3.775139588386857,8.877591445360896,7.25999894839509,2.554762180560582,0.5252829902956835,5.5169764584720005,4.033864216636962,8.668976665825422,57.017440786933705,69.4511660529546,25.631702738718655,24.93308647093565,335.0535714285713,2.1030424679404542,15953.95,14622.2,17066.75,13269.65,-6.64977221790909,20.062322668646125
2025-05-16,15995.25,16084.7,15933.75,16043.65,0,15417.617499999998,14677.193000000001,14850.11,15535.4925,4.060500917213709,9.310070392887784,8.037246862144448,3.27094554614216,0.7017389694228715,6.2665796768349935,5.714812850257145,8.867197307439145,66.69307149568007,67.30146019193955,25.64845372192955,24.816044797319588,304.7357142857142,1.8994163690040249,16084.7,14644.25,17066.75,13269.65,-5.9946972915171335,20.90484677440626
2025-05-19,16081.3,16146.05,15974.1,16044.1,0,15478.36,14727.271999999999,14847.323499999999,15534.231500000002,3.6550383890799787,8.941425132909893,8.060553809580574,3.282225451577689,0.002804848023996165,2.041257636033489,3.852701486837251,8.19225517136739,63.059068712584036,66.67134294095143,25.683176085766625,24.229739924500628,296.2749999999999,1.8466289788769699,16146.05,14783.9,17066.75,13269.65,-5.99206058564167,20.908237971611918
2025-05-20,16123.45,16131.25,15771.6,15797.6,0,15508.645,14771.167,14846.488500000001,15530.94,1.8631866291349108,6.948895777835299,6.40630611070085,1.7169598234234362,-1.5363903241690124,0.43486000559469495,4.47664459978705,3.98699306867476,56.68787411060501,61.882615684782756,25.378548266140772,24.5953566015128,310.9392857142857,1.9682691403395811,16146.05,14783.9,17066.75,13269.65,-7.436389470754536,19.050615502292832
2025-05-21,15823.75,15939.5,15739.15,15888.0,0,15535.435000000001,14817.036,14845.816,15527.647250000002,2.269424705519985,7.227923317457013,7.020051979628464,2.3207170036658202,0.5722388210867457,0.24860240021200575,3.119280345807862,3.4900535428147084,60.95856406339507,59.153429413002335,25.22208426492023,24.587136252964772,305.70714285714286,1.924138613149187,16146.05,14783.9,17066.75,13269.65,-6.9067045571066545,19.731869340939667
2025-05-22,15851.25,15851.45,15671.15,15759.25,0,15546.39,14853.487,14844.140500000001,15523.13525,1.3691924620442468,6.097982244842581,6.164786031228946,1.5210506524447156,-0.8103600201409877,-1.0833644554775534,4.373843041026304,1.4098963008722487,61.16880628472887,55.39732421072172,25.14255661234501,24.19251227258024,299.2464285714286,1.8988621195261741,16146.05,14783.9,17066.75,13269.65,-7.661095404807594,18.761610140433245
2025-05-23,15791.55,15902.95,15737.45,15882.0,0,15564.8,14891.463,14843.331,15520.015499999998,2.0379317434210575,6.651710446448414,6.997546574956792,2.332372026303726,0.7789076256801586,-1.0075637401713466,5.195876152090917,2.3733708053474967,58.803919177135434,54.61255110439465,25.241973467853622,24.22035787202986,290.53928571428577,1.8293620810621192,16146.05,14783.9,17066.75,13269.65,-6.941860635446116,19.68665337819762
2025-05-26,15940.85,16006.9,15929.55,15970.45,0,15606.4475,14932.43,14843.841499999999,15518.521999999999,2.3323853811061133,6.9514472862086105,7.5897367942119445,2.9121845495337877,0.5569197834025985,-0.45904725101438837,1.572840047954771,5.502559867877799,69.13894457082367,56.05998274832462,23.390381067300815,24.174661264149705,270.1928571428572,1.6918299555920915,16146.05,14783.9,17066.75,13269.65,-6.423601447258553,20.353212028953298
2025-05-27,15980.9,16009.7,15875.7,15973.55,0,15634.877499999999,14977.733,14843.273500000001,15519.71,2.1661346563156676,6.648649698856289,7.614738756919072,2.924281445980628,0.019410849412504483,1.1137767762191553,1.553480151565223,3.6910213924744806,64.61899966431687,62.314592508579935,22.728681201726918,23.821709171104207,245.71071428571435,1.5382348587866463,16146.05,14783.9,17066.75,13269.65,-6.40543747344984,20.376573609703343
2025-05-28,16011.75,16051.4,15910.3,15929.8,0,15659.252499999999,15019.614000000001,14842.8305,15521.08575,1.7277165688464415,6.059982633375251,7.3231955320112245,2.633283886083801,-0.2738902748606331,0.2630916414904316,0.5123480938379332,3.1569131541286044,74.85567287846604,58.276172004352134,22.787016999747394,23.815933278199815,221.60714285714297,1.3911483060499377,16146.05,14783.9,17066.75,13269.65,-6.661783878008412,20.04687388137592
2025-05-29,16009.4,16071.05,15923.1,16041.45,0,15695.62,15065.57,14842.7255,15520.904500000002,2.2033535470405115,6.477551131487233,8.076175093314232,3.353834823221793,0.7008876445404377,1.790694354109501,0.6879301524932879,4.749544537387118,76.48577361243619,59.23146849914491,22.546780327063274,23.730396919382706,207.57500000000007,1.2939915032618625,16146.05,14783.9,17066.75,13269.65,-6.007587853574929,20.888267588067517
2025-05-30,16058.8,16096.75,15949.9,15998.9,0,15736.747500000001,15112.891000000001,14840.295,15520.636,1.6658620213611377,5.8626043157460614,7.80715612459186,3.081471661341708,-0.26525033584869906,0.7360533937791125,-0.2789265534962393,5.419946166238909,61.5006047462151,60.83715777812944,22.23116512795487,23.629156361999325,172.6928571428572,1.0794045662067844,16146.05,14783.9,17066.75,13269.65,-6.256903042465615,20.56761105228849
2025-06-02,15980.2,16128.95,15922.65,16114.35,0,15770.02,15160.131000000001,14839.6225,15520.325,2.1834468187104386,6.294266190707713,8.590026464622,3.8274005215741274,0.7216121108326146,0.901039106599999,0.43785566033620604,4.307426418709426,64.72004586279377,64.94963661864082,21.572738886827654,23.613327678542788,177.08571428571435,1.0989317861763852,16146.05,14783.9,17066.75,13269.65,-5.580441501750478,21.43764153538338
2025-06-03,16187.25,16187.35,16034.2,16052.55,0,15816.6125,15200.356000000002,14842.665,15519.604,1.4917068999445995,5.606408165703472,8.151400034966755,3.4340180329343455,-0.3835091083413289,0.4945675820340556,1.6138527371246214,6.162743788316671,58.15376004477665,60.31369064907993,19.882540961799627,23.31089683855375,175.66785714285717,1.0943299173206573,16187.35,14783.9,17066.75,13269.65,-5.942549108646935,20.97191711914029
2025-06-04,16090.9,16209.45,15995.85,16195.4,0,15856.0125,15236.469,14845.938499999998,15520.304250000001,2.140434109773809,6.293656358307167,9.089768895378365,4.349758478478272,0.8898897682922735,1.6673153460809331,1.9347935548841955,5.114425535781497,60.057240984544876,69.60344387289769,19.12208428004119,22.805706055492614,181.07142857142858,1.1180423365364769,16209.45,14783.9,17066.75,13269.65,-5.10554147684826,22.048433832090524
2025-06-05,16259.0,16341.75,16217.0,16296.65,0,15915.9025,15272.806999999999,14851.983,15522.17275,2.3922457428977055,6.703698933666881,9.72709839487427,4.989489953975676,0.6251775195425857,1.5908786300490307,3.410060757967548,7.933054504150983,59.73301531122563,67.39772660575584,17.181001206554257,22.805683207756328,180.60714285714286,1.1082470498976345,16341.75,14783.9,17066.75,13269.65,-4.512282654869852,22.81145320336256
2025-06-06,16348.2,16582.5,16307.9,16569.6,0,15989.505000000001,15311.595999999998,14861.931499999999,15523.789499999999,3.6279734738504885,8.216021373604692,11.490219154892484,6.736824793971856,1.674884101947316,3.5671202395164636,4.3294295428787155,9.750257492109649,66.71225034982818,79.18096863157467,17.697171245128978,22.963470064379067,188.74285714285725,1.1390912100645596,16582.5,15476.5,17066.75,13269.65,-2.912974057743867,24.86840270843616
2025-06-09,16675.7,16767.55,16647.5,16755.25,0,16041.11,15350.105,14876.8195,15526.265500000001,4.451936306153374,9.153976471170722,12.626559729383022,7.915519028062469,1.1204253572808076,3.9772004455655985,4.914075683528019,6.5642062818201286,81.68193998742836,80.64820292856082,11.571693270256452,22.909506768355765,177.19285714285732,1.0575363372247941,16767.55,15671.15,17066.75,13269.65,-1.825186400457029,26.267459955613
2025-06-10,16820.85,16836.9,16726.9,16749.15,0,16092.107499999998,15391.903999999999,14897.81,15528.036499999998,4.083010879712327,8.817921421547346,12.426927179229713,7.8639272904852024,-0.0364064994553881,4.339497463019915,4.855526792729248,6.484436589273468,80.17238358852177,74.6054966665068,11.598956221833873,22.693632775836292,170.73928571428587,1.019390749466605,16836.9,15671.15,17066.75,13269.65,-1.8609284134354729,26.22149039349193
2025-06-11,16789.65,16810.2,16618.25,16683.3,0,16133.842500000002,15434.229000000001,14914.942,15529.23125,3.405620824673333,8.09286294767298,11.85628479145276,7.431589699586697,-0.39315427947090864,3.012583820097059,4.730128438524028,5.266711255252821,83.86907598138019,72.2432041777404,11.737001345117685,22.651430154678334,168.96071428571446,1.0127535576637383,16836.9,15671.15,17066.75,13269.65,-2.2467663732110723,25.72524520239795
2025-06-12,16685.9,16689.2,16404.15,16438.05,0,16159.1525,15471.155999999999,14928.938499999998,15528.544750000001,1.7259413821362175,6.249655811110691,10.108632304969312,5.856989593310077,-1.4700329071586582,0.8676629859510898,2.472345081024452,3.1772832408037965,68.70144284128736,62.98033516108427,13.185490612579883,22.989690480135483,177.50000000000014,1.0798117781610357,16836.9,15671.15,17066.75,13269.65,-3.6837710753365505,23.87704272531679
2025-06-13,16119.55,16417.9,16119.55,16391.9,0,16176.564999999999,15507.761999999999,14941.5425,15528.18875,1.331154049082749,5.7012610846104215,9.706879326548796,5.5622150394069765,-0.2807510623218601,-1.0724459250675777,2.456418878797928,2.1706407207836342,64.5896077820473,60.29908885356736,13.110900881386609,22.997878883099748,191.3285714285716,1.1672141205630315,16836.9,15671.15,17066.75,13269.65,-3.9541799112308937,23.529256611892567
2025-06-16,16385.25,16558.65,16238.1,16545.7,0,16201.644999999999,15550.242000000002,14955.603000000001,15528.127250000001,2.12358066109955,6.401559538430325,10.632115602426726,6.553093838151019,0.9382682910461737,-1.2506527804717837,2.6768066971364135,3.1263829071122684,67.93517444594215,61.031883803203776,13.425544811623686,22.879694810775057,204.65357142857167,1.2368988403547245,16836.9,15671.15,17066.75,13269.65,-3.0530124364627085,24.688292456847023
2025-06-17,16577.95,16619.4,16421.5,16447.4,0,16234.135,15585.871,14967.0925,15527.45925,1.3136825583870113,5.527628196075806,9.890414587870026,5.924605791510943,-0.5941120653704557,-1.8015839609771267,2.4597338117620104,4.113283030333736,65.68865179437444,58.49660809842837,12.21044519920869,22.731475812784748,208.7107142857146,1.2689587064564283,16836.9,15671.15,17066.75,13269.65,-3.6289861865908777,23.947504267256498
2025-06-18,16395.8,16506.25,16328.3,16367.85,0,16258.127499999999,15620.03,14981.141000000001,15526.3675,0.6748778418671011,4.787570830529773,9.256364385062518,5.419699746254236,-0.4836630713669132,-1.8908129686572739,1.064808525877714,3.0202039274924486,60.089644513137536,62.92292700614135,12.363034719722043,22.781229070585475,210.85357142857188,1.2882178870686858,16836.9,15671.15,17066.75,13269.65,-4.09509719190824,23.348015961234854
2025-06-19,16391.55,16397.75,16071.55,16102.0,0,16275.265,15657.295,14994.4135,15524.303999999998,-1.0645909605772896,2.8402415615213226,7.3866610387928775,3.7212360695848377,-1.6242206520709845,-2.0443422425409308,-1.194417257534519,2.174913146247448,52.8004128639722,54.49240070534889,13.489309836462981,22.06771841710414,223.6642857142862,1.3890466135528892,16836.9,15737.45,17066.75,13269.65,-5.6528044296658715,21.344572012072664
2025-06-20,16100.6,16391.25,16096.95,16357.25,0,16299.0275,15709.308,15007.904000000002,15522.99625,0.3572145638750524,4.124573787718715,8.990902393831927,5.374308777533847,1.585206806607875,-0.2113848913182781,-1.2815638277327013,2.992381312177317,56.131980208017765,61.920424191683594,14.298139323903866,20.623312340932383,229.95000000000033,1.4057986519738974,16836.9,15875.7,17066.75,13269.65,-4.1572062636412905,23.268134427057234
2025-06-23,16245.0,16465.15,16215.35,16420.8,0,16321.544999999998,15756.438999999998,15023.842000000002,15522.1565,0.6081225766310789,4.216441291081067,9.298274036694455,5.789424298099302,0.38851273899951355,-0.7548789111370469,-1.9960907775175007,2.8198954944913757,59.28821852851414,60.99995916867418,14.247193464735162,20.168650655934574,236.85357142857188,1.4423997090797762,16836.9,15875.7,17066.75,13269.65,-3.7848448005625013,23.74704683243341
2025-06-24,16609.85,16649.25,16523.05,16557.5,0,16350.742499999998,15806.957,15045.1465,15521.685999999998,1.2645144402463775,4.748181449471898,10.052102184581582,6.6733343272116326,0.8324807561141956,0.6694067147390959,-1.1442371702444665,3.6557308801111965,59.16152211314646,61.75345866618613,14.444632035187224,20.160869811527256,237.9142857142862,1.4368973922046577,16836.9,15910.3,17066.75,13269.65,-2.983872149061772,24.777217183573043
2025-06-25,16623.75,16650.35,16577.65,16634.25,0,16385.965,15854.284,15068.075,15521.7175,1.5152296492760717,4.919591449225965,10.393995251550043,7.167586318975328,0.46353616186018964,1.62758089791879,-0.2940065814317272,4.422214968172855,58.648870215709394,62.8490859587709,14.371841825938603,19.927086033815897,234.09285714285747,1.407294330329636,16836.9,15922.65,17066.75,13269.65,-2.5341673136361638,25.355604706981726
2025-06-26,16679.9,16753.45,16590.75,16745.05,0,16421.145,15895.966999999999,15088.812999999998,15521.917,1.9724873021948155,5.341499513681682,10.976589079604878,7.880038271046031,0.6660955558561277,3.99360327909577,1.8676181177207818,4.38613716341103,54.90207035288203,65.45175413657813,14.356940026936618,19.14865647783077,225.29642857142895,1.3454509157716994,16836.9,15922.65,17066.75,13269.65,-1.8849517336341173,26.190592818951515
2025-06-27,16798.4,16877.55,16746.75,16760.95,0,16459.247499999998,15936.448,15109.682000000003,15523.652,1.833027299698866,5.17368738629838,10.928542374353066,7.970405417488107,0.0949534339999003,2.468018768436009,2.2514168583263716,4.763139965872654,50.17594764785778,64.1505723164064,14.252437567186316,19.144378550575343,220.62142857142888,1.3162823621061388,16877.55,15922.65,17066.75,13269.65,-1.7917881260345367,26.31041512021795
2025-06-30,16844.8,16863.4,16768.6,16846.2,0,16495.84,15976.787000000002,15128.663,15526.238500000001,2.123929427055552,5.441726174355323,11.352867070936805,8.501489269277934,0.5086227212657946,2.5906167787196788,1.8161818478517056,4.541604222323592,52.856175873333505,66.38878143133464,14.176185596516715,19.134736785196722,220.08214285714323,1.3064200998275173,16877.55,15995.85,17066.75,13269.65,-1.2922788462946917,26.95285859084453
2025-07-01,16881.0,16894.9,16754.45,16851.55,0,16535.79,16009.98,15147.922000000002,15527.681999999999,1.9095549713681559,5.256533737081494,11.24661191152157,8.525857239992424,0.031757903859608305,1.775932356937937,2.4572272821236085,4.977402344175852,55.13442582928989,64.89353105175965,14.015056287686587,18.474399070431968,216.40357142857178,1.284176063499036,16894.9,15995.85,17066.75,13269.65,-1.2609313431086806,26.993176157622845
2025-07-02,16841.25,16883.85,16739.7,16840.2,0,16568.03,16039.74,15168.039,15529.15375,1.6427420761551126,4.99047989555941,11.024239850649119,8.442483544861556,-0.06735285478189912,1.238108120293968,2.885840229474246,3.981377428158628,64.31597308746584,66.24389036688738,13.843402995810413,18.383258248388064,206.33928571428598,1.22527811851573,16894.9,16071.55,17066.75,13269.65,-1.3274349246341528,26.907642628102487
2025-07-03,16884.75,16941.1,16838.65,16860.8,0,16596.2375,16066.153,15185.947000000002,15529.657,1.5941113158931355,4.9460938159869325,11.028966451680605,8.57161880651968,0.12232633816700034,0.69124905569109,4.712458079741633,3.4617544096485986,67.00145032632338,64.451394318478,13.752864928534075,18.23077892202634,190.9071428571429,1.1322543583764881,16941.1,16071.55,17066.75,13269.65,-1.2067323890020112,27.0628841001835
2025-07-04,16896.95,16910.65,16741.25,16841.15,0,16609.815,16092.7,15202.798999999999,15529.472749999999,1.3927608465235932,4.6508665419724515,10.776640538364038,8.446373364478859,-0.11654251281076888,0.47849316417030163,2.95832123370372,1.6388446311317306,61.86689159336474,62.26019994596063,12.579712386432753,18.226092807901043,180.11071428571435,1.0694680249609696,16941.1,16071.55,17066.75,13269.65,-1.3218685455637338,26.91480182220331
2025-07-07,16851.05,16878.7,16778.1,16811.15,0,16612.61,16126.173,15221.2915,15529.07875,1.195116240012863,4.2476103908844385,10.444964541937866,8.255938878537794,-0.17813510360040752,-0.20805879070650013,2.3771679820715264,0.3336267736978149,65.45833156261958,56.10699567668707,11.991894966329863,17.251928214526643,173.16071428571442,1.0300349130530297,16941.1,16071.55,17066.75,13269.65,-1.49764893726104,26.68872200849308
2025-07-08,16820.15,16847.8,16644.0,16776.1,0,16613.9575,16153.596000000001,15238.9515,15528.554249999997,0.975941463675937,3.8536558670898855,10.086970222327956,8.033882162597342,-0.20849257784270048,-0.4477332945634127,1.3202476219235981,0.1609036876498049,68.03144737423256,50.57059193782323,12.018039907880425,16.90502651240279,175.0071428571429,1.0431932502616397,16941.1,16071.55,17066.75,13269.65,-1.7030190282274098,26.4245854261416
2025-07-09,16801.25,16824.8,16721.75,16753.15,0,16617.45,16179.813,15259.770999999999,15528.88125,0.8166114536225517,3.543532919694445,9.786378838843667,7.883818095395642,-0.1368017596461435,-0.5169178513319328,0.714790267069465,0.4186821552091047,86.61643142326973,50.10846575193883,11.937948933353308,16.918818001266875,159.06785714285706,0.9494802896342303,16941.1,16071.55,17066.75,13269.65,-1.837491027875832,26.251634368653292
2025-07-10,16776.05,16791.05,16622.9,16675.65,0,16629.329999999998,16207.044000000002,15283.991500000002,15529.33675,0.2785439942559523,2.8913724180671054,9.105334166143702,7.3815982514514085,-0.46259957082698255,-1.098109223761612,-0.41445083771023405,1.4454269210764092,72.3784087714369,49.793861658268504,10.741881083935747,16.82709225607907,150.05714285714268,0.8998578337704538,16941.1,16071.55,17066.75,13269.65,-2.291590373093873,25.66759484990186
2025-07-11,16661.45,16675.3,16445.15,16482.9,0,16633.88,16233.175,15306.6355,15527.913999999999,-0.9076655596890175,1.5383620271450422,7.684670481635243,6.150124221450497,-1.1558769823065362,-2.1272300288281976,-1.6589155149320245,0.5551522398257625,53.69379014989309,51.24372590887669,11.544338349327013,16.920944510596772,148.67857142857116,0.9020170687717037,16941.1,16071.55,17066.75,13269.65,-3.4209793897490646,24.215032046813608
2025-07-14,16528.35,16639.8,16452.0,16620.3,0,16637.61,16256.603000000001,15330.268,15526.409000000001,-0.10404138575192776,2.237226313517026,8.414934429065422,7.045357364990178,0.833591176309989,-1.1352584445442626,-1.340955230259655,0.45087243211225925,53.7323190300725,56.028612152246176,11.440645665035227,16.580136639626566,145.77499999999964,0.8770900645596026,16941.1,16071.55,17066.75,13269.65,-2.6159051957754156,25.250477593606462
2025-07-15,16652.9,16800.0,16616.95,16783.8,0,16654.43,16289.865,15358.8325,15525.37625,0.7767903194525358,3.0321614083357935,9.277837361661433,8.105592610034169,0.9837367556542409,0.04589862959807345,-0.40204016841181023,2.0453080730084894,58.057216744787496,56.252626050420155,11.676740879808614,15.837524321244256,152.21785714285684,0.906933216213592,16941.1,16071.55,17066.75,13269.65,-1.6579020610250967,26.482612578327235
2025-07-16,16808.5,16828.05,16745.75,16776.25,0,16674.85,16317.242000000002,15386.626500000002,15524.6925,0.6081014222017077,2.8130244069432684,9.03137214645457,8.061721673392249,-0.04498385347775358,0.13788451724003892,-0.3797460837757338,2.4951352804430504,51.891367604267764,59.06797187370742,11.486266348637118,15.369731478169482,146.4749999999996,0.8731093063110028,16941.1,16071.55,17066.75,13269.65,-1.7021401262689146,26.425715825210162
2025-07-17,16825.95,16830.2,16730.7,16747.45,0,16707.1225,16350.214,15414.133500000002,15523.693250000002,0.24137908846959982,2.4295461820866735,8.649960764904488,7.883154673904668,-0.17167126145591904,0.43056792388902476,-0.6722694059593803,4.008508259843513,49.19422227527754,60.7687943262412,9.544094572773725,14.564194872736918,144.11785714285674,0.8605361242628383,16941.1,16096.95,17066.75,13269.65,-1.8708893022983244,26.208679204048345
2025-07-18,16764.6,16776.25,16592.2,16645.4,0,16721.530000000002,16381.171,15438.96,15521.980750000002,-0.45528130500020636,1.6130043450495766,7.814256918859836,7.237602391692175,-0.6093464975264862,0.9858702048789914,-1.1623315509926568,1.7616041816320038,38.250438853130376,66.99505848501923,8.428668375592546,14.672935315050212,149.94642857142804,0.9008280279922863,16941.1,16215.35,17066.75,13269.65,-2.4688356013886565,25.439631037744036
2025-07-21,16641.65,16774.95,16574.75,16752.6,0,16738.120000000003,16401.76,15463.255500000001,15521.327000000001,0.08650911810881941,2.1390387373062416,8.338118063172386,7.932781778259019,0.6440217717807784,0.7960145123734108,-0.3482807541423605,2.0206080093539747,44.82668479113285,63.62665012235902,8.596345088284584,11.620938692745307,154.21428571428518,0.9205394130719123,16941.1,16445.15,17066.75,13269.65,-1.8407136683902994,26.247489572068584
2025-07-22,16808.8,16814.15,16604.65,16621.15,0,16741.3025,16419.599000000002,15488.042,15519.6725,-0.7177010271452902,1.2275025717741308,7.316018383731153,7.097298606011182,-0.7846543223141267,-0.9690892408155349,-0.9236354098985933,0.3844179374905776,39.82535185099159,56.59675348194014,8.688478586515926,11.799664563564132,158.8821428571425,0.9559034294085698,16941.1,16445.15,17066.75,13269.65,-2.610924751343979,25.256883188328267
2025-07-23,16648.85,16702.5,16544.75,16694.15,0,16744.2975,16436.51,15514.763,15520.324750000002,-0.2994900204084353,1.5674860417448904,7.601708127929512,7.5631487672318185,0.43919945370807234,-0.489382311303177,-0.35217257650054234,0.3601003952688142,42.61859414448334,54.696360449530985,8.672438266449907,11.731249678146554,162.8321428571427,0.9753844481877945,16941.1,16445.15,17066.75,13269.65,-2.183192464880534,25.807010735023166
2025-07-24,16685.05,16686.9,16529.85,16566.85,0,16735.3875,16449.21,15541.0095,15521.221000000001,-1.007072587951741,0.7151711237196159,6.600861417657574,6.736770257958424,-0.7625425673065345,-1.0783731254609075,-0.652448330349964,-1.0641950904894282,38.90820865345715,47.76139232097774,8.741858033618925,11.850578393205428,162.4678571428571,0.9806804380003266,16941.1,16445.15,17066.75,13269.65,-2.92908726031612,24.847678725512722
2025-07-25,16519.0,16567.95,16299.7,16334.55,0,16714.0675,16455.028,15566.1105,15522.228000000001,-2.2706471659277536,-0.7321652688770822,4.936618559915777,5.233282232421778,-1.4021977623990045,-1.867482908190865,-0.9000236608849299,-2.5440085436684745,33.43758687795368,37.383981805888396,9.941068115108164,12.219304118283562,174.44285714285692,1.0679379422319986,16941.1,16299.7,17066.75,13269.65,-4.290213426692257,23.097067368016486
2025-07-28,16300.5,16492.65,16203.2,16254.45,0,16684.480000000003,16459.235,15593.253499999999,15521.4585,-2.577425247895064,-1.2441951281453838,4.240272884680557,4.722439582594638,-0.49037163558224295,-2.9735682819383102,-2.2012238046244526,-3.5126616091462726,32.422414664554964,35.024540240080285,9.724117446940514,12.276810887807896,180.56071428571417,1.1108386582487513,16941.1,16203.2,17066.75,13269.65,-4.759547072524056,22.493434265410176
2025-07-29,16227.55,16406.5,16216.6,16386.15,0,16661.21,16471.006,15621.086500000001,15520.64325,-1.6509005048252658,-0.515184075581053,4.897633080771943,5.576487623990728,0.8102396574476645,-1.413861255087645,-2.3692489186000643,-2.761763754669444,38.4779605676252,36.761532042243296,10.319991581823244,11.86130543643892,186.76428571428565,1.1397691691720486,16941.1,16203.2,17066.75,13269.65,-3.987871152972877,23.485924647598104
2025-07-30,16405.25,16409.15,16295.25,16367.75,0,16637.5875,16480.601000000002,15648.818500000001,15520.07025,-1.621854731041994,-0.6847505136493649,4.594158338535262,5.4618293367583135,-0.11228995218524052,-1.9551759149163073,-2.4349899411370224,-2.80548924597096,39.96087381806316,36.18188049811485,10.317148327021892,11.813453802196468,182.8892857142859,1.1173758501583047,16941.1,16203.2,17066.75,13269.65,-4.095683126547234,23.347262361855815
2025-07-31,16170.3,16315.25,16101.95,16212.45,0,16605.170000000002,16489.665,15671.576000000001,15518.528,-2.365046548755605,-1.6811439165077042,3.451305727005374,4.471571014982867,-0.9488170334957413,-2.1392117391054843,-3.19451618007518,-3.8453098310874845,40.96119782092837,33.43274128420987,10.650901936503493,11.870003748223933,185.41071428571442,1.1436316798862258,16910.65,16101.95,17066.75,13269.65,-5.0056396209002845,22.176922526215847
2025-08-01,16210.85,16222.2,15937.8,15963.15,0,16561.27,16491.288,15691.375499999998,15515.256500000001,-3.611558775383777,-3.2025272980497386,1.7319992119237817,2.8867940404336743,-1.537707132481525,-2.2737081829618755,-4.098729979453797,-5.213420698705262,29.565595945147493,28.861415283174296,11.66106054955416,12.280152717208118,192.31071428571457,1.2047165771524704,16878.7,15937.8,17066.75,13269.65,-6.4663746759049054,20.2981992742838
2025-08-04,15958.6,16187.65,15918.25,16177.75,0,16529.6,16495.434,15713.931999999999,15512.8505,-2.1286056528893535,-1.925890522189359,2.951635529541563,4.286120722945145,1.344346197335744,-0.47187078000179294,-3.4314076620942324,-3.767737483753353,31.735029082908866,35.691484772668375,12.987914380171983,12.582982904179069,198.47857142857174,1.2268614079743583,16847.8,15918.25,17066.75,13269.65,-5.208958940630173,21.915423541691005
2025-08-05,16180.35,16186.75,16020.8,16084.5,0,16495.02,16497.653000000002,15737.692999999997,15509.977750000002,-2.4887511503471984,-2.5043137954229127,2.2036711479884796,3.704210665292528,-0.5764089567461439,-1.8408839172105784,-3.2287176278416485,-4.122531458443845,30.176243014758512,34.74353860043243,13.060820556277175,12.656171329220594,204.45357142857185,1.2711217098981744,16830.2,15918.25,17066.75,13269.65,-5.755342991489299,21.212692120741696
2025-08-06,16126.95,16126.95,15868.55,15955.65,0,16455.144999999997,16498.17,15758.892,15507.76,-3.035494369694082,-3.2883647095405046,1.2485522459320098,2.8881669564140755,-0.8010817868133957,-2.5177559530173643,-4.423705309943915,-4.760298809477637,28.539679098005152,33.42692657307339,13.22524306710789,12.773276435373662,215.80357142857196,1.3525213415221065,16830.2,15868.55,17066.75,13269.65,-6.510319773829232,20.24167932085624
2025-08-07,15866.3,16063.2,15768.8,16034.05,0,16423.065000000002,16498.022,15781.796,15505.627249999998,-2.3687113215468796,-2.8122886489059207,1.5983858871322314,3.4079417844898963,0.49136199402719516,-1.100388898655058,-3.216060989264702,-3.847526183387162,33.21527606182897,35.7924684869798,13.444238209717572,12.723253571138773,223.68571428571497,1.3950668376717983,16830.2,15768.8,17066.75,13269.65,-6.050947016860273,20.83250123401898
2025-08-08,16085.9,16086.35,15763.55,15785.6,0,16388.2,16493.755999999998,15803.323499999999,15503.87925,-3.6770359160859662,-4.293479302106793,-0.11215045999658389,1.8170984529565424,-1.5495149385214568,-1.1122491488208763,-3.3606680318710835,-4.230444885305385,25.361801875254827,33.52765902318947,13.883750176815418,13.180556709041785,232.44285714285783,1.4724993484115765,16830.2,15763.55,17066.75,13269.65,-7.506701627433459,18.96018357680874
2025-08-11,15775.1,15945.25,15717.05,15922.25,0,16353.2975,16489.914,15825.0225,15504.793,-2.6358445445024197,-3.4424921803715938,0.614390911608504,2.692438396307518,0.865662375836207,-1.579329634837967,-2.0437480197730507,-4.199984356479725,32.239784509046544,39.40390467010635,13.916221181579374,13.226322269869856,233.77857142857218,1.4682508529169696,16830.2,15717.05,17066.75,13269.65,-6.70602194325223,19.989977128258847
2025-08-12,15933.85,15962.65,15844.15,15856.05,0,16306.91,16485.984,15843.17,15505.258250000003,-2.7648401812483208,-3.8210276074512812,0.0812968616760358,2.2624050779676415,-0.4157703842107785,-1.4203114799962724,-3.23504911159731,-5.527651664104671,28.628620971032205,35.156447258531244,13.190892824861411,13.231072428795324,230.97500000000076,1.4566994932533688,16830.2,15717.05,17066.75,13269.65,-7.093910674264291,19.491094339338265
2025-08-13,15929.65,16033.05,15926.6,15996.6,0,16267.927500000002,16482.008,15859.238500000001,15506.95875,-1.6678676493978795,-2.9450780511695007,0.8661292280836754,3.157558215597888,0.8864124419385666,0.25664889866598983,-2.2675688472758915,-4.647343715073394,35.556343557660696,34.57317551148388,13.811301366593048,13.229843194303538,231.8821428571434,1.4495714267853381,16830.2,15717.05,17066.75,13269.65,-6.270379539162405,20.550278266570714
2025-08-14,16038.7,16061.7,15885.4,15926.15,0,16226.8625,16474.598,15873.7025,15509.491500000002,-1.8531771006255808,-3.329052399336251,0.330404957507552,2.686474279314687,-0.44040608629334344,-0.6729428934049708,-1.7659268031667064,-4.904030165786444,38.731928043262364,33.74134567570667,13.82813368698505,13.178239703995065,225.31428571428634,1.4147442144792455,16814.15,15717.05,17066.75,13269.65,-6.683170492331583,20.019367504041178
2025-08-18,16092.75,16215.65,16076.75,16136.95,0,16201.439999999999,16465.945,15888.7705,15512.453000000001,-0.3980510374386349,-1.9980329097418883,1.5619805195121936,4.025778514848679,1.3236092841019342,2.225762720454094,1.088757544720198,-3.054597666622616,46.9761696433167,39.083789292994304,14.82366874349082,12.964660629373242,225.31785714285772,1.3962852778428247,16814.15,15717.05,17066.75,13269.65,-5.448020273338504,21.60795499504509
2025-08-19,16177.45,16314.15,16091.9,16299.35,0,16178.7775,16456.827,15903.466,15515.5625,0.7452509931606404,-0.9569098587473803,2.489293843241467,5.051621557387947,1.0063859651297191,2.368383865345658,0.7516496422555585,-2.705550183255123,47.80097284150788,43.94308018133126,15.133936896383462,12.91415974331385,227.62857142857203,1.3965499938867012,16814.15,15717.05,17066.75,13269.65,-4.49646241961709,22.831800386596488
2025-08-20,16299.4,16419.85,16253.9,16392.35,0,16167.3375,16449.691000000003,15920.7975,15519.286750000001,1.3917721455372531,-0.348584055469516,2.9618648186436514,5.6256660764387085,0.5705749002260729,3.3823051768883117,1.91395442817619,-1.3765593836768342,50.60052729225658,43.66303716863974,15.12420270048594,12.98958016404235,231.346428571429,1.41130727791579,16702.5,15717.05,17066.75,13269.65,-3.951543205355451,23.532647809098197
2025-08-21,16441.1,16456.45,16308.65,16316.6,0,16148.460000000001,16442.357,15938.293,15523.171750000001,1.041213837108922,-0.7648356011245809,2.3735728788522126,5.111250862762624,-0.46210579935151985,2.0004250903316922,2.2622080579606685,-2.2615706699652294,52.64521372514159,44.535749529021246,15.063976696784334,13.000145339657077,222.91785714285768,1.3662028678944,16686.9,15717.05,17066.75,13269.65,-4.395388694391138,22.96179627947987
2025-08-22,16341.5,16372.15,16285.75,16306.85,0,16135.459999999997,16439.733,15955.444500000001,15526.459499999999,1.0621946941704983,-0.8083038818209506,2.2024174882749206,5.02619737616294,-0.05975509603716178,2.39040822797727,1.7013792522787563,-1.5693991313979305,59.93869643166968,42.88966403524875,14.865473650301606,12.58176450543399,208.7750000000004,1.2802901847996417,16567.95,15717.05,17066.75,13269.65,-4.452517321692763,22.888320340024045
2025-08-25,16364.35,16406.45,16322.95,16332.7,0,16135.367499999998,16438.549000000003,15973.1555,15530.587,1.2229811313563344,-0.6439071964320084,2.250929692633368,5.164730734260084,0.15852233877173827,1.213054511540279,3.465816947091027,-0.011325686964125392,55.02970104197101,45.5349821704392,14.025808559230187,12.572323243188723,196.64642857142903,1.2040044118328814,16492.65,15717.05,17066.75,13269.65,-4.301053217513582,23.083125779504364
2025-08-26,16269.35,16289.65,15994.85,16020.4,0,16123.664999999999,16428.042999999998,15989.1425,15532.730249999999,-0.6404561245845745,-2.4813850316802695,0.195492034672902,3.139626724670642,-1.9121149595596632,-1.7114179399792095,0.616432979007353,-1.4399133775673811,48.17835625781515,44.186821117299836,15.517881186052396,13.091271782812733,208.92500000000044,1.3041184989138876,16456.45,15717.05,17066.75,13269.65,-6.130927095082546,20.729634918780828
2025-08-28,16034.05,16034.15,15805.45,15817.35,0,16095.225,16415.442000000003,16000.656500000001,15532.025,-1.726443712343257,-3.6434717992972856,-1.1456186188360495,1.8370109499566265,-1.2674465057052164,-3.5077337904571237,-0.24407087515490034,-3.471224174073839,46.22873036649216,42.26371681415929,15.709757284208036,13.317561920581419,206.8035714285717,1.307447653548614,16456.45,15717.05,17066.75,13269.65,-7.320667379553808,19.199451379652068
2025-08-29,15800.7,15908.25,15696.5,15714.75,0,16062.575,16402.38,16011.205,15531.31575,-2.1654373598255616,-4.192257465075197,-1.8515470884296337,1.1810605936589773,-0.6486547999506875,-3.6885748256376916,-1.76193691159372,-3.989552626353654,41.406502314565635,37.99313280160233,15.797919193101162,13.348737813525052,200.90000000000015,1.2784167740498584,16456.45,15696.5,17066.75,13269.65,-7.921836319158598,18.426258416763066
2025-09-01,15762.35,16042.3,15757.65,16033.55,0,16053.63,16401.011,16029.153,15533.198999999999,-0.12508074497792665,-2.240477736402953,0.027431268514306557,3.2211716337375234,2.0286673348287376,-1.6759827925074466,0.6743626048982376,-1.10347294825891,56.42973835023206,44.60323612053094,17.378970992509625,13.687313531072743,201.23928571428573,1.255113719134476,16456.45,15696.5,17066.75,13269.65,-6.053876690055229,20.82873323712381
2025-09-02,16080.5,16144.55,15972.55,16068.9,0,16058.9175,16395.244,16052.276000000002,15535.897500000003,0.06216172416353763,-1.9904796781310432,0.10356163823745602,3.4307802301089896,0.22047519108370217,-1.6151646696504596,-0.4217029860041799,0.6624632356395876,54.01373949694829,47.588489256975805,16.479784943614444,13.206405072363411,197.22499999999997,1.227370884130214,16456.45,15696.5,17066.75,13269.65,-5.846748795171901,21.09513061761237
2025-09-03,16087.35,16172.2,16039.6,16156.2,0,16057.84,16389.952,16073.1955,15539.9715,0.6125356835041362,-1.426190875970841,0.5164156685582585,3.965441635462466,0.5432854769150453,0.8476692217422865,-0.8782558813695052,-0.13320764630433413,58.12116128683139,53.42974399061953,15.871762442393061,13.236297550070711,198.23214285714286,1.2269725731121357,16456.45,15696.5,17066.75,13269.65,-5.335227855332733,21.75302287550916
2025-09-04,16334.4,16334.4,16047.55,16069.1,0,16057.069999999998,16380.184000000001,16093.5705,15545.484499999999,0.07492026876635946,-1.8991483856347444,-0.15205140462770178,3.368280351763895,-0.5391119198821515,1.5916066850641952,-1.9719564308961046,-0.09574435015076155,52.02006129841182,47.97811563727041,15.854399808545699,13.134933682178254,206.07857142857145,1.282452479781515,16456.45,15696.5,17066.75,13269.65,-5.845576925893915,21.096637816370446
2025-09-05,16125.8,16198.6,15987.65,16091.9,0,16063.882500000002,16369.337,16111.8105,15550.703500000001,0.17441300383016436,-1.6948578919231727,-0.12357704927078157,3.480205895508188,0.1418872245489755,2.399974546206596,-1.377125136364199,0.8539294857934365,54.744253942811355,50.14141568567497,15.573348930362094,13.089209483514216,208.55357142857142,1.2960158305021248,16456.45,15696.5,17066.75,13269.65,-5.711983828203966,21.268458474790215
2025-09-08,16149.6,16244.0,16101.55,16163.35,0,16070.347499999998,16357.703000000001,16126.835,15556.1245,0.5787211508649849,-1.1881435920434609,0.2264238457205102,3.90344973132608,0.4440122048981143,0.8095524696651868,-0.8799982829301833,0.8064088611423825,50.82115085536547,54.05822586948028,15.556331313902444,13.034978185890367,198.73928571428573,1.2295674208272773,16456.45,15696.5,17066.75,13269.65,-5.293333528644877,21.806905231110097
2025-09-09,16198.25,16227.65,16132.0,16208.05,0,16091.470000000001,16346.645,16141.546500000002,15561.239749999999,0.7244832199916981,-0.8478498187242774,0.4120020346253506,4.156547038612399,0.27655158120067913,0.8659584663542663,-0.763192858498607,2.6761732211635803,46.93583031279362,53.44513523145765,14.380229794248795,13.052972301134325,189.69642857142858,1.1703840287476197,16456.45,15696.5,17066.75,13269.65,-5.031420745015898,22.143764153538335
2025-09-10,16305.05,16395.45,16293.35,16361.7,0,16113.4425,16336.955,16156.871000000001,15567.210500000001,1.5406856728473852,0.15146641464092175,1.2677516581026098,5.103608639454061,0.9479857231437627,1.2719575147621454,2.130408728870692,2.759974249870467,49.011577284014386,61.85147089076321,14.438480385189544,13.188618287840805,191.2285714285716,1.1687573505721998,16456.45,15696.5,17066.75,13269.65,-4.131132172206186,23.30166959942426
2025-09-11,16390.1,16425.35,16337.1,16377.0,0,16139.49,16327.464000000002,16168.722,15572.327,1.4716078389094092,0.3033906551562339,1.288153757606818,5.167326630117649,0.09351106547608179,1.9160998437995902,3.5382033020701975,3.2854967031511695,52.026845637583875,59.84669683649827,14.290822783777438,13.191434911254643,186.97499999999997,1.1416926176955484,16456.45,15696.5,17066.75,13269.65,-4.041484172440564,23.416970304416473
2025-09-12,16443.65,16470.35,16408.2,16430.05,0,16161.1625,16319.260999999999,16179.5005,15576.457,1.6637881093021551,0.6788849078398874,1.5485614033634671,5.480020263914952,0.3239299016913888,2.1013677688775045,4.551774606659342,2.7096382981383504,54.01747864083998,62.5,14.052023113949083,13.218576104530937,187.47142857142848,1.1410277422858024,16470.35,15696.5,17066.75,13269.65,-3.7306458464558325,23.816754774994063
2025-09-15,16464.1,16526.15,16434.2,16507.05,0,16190.2075,16312.186000000002,16189.1695,15580.8155,1.9570008599333815,1.1945915771190798,1.9635380307803887,5.94471130217798,0.46865347336131347,2.1264156254736655,2.953182545350219,3.6474603089886815,55.50190917984154,61.43250688705233,13.926107429531834,13.2640314919477,187.2214285714286,1.1341907159148885,16526.15,15696.5,17066.75,13269.65,-3.279476174432746,24.39702629685033
2025-09-16,16533.35,16614.5,16489.6,16600.45,0,16213.382500000002,16307.372,16200.036,15585.16575,2.3873334265690653,1.7972117150452038,2.471685865389439,6.514427028150154,0.5658188470986758,2.4210191849112217,3.3079426718692684,2.8722899928425027,71.2386950313061,64.94856788152879,13.350767717668848,13.331797773306391,172.01071428571439,1.0361810329582293,16614.5,15696.5,17066.75,13269.65,-2.7322132216151247,25.1008881168682
2025-09-17,16645.35,16673.15,16559.35,16597.9,0,16228.310000000001,16303.107,16214.64,15589.846000000001,2.2774398566455787,1.8082013446884786,2.3636664150422213,6.46609337898527,-0.015361029369675983,1.4436152722516749,2.7339349599534657,1.8316681340053487,83.49856229346382,61.258334758078334,12.963492313582853,13.32721022258934,163.80357142857181,0.9868933505357412,16673.15,15696.5,17066.75,13269.65,-2.7471545549093914,25.081671332702836
2025-09-18,16654.85,16672.7,16556.55,16658.9,0,16241.6375,16300.763,16227.1795,15594.65175,2.5690913246894023,2.1970566653843173,2.6604777496915055,6.824443835368113,0.36751637255314495,1.7213164804298797,3.670398466622271,1.6260633771240984,92.0201166051004,59.239367853013015,12.884271946033298,13.348492844083589,156.9750000000005,0.9422891067237362,16673.15,15696.5,17066.75,13269.65,-2.389734425124869,25.541366953913645
2025-09-19,16667.95,16697.85,16622.1,16633.9,0,16257.502499999999,16298.378,16239.095500000001,15598.203500000001,2.3152233868640204,2.0586220297504503,2.431197599644636,6.639844774431876,-0.15006993258858126,1.2407144226584954,3.368154164517567,1.9446453305222988,86.180919664919,56.43189988017582,12.755885658953185,13.34917143561346,138.98928571428627,0.8355784615411075,16697.85,15696.5,17066.75,13269.65,-2.536218084872624,25.352967109155117
2025-09-22,16590.15,16645.75,16470.9,16511.45,0,16267.732499999998,16295.094,16251.069,15600.482250000001,1.4981651560843068,1.3277370477273809,1.6022392126942615,5.8393563442566,-0.7361472655240231,0.026655277593512494,2.153637705054967,1.2546874472997516,74.13689664575949,55.062485385434805,13.089425574599195,13.410766587817186,139.19285714285758,0.8430080770789821,16697.85,15696.5,17066.75,13269.65,-3.2536950503171327,24.43018466952784
2025-09-23,16534.95,16552.75,16427.65,16489.85,0,16275.590000000002,16295.233,16264.204000000002,15601.84625,1.316449972013282,1.194318608393009,1.3873780727295166,5.6916581266784245,-0.13081831092970342,-0.666246999328346,1.7386422179102246,0.9621801661696905,69.6022560366604,54.725507411041626,13.102468557913669,13.157857561788083,138.65714285714316,0.840863578850888,16697.85,15696.5,17066.75,13269.65,-3.380256932339206,24.267407203656457
2025-09-24,16476.1,16499.35,16299.75,16313.75,0,16290.257500000002,16289.101999999999,16272.8525,15602.060249999999,0.14421196227253297,0.15131589206084567,0.25132348492680756,4.561511355527559,-1.0679296658247295,-1.711963561655394,-0.2930624568351692,1.8311028438740662,63.01260571246207,49.545901128657334,11.691488362989062,13.233720007474648,132.42500000000018,0.8117385640947066,16697.85,15696.5,17066.75,13269.65,-4.412087831602385,22.940318697177396
2025-09-25,16323.75,16370.65,16179.05,16205.35,0,16309.657500000001,16277.532999999998,16283.698999999999,15601.47575,-0.6395443926397645,-0.4434517196186749,-0.48114989106589573,3.8706226236322596,-0.6644701555436394,-2.7225687170221335,-1.0481162606093886,2.4530025573183956,55.53063910690784,54.91195920643775,10.931908450442645,13.098562663782893,131.0428571428573,0.808639474882414,16697.85,15696.5,17066.75,13269.65,-5.047240980268649,22.123416970304422
2025-09-26,16175.5,16198.35,15889.4,15902.3,0,16319.035,16260.053999999998,16288.648000000001,15598.939750000001,-2.5536742828237124,-2.200201795147784,-2.371885008504093,1.9447491615575851,-1.8700614303301166,-4.3982469535106095,-3.21210221514846,1.1934647385418051,39.61821435673094,52.14233475399083,12.77969732027924,13.709519108128587,142.74642857142877,0.8976464320974247,16697.85,15757.65,17066.75,13269.65,-6.8229159037309435,19.839634052141538
2025-09-29,15958.2,16051.15,15899.05,15948.6,0,16314.787500000002,16244.077,16297.1455,15596.2645,-2.2445128384295647,-1.8189830053132534,-2.138690484170987,2.2591018509592544,0.29115285210317143,-3.408846588276626,-3.383099948203938,-0.5298265200158303,39.69495968542725,56.069769252731845,10.523083328708786,13.736992280831153,146.77857142857167,0.9203226078061502,16697.85,15889.4,17066.75,13269.65,-6.551628165878094,20.18855056463434
2025-09-30,15995.9,16021.15,15850.95,15945.4,0,16308.6125,16230.077,16305.624,15593.30675,-2.2271207927713017,-1.754008930456705,-2.209200948090059,2.2579768079018896,-0.02006445706833615,-3.301728032698892,-3.9459773680833976,-0.7685653653952684,31.220678455431255,47.263697035542464,10.483390313642332,13.686915967080356,145.55000000000004,0.9128024383207698,16697.85,15850.95,17066.75,13269.65,-6.570378074325811,20.164435384505243
2025-10-01,15961.6,16098.2,15914.5,16084.05,0,16305.005,16216.706,16309.233,15591.407750000002,-1.3551360456497863,-0.8180206263836864,-1.380708706534519,3.1597034591055264,0.869529770341293,-1.4080147115163588,-3.095873574367858,-0.44657778437999784,38.10838238278872,50.44193576616783,10.7823902026309,13.757636002320412,152.3678571428574,0.947322702570916,16697.85,15850.95,17066.75,13269.65,-5.757979697364763,21.209300923536038
2025-10-03,16105.85,16215.95,16062.25,16199.85,0,16311.542500000001,16208.28,16313.9395,15590.125750000001,-0.684745173548124,-0.05201045391614836,-0.6993375205296063,3.9109642845568406,0.7199679185279972,-0.033939408898908674,-2.7555841021916327,0.8136734477973251,41.10853611432994,51.252474821382435,10.904247944789994,13.774691577524315,156.67857142857181,0.967160630676036,16697.85,15850.95,16992.35,13269.65,-4.663863444432337,22.081969004457548
2025-10-06,16210.3,16407.1,16209.9,16402.7,0,16327.0825,16202.451,16319.4805,15589.274749999999,0.46314153186890733,1.2359179484634863,0.5099396393163438,5.217851779794965,1.2521720880131593,3.1467146261861645,-1.3899326075063612,1.9314064840074918,46.326609638469456,58.97594575687455,11.719809860378984,14.040802485807038,164.61785714285725,1.0036021944122446,16697.85,15850.95,16972.85,13269.65,-3.359188350807306,23.610645344828246
2025-10-07,16429.25,16494.5,16391.4,16474.0,0,16342.615000000002,16200.594,16324.902000000002,15589.1945,0.8039411073441941,1.6876294782771597,0.9133163555897494,5.675761502622861,0.4346845336438365,3.294333044906761,-0.22681230297763033,1.9219406868006939,45.47827641694975,60.01940423746589,11.7162066729017,13.977283271635779,163.06071428571417,0.9898064482561258,16697.85,15850.95,16941.1,13269.65,-2.757199945694191,24.147961702079563
2025-10-08,16468.0,16518.15,16332.65,16352.9,0,16349.857499999998,16200.961000000001,16327.994499999999,15589.05225,0.018608724877274208,0.9378394281672456,0.15253251095840803,4.899898581069923,-0.7350977297559846,2.5555959712519005,-0.8305108900323432,0.8936917149194423,41.92378691983119,54.844233177438696,12.056892399226129,13.712660485613837,168.18214285714268,1.0284545423572742,16697.85,15850.95,16941.1,13269.65,-3.472029561244541,23.235352854069248
2025-10-09,16390.4,16536.1,16365.2,16522.4,0,16357.892500000002,16206.32,16332.7775,15590.050500000001,1.0056766175716076,1.9503502337359855,1.1609935909553737,5.980413597762241,1.036513401292738,2.7253707865867227,1.2789824534518601,0.98217177921609,45.800775241493895,57.551951951951985,12.148358876582895,13.856157414775947,172.97142857142822,1.0468904552088572,16697.85,15850.95,16941.1,13269.65,-2.4715042116509385,24.512703801532084
2025-10-10,16542.55,16655.25,16510.0,16615.15,0,16369.8,16210.9,16340.953000000001,15593.72075,1.4987965644051986,2.493692515529686,1.6779743507003544,6.550259982050795,0.5613591245823946,2.563603983987517,2.528794503049925,1.4541735360566799,49.44626561530965,56.272428044645736,12.28249872576525,13.795812207114594,177.9357142857139,1.070924513385157,16697.85,15850.95,16941.1,13269.65,-1.9240191014750936,25.211667225586222
2025-10-13,16570.35,16669.25,16524.65,16653.9,0,16380.992499999998,16216.622999999998,16348.612,15597.214,1.6660010069597615,2.6964738589532713,1.8673634189862862,6.7748381217312375,0.2332208857578788,1.5314551872557702,4.726360337812774,1.3624425975575338,54.42569981669618,56.774146198258165,12.262325797604214,13.799101836985214,175.77499999999964,1.0554584811965944,16697.85,15850.95,16941.1,13269.65,-1.6952854301078273,25.503686984961938
2025-10-14,16707.3,16721.9,16477.4,16500.25,0,16380.6525,16222.378999999999,16356.021999999999,15600.08125,0.7301143834166548,1.7128868706618248,0.8818036561701921,5.770282446445597,-0.9226067167450336,0.1593419934442064,3.458924294295418,-0.041194519917242545,50.29861031354086,51.63682148852827,12.651499895988724,13.789580646897203,184.30357142857116,1.1169744181365202,16721.9,15850.95,16941.1,13269.65,-2.6022513296066876,24.345781539076015
2025-10-15,16555.15,16706.5,16545.05,16678.15,0,16384.5375,16236.678999999998,16363.9835,15603.657249999998,1.7920096920648685,2.718973504372435,1.9198656610720806,6.886159653372309,1.0781654823411868,1.9889438570528828,4.595369197386101,0.4680596007939686,60.45204222120238,53.810181267536656,13.078404843130567,13.498880710216998,184.77857142857127,1.1079080799043735,16721.9,15850.95,16941.1,13269.65,-1.5521424228650862,25.686434834377707
2025-10-16,16727.65,16795.6,16674.55,16766.6,0,16392.9725,16248.456,16371.945,15607.89325,2.279193111560449,3.188881454336329,2.410556595444212,7.423851069714354,0.5303345994609465,1.4779935118384602,4.243645101824467,1.0163936401592855,66.28463658784264,53.70812596246117,13.198090733512352,13.231300426205811,179.73928571428547,1.0720079545899914,16795.6,15850.95,16941.1,13269.65,-1.0300393717054974,26.352993485133357
2025-10-17,16770.6,16790.3,16623.15,16668.75,0,16393.465,16260.141000000001,16378.896999999999,15611.085249999998,1.6792362078425753,2.5129486884523233,1.7696735012131828,6.775087913891201,-0.5836007300227708,0.32259714778379855,2.8944712451041132,0.05912755343988607,75.24455716214878,51.516708410934825,13.329464132727395,13.2331309017789,169.11071428571384,1.0145374685307167,16795.6,15850.95,16941.1,13269.65,-1.6076287844354769,25.615596492748494
2025-10-20,16747.2,16858.7,16743.25,16812.6,0,16402.4,16277.28,16387.725,15615.277750000001,2.500853533629207,3.288755860930068,2.5926417486258773,7.667633385515653,0.862992125984241,0.9529299443373551,2.4989788266565727,1.0743120975838405,76.73929190393656,53.177589414926544,13.65296723773529,13.193959294663332,171.8142857142853,1.0219376284113422,16858.7,15850.95,16941.1,13269.65,-0.758510368275968,26.699649199489052
2025-10-21,16879.6,16892.0,16786.0,16814.25,0,16417.54,16292.884000000002,16395.453,15619.08925,2.4163790677531414,3.199961406464307,2.554348452586206,7.651923430810788,0.00981406802043061,1.9030014696747033,2.0653757435959763,1.8338789143291345,76.91521328335553,53.76489990188502,13.331207740140636,13.16627662150977,167.2285714285711,0.9945645593979577,16892.0,15850.95,16941.1,13269.65,-0.7487707409790306,26.712083589243125
2025-10-23,16893.95,16946.45,16770.2,16799.0,0,16432.997499999998,16313.152000000002,16403.454,15621.8745,2.227241256502366,2.9782595049687397,2.411357998138675,7.535110463216179,-0.0906968791352547,0.7246007500831819,2.7279565092430014,1.874789643326058,73.98114916311675,56.28400970300922,13.322981437703948,12.6233552646738,166.69642857142819,0.992299711717532,16946.45,15850.95,16946.45,13269.65,-0.8700937364462806,26.597159683940426
2025-10-24,16824.95,16878.3,16687.35,16736.8,0,16454.15,16329.443000000001,16409.6785,15624.6505,1.7178037151721468,2.494616625931443,1.9934668433631861,7.117916013545387,-0.37026013453181905,-0.1777343051065805,1.2976323052340977,2.593211248180216,68.68237013325906,55.30265615941252,12.731434816553797,12.556491973129486,169.35714285714246,1.0118848457120984,16946.45,15850.95,16946.45,13269.65,-1.2371322607389834,26.128420870181202
2025-10-27,16807.3,16921.3,16781.05,16913.25,0,16489.545000000002,16350.587,16418.2855,15630.47525,2.569537243144053,3.4412403664773654,3.0147149043059227,8.20688257703489,1.0542636585249232,1.4668166479190115,1.7941457043721964,4.368310465371006,68.09626767802072,62.87088324960279,12.76858034475215,12.677318567129905,167.7321428571426,0.9917203544980568,16946.45,15850.95,16946.45,13269.65,-0.19591123804691088,27.458146974486898
2025-10-28,16923.2,16946.45,16858.7,16931.25,0,16540.9925,16369.28,16425.644,15635.79125,2.3593354510015025,3.433077080971181,3.0781502387364523,8.28521389987219,0.1064254356791361,0.7057207094679052,1.6653756777691653,6.470447671091617,66.8434817843592,66.21398257761889,10.140587252147135,12.559085747401067,166.63571428571413,0.9841902652533872,16946.45,15850.95,16946.45,13269.65,-0.08969430175641935,27.59379486271304
2025-10-29,16944.6,17057.8,16897.25,17034.45,0,16595.284999999996,16391.446,16433.022,15642.5025,2.646323940806106,3.9228021737679573,3.659874611011899,8.898496260428919,0.6095238095238154,1.309603461349762,3.2375267041408584,6.808434596140112,75.4414125200642,77.76714982954402,10.19311228811287,12.540737814832697,164.8535714285711,0.9677657419439493,17057.8,15850.95,17057.8,13269.65,-0.13688752359623482,28.371509421876244
2025-10-30,17092.3,17093.5,16962.55,17052.25,0,16650.6275,16409.752,16437.8485,15649.89,2.4120562423248093,3.915342535341178,3.737724556836011,8.960829756630881,0.10449412807573832,1.5075302101315469,2.243054535425082,6.941500370012665,72.30477794148594,77.45193144790184,10.145557200096158,12.242962170763914,161.12142857142837,0.9448690265004815,17093.5,15914.5,17093.5,13269.65,-0.2413197999239477,28.50565011134431
2025-10-31,17073.5,17119.25,16992.1,17006.3,0,16696.74,16423.891,16440.359,15658.58925,1.8540146160268272,3.5461085317724015,3.442388332274246,8.606846558670656,-0.2694659062587146,1.6102241766645875,1.4296279508069665,5.7339413891401625,67.14141724001917,75.8390569438355,10.159771783106846,12.09853222385182,159.82857142857134,0.9398197810727281,17119.25,16062.25,17119.25,13269.65,-0.6597835769674532,28.159371196678133
2025-11-03,17012.3,17173.7,16989.3,17135.65,0,16743.53,16438.756999999998,16444.224,15671.017000000002,2.3419195354862605,4.239329044160722,4.204673932926255,9.346126036363815,0.7606004833502933,1.3149453830576752,2.8010498687664143,5.776596696882996,69.55868620843648,75.72910550009784,10.184045384686701,12.144960914197107,162.67142857142866,0.9493157748403395,17173.7,16209.9,17173.7,13269.65,-0.22155971048754358,29.134151993458772
2025-11-04,17137.35,17145.7,17030.0,17048.8,0,16775.835,16453.401,16447.879,15681.4105,1.6271321218884198,3.6186986508138808,3.653486264095197,8.71981190722607,-0.5068380831774855,0.69427833148763,1.4048987069221974,3.9389856548007307,73.54797166773974,71.06941652396188,9.873481682728794,12.155859667975571,153.47142857142873,0.9001890371840173,17173.7,16332.65,17173.7,13269.65,-0.7272748446752968,28.47965093276763
2025-11-06,17069.15,17082.85,16908.5,16931.35,0,16798.7025,16465.891,16452.811999999998,15690.875250000001,0.7896294371544417,2.8268072465680656,2.9085483988998386,7.905707809384295,-0.6889047909530377,-0.6052440789106939,0.6964330850320222,2.7761927886366333,61.46427601195311,63.70092004665014,10.307983646595675,12.277361146999818,151.1928571428572,0.8929757942683674,17173.7,16332.65,17173.7,13269.65,-1.4111694043799659,27.59454846209206
2025-11-07,16887.7,17053.95,16741.05,17030.9,0,16832.6025,16479.855,16459.202,15700.37225,1.1780560967919285,3.3437490803165555,3.4734247747855593,8.474498112616413,0.5879625664817256,-0.12520341890365216,1.3804393118638014,4.146053605170952,61.847767616998425,64.22477650063853,9.880941665377708,12.329565515700725,164.89642857142877,0.9682191109772751,17173.7,16365.2,17173.7,13269.65,-0.8315039857456417,28.344756643920537
2025-11-10,17051.8,17152.15,17019.35,17097.45,0,16861.355,16501.396,16464.7195,15710.161250000003,1.4002136838943322,3.612142875669429,3.842947339613053,8.830518846520418,0.390760323881878,0.5359778435050533,2.154832464987333,3.4804265724107886,69.7721612397379,69.56304684831439,9.415233771405777,11.46301740791887,162.44285714285772,0.9500999104711974,17173.7,16477.4,17173.7,13269.65,-0.4439928495315511,28.84627703066774
2025-11-11,17137.15,17208.35,17011.2,17196.6,0,16890.4275,16528.981,16472.2115,15719.652,1.8126983464450317,4.039081417057705,4.3976396247704646,9.395551504575282,0.5799110393654994,0.35569120517748853,1.6753137333155976,3.499517007068831,68.4721954974022,68.3946305795044,9.425610905654173,11.045126375246378,162.95714285714323,0.947612567932866,17208.35,16477.4,17208.35,13269.65,-0.06828080553917139,29.593470814980037
2025-11-12,17289.6,17385.9,17276.7,17339.65,0,16924.715,16561.479,16481.9295,15731.53525,2.4516513276589964,4.698680594891327,5.204005392693879,10.22223657414492,0.8318504820720607,1.7059851719769314,2.4121077888519915,4.1176541230582675,72.24762872628713,69.23893993308187,9.710867038557431,10.980879803923868,168.90714285714344,0.974109297806723,17385.9,16477.4,17385.9,13269.65,-0.2660201657665119,30.67149472668836
2025-11-13,17362.45,17415.95,17256.4,17281.3,0,16963.767499999998,16586.434,16493.7225,15744.068000000001,1.8718277057263442,4.189363427967688,4.775013645342945,9.763880592995394,-0.3365119826524876,2.0668759431468953,1.4491222199718656,4.733564642959953,69.70340714110607,66.48883048620222,9.00655025946001,10.211294384662075,167.71428571428623,0.9704957712341447,17415.95,16545.05,17415.95,13269.65,-0.7731418613397573,30.231769489021936
2025-11-14,17293.7,17366.8,17220.35,17299.7,0,16994.844999999998,16611.05,16503.147,15755.5255,1.7938086519765448,4.145734315410534,4.826673361147421,9.80084415464277,0.10647347132450857,1.5783076643042904,1.4511281502441076,3.7267322814580783,73.84967375646112,72.61847503182899,8.439860986561975,10.210571592930382,164.53571428571482,0.9510899858709388,17415.95,16623.15,17415.95,13269.65,-0.6674915809932849,30.370431774764228
2025-11-17,17374.25,17454.7,17347.0,17444.5,0,17028.739999999998,16636.816000000003,16513.384,15768.613000000001,2.4415194547570875,4.854799139450706,5.638553551470745,10.6279924556459,0.8370087342554955,2.0298348584145476,2.5766921670204557,4.0431572292534135,73.12899995646282,72.09583946025415,8.673521082361907,10.289778068292913,162.42857142857196,0.931116233933744,17454.7,16623.15,17454.7,13269.65,-0.058436982589220816,31.461643675605615
2025-11-18,17445.2,17446.9,17327.15,17337.65,0,17062.185,16662.186999999998,16521.1855,15783.166000000001,1.614476692170435,4.053867598533154,4.941924415775138,9.848999877464383,-0.6125139728854312,0.8202202761011135,1.1788289326637669,4.012898387701536,66.42285621918685,66.291974551368,8.70869290430239,10.316550072256486,164.71428571428623,0.9500381292406191,17454.7,16687.35,17454.7,13269.65,-0.6705930207909575,30.656422739107676
2025-11-19,17349.65,17408.6,17283.2,17376.8,0,17090.395,16687.885,16528.610999999997,15798.343,1.6758243446099335,4.12823434485557,5.131641128223069,9.991281997105636,0.225809149452183,0.21424884585328208,1.9238890713715984,3.355816470980111,64.58981461751529,70.90061103403475,8.350030304969899,10.31775722493945,162.20357142857185,0.933449032207149,17454.7,16687.35,17454.7,13269.65,-0.4462981317353003,30.95145689599952
2025-11-20,17448.6,17454.6,17354.4,17376.35,0,17118.5,16712.145,16534.924000000003,15811.8685,1.506265151736417,3.9743850953901974,5.088780571353069,9.894349298439954,-0.0025896597762531393,0.5500164918148531,2.6282605935143977,3.3429977548805168,64.01937883899974,68.18020574671856,8.353232512739838,10.302308659288332,160.007142857143,0.9208328725948949,17454.7,16687.35,17454.7,13269.65,-0.44887623390835807,30.948065698793858
2025-11-21,17364.55,17367.7,17183.0,17204.35,0,17138.7675,16732.071,16539.357999999997,15824.52,0.3826558706744624,2.822597393950806,4.020663921779807,8.719569377143813,-0.9898511482561045,-0.551165627149619,1.0184429478183654,2.4129412465027533,57.7245602402589,61.33484425848432,9.278073346491759,10.60809868558844,164.73571428571424,0.9575236163279303,17454.7,16687.35,17454.7,13269.65,-1.4342841756088742,29.651874766855187
2025-11-24,17226.55,17253.1,17065.35,17092.55,0,17156.555,16746.688,16541.8215,15835.242250000001,-0.37306440599526547,2.0652561270622645,3.3293098949230058,7.939933789140473,-0.649835652029862,-2.0175413454097346,-0.028659244507234227,2.125555661775258,48.295634292945195,58.076319916361676,9.52418204927953,10.57436225253563,164.97499999999985,0.9651865871388403,17454.7,16741.05,17454.7,13269.65,-2.0747993377142055,28.809350661095053
2025-11-25,17112.05,17205.95,17081.1,17188.95,0,17170.34,16762.927,16545.195499999998,15846.55875,0.1083845747958432,2.541459495707409,3.8908848191005228,8.471184634960576,0.5639884043048049,-0.8576710223127115,-0.04448553783886755,1.6300829231519653,55.500608344126576,62.210040236558534,9.023215903320208,10.627868646164552,165.62857142857138,0.9635758520943477,17454.7,16741.05,17454.7,13269.65,-1.5225125610866985,29.535820462483947
2025-11-26,17237.45,17434.55,17196.15,17424.1,0,17194.9825,16782.808,16551.034499999998,15859.536750000001,1.3324671891931283,3.821124569857426,5.274990514943346,9.865125789377153,1.3680300425563896,0.27220201648174847,0.48703405201371286,2.910889627168678,67.70380483598603,63.371286480827024,10.113194303941693,10.993691757195108,170.7178571428571,0.9797800583264394,17454.7,16741.05,17454.7,13269.65,-0.17531094776766246,31.307909402282647
2025-11-27,17469.25,17483.75,17374.85,17451.7,0,17215.845,16801.700999999997,16556.943499999998,15871.445249999999,1.369987938436943,3.868649965857645,5.404116405905493,9.956590122125155,0.15840129475841458,0.4336353722157016,0.9860369300920713,2.449448030315038,65.94301735242854,63.55444435763206,9.96434089373394,10.965102829501614,156.14642857142852,0.8947347740989618,17483.75,16741.05,17483.75,13269.65,-0.18331307642810768,31.515902830896074
2025-11-28,17476.9,17482.25,17402.75,17423.05,0,17234.385000000002,16818.153000000002,16562.7625,15882.780750000002,1.0947010873901053,3.596691027843528,5.194106357559607,9.697730354931691,-0.16416738770436146,1.2711901350530574,0.7130181448233186,2.174493102083308,62.70088937431728,60.52945320544076,10.016436183491265,10.932726080697275,152.33928571428547,0.8743548673411686,17483.75,16741.05,17483.75,13269.65,-0.3471795238435732,31.299996608802793
2025-12-01,17485.6,17498.55,17369.45,17422.7,0,17255.204999999998,16834.648999999998,16568.878,15895.084750000002,0.9706926113019383,3.4930992621230366,5.15316728145382,9.610614061054306,-0.0020088331262213543,1.9315432747015526,-0.12496775487975675,2.4485043777894067,59.556213017751546,60.13349016604204,9.926814232646615,10.93204821608041,147.47857142857123,0.8464736890870602,17498.55,16741.05,17498.55,13269.65,-0.43346448705749074,31.297359010976184
2025-12-02,17430.5,17488.9,17339.0,17382.1,0,17267.5275,16849.113,16574.938000000002,15906.94475,0.6635142176550661,3.1632941152451006,4.86977387185398,9.273655457940771,-0.2330293238131942,1.1236870198586768,0.2563784595951413,1.4382296557177376,51.964277451297804,60.310013717421036,9.704276132879603,10.939424955854522,144.6642857142854,0.8322601165238114,17498.55,16741.05,17498.55,13269.65,-0.665483711507529,30.991397663088314
2025-12-03,17396.05,17403.6,17176.65,17215.35,0,17275.855000000003,16860.742,16579.56,15919.665500000001,-0.35022868622134556,2.103157737660657,3.8347821051945723,8.138892742438573,-0.959320220226556,-1.1980532710441305,-0.9291123797246947,0.9769016001126118,47.226544429959176,52.14258831119944,10.184040503458522,11.178010640666876,149.47857142857097,0.8682865665151797,17498.55,16741.05,17498.55,13269.65,-1.6184198119272784,29.734770698548935
2025-12-04,17240.8,17330.2,17224.65,17252.35,0,17291.905,16875.56,16585.327,15934.65925,-0.2287486543558983,2.232755535223703,4.02176574510709,8.269337482067575,0.21492447147457572,-1.142295592979492,-0.7136136185102115,1.8958913494789176,48.03941865761243,55.62277285157865,9.812162745269989,11.027657264175907,147.22142857142822,0.85334130464214,17498.55,16741.05,17498.55,13269.65,-1.4069737206797177,30.013602468791557
2025-12-05,17253.8,17400.55,17210.25,17383.0,0,17309.510000000002,16893.423,16594.328,15950.48175,0.4245643002025935,2.8980331576377454,4.752660065535638,8.981034381610444,0.7572881375580875,-0.2298679048731378,1.038400172049525,2.0674186331902433,47.42332830568125,62.385849444672964,9.94236101545304,11.116003585037204,149.74285714285674,0.861432762715623,17498.55,17011.2,17498.55,13269.65,-0.6603404282069044,30.998180057499635
2025-12-08,17385.75,17416.8,17010.65,17085.65,0,17308.920000000002,16908.861,16598.981499999998,15964.62475,-1.2899129466194335,1.0455405600649308,2.931917840862727,7.021932977159394,-1.7105793016165105,-1.9345451623456689,-0.04036846462346366,-0.0690161398337108,40.89529590288316,51.354493951163995,11.769285344632173,11.550748128818029,170.19999999999942,0.9961575942384363,17498.55,17010.65,17498.55,13269.65,-2.359624083138305,28.757352303941712
2025-12-09,17040.75,17147.5,16813.8,17110.25,0,17304.6025,16926.959000000003,16602.246,15980.53925,-1.1231260585153624,1.0828347844405921,3.0598510587061587,7.069290543496523,0.14398047484291965,-1.5639652285972305,-0.45785228300739833,-0.5021341427956627,40.26728009639614,50.323379313829506,11.584255609962181,11.419179647722476,185.07857142857105,1.081682450160407,17498.55,16813.8,17498.55,13269.65,-2.2190410062548,28.942737751184094
2025-12-10,17147.4,17201.2,16891.8,16918.75,0,17283.557500000003,16947.288,16603.671,15995.14875,-2.1107199718576606,-0.1683927245468447,1.8976466108007173,5.774258585747755,-1.119212168144823,-1.7228810334962597,-2.900293271962384,-2.4273846357913853,35.33709305306337,43.29334524125617,11.744588570923755,10.85988989087742,200.02142857142852,1.1822470842788535,17498.55,16813.8,17498.55,13269.65,-3.313417397441498,27.499594940333772
2025-12-11,16916.2,17110.5,16883.2,17089.75,0,17273.980000000003,16970.111,16607.093999999997,16010.61375,-1.0665173862653723,0.7049983350138322,2.906324249143184,6.74013043378802,1.0107129663834424,-0.9424802997852422,-2.0740099818355895,-1.1084235560982036,46.325509811466,44.04829951414687,12.372296442871733,11.034805927985138,202.44642857142858,1.1846073147438,17498.55,16813.8,17498.55,13269.65,-2.336193570324394,28.7882498784821
2025-12-12,17140.7,17291.4,17125.05,17276.2,0,17272.805,16996.727,16613.402000000002,16026.180999999999,0.019655174709611072,1.6442753949039823,3.9895380849750026,7.799855748540479,1.0910048420837093,-0.61439337283552,-0.8428489845348497,-0.1358405059047274,55.61947308833882,49.88552188552192,13.017186702035968,11.231726652639793,203.43928571428583,1.177569637502957,17498.55,16813.8,17498.55,13269.65,-1.2706767132133723,30.19333592069121
2025-12-15,17249.5,17274.4,17136.3,17262.7,0,17263.715,17020.3,16618.503,16040.87925,-0.005879383435137906,1.424181712425759,3.876384052161618,7.616918816965727,-0.07814218404510465,1.0362497183308728,-0.9183421628105815,-1.042162286107362,52.37726847822582,49.16764150094483,12.63303003669612,11.12610313514362,204.51428571428576,1.184717835068012,17498.55,16813.8,17498.55,13269.65,-1.3478259627226172,30.091600004521606
2025-12-16,17251.8,17253.1,17071.75,17114.5,0,17252.5575,17038.593,16623.4365,16055.73925,-0.800214692807133,0.4455004001797522,2.954043226862269,6.594282166110784,-0.858498380902184,0.024838912347857622,-1.5395147882016458,-1.2870833129057346,39.42767381505267,42.58760107816712,12.807439076753857,11.269230430914192,200.6107142857145,1.1721681281119196,17498.55,16813.8,17498.55,13269.65,-2.1947532795574447,28.974765724793045
2025-12-17,17109.5,17160.8,16964.7,17006.85,0,17234.06,17050.676,16626.5635,16070.663250000001,-1.3183776776917497,-0.2570337973696816,2.2872224918877455,5.825439407424563,-0.6289988021852877,0.5207240487624665,-1.211128440606779,-2.128988076055438,35.59656791322645,42.57230105981673,12.911973400191945,11.080480730018504,206.83928571428572,1.2162116189316996,17498.55,16813.8,17498.55,13269.65,-2.8099471099033964,28.163515993262816
2025-12-18,17021.55,17113.95,16895.95,17091.85,0,17219.835,17063.033,16631.8135,16086.411500000002,-0.7432417325717732,0.16888556682741632,2.7660032383119155,6.250234864376038,0.4997986105598651,0.012288067408827708,-0.9303080449909684,-1.6372828585980326,39.65387979507684,43.730886850152906,13.086479001424939,11.092316381366155,216.73214285714286,1.2680437919660124,17498.55,16813.8,17498.55,13269.65,-2.324192575956298,28.80407546544181
2025-12-19,17116.2,17278.4,17087.2,17265.85,0,17222.909999999996,17081.292,16641.126500000002,16103.618499999999,0.2493190755801565,1.0804686202893625,3.7540938108967343,7.21720711404086,1.0180290606341513,-0.05990900776792207,-0.6739343036299972,0.35746773345113336,45.5798224601944,47.74139481645001,13.174031805669545,11.13116364249038,221.1678571428573,1.2809555112714248,17498.55,16813.8,17498.55,13269.65,-1.3298244711704725,30.115338384961166
2025-12-22,17313.8,17422.25,17275.95,17397.9,0,17238.177499999998,17098.802,16652.561,16122.90725,0.9265625673015812,1.7492336597616711,4.475822067248394,7.9079581010428575,0.7648045129547754,0.7831915053844396,1.8275570434838517,1.7864508221418163,50.4234335638099,54.02181818181823,13.175456115558973,11.031258800674475,221.632142857143,1.2739016942110426,17498.55,16813.8,17498.55,13269.65,-0.5751905157855812,31.110466364975732
2025-12-23,17413.1,17421.7,17321.3,17389.3,0,17248.195,17114.285,16662.5925,16141.8395,0.8180856025804415,1.6069324543794814,4.361311122503899,7.728118595157629,-0.04943125319724073,1.6056560226708205,1.6308937625107767,1.1655743951782815,55.093555093555096,56.442543583508794,13.06335710125095,10.98663688080748,212.5928571428576,1.2225498274390436,17498.55,16813.8,17498.55,13269.65,-0.6243374451025943,31.04565681837878
2025-12-24,17402.6,17436.05,17235.6,17248.2,0,17239.4,17126.171000000002,16671.397,16160.107750000001,0.051045860064731205,0.7125293797428428,3.459836029338152,6.733199226347978,-0.8114185159839638,1.4191340548073361,1.947247875877367,-1.0095212952175303,49.8854635277234,51.26184644872751,12.447836241155695,11.167121216469408,218.70714285714323,1.2679998078474464,17498.55,16813.8,17498.55,13269.65,-1.4306899714547694,29.982328094561662
2025-12-26,17245.2,17327.5,17164.65,17183.3,0,17225.98,17139.832000000002,16681.1055,16176.34075,-0.24776529405003542,0.2536080867070174,3.0105588625406017,6.224888963222415,-0.3762711471341995,0.5350503310057153,0.5474041457598888,-1.5379590526997444,44.28088664871986,44.47072330654425,12.475023642187107,10.98255704966005,216.74642857142888,1.261378364874203,17498.55,16813.8,17498.55,13269.65,-1.8015778450214448,29.493242097568512
2025-12-29,17198.05,17230.05,17074.75,17096.9,0,17209.6725,17148.207,16692.443,16191.90925,-0.6552855668810613,-0.2991974612855855,2.4229946449420385,5.58915404000304,-0.5028137784942266,-0.978521184882275,-1.0378439703175424,-1.871945497487515,50.36646144825565,42.067253946250545,12.564889415338232,10.818471682643969,198.82857142857185,1.1629510111691115,17498.55,16813.8,17498.55,13269.65,-2.2953330418806006,28.842132234083053
2025-12-30,17092.05,17112.3,17018.7,17059.0,0,17191.4875,17154.055,16701.2555,16207.59375,-0.7706575710798689,-0.5541255405791825,2.1420215983163704,5.253131730303889,-0.22167761407039244,-1.9479362451790272,-1.1800008109971283,-2.087506528838823,48.34490553851123,41.893968070183284,12.568342152003328,10.779088981508096,181.6785714285717,1.0650012980161305,17488.9,16813.8,17498.55,13269.65,-2.511922416428786,28.556518069429117
2025-12-31,17104.0,17303.2,17102.75,17254.05,0,17185.085,17165.761000000002,16712.951,16225.322000000002,0.40130729641430435,0.5143319891264769,3.2376029822620693,6.340262461355141,1.143384723606311,-0.7777771388152499,0.8153904583832361,-0.736677386506801,60.80358293594529,46.544411433254766,13.306623909351579,10.963544785421945,177.02142857142877,1.0259703001407134,17436.05,16813.8,17498.55,13269.65,-1.3972586300007714,30.026413658235146
2026-01-01,17288.9,17355.0,17195.8,17342.7,0,17191.4525,17176.362999999998,16726.8215,16242.85675,0.8797831364162005,0.9684064082716649,3.681981660412904,6.771242687958814,0.5137924139549943,0.5478832573833747,1.9747925100768393,0.7397467957375392,58.606961788424215,49.20829481975651,12.970589106135089,10.861428127172822,172.15714285714316,0.9926778578718605,17436.05,16813.8,17498.55,13269.65,-0.8906452248900542,30.694479507748895
2026-01-02,17390.15,17514.0,17350.8,17505.7,0,17204.120000000003,17190.192,16741.537999999997,16261.667000000001,1.752952199821892,1.8353954394459446,4.564467135576218,7.650095159370804,0.9398767204645164,1.876240303084975,2.4213294640428096,1.4684955962521284,57.935684647302864,55.84311042241052,13.349958261346284,11.03667140351861,169.98928571428587,0.9710510617358109,17514.0,16813.8,17514.0,13269.65,-0.047390658901446114,31.922846495574497
2026-01-06,17499.5,17519.35,17392.95,17471.35,0,17208.5375,17203.639,16758.3955,16280.859500000002,1.5272215898649144,1.5561300722480826,4.254312413142415,7.312209161930277,-0.19622180204162953,2.190163128988276,1.1902107339053725,0.5082551918541123,57.11217915942313,54.41194246343526,13.132109312176235,11.047749565198895,169.0249999999999,0.9674409819504497,17519.35,16813.8,17519.35,13269.65,-0.27398276762551127,31.663985108876265
2026-01-07,17480.25,17572.45,17443.55,17534.35,0,17230.972499999996,17219.59,16774.5165,16299.7695,1.7606522208772741,1.8279180863191191,4.529689425027523,7.574220604776026,0.36059033789603845,2.786505656838023,0.7842900579954959,2.626180449675597,65.19379003365526,53.134513824168955,11.443397970025687,11.016052059298326,164.5928571428571,0.9386881015997576,17572.45,16813.8,17572.45,13269.65,-0.21681666472234767,32.13875271766775
2026-01-08,17530.65,17536.15,17199.3,17215.45,0,17236.2325,17225.634000000002,16788.1105,16315.640250000002,-0.12057449329485156,-0.05912119112713707,2.545488963752067,5.51501342400583,-1.8187158349183052,-0.22371559141186603,-0.9997527215011459,0.6148361362341426,56.547805888630855,52.66442236636831,13.374363759520644,11.6026618984878,174.64642857142877,1.0144749545985075,17572.45,16883.2,17572.45,13269.65,-2.0315892206266057,29.73552429792799
2026-01-09,17209.6,17311.0,17031.8,17096.5,0,17245.12,17228.939000000002,16799.1095,16329.174,-0.8618090219145995,-0.7687008468716623,1.7702753827516948,4.699110928697306,-0.6909491183791361,-1.419617475940893,-0.8795120650270771,1.0506095308459473,50.14291422073337,49.72827697962572,12.964700447391714,11.716032844985808,179.0178571428574,1.047102372666086,17572.45,16883.2,17572.45,13269.65,-2.708501091196735,28.839117836566906
2026-01-12,17100.55,17134.95,16842.0,17085.4,0,17244.9025,17229.958,16810.702,16342.20225,-0.9249254960994919,-0.8389921786228223,1.6340662037789992,4.547720916867255,-0.06492556956101403,-2.400932267775635,-0.5697392235484378,-0.025453853918278035,43.8368796748524,53.54612192786468,12.466161080834375,11.639714893104257,186.28571428571453,1.0903210594174821,17572.45,16842.0,17572.45,13269.65,-2.7716681509977223,28.75546830549413
2026-01-13,17147.85,17193.1,16886.85,17034.0,0,17232.7925,17229.592999999997,16819.6725,16354.2215,-1.153571018742317,-1.135215440086119,1.2742667849210465,4.156593452033166,-0.300841654277928,-2.503241020298941,-0.3679029531669542,-1.4019286648684348,36.84667100412056,48.75008407506222,11.815039765091912,11.658098910208818,196.98928571428587,1.1564476089837141,17572.45,16842.0,17572.45,13269.65,-3.0641714729590963,28.368118224670585
2026-01-14,17001.85,17108.8,16959.5,17054.25,0,17222.370000000003,17230.552,16827.2215,16365.34375,-0.976172268973449,-1.023194149554812,1.3491740154487202,4.209543413959758,0.11887988728425114,-2.7380541622586407,-0.027844539539245705,-1.2075167847439894,37.990608982400836,44.62317401099833,11.833465411698915,11.644440283099891,200.48214285714286,1.1755553182177045,17572.45,16842.0,17572.45,13269.65,-2.9489342692680913,28.520722098924995
2026-01-16,17078.65,17259.15,17078.65,17146.2,0,17223.955,17230.763,16834.76,16377.77875,-0.4514352249526953,-0.49076758817934113,1.8499818233227106,4.691852672634262,0.5391617925150749,-0.4022549512211371,-0.6250706355898972,0.1852230564725943,46.21043245653144,47.281086631814794,11.617620471736048,11.58130309330908,200.80000000000004,1.1711049678646,17572.45,16842.0,17572.45,13269.65,-2.425672003619302,29.213656727946862
2026-01-19,17118.35,17163.0,17032.45,17103.0,0,17228.7625,17231.846999999998,16842.624,16390.4585,-0.7299566640378304,-0.747725998263552,1.5459348852055368,4.3472944945377785,-0.25195086958043067,0.03801947767085867,-1.3821377294192971,0.5653604282980229,46.96775168038671,49.71777755963483,11.417148818863495,11.537554596894333,198.49285714285725,1.1605733329992238,17572.45,16842.0,17572.45,13269.65,-2.6715113714934495,28.888101796204126
2026-01-20,17097.25,17097.3,16582.6,16635.8,0,17205.96,17225.935999999998,16845.9135,16400.679,-3.31373547305701,-3.4258573815669506,-1.2472668816683612,1.4336052793911713,-2.7316844997953615,-2.6314865323609715,-4.969238590858982,-2.668230764955226,36.47721273975011,42.25995535993662,14.88999317126368,12.992673968271848,224.57142857142884,1.3499286392684984,17572.45,16582.6,17572.45,13269.65,-5.330218609243455,25.36728549735675
2026-01-21,16579.9,16679.75,16228.75,16453.55,0,17165.345,17214.389,16847.122,16410.138750000002,-4.146697896255518,-4.419785099546663,-2.3361378875276153,0.264539201412891,-1.095528919559019,-3.4075965715627654,-5.825537236676038,-4.704662672269244,33.629849939164544,37.204314008499765,14.614445914103452,13.1285916847209,250.10000000000036,1.5200367094031402,17572.45,16228.75,17572.45,13269.65,-6.367353442462499,23.99385062906708
2026-01-22,16596.4,16788.45,16540.9,16672.0,0,17129.05,17205.88,16853.638,16421.39025,-2.6682740724091487,-3.1028927320195248,-1.0777376374169128,1.5261177414622347,1.327677005874106,-2.2413767829133513,-4.918060834875537,-4.17234263905415,34.45918885002543,38.30382289799703,15.248799608341134,13.460379896267805,256.5785714285718,1.538978955305733,17572.45,16228.75,17572.45,13269.65,-5.12421432412669,25.6400884725671
2026-01-23,16740.9,16742.4,16320.5,16348.15,0,17076.9925,17188.911,16858.946,16429.80125,-4.267979270940129,-4.891298814683492,-3.029821674498514,-0.49697040613927573,-1.9424784069097867,-4.65438406177463,-5.037916522658437,-5.987302536617345,26.408425646986288,30.776978153784185,16.4223691922252,14.03522765755197,275.3428571428576,1.6842447441628419,17572.45,16228.75,17572.45,13269.65,-6.967155974266542,23.19955688356513
2026-01-27,16401.35,16480.65,16208.7,16431.35,0,17036.15,17170.745,16866.112,16438.6585,-3.5500978800961653,-4.3061323198265455,-2.5777250856629106,-0.04445922396893166,0.5089260864379108,-3.927088814827817,-3.890562395812014,-4.735856495170521,23.51273390695495,32.92454679952229,16.54862017615737,13.94370920905646,282.5321428571434,1.719470054847249,17572.45,16208.7,17572.45,13269.65,-6.493687562064494,23.8265515669215
2026-01-28,16495.85,16722.85,16481.55,16703.05,0,17012.1375,17159.18,16872.807,16450.98,-1.816864576835224,-2.6582272579458985,-1.006098155452151,1.5322491426042686,1.6535464219312512,0.404248668534124,-2.237875613096574,-2.7948647815029704,33.04272976074867,40.71500349156064,17.840312388821367,14.47835308635784,294.3250000000007,1.762103328434033,17572.45,16208.7,17572.45,13269.65,-4.947517278467154,25.87408107975719
2026-01-29,16731.1,16749.75,16578.2,16736.25,0,16994.105,17147.911,16879.4805,16465.878249999998,-1.5173202707644773,-2.4006481022673847,-0.8485480344018967,1.642012323272232,0.19876609361764164,1.7181702428959111,-1.7479746389573836,-2.1094467418069973,32.150205761316926,42.30272559789255,17.82258772376064,14.485421014060679,297.37142857142913,1.7768103880584307,17572.45,16208.7,17572.45,13269.65,-4.758585171674984,26.12427607359652
2026-01-30,16642.95,16751.5,16542.8,16693.25,0,16975.817499999997,17132.886000000002,16884.851000000002,16479.02325,-1.664529558002125,-2.5660358680960242,-1.1347509077811961,1.2999966487698331,-0.25692732840391086,0.12745921305181707,-2.1167744110705544,-2.1440295445219526,36.676532122263616,42.94453863767456,17.826204820546337,14.343709937064334,288.2178571428576,1.726553290359023,17572.45,16208.7,17572.45,13269.65,-5.003286394327488,25.800228340611852
2026-02-01,16709.6,16757.35,16038.55,16349.4,0,16930.585,17113.121,16887.654,16490.61225,-3.43275202835578,-4.462780342638842,-3.1872633108186554,-0.8563190247833199,-2.0598145957198333,0.007646125096716361,-4.64709381670575,-5.243116833439099,32.900759864506114,38.795199747355134,18.471941513823474,14.972213156979874,319.61785714285753,1.954921019382103,17572.45,16038.55,17572.45,13269.65,-6.960042566631295,23.208976875803057
2026-02-02,16357.35,16585.85,16185.05,16549.3,0,16890.915,17096.571,16892.228,16502.019249999998,-2.022477763934053,-3.2010571008654343,-2.0300933660142397,0.2865149366493541,1.2226748382203612,0.7178351139742079,-3.2374437233233966,-4.574835521573927,38.70607567203166,38.8888012991313,19.029992866902656,15.25283181094547,327.32142857142884,1.9778566378724711,17572.45,16038.55,17572.45,13269.65,-5.822466417602562,24.715422034492242
2026-02-03,17221.15,17368.85,16944.2,17013.2,0,16866.29,17089.307999999997,16900.7265,16513.780749999998,0.8710273569350453,-0.44535448714480746,0.665495060227145,3.0242574826482587,2.8031397098366773,1.8568465040815996,2.268601449885188,-2.8133693596942733,49.62669155389642,45.35470591552474,21.530396744954544,16.581112452581483,363.9857142857145,2.139431231547942,17572.45,16038.55,17572.45,13269.65,-3.182538576009606,28.211369553831496
2026-02-04,16988.1,17149.15,16848.0,17123.4,0,16848.892499999998,17087.689,16909.88,16525.71325,1.629231713597813,0.20898671552369064,1.2626937624631307,3.616707738771885,0.6477323489995968,2.3132422137575714,4.071157896016375,-1.9915461598559725,51.202253246866164,44.52887972980711,21.70566200552595,16.50446461040854,374.8321428571432,2.1890053544105914,17572.45,16038.55,17572.45,13269.65,-2.5554205588862065,29.041836069527093
2026-02-05,17120.05,17120.5,16946.05,17084.95,0,16826.4225,17087.537,16917.1125,16536.99175,1.536437706826868,-0.015139689236661398,0.9921167102246408,3.3135304067621587,-0.22454652697478927,2.3464574004463,2.47690738963533,-2.562969257486003,48.91491133275462,44.476686011607,21.64325695696203,16.44640842358305,372.86428571428615,2.1824136782038353,17536.15,16038.55,17572.45,13269.65,-2.7742289777464157,28.75207710828847
2026-02-06,17029.1,17043.5,16838.05,17023.3,0,16816.815,17084.224,16923.5755,16546.14875,1.227848436222915,-0.35660970027084093,0.5892637758492599,2.8837601861883355,-0.3608439006259956,4.121863799283143,4.129825087242289,-1.1161485758432232,48.59722613348352,42.69208219530683,20.72564438920479,16.415596834708897,381.1750000000006,2.239136947595358,17368.85,16038.55,17572.45,13269.65,-3.1250622423168166,28.28748309111393
2026-02-09,17128.65,17266.2,17084.05,17249.15,0,16824.447500000002,17080.725,16931.766499999998,16555.6335,2.524317663328911,0.9860529924813082,1.874485453127431,4.189006116860472,1.3267110372254587,4.228879771349869,4.977071269250577,0.8928728102243211,61.79768797245572,50.495078595563406,21.129007660958653,16.397957725488908,361.353571428572,2.0949065399081808,17368.85,16038.55,17572.45,13269.65,-1.8398117507803367,29.989487288662488
2026-02-10,17344.1,17346.45,17249.9,17303.95,0,16835.375,17077.77,16939.7355,16564.4525,2.783276285797024,1.3244117938114888,2.150060135236479,4.464364276452852,0.317696814045898,1.7089671549149976,3.597546555868547,1.2791623257284002,67.20064724919092,53.10614341114289,21.144358381314298,16.410512741617474,336.08928571428623,1.9422691681048907,17368.85,16038.55,17572.45,13269.65,-1.5279599600511027,30.40245974837318
2026-02-11,17325.2,17349.55,17250.35,17330.05,0,16850.177499999998,17075.91,16947.031499999997,16573.533750000002,2.8478780119675378,1.4882954993320965,2.2600919813006897,4.564604395245503,0.15083261336283904,1.206828083207756,3.5479871536335805,1.737994599037207,64.43313666571618,53.64675719587993,21.099457938324846,16.41070430967244,319.2535714285719,1.842196481998447,17368.85,16038.55,17572.45,13269.65,-1.379432008627149,30.599149186301066
2026-02-12,17323.3,17325.45,17184.7,17251.5,0,16860.04,17072.486,16953.5675,16584.103750000002,2.321821300542579,1.0485526243805336,1.75734399264343,4.024313041336333,-0.45325893462511146,0.9748345766303013,3.3441660551420505,1.1566031927525477,72.20242337847466,53.21602838976784,21.188278185932784,16.441456302234027,299.5000000000003,1.7360809204996683,17368.85,16038.55,17572.45,13269.65,-1.8264385444260802,30.00719687406978
2026-02-13,17095.9,17104.35,16880.45,16960.45,0,16850.7525,17064.053,16956.583,16591.88125,0.6509946662619491,-0.6071418085726712,0.022805302223932785,2.2213801102271162,-1.6870996724922427,-0.369199861366476,3.7374460224840034,-1.0833304172353064,61.79867986798682,48.71587766612821,21.987471846687427,16.859604785062775,306.5785714285716,1.8076087098430265,17368.85,16038.55,17572.45,13269.65,-3.4827243782170383,27.813845881391003
2026-02-16,16867.9,17040.85,16793.25,17025.7,0,16846.8875,17060.26,16960.501,16599.798250000003,1.0613978398086885,-0.20257604514818459,0.38441671033185,2.565704375352858,0.3847185658399477,-1.295426151433554,2.8786716054455486,-0.45196749108342704,57.92459781407346,48.33820609002648,22.02422857305617,16.75383413919262,303.4428571428572,1.78226361995605,17368.85,16038.55,17572.45,13269.65,-3.1114044996571337,28.305569476210763
2026-02-17,17021.95,17078.2,16969.6,17048.95,0,16867.545000000002,17056.192,16965.876,16608.4725,1.075467710327726,-0.04245965336224153,0.4896534667588076,2.6521252932802875,0.13655826192169318,-1.473651969636991,0.21013095713915408,2.483499440964665,57.717938592161126,49.25048188260093,19.542607571382565,16.749185713699173,298.94642857142884,1.7534594715300875,17368.85,16038.55,17572.45,13269.65,-2.9790951176415352,28.48078133183619
2026-02-18,17081.1,17133.4,17026.0,17123.45,0,16901.04,17051.001,16972.212,16618.208,1.3159545211418933,0.4248958756145785,0.8910918623924872,3.0402917089496175,0.4369770572381304,-1.1921488974353744,0.000291998084489542,4.071461781803931,60.45545131969086,57.58882024307881,19.01811654166015,16.688235648374274,291.7107142857146,1.7035744215430568,17368.85,16038.55,17572.45,13269.65,-2.555136022580801,29.042212869216605
2026-02-19,17146.95,17159.45,16796.1,16844.25,0,16909.6525,17046.173,16977.517,16625.18475,-0.3867761327443018,-1.1845650047080885,-0.7849616642999081,1.3176710712944084,-1.6305125427411027,-2.3606642900617314,-1.4088422851691096,1.0331693857965396,62.41688204150251,55.90199099670686,19.595284464948264,16.6475550207588,266.32142857142907,1.5810821412139398,17368.85,16038.55,17572.45,13269.65,-4.143986751989624,26.938163402953357
2026-02-20,16811.35,16964.5,16783.85,16912.35,0,16937.8625,17042.215,16984.587,16634.143,-0.15062408258421467,-0.7620194910110077,-0.425309134687826,1.6725057611924974,0.40429226590674716,-0.28360096577627614,-0.6517537727702694,3.4511550236571154,59.75495069457502,53.80354797360381,18.13272147975864,16.67122815671117,250.59642857142924,1.4817362966792271,17368.85,16038.55,17572.45,13269.65,-3.756448304021364,27.451364580075577
2026-02-23,16912.65,16925.0,16710.05,16772.4,0,16954.915,17039.288,16993.288,16640.968,-1.0764725154918169,-1.566309578193637,-1.2998543895683932,0.7898098235631525,-0.8275017960247766,-1.4877508707424658,-2.7639043083282355,2.075605473682951,42.166048539267365,57.12869457093411,18.425431398623257,16.584756371009384,207.41071428571507,1.2366191736764867,17368.85,16038.55,17572.45,13269.65,-4.552865422863626,26.39670224911736
2026-02-24,16720.8,16758.0,16548.95,16718.75,0,16955.7,17031.868000000002,17000.9895,16649.0675,-1.397465159209002,-1.8384242996716635,-1.6601357232765754,0.41853695409667224,-0.31987074002528537,-1.936776165101084,-3.381886794633604,0.09399480933123261,36.332624041611716,54.87763483927906,17.541971039268706,16.431073094124677,201.860714285715,1.2073911882510056,17368.85,16038.55,17572.45,13269.65,-4.858172878568444,25.992396182265548
2026-02-25,16787.95,16871.35,16717.45,16828.7,0,16960.322500000002,17022.918,17009.8225,16657.723250000003,-0.7760613042588153,-1.140920728161886,-1.064811228923745,1.0264112774235097,0.657644859813078,-1.7213236818514943,-2.8929518379923858,0.5523937560684145,41.74372523117569,52.25636144881213,17.682356684711614,16.306177942351635,200.1857142857147,1.1895494856151378,17368.85,16038.55,17572.45,13269.65,-4.232477542972095,26.82097869951356
2026-02-26,16865.45,16965.4,16839.1,16945.05,0,16972.9125,17016.565,17018.4325,16663.83275,-0.1641586262817255,-0.42026695752050675,-0.43119423601439033,1.6875904494420582,0.6913784190103689,0.5984237944699267,-1.7763672724110946,1.5083941113923194,47.56465718465033,53.64080209241498,17.79586343492232,16.389989987986773,192.3142857142861,1.134928995277595,17368.85,16038.55,17572.45,13269.65,-3.5703615602832923,27.697791577019736
2026-02-27,16944.0,16963.2,16737.2,16765.6,0,16993.7225,17009.587,17024.09,16669.014750000002,-1.3423927570901626,-1.4344087249149613,-1.5183777811325105,0.579429867023163,-1.0590113336933271,-0.8677091001546233,-1.148849234542726,2.545659167920533,34.50309265134747,51.20424774047501,16.507076370003897,16.448075616773313,191.10714285714312,1.1398765499424006,17368.85,16185.05,17572.45,13269.65,-4.591562360399387,26.345457491343023
2026-03-02,16201.9,16705.65,16197.8,16520.35,0,16992.275,16999.857,17025.266499999998,16672.3735,-2.777291445671653,-2.820653138435232,-2.9656892595484448,-0.9118287807072158,-1.4628167199503772,-1.5027664496434778,-2.9681598994461433,-0.1749318702301661,27.619102022163702,52.94198633555336,16.899057737439193,16.70717817321275,224.71428571428598,1.36022714842171,17368.85,16197.8,17572.45,13269.65,-5.987212938434892,24.49725501426186
2026-03-04,16290.9,16310.15,16084.5,16198.95,0,16951.5625,16981.999,17022.516,16673.709,-4.439782468430266,-4.611053151045405,-4.838097963896752,-2.8473508803590026,-1.945479363330671,-3.1090841121495294,-4.985644277213552,-4.785989702113658,22.35690893983083,44.212630292218,14.703080166692907,17.186405225098678,248.76071428571439,1.5356594982126273,17349.55,16084.5,17572.45,13269.65,-7.816212309609644,22.075186610046245
2026-03-05,16332.35,16490.25,16234.85,16441.55,0,16917.47,16965.513,17023.4025,16675.698500000002,-2.813186605325748,-3.088400568848108,-3.417956545408598,-1.4041300878641032,1.49762793267465,-2.3005342064449485,-3.9822582481918167,-3.981977878225129,31.6749247720536,39.812158043877275,15.662499328131188,17.379713367454915,259.1857142857144,1.5764068125311448,17349.55,16084.5,17572.45,13269.65,-6.435642155760872,23.903418703582986
2026-03-06,16413.3,16529.05,16283.55,16300.85,0,16878.265,16943.572,17021.187,16676.982249999997,-3.421056607417878,-3.793308754494033,-4.23200215120133,-2.2553975555139596,-0.8557587332094552,-3.8017002015337753,-3.2260266856642406,-4.589419342754885,33.98718197708287,35.49831632023408,15.835818004932712,17.349652346242284,250.21785714285735,1.5349988322256651,17349.55,16084.5,17572.45,13269.65,-7.236327319184293,22.843104377282
2026-03-09,15991.25,16038.2,15732.65,16005.45,0,16827.3725,16915.895,17015.09,16678.0215,-4.88443754365098,-5.382186399241658,-5.933791710769673,-4.032681574370186,-1.8121754387041111,-4.533986257575018,-5.3623535463728995,-5.979157977595406,27.721366961458614,32.549304881991546,16.803422164758555,17.757064331611016,273.11785714285753,1.7064053628161502,17349.55,15732.65,17572.45,13269.65,-8.917367811545914,20.616971811615237
2026-03-10,16217.6,16308.6,16096.85,16262.25,0,16778.0275,16896.176,17011.1735,16679.89275,-3.074124774202451,-3.751890368566234,-4.402538719624491,-2.5038695167869056,1.604453483032331,-1.5623155683747503,-3.0416040638191366,-5.721441346385192,34.41128680695908,38.42738317899121,17.185162391751277,18.125430192135635,287.0142857142859,1.7649112866564338,17349.55,15732.65,17572.45,13269.65,-7.45598934696073,22.55221501697483
2026-03-11,16297.05,16359.05,15961.15,15991.65,0,16712.4125,16872.342999999997,17006.0875,16681.05475,-4.312737613435517,-5.2197433397365005,-5.965143364104188,-4.1328606633822105,-1.6639763870313184,-1.279712573963132,-4.349009345794396,-7.583817567665196,29.19026255791711,31.135047556182215,17.690146962253372,18.449895156771934,307.7642857142858,1.9245311504084057,17349.55,15732.65,17572.45,13269.65,-8.995899831839049,20.51297509730852
2026-03-12,15896.4,16047.3,15684.4,15922.2,0,16642.02,16848.849000000002,16998.528,16681.25575,-4.325316277711478,-5.499776275518887,-6.331889443603575,-4.550351372677681,-0.43428914464735957,-3.1587654448637648,-5.386631171748268,-8.12375036425168,31.629908552985427,29.361772042239764,17.57547413035752,18.443548125277363,307.7321428571427,1.9327237621505993,17325.45,15684.4,17572.45,13269.65,-9.39112076005338,19.989600328569338
2026-03-13,15837.3,15870.45,15472.45,15523.7,0,16555.629999999997,16818.143,16986.099000000002,16679.022,-6.233106200126463,-7.6967058729373345,-8.609387005221159,-6.926797026828072,-2.5027948399090616,-4.767542796848012,-8.387995314265806,-10.015360983102916,25.55236703579159,25.720775816879225,19.073574907394228,19.193979927305637,326.9535714285712,2.1061574974301953,17159.45,15472.45,17572.45,13269.65,-11.658875114170192,16.986506803118402
2026-03-16,15487.2,15610.9,15259.8,15497.0,0,16482.4575,16783.002,16974.381500000003,16676.639249999997,-5.9788262763607944,-7.662526644518068,-8.703595474156174,-7.073602974292298,-0.17199507849289253,-3.176730426198582,-7.5666841628095565,-8.628603604267582,26.613613026257823,26.08434884545126,18.595546230955744,18.952764212356023,336.67857142857116,2.1725403073405896,17159.45,15259.8,17572.45,13269.65,-11.810817501259077,16.78529576891629
2026-03-17,15570.75,15692.3,15444.75,15656.75,0,16414.01,16749.283,16962.823,16675.273999999998,-4.613497859450545,-6.5228642921610405,-7.699620517174531,-6.107989589856201,1.0308446796154058,-3.7233470153269055,-5.227492153616586,-8.040491727212395,31.25595679339189,31.56949785116484,19.111563716471018,19.089029507769247,338.39999999999964,2.1613681000207556,17159.45,15259.8,17572.45,13269.65,-10.901724005474483,17.989170776923284
2026-03-18,15686.95,16042.3,15685.55,15983.45,0,16360.735,16718.838,16954.515,16674.984,-2.3060394291576745,-4.398559277863683,-5.727471413956688,-4.147134414042014,2.086639947626434,-0.05127676005914905,-1.330333138876283,-6.249651738083573,36.14185234371154,36.2798657276377,21.012099045428346,19.60692261863562,354.9464285714283,2.2207122277820392,17159.45,15259.8,17572.45,13269.65,-9.042563785926266,20.451179948227733
2026-03-19,15709.35,15730.75,15385.7,15458.0,0,16277.4625,16678.571,16941.105,16672.2795,-5.034338122419263,-7.318198903251363,-8.754476169057448,-7.283224228576546,-3.287462969509092,-2.9154262601901793,-5.982100227776577,-9.72613579623266,28.503071919045894,31.502517178434772,23.283330916391677,20.815615316344484,387.8785714285711,2.5092416317024915,17159.45,15259.8,17572.45,13269.65,-12.032755819478789,16.491392011092987
2026-03-20,15572.4,15759.05,15549.15,15572.6,0,16213.880000000001,16639.336,16929.463,16669.57075,-3.955129802366865,-6.4109288976435055,-8.014802359649561,-6.580677849788056,0.7413636951740132,0.31500222240832265,-4.467558440204034,-7.54946049838966,32.42434956834322,32.135328472198196,23.27815128903738,20.889174073654214,393.23928571428536,2.5251999390871487,16965.4,15259.8,17572.45,13269.65,-11.380598607479323,17.35501689946608
2026-03-23,15405.45,15405.45,14956.15,15000.5,0,16118.2875,16595.037,16910.335499999997,16664.3105,-6.934902358578729,-9.60851729345346,-11.293894789964384,-9.984274476882794,-3.673760322617936,-3.203845905659164,-6.278798784164152,-11.304460941264804,29.576026338775776,30.10391824666283,25.81509581316603,22.000982925450874,396.71428571428544,2.6446737489702707,16965.4,14956.15,17572.45,13269.65,-14.636263013979272,13.043674852011925
2026-03-24,15322.85,15477.35,15079.55,15411.75,0,16050.255000000001,16561.342,16895.140499999998,16660.39225,-3.97816109463682,-6.941418153190729,-8.779983214700096,-7.49467498281741,2.7415752808239713,-1.5648202851805126,-5.2299036111239205,-8.11243471417329,39.67091796567468,34.92344170718965,28.3548235067266,22.9871334529366,399.642857142857,2.5931049825156585,16965.4,14956.15,17572.45,13269.65,-12.295951901982939,16.142852298289707
2026-03-25,15556.55,15827.6,15543.45,15731.45,0,16000.890000000003,16534.263,16882.1105,16657.56625,-1.6839063327102572,-4.855450769108961,-6.815856939213839,-5.5597332533496555,2.074391292358113,-1.5766308275122043,-1.6270991423649184,-5.905345794392513,40.8673508758392,39.90613515374246,29.6943138317193,23.545272723668784,408.53928571428565,2.596958867200961,16965.4,14956.15,17572.45,13269.65,-10.476626765192105,18.552109513061772
2026-03-27,15628.9,15638.9,15367.45,15396.1,0,15929.26,16501.505,16865.549,16651.69875,-3.347048136573826,-6.698813229459984,-8.712725568553973,-7.540364312680106,-2.131717038162406,-0.4004399016690363,-3.304191631809672,-8.512838187144578,38.918760027925096,37.83893123454179,30.164185206575972,23.95906299422706,417.0035714285714,2.7085013180517885,16965.4,14956.15,17572.45,13269.65,-12.38501176557623,16.024913995470875
2026-03-30,15194.1,15228.9,14954.9,14983.35,0,15831.175,16460.087000000003,16845.319499999998,16642.83925,-5.355414238046127,-8.971623297009321,-11.053334429186682,-9.971190763018397,-2.680873727762223,-3.7838896523380794,-3.480806766428113,-11.576832172227281,37.831273662404456,33.9279026624977,30.873208932082,24.58914190391116,407.9321428571428,2.7225696713828538,16963.2,14954.9,17572.45,13269.65,-14.73385896673486,12.914432558507578
2026-04-01,15374.05,15500.0,15235.35,15295.45,0,15757.6675,16423.072,16826.9175,16635.570750000003,-2.9332862874533863,-6.866084493814552,-9.101295587857958,-8.055754564357233,2.0829787731048155,1.9662677910736281,-1.3005743047041274,-8.768848117574068,38.63924794359579,36.10652562072567,32.23184797596239,25.082228756292935,423.1821428571428,2.7667191410330707,16705.65,14954.9,17572.45,13269.65,-12.957783348366334,15.266416220473042
2026-04-02,15113.25,15305.2,14804.55,15270.5,0,15695.175,16386.422,16809.1345,16628.50675,-2.705767855407788,-6.81004065439056,-9.153561713721786,-8.166739024837575,-0.16312040508779102,-0.9165085081188074,-2.4669870822488726,-7.565517679710165,41.006646962724645,37.07130627280747,32.01327685742158,25.082364916826112,430.52142857142866,2.8193014542511943,16529.05,14804.55,17572.45,13269.65,-13.099766964765871,15.078393175404026
2026-04-06,15294.8,15525.1,15096.65,15507.2,0,15660.5875,16363.85,16794.893,16623.8525,-0.9794492064872975,-5.23501498730433,-7.667170014122742,-6.717170403190235,1.5500474771618533,-1.4254884324076955,-2.979644569851936,-4.270338509594762,45.03184408370445,41.22593551627683,32.140570357918165,24.711321384834154,435.2035714285716,2.806461330405048,16529.05,14804.55,17572.45,13269.65,-11.752772094955455,16.862162905577772
2026-04-07,15424.85,15595.35,15252.45,15573.8,0,15617.2,16346.255,16780.322,16619.762000000002,-0.27789872704454993,-4.725577815836105,-7.190100404509526,-6.293483625096455,0.42947791993395157,1.1541883983606116,0.7491266658041118,-5.277787069953865,50.651546284495524,44.336126840317085,31.612288148745144,24.641466481702736,427.5714285714287,2.7454534447047525,16529.05,14804.55,17572.45,13269.65,-11.373769736149491,17.364060092014483
2026-04-08,16099.15,16237.3,16023.3,16210.35,0,15612.675000000003,16337.021999999999,16771.451,16618.08525,3.82813963654529,-0.7753677506218616,-3.345572186926465,-2.4535633550200964,4.087313308248475,8.189089889777645,4.0953341124796205,-0.5551857725210607,58.00698162552895,48.04488643090298,35.04302637800451,26.19258909865147,449.8857142857144,2.7752992025817727,16359.05,14804.55,17572.45,13269.65,-7.751338031976192,22.16109693925613
2026-04-09,16216.35,16336.6,16056.6,16246.35,0,15624.720000000001,16334.985999999999,16761.9485,16617.08,3.978503294779037,-0.5426144840283219,-3.0760057519565716,-2.2310177239322515,0.22208033756210277,6.216881490900894,8.305389820339325,1.5051123211156092,56.80705643299159,49.530819559228654,34.3892242767674,25.83352680723535,452.2035714285716,2.7834164069379987,16359.05,14804.55,17572.45,13269.65,-7.546471892081072,22.432392715708406
2026-04-10,16333.5,16465.5,16263.8,16452.4,0,15634.227500000003,16335.407,16753.076,16617.50275,5.23321347345111,0.716192746222988,-1.7947510057257512,-0.9935473006014588,1.2682848762952892,7.7397596673324465,6.752315603354586,1.16927239465634,55.569279004311014,53.9078278964441,34.214043190218,25.966293947574815,440.31785714285735,2.676313833500628,16465.5,14804.55,17572.45,13269.65,-6.373897777486914,23.985184236208205
2026-04-13,16128.65,16393.15,16020.9,16326.3,0,15650.960000000001,16327.872,16743.525999999998,16618.62425,4.315006874977626,-0.009627708987430306,-2.4918646168077068,-1.7590159426103005,-0.7664535265371697,5.282062525794462,3.781278903089036,2.0926546041215133,61.39262097197436,50.57310820605051,33.75239458417308,25.74870699688927,428.44285714285746,2.624249567525143,16465.5,14804.55,17572.45,13269.65,-7.091498339730666,23.034895419246173
2026-04-15,16598.4,16724.35,16563.5,16699.4,0,15689.819999999998,16327.135,16737.523,16620.335,6.434618115440481,2.2800387208166115,-0.22776966460329637,0.4757124329924898,2.285269779435639,7.2275231478508895,8.465130779872831,4.881235005212847,63.84513306956969,56.21875247124569,34.526186739335415,26.26605117880811,435.3714285714289,2.6071082109023607,16724.35,14804.55,17572.45,13269.65,-4.9682884287620634,25.84657470242246
2026-04-16,16832.8,16887.35,16659.55,16804.8,0,15753.875,16329.365999999998,16731.126,16622.255,6.670898429751405,2.9115276122784017,0.4403409549363209,1.0981963638507426,0.6311604009724858,3.6671015739943913,12.15649370801588,8.25254288603876,75.04163659579187,57.70641240569989,32.95514242455607,26.295460247894635,407.6107142857145,2.4255612342051944,16887.35,14804.55,17572.45,13269.65,-4.36848589695803,26.640868447924397
2026-04-17,16840.15,17035.3,16769.35,17014.6,0,15829.755,16342.67,16727.8955,16624.5405,7.484923171584143,4.111506871276227,1.7139304821697379,2.3462874056579155,1.2484528230029435,4.728754458693785,11.23961701028735,9.792863134800278,73.56335357158602,63.461364826552504,33.00365074155152,25.992497863845003,392.5464285714288,2.3071152338076053,17035.3,14804.55,17572.45,13825.35,-3.1745715594581414,23.06813209068847
2026-04-20,17055.15,17117.0,16893.15,16981.8,0,15896.007499999998,16351.32,16723.9455,16626.278250000003,6.830598815457287,3.8558354921804456,1.54182815293196,2.1383122828465604,-0.19277561623546324,3.2177676205295214,11.20657476834419,8.46312293419771,70.0746568194589,63.39153649121539,33.02292094922953,25.870057346099784,378.83214285714297,2.2308126515277706,17117.0,14804.55,17572.45,13825.35,-3.361227375807024,22.830886740661168
2026-04-21,17009.85,17128.65,17002.1,17061.25,0,15949.897500000001,16352.281,16720.7945,16627.85925,6.967772049945769,4.335596972679219,2.03612035301313,2.6064133902263977,0.46785381997196396,4.501632335556738,10.021473895996703,6.743225023383559,79.12781849668511,62.85348220005489,32.43906891749339,25.119048595516503,363.32142857142884,2.1295123661597413,17128.65,14804.55,17572.45,14140.3,-2.9090991865107068,20.65691675565583
2026-04-22,17020.25,17113.45,16989.85,17057.2,0,16029.857500000002,16350.957000000002,16719.323,16629.340500000002,6.408930958993234,4.319276235635618,2.020877280736788,2.572919232726028,-0.02373800278407945,2.1425919494113543,9.524971426369945,10.345452193039218,92.32951646153528,60.443311903673504,29.52762376615905,25.077663446208494,340.63571428571464,1.9970201104853942,17128.65,14804.55,17572.45,14420.15,-2.9321466272489034,18.28725776084161
2026-04-23,16995.7,17034.75,16907.45,16936.05,0,16098.029999999999,16347.979,16717.758,16629.78975,5.205730142135407,3.597209171849315,1.3057492517836282,1.8416363321731073,-0.7102572520695127,0.7810268494715888,4.476769471356246,8.755442251133383,86.31735068844901,65.6026010492869,29.8247914848626,25.12414145270786,314.42857142857184,1.8565637880649375,17128.65,14804.55,17572.45,14622.2,-3.621578095257073,15.824226176635516
2026-04-24,16961.95,16995.3,16670.05,16741.75,0,16185.092499999999,16342.348,16713.286,16629.24075,3.4393223270117312,2.4439694956930302,0.17030762233111993,0.6765747858933315,-1.147256886936443,-1.6036227710319317,3.049300304376068,11.607946401786617,80.29694610901748,62.13755515182973,26.35199560370846,25.2431384587284,301.90000000000026,1.8032762405363851,17128.65,14804.55,17572.45,14644.25,-4.727286178079896,14.323027809549824
2026-04-27,16812.8,17032.25,16796.55,16996.2,0,16264.314999999999,16337.288999999999,16709.006999999998,16630.02075,4.499943588156047,4.033172211130022,1.718791547576723,2.201916975960484,1.5198530619559003,0.08479666466452151,3.3052928448129126,10.280792252664362,80.43993785264531,72.18134530742896,25.35058692292677,25.29982830503184,292.0464285714288,1.718304259607611,17128.65,14804.55,17572.45,14783.9,-3.279280919848968,14.964251652135099
2026-04-28,17017.25,17093.55,16981.6,17039.85,0,16329.734999999997,16332.007000000001,16704.8885,16630.916,4.348600880540938,4.3340845984207395,2.0051705223892853,2.4588783925070476,0.25682211317823445,-0.12543043446406887,4.370555484096217,8.317097279653174,80.25465876963077,69.70588235294115,24.667654544286492,25.296054429398467,275.5500000000003,1.6170916997508797,17128.65,14804.55,17572.45,14783.9,-3.0308807252261474,15.25950527262765
2026-04-29,17139.65,17209.95,17001.65,17029.3,0,16411.395,16325.992,16700.951,16631.85675,3.7650973607057705,4.307903617740343,1.9660497177675589,2.389650512111345,-0.06191369055478235,-0.16356729123185865,1.9755200785656735,10.607881216671755,72.78849097030911,66.97934246503654,22.86547355155167,25.29324768107465,243.03571428571453,1.4271620928970337,17209.95,14804.55,17572.45,14783.9,-3.09091788566763,15.188143859198181
2026-04-30,16959.55,16962.35,16741.9,16882.5,0,16506.3525,16318.612,16695.549000000003,16632.213499999998,2.2788044784576065,3.4554899644651202,1.1197655135509306,1.5048297690502952,-0.8620436541725063,-0.31618943023904444,0.46236789488718344,12.675069326952926,66.6736560689854,70.4552335342526,20.256205772967334,25.345641407867035,243.56428571428583,1.4427027141376325,17209.95,14804.55,17572.45,14783.9,-3.926316478351059,14.19517177470086
2026-05-04,17002.5,17098.65,16876.45,16984.9,0,16590.825,16319.101,16691.577,16633.2575,2.375258614324488,4.079875478434755,1.7573114871051447,2.1140928047317353,0.606545239152978,1.4523571311243044,-0.17455596957904884,11.045441618259023,64.7588691796009,80.1170646564047,19.49202764942121,25.096600316575103,243.78214285714304,1.4352874780372156,17209.95,14804.55,17572.45,14783.9,-3.343586124871599,14.887817152442873
2026-05-05,16984.4,17029.3,16887.15,16997.6,0,16677.18,16318.538999999999,16689.399500000003,16634.47975,1.9213080388890584,4.1612855170429155,1.8466841781814576,2.182937221105457,0.07477229774679461,0.008237135359645542,0.09304078484022593,11.310042238302609,69.85389802437008,78.14820327098937,19.397524216400647,25.08276905327896,223.11428571428561,1.3126222861714927,17209.95,15096.65,17572.45,14783.9,-3.2713139032975036,14.973721413158902
2026-05-06,17201.85,17395.15,17168.0,17372.95,0,16770.4675,16325.019000000002,16690.6055,16637.96625,3.592520602064325,6.419171702035989,4.088195002871521,4.417509561903333,2.208252929825405,1.9548294145781853,1.8269470290863898,12.031507944696651,69.89396579732407,81.15710072763379,19.98211704689975,25.563566443631846,223.0785714285716,1.2840569473150594,17395.15,15252.45,17572.45,14783.9,-1.1352998585854563,17.51263198479428
2026-05-07,17470.75,17644.1,17420.55,17617.55,0,16872.655000000002,16334.900999999998,16692.951,16643.6395,4.414806087127348,7.8521994103300745,5.538858887203337,5.851547673812558,1.4079359003508207,3.454340460265537,3.2851229979129037,13.123001451155147,72.18143609617647,81.20111773141919,20.187046953839207,25.731467741841126,226.17500000000004,1.2838050693768432,17644.1,16020.9,17644.1,14783.9,-0.15047522968017227,19.167134517955343
2026-05-08,17636.55,17686.3,17555.45,17628.2,0,16943.547499999997,16350.58,16698.376500000002,16648.679,4.040786027837464,7.813912411669804,5.568346719215478,5.883475800092011,0.06045108428811563,4.41699985191768,4.0868443350131844,8.746572405901176,68.788658215445,80.88487326738628,15.559710009790853,25.435143755427784,216.5249999999999,1.22828763004731,17686.3,16020.9,17686.3,14783.9,-0.32850285249033745,19.239172342886526
2026-05-11,17543.7,17609.3,17391.55,17481.05,0,17005.2825,16361.954,16702.0845,16652.16525,2.7977629892358333,6.839623189259666,4.663881924438823,4.977639469437773,-0.8347420610158807,2.9211240572508457,4.41590634192961,7.5998608918310895,64.28673629989984,72.3990833774017,16.181976254644855,25.511801815472367,217.43928571428583,1.2438571236526743,17686.3,16020.9,17686.3,14783.9,-1.1605027620248443,18.24383281813324
2026-05-12,17468.25,17494.9,17036.3,17055.5,0,17035.4375,16367.615999999998,16703.452,16653.5615,0.11776920903851164,4.2027134556431545,2.107636194003484,2.413528781816431,-2.434350339367486,0.3406363251282629,0.34890151916309176,3.6657265809243444,49.862660329137505,62.54087816369863,18.61580453395224,26.05464755460856,239.70714285714297,1.4054536240927733,17686.3,16020.9,17686.3,14783.9,-3.5666023984666055,15.365363672643891
2026-05-13,17082.25,17293.85,17002.8,17156.9,0,17076.9675,16376.378999999999,16704.1235,16655.60875,0.4680719805785344,4.766139083615508,2.710567244070004,3.0097443901592733,0.5945296238750064,-1.2435999643123363,0.6869191923638107,5.087496860893181,52.275528369927436,61.28500032036906,18.31601794143704,26.06935138024661,251.66785714285703,1.4668608964489915,17686.3,16563.5,17686.3,14783.9,-2.9932772824163214,16.051244935368896
2026-05-14,17257.3,17389.1,17093.15,17357.5,0,17109.8725,16386.955,16704.9365,16659.16925,1.4472784645239096,5.922668366392647,3.906411137809475,4.191870191846457,1.169208889717832,-1.4760849266782228,1.927266534737182,3.940860150664083,59.282426271391785,66.13317062486314,17.060398658881333,26.154320824035125,262.110714285714,1.5100718092220307,17686.3,16659.55,17686.3,14783.9,-1.8590660567784065,17.40812640778144
2026-05-15,17404.9,17432.7,17248.9,17273.15,0,17133.29,16393.517,16705.040999999997,16661.772,0.8163055665315919,5.3657369556514425,3.4008237393730676,3.6693456134197526,-0.485957079072441,-2.0141024041025135,2.313934547608487,2.78700133295251,62.299787056754056,59.86791187245242,17.145650780128115,26.145228494331608,252.0071428571425,1.458953015849121,17686.3,16670.05,17686.3,14783.9,-2.3359888727432976,16.83757330609651
2026-05-18,17163.9,17284.4,16981.55,17261.35,0,17145.6275,16403.432,16706.5095,16664.973,0.6749388437372728,5.230112820292716,3.3211036692015075,3.578625659939543,-0.06831411757556305,-1.2567894949102043,1.62762218205581,1.4502251007957767,56.91377017548429,58.11341543601498,16.64964572829169,26.023100686281747,252.8892857142855,1.4650608771288776,17686.3,16670.05,17686.3,14804.55,-2.4027071801337803,16.594898190083452
2026-05-19,17318.7,17549.3,17318.55,17413.75,0,17167.225,16421.3,16710.5785,16668.571,1.4360212556193648,6.043674983101221,4.20794229236289,4.470563193449517,0.8828973400110796,2.100495441353223,2.4482868169624084,2.5436055070722885,59.22617578838279,57.24107904141649,16.854826508745667,25.84405446986683,265.46071428571406,1.5244316375606293,17686.3,16670.05,17686.3,14804.55,-1.5410232779043627,17.624311444792315
2026-05-20,17296.2,17521.2,17248.9,17499.8,0,17189.1525,16447.317000000003,16714.658,16673.23575,1.8072298794254058,6.3991166461982605,4.697326143316841,4.957431553140484,0.4941497379943982,1.9986128030121897,0.7301580905948457,2.570444721224985,61.192787134836784,59.219050331031525,16.86205316702439,25.418942407372597,270.0321428571427,1.5430584512802585,17686.3,16670.05,17686.3,14804.55,-1.054488502400163,18.20555167161447
2026-05-21,17620.45,17660.0,17413.55,17454.1,0,17208.9975,16467.568,16716.5405,16678.8335,1.424269484611159,5.990757105117157,4.412153938190736,4.648205763310713,-0.2611458416667656,0.5565317586057716,-0.9277680494733986,2.32687662687896,64.28500024991246,57.07672076810834,16.9121828380194,25.251630555656302,267.10714285714283,1.5303403948478744,17686.3,16670.05,17686.3,14804.55,-1.3128805911920567,17.89686278880479
2026-05-22,17513.2,17516.1,17393.0,17478.25,0,17236.107500000002,16491.116,16717.343999999997,16684.9525,1.404856055811894,5.9858532315217365,4.551596234425773,4.754568525142643,0.13836290613666868,1.187391992774911,-0.8506257020002073,3.201454884698629,62.831282998257365,57.53017973710094,16.62514803289476,25.150060333588943,260.0285714285713,1.487726582630248,17686.3,16670.05,17686.3,14804.55,-1.1763342247954591,18.05998831440335
2026-05-25,17637.85,17672.3,17588.4,17650.6,0,17281.55,16524.019,16719.957,16691.27475,2.1355144648483457,6.817838928894952,5.566060965348177,5.747465453469921,0.9860827027877495,2.2550379894967554,0.969907414028337,5.428643958964852,65.68128331972522,62.549394966543126,16.112058055606457,24.808464024063433,263.7357142857142,1.4942025443084894,17686.3,16741.9,17686.3,14804.55,-0.20185115032539722,19.22415743808491
2026-05-26,17673.9,17764.75,17633.75,17741.15,0,17318.7975,16553.596999999998,16724.8865,16698.14175,2.4386941414379426,7.173987623354631,6.076355136998992,6.246253419186615,0.513013721913147,1.8801234656521615,4.020110814693223,4.383038561560815,60.24314249151504,68.21595217264507,15.458949472538269,24.61270558004802,244.6964285714283,1.3792591155107097,17764.75,16741.9,17764.75,14804.55,-0.13284735220027608,19.835793725577624
2026-05-27,17762.6,17843.0,17709.3,17754.95,0,17354.5525,16588.863,16730.603,16705.854249999997,2.307161190125756,7.029336489185542,6.122594624951662,6.279809067530947,0.07778526194750501,1.45801666304759,3.4857695737575023,4.196633186325016,54.385572933290796,65.15953727198256,15.466236115539726,24.247306671318984,234.87857142857138,1.3228906385462722,17843.0,16741.9,17843.0,14804.55,-0.4934708288964819,19.929008311633932
2026-05-29,17850.0,17859.1,17448.7,17490.55,0,17377.614999999998,16620.23,16734.5395,16713.49125,0.6498878010590137,5.2365099640618675,4.517665394975466,4.649290434755816,-1.489162177308312,0.2088334546037851,0.766527437707043,2.7085669992307437,46.21892597170716,58.274887085521236,16.58843415937566,24.50813578712194,254.84642857142848,1.457052114264151,17859.1,16741.9,17859.1,14804.55,-2.0636538235409363,18.143070880236145
2026-06-01,17556.55,17583.8,17253.05,17279.2,0,17397.45,16655.34,16736.7415,16718.998499999998,-0.6796973119623853,3.7457055815132,3.241123727698134,3.350688140799839,-1.2083668037883188,-1.1388439918183946,0.03502545858746764,2.3497704723826507,44.64432593064295,54.273109674771746,16.908070846988394,23.9397406048731,261.56785714285695,1.513772959065564,17859.1,16876.45,17859.1,14804.55,-3.2470841195804816,16.715469230743263
2026-06-02,17162.95,17318.7,17088.2,17287.3,0,17412.57,16691.146,16737.074,16725.0125,-0.719422807776224,3.5716780621294584,3.2874682874676826,3.3619556338149135,0.04687717023934557,-2.0582869704146023,0.15033586596644444,1.78040494792433,57.9004771642808,57.2664608314784,16.811604183862745,23.92608196539762,245.27499999999964,1.4188161251323206,17859.1,16887.15,17859.1,14804.55,-3.2017290904916784,16.77018213995022
2026-06-03,17274.1,17280.15,16975.1,17190.5,0,17422.215,16721.821,16735.552,16731.18675,-1.3299973625626829,2.8027988100099868,2.718452310386896,2.7452520664740008,-0.559948632811369,-3.1038010501010405,-1.2820328763190059,1.134866098743359,51.14879649890587,53.69810777753792,16.971253360692856,23.91879119365545,246.78571428571402,1.435593579510276,17859.1,16975.1,17859.1,14804.55,-3.743749685034512,16.116329101526226
2026-06-04,17140.0,17362.55,17080.65,17264.65,0,17416.8,16747.445,16733.1415,16737.33975,-0.8735818290386169,3.088262119983088,3.1763820320290717,3.150502157907157,0.43134289287689587,-2.7614834173005254,-1.3437296426244694,-0.6233829027309623,46.52494479583823,54.69951605807307,15.054490368156747,23.532236718486793,245.78214285714265,1.423614975439077,17859.1,16975.1,17859.1,14804.55,-3.3285551903511212,16.617188634575196
2026-06-05,17323.5,17382.05,17129.0,17198.9,0,17395.8675,16782.263,16730.417,16744.40625,-1.132266039621185,2.4826032103060385,2.800187227849731,2.7143019777127146,-0.380835985670136,-1.6674718633776453,-1.4621206478706794,-2.3763236091283835,47.18184233499071,46.562518515592615,14.102073356302597,22.206433421247755,250.72857142857123,1.457817485005269,17859.1,16975.1,17859.1,14804.55,-3.696714840053514,16.173068414777905
2026-06-08,16973.05,17208.4,16936.55,17039.15,0,17366.415,16811.593999999997,16725.465,16749.99075,-1.8844706866673369,1.35356587840513,1.8754934466695024,1.7263248339405834,-0.9288384722278775,-1.389242557525805,-2.5122652439460436,-3.3415209720788264,42.417934893878495,38.18048062775878,14.372156855366589,22.322283033542366,248.5142857142855,1.4584899229966606,17859.1,16936.55,17859.1,14804.55,-4.591216802638415,15.094008260973837
2026-06-09,17139.5,17274.8,17123.25,17248.1,0,17354.767499999998,16856.546000000002,16725.7915,16756.950999999997,-0.6146293806586551,2.3228602111013514,3.122772994031399,2.9310165077167163,1.2262935651132567,-0.22675605791535602,-2.2803757379352585,-1.3325858572568627,44.55761080264146,42.81501644550297,14.950374505946327,20.60508638187082,244.778571428571,1.4191625247335709,17859.1,16936.55,17859.1,14804.55,-3.4212250337363024,16.50539867810909
2026-06-10,17264.7,17287.1,16966.55,17005.2,0,17352.2525,16888.415,16724.8785,16761.994000000002,-2.000042933907272,0.6915095347905641,1.6760749562396033,1.450937161772032,-1.4082710559423783,-1.077920944707833,-4.148265473207768,-0.2949195274251637,35.268362423303756,41.31929875768469,13.12367612390632,20.16504913036244,248.2249999999996,1.4597005621809775,17859.1,16936.55,17859.1,14804.55,-4.78131596776992,14.864686869915003
2026-06-11,16927.65,16983.55,16832.9,16865.5,0,17337.682500000003,16911.096,16722.6795,16766.690749999998,-2.723446458314152,-0.2696217915148809,0.8540527252226633,0.589318736018329,-0.8215134194246465,-2.3119495616766184,-5.009588875215087,-1.6984420262401767,33.3982061262481,46.13034623217923,13.218609224397952,19.829496349398585,242.9285714285709,1.440387604450333,17859.1,16832.9,17859.1,14804.55,-5.563550234894247,13.921058053098545
2026-06-12,17083.85,17281.75,16985.3,17265.9,0,17333.1025,16948.492000000002,16724.9985,16772.3355,-0.38771189404781636,1.872780185989405,3.234089976151567,2.942729711076912,2.3740772583083825,0.38955979742889557,-1.2844078659618896,-0.5277257669595192,45.05921496544827,51.978939724037765,15.265084802646047,19.74657727691115,263.86785714285674,1.5282600799428743,17859.1,16832.9,17859.1,14804.55,-3.3215559574670457,16.62563198476146
2026-06-15,17541.15,17591.7,17471.3,17501.9,0,17344.54,16998.863,16729.475,16778.34825,0.9072595756359094,2.9592390973443354,4.617150269210498,4.3124134701400205,1.36685605731528,2.7158044855523977,1.2888328163340956,1.3243096945259047,46.63969990056953,52.588370258837045,15.921007268162827,18.735506458217408,273.278571428571,1.5614223108837955,17859.1,16832.9,17859.1,14804.55,-2.0001007889535143,18.219736499927404
2026-06-16,17570.75,17615.95,17483.7,17607.15,0,17361.83,17045.096999999998,16734.0845,16784.42225,1.412984691129908,3.297446767243411,5.217288701990244,4.901734106456967,0.6013632805581093,2.081678561696676,1.8502021715363526,2.003319554959515,46.99187356889507,55.94242607550795,16.02067634628761,18.308074499271928,273.36785714285674,1.5525957190281034,17859.1,16832.9,17859.1,14804.55,-1.4107653801143232,18.93066658561052
2026-06-17,17656.25,17695.6,17565.85,17659.65,0,17374.125,17092.88,16739.651,16791.1375,1.6433921132718996,3.3158250686835715,5.495927005885605,5.172445881048861,0.29817432122745124,3.848528685343311,2.729123643873077,1.4121025052042269,47.8971756398941,56.98526832690289,15.776238138721022,18.278836647373144,273.08571428571383,1.546382370464385,17859.1,16832.9,17859.1,14804.55,-1.1167975989831351,19.285287293433452
2026-06-18,17693.25,17730.45,17650.5,17716.85,0,17384.9775,17137.073,16750.4615,16798.1875,1.9089613432056365,3.383174011104453,5.769324624279738,5.46881918064076,0.32390222909286503,5.047878805846251,2.619224832243905,1.2402998891415828,55.495919953370894,55.49931054503228,15.727719415374878,18.052631411022357,249.4821428571426,1.4081630925200734,17859.1,16832.9,17859.1,14804.55,-0.7965127022078381,19.671654997956704
2026-06-19,17618.15,17755.7,17579.55,17735.3,0,17399.0375,17180.303,16763.279,16805.2005,1.9326500100939534,3.2304261455691403,5.798513524710772,5.5345932944983325,0.10413815096927959,2.7186535309482673,3.118804109565132,1.611082782841855,62.22198402915483,54.38025444535378,15.680228015315528,18.052910360472012,238.43928571428555,1.3444333375487618,17859.1,16832.9,17859.1,14804.55,-0.6932040248388737,19.79627884670591
2026-06-22,17814.1,17843.85,17759.95,17800.45,0,17415.1475,17212.105,16774.5635,16814.100749999998,2.2124561391168327,3.418204804118968,6.115726945741392,5.866202805999024,0.3673464784920588,1.7058147972505822,4.467945877581925,1.8434339822350765,63.34278062352121,56.395767547504335,15.711682779219444,15.794315351346821,229.72857142857123,1.290577324891063,17859.1,16832.9,17859.1,14804.55,-0.3284040069208293,20.23634625841381
2026-06-23,17818.05,17853.8,17611.9,17639.8,0,17414.607500000002,17239.974000000002,16787.48,16823.213,1.293124177504416,2.319179831709707,5.077116994331488,4.853930102412658,-0.9025052737430928,0.1854360302490532,2.2709747740330855,-0.061187721663846784,61.30712703845378,52.840040082274136,15.722858473961315,15.98400493650012,224.70714285714243,1.2738644591046522,17859.1,16832.9,17859.1,14804.55,-1.2279454171822728,19.151206892475624
2026-06-24,17637.25,17749.9,17552.15,17690.3,0,17412.065,17264.732000000004,16800.069499999998,16833.09075,1.5979437246529955,2.4649557259272576,5.298969150097871,5.09240556431979,0.28628442499347706,0.17355949863104847,4.028767671065303,-0.28662178043702413,60.84099533912331,50.729162840245394,15.645450547376614,15.787716796490681,218.6964285714283,1.2362505360080287,17859.1,16832.9,17859.1,14804.55,-0.9451764086656063,19.492318240000543
2026-06-25,17767.35,17800.75,17568.1,17587.85,0,17403.71,17289.963,16808.9175,16840.862250000002,1.0580502662937927,1.7228897482313803,4.634043209504711,4.435567127805445,-0.5791309361627639,-0.7281204051510337,4.283003765082549,-0.9411459902731512,59.72447933595013,47.196620583717305,15.769976559769544,15.737312860247998,217.23928571428561,1.2351668095548098,17859.1,16832.9,17859.1,14804.55,-1.5188335358444716,18.800301258734642
2026-06-29,17573.8,17635.75,17437.15,17521.0,0,17405.2325,17306.395,16816.765,16848.12275,0.665130442813687,1.240032947358474,4.187696028338391,3.993781740461271,-0.3800919384688739,-1.2083246406883408,1.4774787297505476,0.17409401076582398,62.63404913605494,45.803211050318396,14.887353612586965,15.001094327645593,212.0071428571425,1.2100173669148022,17853.8,16832.9,17859.1,14804.55,-1.893152510484843,18.34875089077345
2026-06-30,17568.2,17669.0,17475.55,17594.9,0,17421.017499999998,17322.197,16825.781499999997,16855.31625,0.9981190823096491,1.5742979946481463,4.571071483366191,4.387836686244327,0.42177957879117045,-1.1547460878797988,0.5313708797330507,1.8270521783416038,59.78610531068352,52.00924232213348,14.223513405934268,14.970333338455038,208.992857142857,1.187803608675565,17853.8,16832.9,17859.1,14804.55,-1.479357862378267,18.84792175378517
2026-07-01,17643.55,17730.8,17636.2,17716.1,0,17442.457499999997,17336.227,16839.448500000002,16863.55125,1.5688299656169538,2.1912091944804346,5.205939493802283,5.055570664571604,0.688835969513879,0.4325445866733224,0.6187827104329635,2.4804336131148297,71.53981335595678,58.71499242001115,14.376796335999739,14.800584977421117,195.80357142857116,1.105229545038531,17853.8,16832.9,17859.1,14804.55,-0.8007122419382836,19.66658898784495
2026-07-02,17786.25,17847.85,17761.5,17806.0,0,17473.2325,17352.711,16852.0155,16872.121750000002,1.904441550812088,2.612208547701859,5.66095194963474,5.53503740571335,0.5074480275004234,0.6540307400100698,0.8287253711143583,3.5804659550332962,79.38327918020492,60.01970329160874,14.19904136710487,14.816450444897159,192.90714285714265,1.083382808363151,17853.8,16832.9,17859.1,14804.55,-0.2973274129155363,20.2738347332408
2026-07-03,17905.0,17905.0,17767.55,17783.25,0,17499.1625,17367.151,16859.716,16880.22125,1.623434835810008,2.395896713283591,5.4777553785603486,5.349626267487468,-0.12776592159946532,1.1109942374991855,0.3747844566048819,3.0038257364035648,71.1551829891637,61.78734066458529,14.206385822454395,14.800542780819532,172.992857142857,0.9727853859269651,17905.0,16832.9,17905.0,14804.55,-0.6799776598715442,20.120165759850863
2026-07-06,17819.95,17871.25,17765.15,17863.55,0,17532.395,17383.278000000002,16867.1175,16888.49875,1.8888178141092467,2.762839091683382,5.907544664937556,5.773463138634513,0.4515485077249526,1.9550824724616112,0.7231340885127446,3.8644913337480657,66.94625369008003,61.880579250148756,14.099259699793883,14.820672236488749,157.29999999999978,0.880564053617561,17905.0,16832.9,17905.0,14804.55,-0.23149958112259553,20.662566575816218
2026-07-07,17904.7,17909.45,17763.0,17864.05,0,17573.64,17401.838,16874.908499999998,16896.0105,1.6525318602179164,2.656110233872994,5.8616110422169205,5.7293968892834135,0.0027989957203322646,1.5297046303190065,0.3572943380644844,4.841203933294791,63.34822820326291,63.545463802056794,13.490333937392753,14.707022788785807,158.31428571428555,0.8862172111827136,17909.45,16832.9,17909.45,14804.55,-0.2534974552540779,20.665943915890725
2026-07-08,17775.75,17861.5,17506.15,17604.45,0,17591.4575,17419.092,16880.72,16902.14775,0.07385687058619385,1.0641082784338023,4.287317128653277,4.155106560348229,-1.4531979030510955,-0.6302177115730778,-0.2003990974954295,2.0660246635861412,47.63981528989222,61.062189346796615,14.225180429019755,14.85690481027655,174.61071428571398,0.9918555495100045,17909.45,16832.9,17909.45,14804.55,-1.7030115386011295,18.91242894920819
2026-07-09,17651.95,17892.4,17648.15,17844.5,0,17633.4225,17436.057999999997,16886.6735,16909.22,1.1970308089651878,2.34251342820724,5.672085150459024,5.531183579136109,1.3635756868291882,0.21621925193755498,0.871664132321115,4.935549126149641,54.719911259012804,61.530430747815366,13.704597287744328,14.784321838314307,189.46785714285684,1.061771734387945,17909.45,16832.9,17909.45,14804.55,-0.3626577030562118,20.533889918977618
2026-07-10,17977.8,18069.2,17954.25,18059.5,0,17693.1225,17456.450999999997,16894.229000000003,16916.982249999997,2.070733981523039,3.4545910849805774,6.897450010888314,6.7536735164453034,1.2048530359494602,1.553428085417452,2.681680819429322,7.079541074975548,60.46616735537193,70.60548020169642,13.499728824187912,14.987277576307825,192.9357142857139,1.0683336431557569,18069.2,16985.3,18069.2,14804.55,-0.05368250946362167,21.986146151014392
2026-07-13,17953.85,18106.85,17910.6,18089.55,0,17734.305,17477.656000000003,16901.824,16924.427750000003,2.0031515190473996,3.5010072288869662,7.027206057760385,6.884263782567163,0.16639441845012204,1.2651460655916713,3.24496318703269,4.770385557659873,59.5494483715399,74.99438466093562,11.175266073981822,14.981736844924015,199.19999999999968,1.1011882550975545,18106.85,17437.15,18106.85,14804.55,-0.09554395159842421,22.18912428949208
2026-07-14,18019.6,18066.9,17944.95,17988.15,0,17758.6175,17499.769,16909.1905,16931.379,1.292513338946577,2.7907854097959874,6.380905697407576,6.241493973999404,-0.5605446238297729,0.6946912934077121,2.235022648608398,2.778269787851606,61.9753171301868,66.79924638894708,10.670425587691886,14.894593123973992,192.24999999999974,1.0687591553328148,18106.85,17437.15,18106.85,14804.55,-0.6555530089441128,21.504199722382662
2026-07-15,18034.95,18114.45,17992.7,18036.75,0,17780.097499999996,17520.806,16919.9535,16938.26825,1.4434819606585614,2.9447503727853586,6.60047026724985,6.485206951424913,0.27017786709582214,2.4556291165017896,1.8099355953059781,2.439917874272668,61.92557915390185,63.6284877054402,10.544209966521045,14.85849174226675,187.14642857142826,1.0375839803258806,18114.45,17437.15,18114.45,14804.55,-0.42893932744301216,21.83247717762445
2026-07-16,18078.8,18096.65,17939.8,17985.1,0,17796.370000000003,17540.556,16929.5475,16945.024250000002,1.0604971688046263,2.5343780436606345,6.234971726208263,6.137941938914582,-0.28635979319999727,0.7879178458348512,1.0058407278445314,1.8429017562635597,64.16978776529346,59.90097713043246,10.619073703880847,14.886803715142097,181.7321428571426,1.0104594517525207,18114.45,17437.15,18114.45,14804.55,-0.7140708108719954,21.483597947928168
2026-07-17,18014.65,18018.15,17842.1,17930.85,0,17807.07,17551.714,16938.3665,16952.12125,0.6951171641376085,2.1601081239131323,5.8593814226418965,5.773488376860202,-0.30163857860117105,-0.7123674520335688,0.8299945173126266,1.2078896643590742,64.75182665658858,57.097989949748694,10.67106205609296,14.120444256018382,180.12142857142862,1.0045336867545522,18114.45,17437.15,18114.45,14804.55,-1.0135554764290506,21.11715654984447
2026-07-20,17902.0,18068.35,17867.5,18040.15,0,17822.3125,17560.166,16947.533499999998,16959.872750000002,1.2222740455258063,2.73336823809069,6.447053195085904,6.369607047906648,0.6095639637831107,-0.27308584237859534,0.9886052884225283,1.7188883187766901,65.62774209399464,58.23694267515931,10.846778600549943,13.841562487450162,180.6499999999999,1.0013774830031894,18114.45,17437.15,18114.45,14804.55,-0.41016978158320716,21.85544309013109
2026-07-21,18052.6,18108.45,18024.65,18091.2,0,17836.85,17569.426,16960.003,16968.76,1.4259804842222825,2.9697839872514975,6.669792452277279,6.614743799782675,0.2829799087036289,0.5728771441198655,1.2715481651697225,1.633385672834109,63.847460129946946,58.9193524134129,10.822011872082966,13.851343628069493,176.92857142857142,0.9779814021655358,18114.45,17437.15,18114.45,14804.55,-0.12835057095302368,22.200269511737954
2026-07-22,18073.7,18073.8,17855.65,17884.15,0,17849.067499999997,17577.488,16969.721,16977.154000000002,0.19655088424089423,1.744629266707508,5.388591833654779,5.3424502127977345,-1.1444790837534247,-0.8460504248270828,1.588802831102365,1.3852197870724225,52.655363392341464,51.958352831071615,11.143649798732348,13.970674693065984,184.3428571428571,1.0307610769472246,18114.45,17437.15,18114.45,14804.55,-1.2713607092680113,20.801712986885804
2026-07-23,17823.6,17862.95,17647.7,17690.5,0,17849.0775,17590.188000000002,16978.902,16986.095,-0.8884352706743495,0.5702724723578739,4.191071955065186,4.146950785333526,-1.0828023696960787,-1.6380225853623198,-0.8630110117963552,0.0011305630769342656,47.17647416968553,51.16820276497698,11.831543060199916,13.032957153773705,191.41428571428565,1.0820173862484703,18114.45,17437.15,18114.45,14804.55,-2.340396755076752,19.493669176030348
2026-07-24,17581.3,17732.35,17478.3,17709.45,0,17855.1575,17601.239,16988.808999999997,16994.899250000002,-0.8160527287423839,0.6147919473168868,4.241857095456211,4.20450124174757,0.10711964048502054,-1.234743472841482,-1.9383150142584182,0.6913863832134215,45.12681044842203,50.447754214501195,11.633048957645755,12.979134208365215,201.98214285714286,1.1405331213399788,18114.45,17437.15,18114.45,14804.55,-2.235784139181703,19.62167036485406
2026-07-27,17857.5,17947.3,17856.95,17935.25,0,17875.870000000003,17612.794,16999.874499999998,17004.8485,0.33217963657152,1.830805492870684,5.502249443076783,5.471389527522106,1.2750254807461614,-0.5814807526545063,-0.8529786534214434,2.364305690314472,51.97077059344555,57.67972411353794,12.309830914090703,13.02744572606821,208.51071428571413,1.1625748973987768,18114.45,17475.55,18114.45,14804.55,-0.9892654759045996,21.146877142500113
2026-07-28,17954.3,18047.4,17936.5,17973.9,0,17894.82,17626.808999999997,17010.163,17014.297749999998,0.44191559345107545,1.969108532349809,5.66565411513106,5.639975649303561,0.21549741430981761,-0.6483815335632803,-0.0792188190558818,2.154033271004674,61.65126620202468,60.13834169054446,12.264399890599725,12.968871945193516,190.95714285714297,1.0624135154704486,18114.45,17478.3,18114.45,14804.55,-0.7758999031160165,21.407945530259294
2026-07-29,18065.75,18120.2,18036.25,18087.7,0,17913.4,17643.336,17023.384000000002,17023.737,0.9730146147576634,2.518593989254648,6.252082429674374,6.24987921277214,0.6331402756218685,1.1381586488594664,0.28247882794849577,2.0975271081107083,58.33333333333336,60.837915108862994,12.231050916927298,13.022326770043627,180.83928571428572,0.9997914920873617,18120.2,17478.3,18120.2,14804.55,-0.17935784373240912,22.17662813121643
2026-07-30,18062.05,18091.15,17959.2,18028.65,0,17924.5325,17655.634000000002,17038.467,17031.86675,0.5808659165866685,2.1127307011461585,5.811455924996074,5.85246035934376,-0.32646494579188223,1.9114779118736047,0.24214488660059263,1.2504212063349618,48.81642048724348,57.06695005313503,12.226824822624488,12.929604169532666,174.21428571428572,0.9663190849802159,18120.2,17478.3,18120.2,14804.55,-0.5052372490369823,21.777764268417496
2026-07-31,18061.1,18143.1,17976.1,18105.85,0,17940.6625,17667.755,17057.536,17040.026,0.9207435901544886,2.479630264286535,6.1457528215094985,6.254826137002355,0.4282073255623464,2.23835296974213,0.9759715797075907,1.8140666076223333,50.60352488151656,56.81895708730356,12.269780498607991,12.91939271422192,172.125,0.9506595934463171,18143.1,17478.3,18143.1,14804.55,-0.20531221235621258,22.29922557592091
2026-08-03,18188.75,18301.85,18140.6,18301.85,0,17962.5775,17684.71,17076.139,17049.77075,1.8887740359088172,3.489681199182794,7.177916506770058,7.343672054945366,1.082523051941786,2.0440194588868144,1.450653126498369,2.4535996484461364,60.85467128027672,60.93216408786205,12.710978383913277,13.092547044868091,175.79642857142866,0.9605391180204661,18301.85,17478.3,18301.85,14804.55,0.0,23.623142885126526
2026-08-04,18306.55,18306.55,18127.9,18215.85,0,17980.1675,17699.462,17095.289,17058.238,1.3107914595345065,2.917535007561241,6.5547941307105,6.7862343109528505,-0.46989785185650446,1.346118538547536,0.6890090209604516,1.9693182676940424,56.04087965461408,57.40873149394348,12.880530503671986,13.15402598823745,179.53571428571428,0.9856016287228666,18306.55,17478.3,18306.55,14804.55,-0.49545108171665736,23.042240392311818
2026-08-05,18323.8,18324.45,18179.35,18218.45,0,18010.8675,17710.819000000003,17117.418999999998,17066.2545,1.1525402649261642,2.8662197948045063,6.432225559238825,6.751308554551332,0.014273283980714702,0.7228669206145621,1.8692529418507409,3.4877545166136947,58.14002162765556,57.44631676261718,11.513230536070958,12.991992787310059,178.69642857142858,0.9808541811813222,18324.45,17478.3,18324.45,14804.55,-0.578462109367539,23.059802560699254
2026-08-06,18256.9,18258.65,18115.9,18125.25,0,18024.905,17718.501,17136.049,17073.61125,0.5567019632003674,2.2956174452906586,5.772631719248707,6.15943946831985,-0.5115693157211498,0.5358138296544634,2.457533704530679,1.5733139062456214,56.60191537050876,61.76523742827451,10.848536111967434,13.014547592807801,176.31785714285692,0.972774759757007,18324.45,17478.3,18324.45,14804.55,-1.087072190434096,22.430266370811683
2026-08-07,18100.85,18225.6,18083.45,18172.6,0,18030.559999999998,17726.854000000003,17157.858500000002,17081.973,0.7877736465201353,2.514524009731199,5.914150067154338,6.384666455098581,0.261237776030665,0.368665376107713,2.615270378244361,0.6262631855809886,54.69564292551484,58.11887558151041,10.038008741378166,13.023355546280103,172.12499999999974,0.9471677140310124,18324.45,17478.3,18324.45,14804.55,-0.8286742576175666,22.750100475867214
2026-08-10,18208.95,18336.75,18155.75,18298.9,0,18041.0275,17743.021,17181.625500000002,17090.07675,1.4293670357744386,3.1329444968813416,6.502728743563869,7.07324646742737,0.6950023661996818,-0.01611858910436359,2.027571402684658,1.1572979980154496,56.99044157242866,56.1959728764429,10.302969461585324,12.612593814084974,179.06785714285692,0.9785717018118953,18336.75,17478.3,18336.75,14804.55,-0.20641607700382317,23.603216578686972
2026-08-11,18319.95,18327.05,18219.15,18312.35,0,18057.2375,17763.684,17209.512,17097.805500000002,1.4127991615550235,3.0886948900914777,6.408304895571703,7.103511032453821,0.07350168589366213,0.5297584246686249,1.8830081395801557,1.802297623713378,66.57120743034045,55.816321202944685,10.039285573797342,12.25537889327718,169.94999999999968,0.9280622093832834,18336.75,17478.3,18336.75,14804.55,-0.13306611040670488,23.694067026691116
2026-08-12,18333.25,18355.95,18197.0,18355.95,0,18073.197500000002,17785.057,17238.1015,17106.2415,1.5644851996997136,3.2099587873122926,6.48475413606307,7.305570308942502,0.23809068743225748,0.7547294089233825,1.4830520187751883,1.7697201546841956,79.13656464818952,59.90040376850602,10.032344390183308,12.257099630004381,164.4142857142854,0.8957002264349456,18355.95,17478.3,18355.95,14804.55,0.0,23.98857108118789
2026-08-13,18347.9,18396.35,18288.7,18396.35,0,18093.760000000002,17809.174,17265.4975,17114.16025,1.6723444988769414,3.2970422996597115,6.549782304274737,7.491981676401551,0.22009212271769663,1.4957035075378267,2.0395315234363,2.286615031331496,79.52123087502144,59.722597739685234,9.941245189094735,12.158291974604543,153.95714285714243,0.8368896159137135,18396.35,17478.3,18396.35,14804.55,0.0,24.261460159207807
2026-08-14,18399.55,18403.5,18260.65,18260.65,0,18110.25,17829.093999999997,17288.2695,17121.39225,0.8304689333388632,2.420515590977333,5.624510307408171,6.65400180876062,-0.7376463265810762,0.4845206519705547,0.8549722879621857,1.83928815421468,65.1588558650891,57.126231670416715,10.297670292657484,12.295971050352597,147.17142857142815,0.8059484660810438,18403.5,17478.3,18403.5,14804.55,-0.7762110468117398,23.34485006298741
2026-08-17,18231.55,18323.95,18185.4,18279.0,0,18122.192499999997,17850.696,17316.4795,17128.792250000002,0.8652788562973418,2.399368629660155,5.558407527349879,6.715054588860447,0.10048930350232688,-0.10874970626650882,-0.12485076645256665,1.3239912084988203,64.48717948717952,59.174154786687446,10.116030289760435,12.24348490459369,149.05714285714228,0.8154556751307089,18403.5,17478.3,18403.5,14804.55,-0.6765017523840574,23.4687984437217
2026-08-18,18257.5,18273.05,18188.05,18216.8,0,18128.472499999996,17874.249,17342.9215,17136.19225,0.4872307912318762,1.9164497484621563,5.038819439965746,6.305996887960913,-0.34028119700202364,-0.5217790179851245,0.005215238377576092,0.6942601928009218,56.44597563411221,54.77342124462934,10.181830633138441,12.05281490914087,145.10357142857097,0.7965371054662234,18403.5,17478.3,18403.5,14804.55,-1.0144809411253333,23.04865733845338
2026-08-19,18236.8,18242.65,18148.85,18220.7,0,18145.3,17893.701,17375.1235,17142.7295,0.41553460124661185,1.8274531356034158,4.866592746808385,6.288208070949258,0.021408809450629285,-0.7368183068705236,0.012350117600568034,1.881833914387876,60.147952443857335,53.590838509316775,9.17994283893271,11.793306705723383,142.37857142857112,0.7814110952299919,18403.5,17478.3,18403.5,14804.55,-0.9932893199663068,23.075000591034524
2026-08-20,18319.45,18385.85,18283.7,18300.65,0,18175.807500000003,17919.61,17404.0125,17149.576500000003,0.6868608176005321,2.126385563078666,5.151901034316085,6.711964578250655,0.43878665473884304,-0.5202118898585684,0.9677107901959969,3.4490263135581234,60.263435194942204,62.42467633196111,8.118547414752781,11.286502305211775,142.2464285714281,0.7772752802300907,18403.5,17478.3,18403.5,14804.55,-0.5588610862064202,23.615037268947738
2026-08-21,18307.25,18320.25,18226.0,18320.25,0,18206.3475,17948.705,17429.9005,17156.0055,0.6256197186173676,2.0700379219559197,5.108173164843944,6.786221303088302,0.10710002103748728,0.32638487677052463,0.812486930873968,3.4490060391485944,51.19078436448366,70.96301720981332,8.118549460199857,11.066051368301462,134.97857142857097,0.7367725409236827,18403.5,17856.95,18403.5,14804.55,-0.45235960550982157,23.74742899986829
2026-08-24,18334.65,18358.8,18283.7,18331.75,0,18226.1725,17970.022,17459.256999999998,17162.403000000002,0.5792631447990488,2.0129524604922526,4.997308877462554,6.813422339517361,0.06277206915843436,0.28858252639640813,0.17951898748012063,2.2107302658173067,58.30110299384055,70.81827913823102,6.994510060656585,9.84558037471808,127.58214285714244,0.6959627032724233,18403.5,17936.5,18403.5,14804.55,-0.3898714918357921,23.825107821581884
