datetime,open,high,low,close,volume,dma_20,dma_50,dma_100,dma_200,distance_dma_20_pct,distance_dma_50_pct,distance_dma_100_pct,distance_dma_200_pct,return_1d_pct,return_5d_pct,return_10d_pct,return_20d_pct,rsi_14,rsi_21,historical_volatility_20d,historical_volatility_50d,atr_14,atr_14_pct,high_20d,low_20d,high_52w,low_52w,distance_52w_high_pct,distance_52w_low_pct
2021-01-04,19.56,21.03,19.34,20.03,0,,,,,,,,,,,,,,,,,,,,,,,,
2021-01-05,20.03,21.01,20.03,20.46,0,,,,,,,,,2.1467798302546193,,,,,,,,,,,,,,,
2021-01-06,20.46,21.63,20.43,21.0,0,,,,,,,,,2.639296187683282,,,,,,,,,,,,,,,
2021-01-07,21.0,21.0,20.14,20.62,0,,,,,,,,,-1.8095238095238053,,,,,,,,,,,,,,,
2021-01-08,20.62,20.85,17.38,20.64,0,,,,,,,,,0.09699321047527132,,,,,,,,,,,,,,,
2021-01-11,20.64,22.75,20.64,22.38,0,,,,,,,,,8.430232558139528,11.732401397903125,,,,,,,,,,,,,,
2021-01-12,22.38,23.26,22.29,22.85,0,,,,,,,,,2.10008936550492,11.68132942326492,,,,,,,,,,,,,,
2021-01-13,22.85,24.05,22.37,23.29,0,,,,,,,,,1.9256017505470346,10.904761904761905,,,,,,,,,,,,,,
2021-01-14,23.29,23.7,22.81,23.03,0,,,,,,,,,-1.1163589523400463,11.687681862269649,,,,,,,,,,,,,,
2021-01-15,23.03,24.68,23.03,24.01,0,,,,,,,,,4.255319148936176,16.327519379844958,,,,,,,,,,,,,,
2021-01-18,24.01,25.41,23.57,24.4,0,,,,,,,,,1.6243231986672102,9.025915996425372,21.81727408886669,,,,,,,,,,,,,
2021-01-19,24.4,24.4,20.36,22.9,0,,,,,,,,,-6.147540983606559,0.2188183807439792,11.925708699902238,,,,,,,,,,,,,
2021-01-20,22.9,23.19,19.33,21.55,0,,,,,,,,,-5.895196506550205,-7.471017604121933,2.619047619047632,,,,,,,,,,,,,
2021-01-21,21.55,22.78,18.62,22.18,0,,,,,,,,,2.9234338747099686,-3.690838037342603,7.565470417070808,,61.774370208105154,,,,2.1000000000000005,9.46798917944094,,,,,,
2021-01-22,22.18,23.04,18.73,22.42,0,,,,,,,,,1.082055906221835,-6.6222407330279065,8.624031007751952,,62.75346851654217,,,,2.2871428571428574,10.201350834713905,,,,,,
2021-01-25,22.42,23.81,20.34,23.25,0,,,,,,,,,3.702051739518275,-4.713114754098358,3.887399463806984,,64.27840327533266,,,,2.4650000000000003,10.60215053763441,,,,,,
2021-01-27,23.25,24.75,20.83,24.39,0,,,,,,,,,4.9032258064516165,6.506550218340612,6.739606126914666,,66.34522661523627,,,,2.6592857142857147,10.903180460376035,,,,,,
2021-01-28,24.39,25.3,23.44,24.29,0,,,,,,,,,-0.41000410004100596,12.714617169373543,4.293688278231,,68.18632309217047,,,,2.730714285714286,11.242133741104512,,,,,,
2021-01-29,24.29,25.99,22.08,25.34,0,,,,,,,,,4.3227665706051965,14.247069431920645,10.030395136778104,,71.13309352517986,,,,2.7621428571428575,10.90032698162138,,,,,,
2021-02-01,25.34,25.93,22.6,23.32,0,22.6175,,,,3.106001989609818,,,,-7.971586424625099,4.014272970561983,-2.873802582257401,,54.12280701754386,,,,2.849285714285714,12.218206321979906,25.99,17.38,,,,
2021-02-02,23.32,23.61,21.0,23.35,0,22.7835,,,,2.4864485263458262,,,,0.12864493996569415,0.43010752688172893,-4.303278688524581,16.575137294058905,52.28102189781022,61.41678129298488,63.51186847220398,,2.9664285714285716,12.704190884062406,25.99,17.38,,,,
2021-02-03,23.35,24.2,20.95,23.75,0,22.948,,,,3.4948579396897315,,,,1.7130620985010614,-2.6240262402624004,3.7117903930131035,16.080156402737032,52.10622710622711,62.44979919678715,63.412682882657414,,3.0785714285714283,12.962406015037592,25.99,17.38,,,,
2021-02-04,23.75,23.93,22.09,23.12,0,23.054,,,,0.2862843758133188,,,,-2.652631578947362,-4.816797035817199,7.285382830626452,10.095238095238091,50.398582816651896,58.784676354029074,64.18193458818554,,3.1464285714285714,13.60912011863569,25.99,17.38,,,,
2021-02-05,23.12,23.94,20.08,23.42,0,23.194,,,,0.9743899284297778,,,,1.2975778546712835,-7.576953433307021,5.590622182146077,13.579049466537342,47.2196041470311,58.12080536912753,63.605390151875966,,3.3042857142857147,14.108820300109798,25.99,17.38,,,,
2021-02-08,23.42,24.35,22.18,23.96,0,23.36,,,,2.5684931506849376,,,,2.305721605465405,2.7444253859348233,6.868867082961638,16.085271317829463,47.9553903345725,61.08897742363878,63.80337394692073,,3.3278571428571433,13.889220128786073,25.99,18.62,,,,
2021-02-09,23.96,24.47,21.43,24.27,0,23.454500000000003,,,,3.476944722761076,,,,1.2938230383973126,3.940042826552448,4.387096774193555,8.445040214477206,57.15778474399165,61.82410423452768,57.2107829448306,,3.2564285714285717,13.417505444699513,25.99,18.62,,,,
2021-02-10,24.27,24.96,20.91,23.95,0,23.5095,,,,1.8737106276186226,,,,-1.3185002060156603,0.8421052631578885,-1.8040180401804107,4.814004376367609,64.05152224824354,55.63531945441494,57.20520293949358,,3.27,13.653444676409185,25.99,18.62,,,,
2021-02-11,23.95,24.22,21.02,23.05,0,23.497500000000002,,,,-1.9044579210554378,,,,-3.757828810020869,-0.3027681660899617,-5.104981473857551,-1.0304851867754317,54.93757094211124,50.69637883008355,58.60117996439113,,3.2014285714285715,13.889061047412458,25.99,18.62,,,,
2021-02-15,22.04,22.39,20.82,21.48,0,23.419999999999998,,,,-8.283518360375739,,,,-6.811279826464212,-8.283518360375751,-15.23283346487766,-6.730351715154148,45.364891518737664,44.15752098127824,63.35233890436953,,3.0528571428571434,14.212556530992288,25.99,18.62,,,,
2021-02-16,21.48,22.12,20.54,21.78,0,23.308500000000002,,,,-6.557693545273188,,,,1.3966480446927498,-9.098497495826374,-6.6037735849056585,-9.287796751353605,42.35171696149845,45.97553122987765,61.42705765391865,,2.9178571428571436,13.396956578774763,25.99,18.62,,,,
2021-02-17,21.78,21.88,21.1,21.51,0,23.164,,,,-7.140390260749438,,,,-1.2396694214875992,-11.37206427688503,-7.8800856531049295,-11.844262295081954,33.524027459954226,41.565452091767874,61.0066703272058,,2.693571428571429,12.522414823670056,25.99,18.62,,,,
2021-02-18,21.51,22.09,19.96,21.54,0,23.096,,,,-6.737097332871497,,,,0.1394700139469851,-10.062630480167012,-9.30526315789474,-5.938864628820961,34.140715109573236,40.110650069156286,57.336433129453546,,2.712857142857143,12.594508555511341,25.99,18.62,,,,
2021-02-19,21.54,22.87,19.35,22.25,0,23.131,,,,-3.8087415157148428,,,,3.2961931290622193,-3.470715835141003,-3.7629757785467177,3.248259860788849,31.452581032412965,47.622531089978054,54.5317214343196,,2.685,12.067415730337078,25.99,18.62,,,,
2021-02-22,22.25,25.82,20.02,25.47,0,23.2955,,,,9.334420810886215,,,,14.471910112359554,18.575418994413397,8.753202391118698,14.833183047790799,61.28016789087093,62.612612612612615,74.04845044893351,,2.8614285714285717,11.234505580795334,25.99,18.73,,,,
2021-02-23,25.47,25.64,23.86,25.23,0,23.436,,,,7.654889912954431,,,,-0.9422850412249661,15.840220385674918,5.300500834724531,12.533452274754687,59.65092402464066,60.066006600660074,74.29246549241003,,2.8021428571428575,11.106392616499633,25.99,19.35,,,,
2021-02-24,25.23,25.23,23.48,24.17,0,23.482000000000003,,,,2.9299037560684726,,,,-4.201347602061034,12.366341236634115,-0.4120313143798793,3.956989247311826,52.019230769230774,55.47902316844083,75.33689705007242,,2.6950000000000003,11.150186181216384,25.99,19.35,,,,
2021-02-25,24.17,24.17,22.63,22.89,0,23.407,,,,-2.2087409749220295,,,,-5.2958212660322745,6.2674094707521055,-4.425887265135698,-6.150061500615001,48.959276018099544,48.90377588306943,75.76574263011041,,2.673571428571429,11.680084877987893,25.99,19.35,,,,
2021-02-26,22.89,29.65,22.89,28.14,0,23.5995,,,,19.239814402847525,,,,22.935779816513758,26.47191011235954,22.08242950108459,15.850144092219033,64.75,59.13297613248905,111.73629920459922,,2.880714285714286,10.237079906589502,29.65,19.35,,,,
2021-03-01,28.14,28.14,24.95,25.63,0,23.613999999999997,,,,8.537308376386896,,,,-8.919687277896237,0.6281900274833108,19.320297951582855,1.1444356748224083,54.64663327768503,52.920662598081954,116.24004871739488,,2.9535714285714287,11.523883841480409,29.65,19.35,,,,
2021-03-02,25.63,25.63,23.21,23.61,0,23.6285,,,,-0.07829527900628273,,,,-7.881388997268823,-6.4209274673008405,8.402203856749303,1.2435677530017175,48.323170731707314,46.382266833960685,116.15539832256268,,2.9092857142857147,12.322260543353302,29.65,19.35,,,,
2021-03-03,23.61,23.61,21.82,22.09,0,23.5655,,,,-6.26127177441599,,,,-6.437950021177463,-8.605709557302443,2.696420269642008,-5.39614561027838,45.54597701149426,47.37291755659974,118.5954308719673,,2.7478571428571428,12.439371402703227,29.65,19.35,,,,
2021-03-04,22.09,24.58,22.09,24.15,0,23.585500000000003,,,,2.393419685823897,,,,9.325486645540959,5.504587155963292,12.116991643454034,1.684210526315777,52.495462794918325,51.57232704402515,123.07352414690777,,2.697142857142857,11.16829340431825,29.65,19.35,,,,
2021-03-05,24.15,26.41,22.86,25.56,0,23.707500000000003,,,,7.813982916798462,,,,5.838509316770191,-9.168443496801714,14.876404494382012,10.553633217993074,59.3235831809872,53.421550094517954,124.01285981351818,,2.7914285714285714,10.921082047842612,29.65,19.35,,,,
2021-03-08,25.56,25.65,21.2,24.68,0,23.770500000000002,,,,3.8261710944237506,,,,-3.4428794992175216,-3.7065938353491923,-3.101688260698854,5.380017079419286,56.45592163846839,52.92134831460674,124.88632469792498,,2.996428571428571,12.14112062977541,29.65,19.35,,,,
2021-03-09,24.68,24.68,21.44,22.5,0,23.6975,,,,-5.053275661989668,,,,-8.833063209076176,-4.701397712833543,-10.820451843044,-6.093489148580966,52.03118588428395,48.39048285514345,128.98651989138435,,3.1721428571428567,14.098412698412696,29.65,19.35,,,,
2021-03-10,22.5,22.5,19.32,20.75,0,23.5215,,,,-11.782836978934165,,,,-7.777777777777772,-6.0660932548664555,-14.149772445179988,-14.50350226617223,48.486009965504024,44.61228600201409,131.75153357677652,,3.247142857142857,15.648881239242684,29.65,19.32,,,,
2021-03-12,20.75,22.67,18.54,21.71,0,23.4095,,,,-7.259873128430767,,,,4.6265060240963995,-10.103519668737048,-5.155089558759284,-9.352818371607508,48.97494305239181,45.79500657030223,132.93012973277663,,3.2907142857142864,15.157596894123843,29.65,18.54,,,,
2021-03-15,21.71,22.93,21.0,21.23,0,23.3185,,,,-8.956408002229988,,,,-2.210962690004603,-16.940532081377146,-24.555792466240224,-7.895878524945776,41.016949152542374,45.55555555555556,132.4899132155923,,3.0142857142857147,14.198236996164459,29.65,18.54,,,,
2021-03-16,21.23,21.23,18.06,20.19,0,23.254,,,,-13.17622774576417,,,,-4.898728214790382,-18.19286871961101,-21.22512680452594,-6.005586592178769,39.67213114754098,45.348080676642816,131.37385866196607,,3.113571428571429,15.42135427722352,29.65,18.06,,,,
2021-03-17,20.19,20.42,18.62,20.16,0,23.173,22.9588,,,-13.002200837181196,-12.190532606233775,,,-0.14858841010402246,-10.399999999999999,-14.612452350698856,-7.438016528925628,41.420624732563105,47.73972602739726,131.2700423262236,,3.117142857142857,15.462018140589567,29.65,18.06,,,,
2021-03-18,20.16,20.95,16.68,20.08,0,23.101499999999998,22.9598,,,-13.07923727896457,-12.542792184600923,,,-0.3968253968254065,-3.228915662650611,-9.099139882299689,-6.648070664807082,43.66260712674786,47.06694271911663,131.20534810289166,93.48704336952703,3.3121428571428564,16.494735344336934,29.65,16.68,,,,
2021-03-19,20.08,21.87,18.73,19.99,0,23.023999999999997,22.9504,,,-13.177553856845028,-12.899121583937537,,,-0.44820717131474064,-7.92261630584985,-17.225672877846787,-7.195914577530182,26.043503821281604,47.3611111111111,131.21140767514154,93.38603966214116,3.0535714285714284,15.275494890302294,29.65,16.68,,,,
2021-03-22,19.99,21.23,18.97,20.49,0,22.936,22.9402,,,-10.664457621206843,-10.68081359360425,,,2.5012506253126565,-3.4856335374470193,-19.83568075117371,-7.91011235955057,32.86666666666666,48.20635462931329,130.9712769086459,93.36737056277413,2.987142857142857,14.57854005438193,29.65,16.68,,,,
2021-03-23,20.49,22.14,20.49,20.67,0,22.696,22.941200000000002,,,-8.926683115967569,-9.900092410161632,,,0.8784773060029449,2.3774145616641817,-16.2479740680713,-18.8457008244994,38.82978723404256,47.25121781489214,119.26807972274021,93.27762890100617,2.932142857142858,14.185500034556641,29.65,16.68,,,,
2021-03-24,20.67,22.69,19.75,22.46,0,22.557499999999997,22.977600000000002,,,-0.43222874875317124,-2.252628647030158,,,8.659893565553944,11.408730158730162,-0.1777777777777767,-10.97899326198969,51.37751303052867,44.489198095935556,123.88273303382734,95.20548029625124,3.0142857142857147,13.420684391298817,29.65,16.68,,,,
2021-03-25,22.46,23.31,21.12,22.7,0,22.483999999999998,22.983999999999995,,,0.9606831524639793,-1.2356421858684103,,,1.0685663401602818,13.04780876494025,9.397590361445785,-6.081919735208952,43.75538329026701,45.367997070670086,123.09497856599232,93.40509253888051,2.9928571428571433,13.184392699811204,29.65,16.68,,,,
2021-03-26,22.7,22.92,18.23,20.65,0,22.372,22.94,,,-7.697121401752197,-9.98256320836967,,,-9.03083700440529,3.3016508254127164,-4.882542607093521,-9.785932721712543,29.959183673469397,43.78091872791519,125.89118515712934,95.5531664402256,3.0742857142857147,14.887582151504672,29.65,16.68,,,,
2021-03-31,20.49,20.83,20.0,20.65,0,21.9975,22.887200000000004,,,-6.125696101829754,-9.774896011744575,,,0.0,0.7808687164470474,-2.7319830428638836,-26.61691542288558,32.27792436235708,45.854922279792746,91.55845203389555,95.44807300776951,2.815714285714286,13.63542026980284,28.14,16.68,,,,
2021-04-01,20.65,20.68,19.73,19.99,0,21.7155,22.826400000000003,,,-7.945937233773114,-12.42596292012759,,,-3.1961259079903104,-3.28979196903727,-0.9905894006934313,-22.00546234880999,37.25888324873097,31.83236736513598,87.46689366864173,95.67925590136036,2.652142857142858,13.26734795969414,26.41,16.68,,,,
2021-04-05,19.99,23.31,19.99,21.22,0,21.595999999999997,22.770599999999998,,,-1.741063159844405,-6.809658067859431,,,6.153076538269131,-5.520926090828149,5.2579365079365115,-10.122829309614579,52.518756698820994,39.57446808510638,87.20092864155494,96.21804028151004,2.6621428571428574,12.545442305103006,26.41,16.68,,,,
2021-04-06,21.22,22.24,19.81,20.84,0,21.5335,22.6994,,,-3.220563308333528,-8.191405940245119,,,-1.790763430725728,-8.193832599118945,3.784860557768943,-5.658669081032142,45.028571428571425,42.90107637109175,84.44160532306981,96.21356877580027,2.540714285714286,12.19152728269811,26.41,16.68,,,,
2021-04-07,20.84,21.3,19.43,20.25,0,21.3385,22.646400000000003,,,-5.101108325327459,-10.581814328105143,,,-2.831094049904026,-1.937046004842613,1.3006503251626,-16.149068322981364,44.46952595936794,45.04843918191604,77.03834784464064,95.43384705222338,2.536428571428572,12.525573192239861,26.41,16.68,,,,
2021-04-08,20.25,20.59,19.17,20.31,0,21.076,22.621599999999997,,,-3.6344657430252503,-10.218552180217133,,,0.2962962962962834,-1.6464891041162222,-0.8784773060029227,-20.539906103286388,50.76142131979694,38.419782870928834,73.15236698848247,94.49977121280567,2.4114285714285715,11.873109657452346,25.65,16.68,,,,
2021-04-09,20.31,20.97,19.68,19.79,0,20.8315,22.573800000000002,,,-4.999639968317209,-12.331995499207057,,,-2.5603151157065462,-1.0005002501250582,-4.257377842283516,-19.813614262560787,47.78972520908004,31.612492033142132,72.8344316950707,94.44361721957037,2.375,12.00101061141991,24.68,16.68,,,,
2021-04-12,19.79,23.3,19.79,23.0,0,20.8565,22.5854,,,10.27737156282214,1.8356991684893784,,,16.220313289540165,8.388312912346851,2.4042742653606286,2.2222222222222143,62.695652173913054,45.33851276359601,89.4754131008195,101.2553211010766,2.3207142857142857,10.090062111801243,23.31,16.68,,,,
2021-04-13,23.0,23.0,20.3,20.46,0,20.842,22.529600000000002,,,-1.8328375395835232,-9.186137348199706,,,-11.043478260869566,-1.8234165067178454,-9.867841409691625,-1.3975903614457774,51.68458781362008,44.45048966267682,94.00075953678447,104.03661198533925,2.289285714285714,11.189079737466832,23.31,16.68,,,,
2021-04-15,20.46,21.55,18.25,20.89,0,20.801,22.459600000000002,,,0.42786404499784725,-6.988548326773411,,,2.101661779081132,3.1604938271605043,1.1622276029055856,-3.777061262091208,51.44092219020173,50.41031652989449,92.80515267989654,103.53907534467398,2.363571428571429,11.31436777678999,23.31,16.68,,,,
2021-04-16,20.89,21.09,19.48,20.4,0,20.759499999999996,22.3818,,,-1.7317372769093529,-8.854515722596037,,,-2.3456199138343847,0.4431314623338345,-1.210653753026636,-3.9095619406500304,49.04862579281183,46.05183845690174,92.84827140443848,103.65907887294648,2.3607142857142853,11.572128851540615,23.31,16.68,,,,
2021-04-19,20.4,23.11,19.81,22.49,0,20.874499999999998,22.3248,,,7.739107523533503,0.7399842327814747,,,10.245098039215694,13.643254168772101,12.506253126563283,11.391778107974226,50.10351966873706,53.46153846153846,97.76937683810677,105.80327403946943,2.386428571428571,10.611065235342691,23.31,16.68,,,,
2021-04-20,22.49,22.75,21.24,22.43,0,20.988,22.307000000000002,,,6.8705927196493235,0.5513964226475884,,,-0.2667852378834934,-2.4782608695652186,5.702167766258248,11.25992063492063,49.056603773584904,56.50406504065041,97.78414925575296,104.23122135934256,2.337857142857143,10.422902999808931,23.31,16.68,,,,
2021-04-22,22.43,23.61,22.43,23.03,0,21.1355,22.3006,,,8.963592060750873,3.2707640153179818,,,2.6749888542131117,12.561094819159347,10.50863723608446,14.691235059760977,59.253499222395035,58.06632939853851,97.93051673174953,104.38841299764918,2.087142857142857,9.062713231189132,23.61,18.23,,,,
2021-04-23,23.03,23.05,20.21,22.69,0,21.270500000000002,22.2794,,,6.6735619755059785,1.8429580688887597,,,-1.4763352149370412,8.616562948779327,12.049382716049383,13.506753376688362,57.72727272727274,57.22991689750693,98.1809590950873,104.39233175594258,2.230714285714286,9.831266133601964,23.61,18.23,,,,
2021-04-26,22.69,23.56,22.62,23.5,0,21.421,22.287000000000003,,,9.705429251668926,5.442634719791794,,,3.569854561480823,15.196078431372563,15.706548498276728,14.690092728160087,63.14606741573034,59.35002663825254,98.4974449822624,104.47965468739599,2.23,9.48936170212766,23.61,18.23,,,,
2021-04-27,23.5,23.63,22.32,23.08,0,21.5415,22.2802,,,7.142028178167719,3.589734382994756,,,-1.7872340425531985,2.623388172521124,16.624557857503785,11.659409772617302,57.41626794258373,56.92883895131086,98.94657392312396,104.54793834183587,2.0864285714285713,9.03998514483783,23.63,18.23,,,,
2021-04-28,23.08,23.11,20.97,22.58,0,21.5475,22.252599999999997,,,4.791739180879447,1.4712887482811035,,,-2.166377816291165,0.6687472135532779,-1.8260869565217441,0.5342831700801298,56.87203791469194,55.023671751709614,94.81988144178708,104.56108624817739,2.0657142857142854,9.148424648867518,23.63,18.23,,,,
2021-04-29,22.58,23.42,22.11,23.31,0,21.578,22.233400000000003,,,8.02669385485216,4.842264341036438,,,3.2329495128432306,1.2158054711246091,13.929618768328433,2.6872246696035162,61.953125,52.36768802228411,95.39484459086478,104.76682742463485,2.025714285714286,8.690322976037262,23.63,18.23,,,,
2021-04-30,23.31,23.77,22.6,23.03,0,21.697,22.215,,,6.143706503203217,3.6686923250056327,,,-1.2012012012011963,1.4984574702512132,10.244135950215426,11.525423728813578,60.44546850998464,50.917176209005014,89.07676285539982,104.75885495272567,2.007857142857143,8.718441784008437,23.77,18.25,,,,
2021-05-03,23.03,24.54,21.84,23.69,0,21.849,22.2278,,,8.426014920591337,6.578248859536269,,,2.8658271819365977,0.8085106382978768,16.127450980392165,14.7215496368039,64.8176291793313,59.15662650602411,89.36212551319879,104.5511618940088,2.1085714285714285,8.900681420732075,24.54,18.25,,,,
2021-05-04,23.69,23.69,22.18,23.01,0,22.0,22.258399999999998,,,4.590909090909098,3.3767027279588984,,,-2.8704094554664383,-0.3032928942807489,2.3121387283237205,15.10755377688846,50.047036688617126,56.82870370370372,89.17454423785807,103.55025346148548,1.9657142857142857,8.542869559818712,24.54,18.25,,,,
2021-05-05,23.01,23.19,21.14,21.96,0,22.037,22.261999999999997,,,-0.3494123519535245,-1.3565717365914836,,,-4.563233376792697,-2.7457927369353263,-2.095407935800264,3.4872761545711617,58.205689277899346,55.57441992076967,88.83631166248138,104.0996020746519,1.9192857142857143,8.73991673172001,24.54,18.25,,,,
2021-05-06,21.96,22.61,20.12,22.04,0,22.097,22.272599999999997,,,-0.2579535683577054,-1.0443324982265114,,,0.36429872495444826,-5.448305448305446,-4.298740772904919,5.758157389635321,56.54152445961319,52.4818401937046,88.4873931365739,104.0463647227436,1.8614285714285714,8.445683173450869,24.54,18.25,,,,
2021-05-07,22.04,22.04,20.31,20.82,0,22.1255,22.258200000000002,,,-5.900431628663752,-6.461438930371736,,,-5.535390199637014,-9.596178897090757,-8.241516086381672,2.8148148148148255,52.20588235294119,49.94239631336406,90.30833247676186,104.85421911754607,1.8699999999999999,8.981748318924112,24.54,18.25,,,,
2021-05-10,20.82,21.15,20.14,20.23,0,22.1215,22.2178,,,-8.55050516465882,-8.946880429205411,,,-2.833813640730065,-14.60531869987337,-13.914893617021274,-0.3938946331856097,35.91022443890276,49.94239631336406,90.98535346199358,104.80731567971893,1.7064285714285712,8.435138761386906,24.54,18.25,,,,
2021-05-11,20.23,21.12,19.72,19.83,0,22.1235,22.105,,,-10.366804529120625,-10.291789187966533,,,-1.9772614928324383,-13.820078226857902,-14.081455805892551,0.2021222839817982,34.44976076555024,48.64406779661017,90.77989662714214,99.50931948570056,1.6985714285714284,8.5656652978892,24.54,18.25,,,,
2021-05-12,19.83,20.91,18.36,20.08,0,21.9775,22.002,,,-8.633830053463774,-8.735569493682396,,,1.2607160867372569,-8.561020036429879,-11.071744906997338,-12.695652173913052,31.58551810237202,50.83189902467011,68.46745244739145,99.56079687082362,1.7964285714285713,8.946357427433124,24.54,18.25,,,,
2021-05-14,20.08,21.15,18.23,20.27,0,21.968,21.923999999999996,,,-7.729424617625639,-7.544243751140288,,,0.9462151394422413,-8.03085299455535,-13.041613041613044,-0.9286412512219067,34.605597964376585,40.52741151977793,56.33524711373009,99.18569217642722,1.8021428571428568,8.890689971104376,24.54,18.23,,,,
2021-05-17,20.27,20.43,18.36,19.61,0,21.904,21.858400000000003,,,-10.472972972972975,-10.28620576071443,,,-3.2560434139121908,-5.811719500480317,-14.850195397307864,-6.127333652465294,24.773022049286638,46.60814046288906,56.90646221809016,98.74810280280126,1.8828571428571428,9.60151526189262,24.54,18.23,,,,
2021-05-18,19.61,19.61,18.31,19.24,0,21.845999999999997,21.6804,,,-11.928957246177783,-11.256249884688478,,,-1.8867924528301883,-4.893722194760263,-18.784297171802457,-5.686274509803924,24.93472584856397,43.3841218925421,56.70595304803617,83.47592520168286,1.8821428571428573,9.782447282447285,24.54,18.23,,,,
2021-05-19,19.24,19.57,17.23,19.32,0,21.6875,21.5542,,,-10.916426512968298,-10.365497211680328,,,0.4158004158004269,-2.571860816944016,-16.03650586701435,-14.095153401511773,27.48618784530389,45.5223880597015,41.241916850476315,81.30728464780837,1.8964285714285716,9.815882874889088,24.54,17.23,,,,
2021-05-20,19.32,19.84,18.09,19.65,0,21.5485,21.475,,,-8.81035802956123,-8.498253783469163,,,1.7080745341614856,-2.1414342629482053,-10.519125683060116,-12.394115024520735,23.245614035087726,36.21359223300971,42.11905660468372,79.62454302249856,1.9278571428571427,9.810977826245,24.54,17.23,,,,
2021-05-21,19.65,19.65,17.13,19.08,0,21.351,21.4148,,,-10.63650414500492,-10.902740161010149,,,-2.900763358778624,-5.870744943265915,-13.43012704174229,-17.1515414676509,22.300140252454412,34.50508788159112,40.95779233396497,78.59910471295737,2.0242857142857145,10.609463911350705,24.54,17.13,,,,
2021-05-24,19.08,19.89,18.72,19.13,0,21.173,21.314399999999996,,,-9.64908137722571,-10.248470517584343,,,0.2620545073375391,-2.4477307496175493,-8.11719500480308,-15.689731159100939,15.030674846625772,30.99415204678361,41.100504124415316,75.53947441363155,1.9150000000000003,10.010454783063254,24.54,17.13,,,,
2021-05-25,19.13,21.05,17.69,18.84,0,20.939999999999998,21.18,,,-10.028653295128931,-11.048158640226628,,,-1.5159435441714497,-2.079002079002068,-6.870983687592691,-19.829787234042552,15.986949429037523,31.145935357492647,37.725977297523904,74.23104092749409,2.047142857142857,10.865938732180771,24.54,17.13,,,,
2021-05-26,18.84,21.3,17.23,20.87,0,20.8295,21.103799999999996,,,0.194435776182825,-1.1078573527042295,,,10.774946921443739,8.02277432712215,5.244578920827037,-9.575389948006919,42.33473980309424,38.49518810148732,56.33182294286521,78.09680062523469,2.1914285714285713,10.500376480251898,24.54,17.13,,,,
2021-05-27,20.87,21.32,18.35,19.91,0,20.696,21.052,,,-3.7978353304986534,-5.424662739882194,,,-4.59990416866316,1.323155216284988,-0.8466135458167212,-11.824623560673153,36.67083854818525,36.75856307435256,57.95763692038436,76.25179557627753,2.2257142857142855,11.178876372246537,24.54,17.13,,,,
2021-05-28,19.91,19.91,17.36,17.4,0,20.4005,20.985,,,-14.707972843802859,-17.083631165117946,,,-12.606730286288304,-8.805031446540879,-14.158855451406026,-25.353925353925355,31.573275862068968,31.473533619456376,70.17396118790195,79.44516035441833,2.2842857142857143,13.12807881773399,24.54,17.13,,,,
2021-05-31,17.4,17.99,16.43,16.89,0,20.0935,20.8886,,,-15.942966631000067,-19.142498779238434,,,-2.93103448275861,-11.709357030841606,-13.870474247832732,-26.660877116804173,31.847826086956545,26.67151162790698,70.39117262375082,78.87871589858953,2.323571428571429,13.757083650511714,24.54,16.43,,,,
2021-06-01,16.89,17.96,15.31,17.39,0,19.7785,20.811799999999998,,,-12.07624440680537,-16.44163407297782,,,2.960331557134399,-7.69639065817409,-9.615384615384603,-26.593499366821447,36.88172043010755,29.82832618025752,70.46867205198608,79.11589291395721,2.412857142857143,13.874969194118131,23.69,15.31,,,,
2021-06-02,17.39,17.65,15.17,17.21,0,19.4885,20.752200000000002,,,-11.691510377915169,-17.069033644625634,,,-1.035077630822312,-17.537134643028274,-10.921325051759833,-25.206431986093,34.4528710725894,26.0,70.27517641795158,78.42789730802562,2.4078571428571425,13.991035112476133,23.19,15.17,,,,
2021-06-03,17.21,17.21,14.15,15.75,0,19.178,20.664,21.8114,,-17.874648034205865,-23.780487804878053,-27.79005474201564,,-8.483439860546193,-20.89402310396785,-19.84732824427481,-28.278688524590166,28.47619047619048,24.579831932773104,73.93672647717877,80.60138927932346,2.417857142857143,15.351473922902494,22.61,14.15,,,,
2021-06-04,15.75,16.38,14.94,15.94,0,18.872999999999998,20.5812,21.7705,,-15.540719546442,-22.550677317163235,-26.78165407317241,,1.206349206349211,-8.390804597701141,-16.457023060796637,-27.676950998185113,31.7048853439681,27.57078986587183,74.28449911254312,80.67871143265322,2.3728571428571428,14.886180319053594,22.04,14.15,,,,
2021-06-07,15.94,15.94,14.74,15.57,0,18.6105,20.492800000000003,21.721600000000002,,-16.337551382284186,-24.022095565271716,-28.320197407189163,,-2.321204516938513,-7.815275310834813,-18.609513852587554,-25.216138328530256,31.7048853439681,26.404084609773903,72.83142169076298,80.80165480962144,2.3657142857142857,15.194054500412882,21.32,14.15,,,,
2021-06-08,15.57,15.6,13.57,15.23,0,18.3605,20.3876,21.6639,,-17.05018926499822,-25.29772999274068,-29.69871537442474,,-2.1836865767501545,-12.420931569867744,-19.16135881104034,-24.715768660405335,30.126336248785222,28.21512081060017,72.69107027944295,80.62895302795438,2.3435714285714284,15.387862301847854,21.32,13.57,,,,
2021-06-09,15.23,15.74,11.95,14.75,0,18.1065,20.2692,21.6052,,-18.537541766768843,-27.2294910504608,-31.729398478144148,,-3.151674326986209,-14.29401510749565,-29.324389075227607,-25.617750882501255,26.53256704980845,28.45911949685535,72.95350783908718,80.79065522764213,2.489285714285714,16.87651331719128,21.32,11.95,,,,
2021-06-10,14.75,15.2,14.18,15.0,0,17.8525,20.12,21.5488,,-15.978154320123227,-25.447316103379723,-30.39055539055539,,1.6949152542372836,-4.761904761904767,-24.660974384731293,-25.298804780876484,29.841897233201593,30.787589498806696,73.1768663153149,78.17946721105898,2.382142857142857,15.880952380952381,21.32,11.95,,,,
2021-06-11,15.0,15.0,13.94,14.1,0,17.544,19.948,21.465999999999998,,-19.630642954856363,-29.316222177661928,-34.31473027112643,,-6.000000000000005,-11.543287327478048,-18.965517241379303,-30.43907252096695,27.073837739288976,27.38275340393345,74.43517828951123,78.96990875831064,2.374285714285714,16.83890577507599,21.32,11.95,,,,
2021-06-14,14.1,15.31,13.74,14.72,0,17.299500000000002,19.8294,21.3847,,-14.910835573282471,-25.766790724883247,-31.165739991676283,,4.397163120567393,-5.4592164418754034,-12.847838957963287,-24.936257011728703,31.769911504424783,29.67032967032968,77.20866953907245,77.53742825393657,2.246428571428571,15.26106366459627,21.32,11.95,,,,
2021-06-15,14.72,15.16,13.28,14.61,0,17.068,19.7086,21.2979,,-14.401218654792606,-25.869924804400114,-31.401687490315943,,-0.7472826086956652,-4.0709126723571964,-15.986198964922371,-24.064449064449057,16.631130063965898,30.91603053435115,77.20168207133253,77.52785325061812,2.09,14.30527036276523,21.32,11.95,,,,
2021-06-16,14.61,15.32,13.62,14.87,0,16.8455,19.606199999999998,21.216299999999997,,-11.727167492802243,-24.15664432679458,-29.9123786899695,,1.7796030116358663,0.8135593220338855,-13.59674607786172,-23.033126293995863,20.967741935483872,33.17936874518861,77.74253383330368,77.46718379060249,1.9992857142857143,13.445095590354503,21.32,11.95,,,,
2021-06-17,14.87,16.05,14.53,15.29,0,16.627499999999998,19.4876,21.129099999999998,,-8.043903172455263,-21.539850982163024,-27.6353465126295,,2.824478816408882,1.9333333333333202,-2.9206349206349236,-22.1882951653944,33.99089529590289,34.883720930232556,78.39178238348738,76.35501322195317,1.9257142857142857,12.59459964495936,21.32,11.95,,,,
2021-06-18,15.29,16.62,10.6,14.8,0,16.4135,19.3668,21.0331,,-9.830322600298526,-23.58056054691534,-29.634718610190603,,-3.2047089601046297,4.964539007092217,-7.151819322459218,-22.431865828092235,34.09436834094369,32.023721275018545,78.49026540501731,76.53976189978552,2.244285714285714,15.164092664092662,21.32,10.6,,,,
2021-06-21,14.8,16.46,14.38,15.06,0,16.21,19.263,20.9547,,-7.0943861813695275,-21.81903130353528,-28.130681899526117,,1.75675675675675,2.309782608695654,-3.2755298651252374,-21.275483533716667,31.595576619273302,34.7496206373293,79.02292143786593,76.53562201649476,2.2035714285714287,14.631948396888635,21.32,10.6,,,,
2021-06-22,15.06,15.11,14.43,14.74,0,16.005000000000003,19.1516,20.8866,,-7.903780068728536,-23.03515111009001,-29.428437371328993,,-2.1248339973439556,0.8898015058179443,-3.217334208798428,-21.76220806794055,30.911901081916525,33.68029739776952,79.09808742439961,76.60265264154098,2.075,14.077340569877883,21.32,10.6,,,,
2021-06-23,14.74,15.54,13.63,15.37,0,15.73,19.0632,20.8185,,-2.28862047043866,-19.37345251584204,-26.171434061051475,,4.274084124830391,3.36247478143914,4.203389830508475,-26.353617632965985,46.631205673758856,37.418419144307464,68.85694569343559,77.20358900890048,1.9928571428571427,12.965889023143415,21.32,10.6,,,,
2021-06-24,15.37,15.64,14.93,15.1,0,15.489499999999998,18.9052,20.745299999999997,,-2.51460666903385,-20.127795527156554,-27.21242883930335,,-1.7566688353936266,-1.2426422498364897,0.6666666666666599,-24.15871421396284,42.65734265734266,26.01828761429759,67.85034034938302,67.2153774293745,1.9407142857142858,12.852412488174078,19.91,10.6,,,,
2021-06-25,15.1,15.27,13.28,13.37,0,15.288,18.7634,20.646499999999996,,-12.545787545787551,-28.744257437351443,-35.24326156975758,,-11.456953642384104,-9.662162162162168,-5.177304964539009,-23.160919540229884,34.46327683615817,24.453125,65.38308832629448,67.54664548130648,1.9971428571428576,14.937493321936108,17.99,10.6,,,,
2021-06-28,13.37,13.77,13.12,13.4,0,15.113500000000002,18.613599999999998,20.5366,,-11.337545902669808,-28.00962736923539,-34.750640320208795,,0.2243829468960401,-11.02257636122178,-8.967391304347828,-20.66311426879811,36.484490398818316,30.62015503875969,65.2504130103812,67.26890074428763,1.898571428571429,14.168443496801707,17.96,10.6,,,,
2021-06-29,13.4,13.4,12.9,13.0,0,14.894,18.4656,20.4237,,-12.716530146367667,-29.598821592582958,-36.34845791898628,,-2.985074626865669,-11.804613297150613,-11.019849418206707,-25.244393329499715,36.92077727952167,30.950048971596473,63.779237631335874,67.35996596233068,1.663571428571429,12.7967032967033,17.65,10.6,,,,
2021-06-30,13.0,13.14,12.6,13.05,0,14.686000000000002,18.2768,20.3008,,-11.139861092196655,-28.598004026963146,-35.716819041614116,,0.38461538461538325,-15.094339622641495,-12.239408204438462,-24.171993027309703,34.9768875192604,27.766393442622956,64.07494056653256,62.50118163621741,1.6292857142857147,12.484948002189384,17.21,10.6,,,,
2021-07-01,13.05,13.28,12.33,12.84,0,14.5405,18.085,20.196,,-11.694921082493725,-29.001935305501803,-36.4230540701129,,-1.6091954022988575,-14.966887417218544,-16.023544800523215,-18.476190476190478,39.13793103448276,27.681307456588357,58.22344115163134,62.49230199128264,1.6214285714285719,12.62794837561193,16.62,10.6,,,,
2021-07-02,12.84,13.02,12.02,12.09,0,14.348000000000003,17.8662,20.083399999999997,,-15.737385001393939,-32.330322060650836,-39.801029706125455,,-5.841121495327107,-9.573672400897525,-18.310810810810818,-24.153074027603516,27.824620573355816,29.845814977973575,60.10545696363425,62.8181199888686,1.580714285714286,13.0745598487534,16.62,10.6,,,,
2021-07-05,12.09,12.62,11.99,12.07,0,14.173000000000002,17.6538,19.9666,,-14.83807239116631,-31.629450883095988,-39.54904690833692,,-0.16542597187758634,-9.925373134328364,-19.85391766268261,-22.479126525369296,28.253424657534254,28.28282828282829,60.10788803547682,62.857616304505356,1.4914285714285715,12.356491892531661,16.62,10.6,,,,
2021-07-06,12.07,12.36,11.29,12.28,0,14.0255,17.4294,19.8582,,-12.445189119817474,-29.544333138260647,-38.16156549939068,,1.73985086992543,-5.538461538461547,-16.689280868385346,-19.369665134602766,27.633851468048363,31.200000000000003,60.86030022194412,62.2786447129897,1.4464285714285714,11.77873429502094,16.62,10.6,,,,
2021-07-07,12.28,12.59,11.15,12.21,0,13.898499999999999,17.212,19.7461,,-12.148793035219613,-29.061120148733437,-38.16500473511224,,-0.5700325732898914,-6.436781609195396,-20.559531554977216,-17.220338983050844,21.691176470588232,32.1933962264151,60.33648236228799,62.28082543505016,1.4407142857142858,11.799461799461799,16.62,10.6,,,,
2021-07-08,12.21,14.01,12.06,13.56,0,13.8265,17.031599999999997,19.6421,,-1.927458141973738,-20.383287536109336,-30.96461172685201,,11.056511056511042,5.607476635514019,-10.198675496688736,-9.599999999999998,40.15873015873015,43.63636363636364,73.35877417554933,68.0226011236557,1.15,8.480825958702063,16.62,10.6,,,,
2021-07-09,13.56,14.0,12.18,12.94,0,13.768499999999998,16.8242,19.5288,,-6.017358463158647,-23.086981847576713,-33.73888820613658,,-4.572271386430682,7.030603804797342,-3.2161555721765156,-8.22695035460993,34.08408408408408,39.40329218106996,72.07741352287255,67.82634634659563,1.1314285714285712,8.743652020313533,16.62,10.6,,,,
2021-07-12,12.94,13.61,11.81,12.99,0,13.681999999999999,16.6234,19.4192,,-5.0577400964771115,-21.85714113839527,-33.10744005932273,,0.3863987635239541,7.622203811101902,-3.0597014925373145,-11.752717391304346,36.306729264475734,43.74295377677565,69.96380488445905,67.90533173120798,1.2114285714285713,9.325855053337731,16.62,10.6,,,,
2021-07-13,12.99,12.99,10.67,12.62,0,13.5825,16.402,19.3149,,-7.086324314375118,-23.05816363858067,-34.66184137634677,,-2.848344880677456,2.7687296416938123,-2.9230769230769282,-13.620807665982204,27.569331158238185,37.81902552204175,70.44605693103354,67.42153433269358,1.2407142857142854,9.831333484265336,16.62,10.6,,,,
2021-07-14,12.62,12.96,10.49,12.59,0,13.4685,16.1936,19.226,,-6.522626870104323,-22.253235846260253,-34.51575990845729,,-0.23771790808240212,3.1122031122031046,-3.524904214559388,-15.332885003362474,28.69269949066215,38.17330210772835,69.89057134237011,67.33752837612347,1.3664285714285713,10.853284920004539,16.62,10.49,,,,
2021-07-15,12.59,12.95,11.08,12.27,0,13.317499999999999,15.999799999999999,19.1309,,-7.865590388586442,-23.311541394267422,-35.862923333455306,,-2.5416997617156545,-9.513274336283196,-4.439252336448596,-19.751471550032697,37.7232142857143,34.883720930232556,68.85249647891584,66.95617795076231,1.3578571428571427,11.066480381883803,16.62,10.49,,,,
2021-07-16,12.27,12.37,11.63,11.71,0,13.163,15.793199999999999,19.032899999999998,,-11.038517055382508,-25.8541650837069,-38.47495652265287,,-4.563977180114087,-9.505409582689328,-3.143093465674107,-20.878378378378383,33.13373253493015,29.519450800915337,69.59364275099958,67.32661410956842,1.3642857142857139,11.650603879468093,16.46,10.49,,,,
2021-07-19,11.71,13.2,11.71,12.68,0,13.044,15.6304,18.944300000000002,,-2.790555044464894,-18.876036441805713,-33.06693834029234,,8.28351836037573,-2.386451116243271,5.05385252692625,-15.803452855245691,47.132616487455195,38.503253796095436,76.61498403899269,69.81781493988107,1.4349999999999998,11.317034700315457,15.64,10.49,,,,
2021-07-20,12.68,14.09,11.79,13.21,0,12.967500000000001,15.49,18.8539,,1.8700597647966044,-14.719173660426076,-29.934920626501672,,4.179810725552069,4.675118858954064,7.573289902280145,-10.379918588873805,51.320132013201324,40.25289778714436,78.35895426781822,70.58559575289375,1.5607142857142853,11.814642586784899,15.64,10.49,,,,
2021-07-22,13.21,13.21,11.72,11.89,0,12.7935,15.331199999999999,18.7181,,-7.062180013287993,-22.445731580045912,-36.47859558395349,,-9.99242997728993,-5.559968228752976,-2.6208026208026203,-22.64150943396226,43.375174337517436,36.41563393708294,83.21103888886665,73.53361225570015,1.5992857142857138,13.450678841763782,15.64,10.49,,,,
2021-07-23,11.89,12.12,11.57,11.76,0,12.6265,15.1648,18.583399999999997,,-6.862550984041501,-22.451994091580502,-36.717715810884975,,-1.0933557611438216,-4.1564792176039145,-13.27433628318585,-22.119205298013245,47.48091603053435,31.931931931931942,83.17960000390076,73.36570230021682,1.5671428571428565,13.326044703595718,15.27,10.49,,,,
2021-07-26,11.76,12.54,10.4,12.45,0,12.580499999999999,15.0084,18.4662,,-1.0373196613807054,-17.04645398576797,-32.57952367027326,,5.867346938775508,6.319385140905198,-3.786707882534779,-6.881077038145101,52.63157894736841,37.2718539865514,77.1108129742661,74.83980805306138,1.6749999999999996,13.453815261044175,14.09,10.4,,,,
2021-07-27,12.45,13.53,12.1,13.23,0,12.572,14.880799999999999,18.369600000000002,,5.2338530066815245,-11.093489597333466,-27.978834596289527,,6.265060240963871,4.337539432176651,1.8475750577367167,-1.2686567164179152,56.09756097560976,49.260042283298105,80.50494942182553,76.31018776911796,1.7007142857142854,12.854983263146524,14.09,10.4,,,,
2021-07-28,13.23,15.98,11.36,13.69,0,12.6065,14.769799999999998,18.2251,,8.594772537976432,-7.3108640604476625,-24.883814080581185,,3.4769463340891926,3.6336109008326956,8.478605388272587,5.307692307692302,59.04645476772615,51.46612740141558,80.53396779803018,76.81860117609473,1.9278571428571425,14.08222894709381,15.98,10.4,,,,
2021-07-29,13.69,13.69,12.44,12.95,0,12.6015,14.6424,18.098300000000002,,2.7655437844700996,-11.55821450035514,-28.44631816247936,,-5.405405405405405,8.915054667788036,2.859412231930092,-0.766283524904221,45.97093791281373,49.755620723362654,83.11108378589384,77.54555606433212,1.8778571428571424,14.500827357970214,15.98,10.4,,,,
2021-07-30,12.95,13.32,12.18,12.8,0,12.5995,14.5054,17.9902,,1.5913329894043406,-11.75700084106608,-28.850151749285725,,-1.1583011583011449,8.843537414965997,4.319478402608001,-0.31152647975076775,49.01408450704226,48.789932236205225,83.00410781525096,77.35857595360197,1.829285714285714,14.291294642857139,15.98,10.4,,,,
2021-08-02,12.8,13.09,11.52,12.81,0,12.6355,14.38,17.8974,,1.381029638716316,-10.917941585535468,-28.42535787321064,,0.07812499999999556,2.8915662650602414,9.3936806148591,5.955334987593064,48.72521246458924,49.85192497532083,79.97637720720051,77.2188472105658,1.8128571428571425,14.15189026430244,15.98,10.4,,,,
2021-08-03,12.81,13.91,11.96,13.75,0,12.7195,14.2724,17.7934,,8.10173355870907,-3.6602113169473904,-22.724156147785127,,7.338017174082734,3.9304610733182033,8.438485804416395,13.918806959403485,57.40498034076017,58.04263565891473,83.61365303126892,79.26800272522374,1.786428571428571,12.992207792207788,15.98,10.4,,,,
2021-08-04,13.75,14.06,12.65,13.21,0,12.766,14.1598,17.6699,,3.4779884067053173,-6.707721860478253,-25.240097567049034,,-3.9272727272727237,-3.506208911614306,0.0,7.573289902280145,53.808353808353814,55.25830258302583,85.16030568789913,79.60558305465383,1.7107142857142854,12.95014599329512,15.98,10.4,,,,
2021-08-05,13.21,13.42,11.2,12.87,0,12.799,13.9998,17.5518,,0.5547308383467437,-8.070115287361258,-26.67418726284484,,-2.5738077214231714,-0.617760617760621,8.242220353238006,5.405405405405395,53.67647058823529,52.689152233363714,85.78927044264472,75.33669040022752,1.7357142857142855,13.486513486513484,15.98,10.4,,,,
2021-08-06,12.87,13.16,11.64,12.61,0,12.7515,13.8538,17.4529,,-1.1096733717601899,-8.978042125626185,-27.74839711451965,,-2.020202020202022,-1.4843750000000044,7.227891156462585,-7.0058997050147624,55.72519083969464,51.792114695340494,76.27714553836225,74.89769556825306,1.7914285714285714,14.206412144556474,15.98,10.4,,,,
2021-08-09,12.61,13.11,12.03,12.61,0,12.735,13.758,17.371499999999997,,-0.9815469179426778,-8.3442360808257,-27.409837952968935,,0.0,-1.5612802498048528,1.2851405622489986,-2.5502318392581103,49.492017416545714,45.15800203873598,74.55029584983215,69.85364141099436,1.7621428571428572,13.97417015973717,15.98,10.4,,,,
2021-08-10,12.61,13.07,9.98,12.71,0,12.721,13.6744,17.2815,,-0.0864711893718987,-7.052594629380445,-26.453143534994066,,0.793021411578132,-7.563636363636361,-3.9304610733182144,-2.155504234026173,46.13003095975232,48.76210979547901,74.5939709076296,69.70001860054535,1.8185714285714283,14.308193773181968,15.98,9.98,,,,
2021-08-11,12.71,13.33,10.47,12.71,0,12.7255,13.580800000000002,17.1963,,-0.12180267965894781,-6.411993402450525,-26.088751650064257,,0.0,-3.7850113550340625,-7.158509861212559,0.7131537242472286,57.976653696498055,48.48484848484849,73.8348162464118,69.2657714610819,1.9164285714285714,15.078116218950207,15.98,9.98,,,,
2021-08-12,12.71,12.82,11.36,12.37,0,12.714500000000001,13.484000000000002,17.1181,,-2.7095048959849133,-8.2616434292495,-27.737307294617974,,-2.675059008654612,-3.8850038850038904,-4.478764478764474,-1.7474185861795166,55.70093457943925,48.642779587404995,74.50334495855604,69.42478340442555,1.9814285714285715,16.018015937175196,15.98,9.98,,,,
2021-08-13,12.37,13.16,11.4,12.99,0,12.750499999999999,13.4288,17.0464,,1.8783577114623067,-3.267603955677354,-23.796226769288523,,5.012126111560233,3.0134813639968394,1.4843750000000044,5.867970660146704,55.11363636363637,52.04081632653062,75.875588502822,68.10608855644412,1.9542857142857142,15.044539755856151,15.98,9.98,,,,
2021-08-16,12.99,13.66,11.38,13.46,0,12.838,13.379199999999999,16.9802,,4.844991431687192,0.603922506577387,-20.731204579451358,,3.618167821401075,6.740681998413978,5.0741608118657355,14.944491887275824,52.31388329979879,55.979899497487445,74.32703508370469,68.592858062425,2.015,14.970282317979198,15.98,9.98,,,,
2021-08-17,13.46,13.61,12.03,13.41,0,12.874500000000001,13.336000000000002,16.9144,,4.159384830478845,0.5548890221955464,-20.71844109161425,,-0.3714710252600395,5.5074744295829925,-2.472727272727271,5.757097791798116,46.92982456140352,59.004237288135585,68.9276233900602,68.42895055462948,1.797857142857143,13.406839245765422,15.98,9.98,,,,
2021-08-18,13.41,13.41,11.12,12.91,0,12.8595,13.2896,16.8386,,0.39270578171779263,-2.8563688899590653,-23.33091824736023,,-3.728560775540646,1.5735641227379915,-2.2710068130204486,-2.2710068130204486,49.537037037037045,51.282051282051285,68.84727670902205,68.74562288882018,1.872142857142857,14.501493858581387,15.98,9.98,,,,
2021-08-20,12.91,14.14,12.35,14.02,0,12.966,13.275,16.7721,,8.128952645380227,5.612052730696792,-16.408797944204952,,8.597986057319895,13.338722716248984,8.93550893550894,17.91421362489487,61.55303030303028,54.24083769633507,64.64664576201031,71.20117840632702,1.9185714285714286,13.684532300794782,15.98,9.98,,,,
2021-08-23,14.02,14.44,12.73,13.69,0,13.0625,13.248800000000001,16.684399999999997,,4.8038277511961684,3.3301129158867098,-17.94730406847113,,-2.3537803138373725,5.388760585065433,8.564631245043607,16.41156462585034,57.85714285714284,60.514018691588774,65.31469067874333,71.28479549126548,1.9285714285714286,14.087446519878952,15.98,9.98,,,,
2021-08-24,13.69,14.51,13.1,13.19,0,13.0995,13.230599999999999,16.5893,,0.6908660635902034,-0.30686439012591665,-20.490918845279797,,-3.6523009495982417,-2.0059435364041756,4.599524187153059,5.943775100401605,44.57364341085271,58.006718924972,64.33328562137454,70.47296274285418,1.8900000000000001,14.329037149355575,15.98,9.98,,,,
2021-08-25,13.19,13.97,12.27,13.5,0,13.113,13.206199999999999,16.5178,,2.9512697323267023,2.2247126349744892,-18.269987528605512,,2.3502653525398154,0.6711409395973034,6.215578284815093,2.0408163265306145,52.941176470588225,56.140350877192986,60.985663713915926,69.95857231850472,1.9107142857142858,14.153439153439153,15.98,9.98,,,,
2021-08-26,13.5,14.2,12.11,13.54,0,13.105500000000001,13.184800000000001,16.4467,,3.3154019304871856,2.6940112857229397,-17.673454249180693,,0.2962962962962834,4.8799380325329045,6.530291109362696,-1.0956902848794803,57.23542116630669,51.98463508322663,59.73025225220794,69.94644044691842,1.9014285714285717,14.043047056341004,14.51,9.98,,,,
2021-08-27,13.54,13.76,12.94,13.41,0,13.128499999999999,13.155600000000002,16.3809,,2.1441901207297196,1.9337772507525206,-18.136366133728917,,-0.9601181683899451,-4.350927246790293,8.407437348423619,3.552123552123554,58.88888888888889,48.12834224598931,56.37386145576275,69.84684384893113,1.8514285714285716,13.806327900287632,14.51,9.98,,,,
2021-08-30,13.41,13.69,12.4,13.32,0,13.154499999999999,13.1162,16.3019,,1.2581245961458174,1.5538036931428394,-18.291732865494204,,-0.6711409395973145,-2.7027027027026973,2.5404157043879882,4.062499999999991,57.73420479302833,52.708638360175705,56.24074454876452,69.53125954206747,1.8664285714285715,14.012226512226514,14.51,9.98,,,,
2021-08-31,13.32,14.77,12.64,14.52,0,13.24,13.1106,16.238699999999998,,9.667673716012079,10.75008008786783,-10.583975318221277,,9.009009009009006,10.083396512509468,7.875185735512624,13.348946135831374,65.90509666080843,60.91370558375633,64.2301177103596,72.15718206945722,1.797857142857143,12.38193624557261,14.77,9.98,,,,
2021-09-01,14.52,15.63,13.9,14.19,0,13.262,13.0932,16.1781,,6.997436284120035,8.376867381541564,-12.288834906447612,,-2.2727272727272707,5.111111111111111,5.8165548098433995,3.200000000000003,62.292358803986694,58.414634146341456,59.98399003742997,72.23764492754387,1.717142857142857,12.101077217356288,15.63,9.98,,,,
2021-09-02,14.19,14.39,13.61,14.24,0,13.313500000000001,13.083200000000001,16.1174,,6.959101663724783,8.84187354775589,-11.648280740069737,,0.35236081747709314,5.169867060561306,10.302091402013946,7.797123391370175,66.3176265270506,53.351573187414495,57.94515621294456,72.07997344867572,1.6685714285714286,11.717495987158909,15.63,9.98,,,,
2021-09-03,14.24,14.65,13.58,14.54,0,13.397,13.066600000000001,16.0649,,8.531760841979539,11.276077939173144,-9.492122577793838,,2.106741573033699,8.426547352721837,3.708987161198296,12.975912975912983,64.3253234750462,59.40594059405938,57.094646206366065,71.5864569820362,1.6192857142857144,11.136765572804089,15.63,9.98,,,,
2021-09-06,14.54,15.28,14.06,15.11,0,13.522,13.0668,15.985999999999999,,11.743824877976625,15.636575136988387,-5.479794820467906,,3.9202200825309452,13.438438438438439,10.372534696859015,19.825535289452812,64.97277676950998,65.34246575342465,57.273716702235234,72.00804369478658,1.5435714285714286,10.215562068639501,15.63,9.98,,,,
2021-09-07,15.11,15.23,14.59,14.9,0,13.636499999999998,13.0974,15.930399999999999,,9.265574010926574,13.763036938629039,-6.468136393310893,,-1.389808074123089,2.6170798898071723,12.964366944655058,18.16019032513878,63.13932980599648,65.79310344827587,57.79553153917432,67.07509260147357,1.4764285714285716,9.908916586768937,15.63,9.98,,,,
2021-09-08,14.9,15.06,12.49,14.41,0,13.7215,13.1176,15.865599999999999,,5.0176729949349514,9.852412026590235,-9.17456635740217,,-3.288590604026842,1.5503875968992276,6.740740740740736,13.375295043273017,63.250883392226164,61.62790697674419,59.680104246845374,67.55821023759255,1.4964285714285717,10.384653514424508,15.63,10.47,,,,
2021-09-09,14.41,14.41,13.64,13.94,0,13.783000000000001,13.136400000000002,15.800999999999998,,1.1390843793078302,6.1173533083645255,-11.777735586355288,,-3.2616238723109037,-2.1067415730337102,2.954209748892178,9.677419354838701,49.20318725099601,57.58323057953143,61.285275477412924,67.62877105686702,1.4235714285714285,10.21213363394138,15.63,11.12,,,,
2021-09-13,13.94,14.78,11.92,14.03,0,13.866,13.155999999999999,15.7164,,1.1827491706332014,6.643356643356649,-10.730192664986896,,0.6456241032998467,-3.5075653370013726,4.623415361670391,13.41956345998383,53.55648535564853,58.04878048780487,60.10272764836391,67.63443115142965,1.5057142857142856,10.732104673658487,15.63,11.12,,,,
2021-09-14,14.03,14.03,10.87,13.58,0,13.895500000000002,13.1708,15.6279,,-2.270519232845179,3.106872779178184,-13.104127873866611,,-3.207412687099065,-10.125744540039705,1.9519519519519468,4.541955350269444,54.12262156448203,57.28038507821901,59.354555094997586,67.95267537615939,1.6307142857142856,12.008205343993266,15.63,10.87,,,,
2021-09-15,13.58,13.88,12.37,13.73,0,13.908999999999997,13.203600000000002,15.5349,,-1.2869365159249173,3.986791481111203,-11.618356088549008,,1.1045655375552244,-7.852348993288594,-5.44077134986225,2.0059435364041533,52.51641137855581,54.719387755102034,58.1417116693937,66.55133864146208,1.6171428571428572,11.778170845905734,15.63,10.87,,,,
2021-09-16,13.73,14.53,9.03,14.41,0,13.959,13.250399999999999,15.452099999999998,,3.230890464933022,8.75143391897604,-6.744067149448929,,4.952658412235977,0.0,1.5503875968992276,7.457121551081292,58.34932821497123,55.900621118012424,60.51762539180937,67.33885484104508,1.860714285714286,12.912659859224746,15.63,9.03,,,,
2021-09-17,14.41,15.65,12.14,15.23,0,14.075,13.3094,15.369399999999999,,8.206039076376562,14.43040257261785,-0.9069970200528219,,5.69049271339348,9.253945480631277,6.9522471910112404,17.970565453137112,65.42372881355934,60.31746031746032,61.17056303153845,68.30759428812723,2.052857142857143,13.479035737735673,15.65,9.03,,,,
2021-09-20,15.23,17.81,10.23,17.49,0,14.248499999999998,13.415,15.3135,,22.74976313296137,30.37644427879239,14.21294935840924,,14.839133289560058,24.661439771917305,20.288858321870705,24.750356633380875,75.8364312267658,71.64461247637051,74.21137539852236,75.43032644079074,2.5021428571428572,14.306134117454874,17.81,9.03,,,,
2021-09-21,17.49,18.0,13.0,16.52,0,14.39,13.474200000000002,15.2529,,14.801945795691445,22.6046815395348,8.307272715352484,,-5.546026300743279,21.649484536082465,9.331568497683662,20.672023374726088,62.75510204081633,61.97318007662836,77.05546793113967,73.02362696284267,2.707142857142857,16.38706329989623,18.0,9.03,,,,
2021-09-22,16.52,16.86,13.28,16.49,0,14.555000000000001,13.5452,15.184699999999998,,13.294400549639276,21.74054277530047,8.596152706342576,,-0.1815980629540026,20.10196649672249,10.671140939597311,25.018953752843064,65.25198938992042,63.80670611439842,75.20853471202473,72.1157153533014,2.8392857142857144,17.218227497184444,18.0,9.03,,,,
2021-09-23,16.49,16.94,10.31,16.6,0,14.709999999999999,13.6174,15.1204,,12.848402447314768,21.902859576718033,9.785455411232515,,0.6670709520921969,15.197779319916727,15.197779319916727,22.962962962962962,65.5263157894737,67.4871794871795,75.11160573278715,72.11449647701842,3.257142857142857,19.621342512908775,18.0,9.03,,,,
2021-09-24,16.6,17.33,12.77,16.92,0,14.879,13.703399999999998,15.0527,,13.717319712346274,23.47300669906741,12.405083473396813,,1.9277108433734869,11.096520026263956,21.377331420373036,24.96307237813886,65.61679790026248,67.5204918032787,75.09171500029332,71.73936111146578,3.5064285714285717,20.72357311719014,18.0,9.03,,,,
2021-09-27,16.92,18.14,13.52,18.05,0,15.111,13.8126,15.003100000000002,,19.449407716233207,30.6777869481488,20.30846958295285,,6.678486997635935,3.201829616923968,28.652886671418408,34.60104399701716,67.97066014669929,70.78341013824885,77.01843620101248,72.95142357386942,3.7492857142857146,20.77166600712307,18.14,9.03,,,,
2021-09-28,18.05,18.57,15.37,18.54,0,15.372,13.938000000000002,14.968900000000001,,20.608899297423882,33.01764959104603,23.85679642458696,,2.7146814404432007,12.227602905569013,36.52430044182622,39.189189189189186,71.51300236406618,72.88135593220339,76.62876075977775,72.65796010099162,3.9321428571428574,21.20896902450301,18.57,9.03,,,,
2021-09-29,18.54,19.44,16.76,18.84,0,15.588,14.080599999999999,14.936900000000001,,20.862201693610473,33.80111642969761,26.130589345848186,,1.6181229773462924,14.251061249241982,37.217771303714485,29.75206611570249,76.78355501813785,74.16812609457094,71.70504055143097,71.57157256823733,3.9400000000000004,20.912951167728238,19.44,9.03,,,,
2021-09-30,18.84,19.14,17.15,18.4,0,15.798499999999999,14.195,14.9127,,16.466753172769565,29.623106727721016,23.384766004814686,,-2.3354564755838747,10.843373493975882,27.68910478834141,29.668780831571517,77.0631067961165,68.19887429643526,71.74802838232736,70.00767810859074,4.027142857142858,21.886645962732924,19.44,9.03,,,,
2021-10-01,18.4,19.08,17.0,17.21,0,15.946999999999997,14.275,14.8825,,7.919984950147387,20.56042031523643,15.639173525953304,,-6.467391304347814,1.7139479905437405,13.000656598818129,20.856741573033723,67.0235546038544,63.10763888888889,76.96350236134188,71.46146769152317,3.9714285714285715,23.076284552170666,19.44,9.03,,,,
2021-10-04,17.21,17.53,15.32,16.74,0,16.057,14.372,14.851600000000001,,4.253596562246995,16.47648204842749,12.715128336340845,,-2.7309703660662543,-7.257617728531873,-4.288164665523153,15.130674002751032,66.88034188034186,60.46901172529313,77.99910149225899,67.67039490390904,3.903571428571429,23.318825738180582,19.44,9.03,,,,
2021-10-05,16.74,17.13,16.3,16.4,0,16.1215,14.464799999999999,14.8148,,1.7275067456502031,13.378684807256239,10.70011070011069,,-2.0310633213859064,-11.54261057173679,-0.7263922518159882,8.537392455327586,63.979057591623025,57.76293823038397,77.71943179119043,67.8359386210997,3.855,23.50609756097561,19.44,9.03,,,,
2021-10-06,16.4,17.59,16.11,17.33,0,16.243000000000002,14.5624,14.7854,,6.692113525826486,19.005109047959117,17.210220893584204,,5.670731707317067,-8.01486199575372,5.0939963614311745,16.30872483221475,64.89795918367346,58.99513776337115,79.44029435513566,67.76111678514046,3.5678571428571426,20.587750391558817,19.44,9.03,,,,
2021-10-07,17.33,17.33,14.45,16.16,0,16.3305,14.620999999999999,14.7509,,-1.0440586632375035,10.525955816975593,9.552637466188507,,-6.751298326601263,-12.173913043478258,-2.6506024096385583,12.144344205412905,54.58128078817734,54.73684210526316,82.72900860891139,68.60859902046367,3.5228571428571427,21.7998585572843,19.44,9.03,,,,
2021-10-08,16.16,16.4,15.53,15.65,0,16.416,14.6602,14.715,,-4.666179337231969,6.7516132112795235,6.354060482500853,,-3.155940594059403,-9.064497385241143,-7.505910165484641,12.266857962697287,39.047619047619065,54.654654654654664,82.66271302481891,68.739292920346,3.0435714285714286,19.44774075764491,19.44,9.03,,,,
2021-10-11,15.65,16.41,12.23,16.09,0,16.519,14.722999999999999,14.6827,,-2.597009504207268,9.284792501528226,9.584749398952503,,2.811501597444077,-3.8829151732377443,-10.858725761772858,14.68282252316464,47.26810673443457,58.0887885628292,82.99887734588731,67.66339426572576,2.985,18.55189558732132,19.44,9.03,,,,
2021-10-12,16.09,16.4,13.94,15.85,0,16.6325,14.784,14.644699999999998,,-4.704644521268604,7.210497835497828,8.230281262163112,,-1.4916096954630254,-3.3536585365853577,-14.509169363538298,16.715758468335796,46.03960396039604,56.77083333333334,82.1151922272807,67.71007424940255,2.9050000000000002,18.32807570977918,19.44,9.03,,,,
2021-10-13,15.85,16.22,13.38,16.1,0,16.751,14.8498,14.6149,,-3.8863351441704954,8.418968605637795,10.1615474618369,,1.5772870662460692,-7.097518753606447,-14.543524416135877,17.261471230881288,46.95863746958637,59.5166163141994,82.14801141449047,67.74397057126855,2.634285714285714,16.3620230700976,19.44,9.03,,,,
2021-10-14,16.1,16.29,12.61,15.77,0,16.819,14.8902,14.5813,,-6.2369938759735986,5.908584169453731,8.152222367004306,,-2.049689440993796,-2.413366336633671,-14.293478260869563,9.437890353920885,43.01336573511542,57.600596125186286,81.3485268184163,66.16253790538444,2.5714285714285707,16.30582480297128,19.44,10.23,,,,
2021-10-18,15.77,17.32,14.16,17.19,0,16.916999999999998,14.9698,14.5648,,1.613761305195976,14.831193469518645,18.02427771064485,,9.004438807863036,9.840255591054326,-0.11621150493899002,12.869336835193712,44.95305164319249,59.816384180790955,84.887260130039,68.1940784777454,2.4671428571428566,14.352198121831625,19.44,10.23,,,,
2021-10-19,17.19,17.54,14.24,17.38,0,16.9115,15.06,14.5299,,2.7703042308488235,15.405046480743682,19.615413733060787,,1.105293775450833,8.017402113113725,3.823178016726403,-0.6289308176100628,42.94403892944039,57.94530672579453,66.67404351033188,67.80818668359095,2.4742857142857138,14.236396514877525,19.44,10.31,,,,
2021-10-20,17.38,18.87,15.23,18.31,0,17.000999999999998,15.174000000000001,14.5139,,7.699547085465568,20.66693027547118,26.15492734551016,,5.350978135788265,15.520504731861195,11.646341463414632,10.835351089588375,47.00564971751412,53.36065573770492,65.75365531154085,68.31075021281416,2.5428571428571423,13.887805258640865,19.44,10.31,,,,
2021-10-21,18.31,18.8,14.91,18.04,0,17.0785,15.2826,14.520299999999999,,5.6298855285885825,18.042741418345038,24.239857303223765,,-1.4746040415073658,12.049689440993783,4.096941719561453,9.399636143117052,47.92626728110599,56.60869565217391,66.1157970983302,68.48364992287766,2.678571428571428,14.84795692112765,19.44,10.31,,,,
2021-10-22,18.04,18.04,14.36,17.55,0,17.125999999999998,15.3794,14.526900000000001,,2.4757678383744195,14.113684539058744,20.81035871383433,,-2.716186252771613,11.287254280279013,8.601485148514865,5.722891566265065,52.13032581453635,54.43143812709031,67.10733142338702,68.9390470757924,2.7928571428571423,15.913715913715908,19.44,12.23,,,,
2021-10-25,17.55,18.76,14.51,17.61,0,17.1605,15.4774,14.529099999999998,,2.6193875469828996,13.778800056857095,21.205029905500012,,0.34188034188034067,2.44328097731239,12.523961661341843,4.07801418439715,55.74636723910172,54.24013434089,66.85244330884585,68.92451755624839,2.938571428571428,16.686947351342578,19.44,12.23,,,,
2021-10-26,17.61,17.73,16.65,16.75,0,17.095499999999998,15.565,14.524499999999998,,-2.020999678277896,7.613234821715391,15.32238631278187,,-4.883588869960242,-3.624856156501721,4.101926662523314,-7.202216066482004,52.163164400494445,49.317269076305216,64.74787302286113,69.66233106244147,2.9564285714285714,17.65031982942431,19.44,12.23,,,,
2021-10-27,16.75,17.03,15.4,16.83,0,17.009999999999998,15.641799999999998,14.5353,18.17335,-1.0582010582010566,7.596312444859289,15.787083857918303,-7.391867762410348,0.47761194029849463,-8.083014746040417,6.18296529968454,-9.223300970873794,46.54696132596685,44.649122807017534,63.8495613216106,68.9589933830907,2.967142857142857,17.63008233596469,19.44,12.23,,,,
2021-10-28,16.83,18.43,16.81,17.91,0,16.9635,15.730799999999999,14.555,18.16275,5.5796268458749685,13.853078037989178,23.05049811061491,-1.391584424164837,6.417112299465244,-0.7206208425720617,11.24223602484471,-4.93630573248407,62.23776223776223,47.372810675562974,68.00501043446337,69.86740502105262,2.8771428571428572,16.064449230278377,19.14,12.23,,,,
2021-10-29,17.91,19.64,16.28,17.43,0,16.915,15.8112,14.573599999999999,18.1476,3.0446349394029006,10.23831208257438,19.599824339902295,-3.9542418832242325,-2.680067001675046,-0.6837606837606924,10.526315789473696,-5.271739130434772,62.5,44.20706655710764,68.16160431738906,70.23481792174232,3.055,17.52725186460126,19.64,12.23,,,,
2021-11-01,17.43,18.1,15.38,17.24,0,16.916500000000003,15.8978,14.593700000000002,18.128800000000002,1.9123341116660988,8.442677603190369,18.13316705153591,-4.902696262300887,-1.0900745840504933,-2.1010789324247603,0.2908667830133549,0.17431725740846282,58.36972343522561,45.13422818791946,64.14080618439411,69.64216203604639,2.950714285714286,17.11551209811071,19.64,12.23,,,,
2021-11-02,17.24,17.79,16.36,17.06,0,16.9325,15.958599999999999,14.616800000000001,18.111,0.7529898124907587,6.9016079104683365,16.7150128619123,-5.803103086522014,-1.044083526682138,1.850746268656711,-1.8411967779056404,1.9115890083632125,58.88399412628487,49.31255728689275,63.43412009367574,67.32386997335784,2.8771428571428572,16.864846759336796,19.64,12.23,,,,
2021-11-03,17.06,17.06,15.7,16.13,0,16.919,16.0074,14.628100000000002,18.08845,-4.663396181807444,0.7658957732048832,10.267225408631313,-10.827074735535673,-5.451348182883942,-4.1592394533571,-11.906062261059525,-1.6463414634146356,50.20026702269691,47.317502198768686,66.11302671571208,68.34553296488288,2.771428571428572,17.181826233283147,19.64,12.23,,,,
2021-11-04,16.13,16.41,14.31,15.75,0,16.84,16.0586,14.6446,18.0553,-6.472684085510688,-1.9217117307859868,7.548174753834173,-12.767996100867885,-2.3558586484810906,-12.060301507537686,-12.694013303769403,-9.117137911136751,49.86737400530504,47.15162138475022,63.04741118641365,68.00970995180555,2.658571428571429,16.87981859410431,19.64,12.23,,,,
2021-11-08,15.75,16.93,13.99,16.34,0,16.848999999999997,16.1154,14.6608,18.022750000000002,-3.020950798266941,1.3936979535102993,11.453672378042125,-9.336810420163417,3.7460317460317416,-6.253585771658066,-6.8945868945868956,1.1138613861386037,43.666169895678074,45.52845528455285,59.96396180956594,68.28267172959512,2.642857142857143,16.174156321035145,19.64,12.23,,,,
2021-11-09,16.34,16.62,14.64,16.0,0,16.8665,16.1646,14.6747,17.9863,-5.137402543503386,-1.0182745010702403,9.03118973471349,-11.043405258446706,-2.0807833537331732,-7.192575406032475,-9.142532651902325,2.2364217252396124,39.94169096209912,49.21875,59.30224632864029,68.52202079329778,2.548571428571429,15.92857142857143,19.64,12.23,,,,
2021-11-10,16.0,16.69,15.14,16.31,0,16.8775,16.2226,14.689099999999998,17.9527,-3.3624648200266773,0.5387545769482007,11.034712814263644,-9.150155686888331,1.937499999999992,-4.396248534583824,-2.626865671641798,1.3673088875077566,33.974358974358964,53.28685258964142,58.866569775533826,68.52995850249162,2.3992857142857145,14.710519400893407,19.64,12.61,,,,
2021-11-11,16.31,17.29,14.65,16.35,0,16.9025,16.2832,14.6997,17.9144,-3.2687472267415973,0.41023877370541806,11.226759729790414,-8.732639664180766,0.2452483139178563,1.3639181649101273,-2.852049910873422,3.154574132492116,35.94009983361066,51.34854771784233,58.55321452005929,68.4815765612664,2.31,14.128440366972475,19.64,12.61,,,,
2021-11-12,16.35,16.35,14.65,15.22,0,16.8585,16.2972,14.7039,17.868499999999997,-9.719132781682823,-6.609724369830397,3.5099531416834973,-14.822173097909713,-6.911314984709483,-3.36507936507936,-15.019542155220545,-5.465838509316779,32.4812030075188,47.00854700854701,63.48629098840419,67.62912739418415,2.1685714285714286,14.248169701520554,19.64,12.61,,,,
2021-11-15,15.22,15.84,13.43,15.47,0,16.8435,16.3228,14.708,17.83135,-8.154480957045735,-5.2245938196878,5.18085395703019,-13.242687738169009,1.6425755584756896,-5.324357405140756,-11.24497991967871,-1.9023462270133074,34.35672514619884,47.008547008547,63.41660745470404,67.46955448867563,2.0371428571428574,13.168344260781236,19.64,13.43,,,,
2021-11-16,15.47,15.68,13.58,15.2,0,16.744,16.342,14.7126,17.7996,-9.221213569039659,-6.988128748011256,3.3128067098949145,-14.604822580282715,-1.7453135100193973,-5.000000000000004,-11.832946635730856,-11.57649796393253,37.6,47.277936962750715,53.889530801024534,67.61887391150886,2.11,13.88157894736842,19.64,13.43,,,,
2021-11-17,15.2,15.41,13.92,14.98,0,16.624000000000002,16.3508,14.708699999999999,17.7636,-9.889316650625611,-8.383687648310781,1.8444865963681487,-15.670247022000044,-1.4473684210526194,-8.154506437768227,-12.192262602579119,-13.80897583429228,35.52425665101724,38.07982740021574,53.605294521228444,67.5789131213294,2.1,14.018691588785048,19.64,13.43,,,,
2021-11-18,14.98,16.15,12.08,14.86,0,16.4515,16.3458,14.7063,17.7258,-9.673889918852383,-9.089796767365325,1.0451303182989524,-16.16739441943382,-0.8010680907877266,-9.113149847094814,-7.873527588344698,-18.842162752594206,21.915285451197065,36.30434782608696,48.633461324454494,67.05213124105836,2.275,15.309555854643339,19.64,12.08,,,,
2021-11-22,14.86,18.08,13.56,17.52,0,16.4255,16.3982,14.7478,17.69715,6.6634196828102645,6.8409947433254885,18.797379948195662,-1.001008636983927,17.900403768506056,15.111695137976344,11.238095238095225,-2.882483370288247,50.59132720105124,46.38609332113449,82.75247461190595,78.00880277558885,2.3578571428571427,13.458088714938029,19.64,12.08,,,,
2021-11-23,17.52,20.03,16.79,18.02,0,16.449,16.470399999999998,14.794,17.6653,9.550732567329307,9.408393238779883,21.806137623360815,2.0078911764872442,2.8538812785388057,16.483516483516468,10.281517747858015,2.678062678062676,54.92424242424243,49.91039426523298,82.71187198570834,77.7181063908371,2.395,13.290788013318537,20.03,12.08,,,,
2021-11-24,18.02,18.02,15.58,17.1,0,16.4235,16.5336,14.835,17.62935,4.119097634487172,3.4257511975613393,15.26794742163802,-3.0026631724935826,-5.105438401775797,12.500000000000021,6.875000000000009,-2.8960817717206044,50.23094688221711,48.05867126833478,84.86681527918756,78.29256872760418,2.467142857142857,14.427736006683373,20.03,12.08,,,,
2021-11-25,17.1,18.07,16.0,16.66,0,16.419,16.5862,14.871100000000002,17.585949999999997,1.4678116815884017,0.44494820995766676,12.029372406883136,-5.265282796778092,-2.5730994152046827,11.214953271028039,2.145922746781115,-0.5373134328358176,53.2435740514076,46.03174603174603,83.49540451321727,78.5996527715279,2.517857142857143,15.113188132395816,20.03,12.08,,,,
2021-11-26,16.66,21.39,16.05,20.8,0,16.6175,16.7306,14.9507,17.57335,25.169249285391913,24.3230966014369,39.123920619101455,18.3610410081174,24.84993997599041,39.97308209959625,27.217125382262996,23.588829471182436,71.16512992455993,63.27868852459016,121.25286905491686,95.32724079931081,2.749285714285714,13.217719780219777,21.39,12.08,,,,
2021-11-29,20.8,23.82,18.89,20.83,0,16.7635,16.8726,15.0381,17.56075,24.258060667521686,23.45459502388488,38.51483897566846,18.616801674188174,0.14423076923075762,18.89269406392693,36.85939553219446,16.30374092685649,69.74494283201406,63.15789473684211,119.7878962358151,95.34726208824453,2.891428571428571,13.8810781153556,23.82,12.08,,,,
2021-11-30,20.83,21.97,18.81,21.17,0,16.950499999999998,17.0078,15.129100000000001,17.54785,24.893071000855453,24.47230094427264,39.9290109788421,20.641560077160456,1.6322611617858973,17.480577136514984,36.84550743374273,21.45725760183592,72.73526824978012,61.272475795297375,119.00543656779983,94.93006027557459,2.975714285714286,14.056279101153923,23.82,12.08,,,,
2021-12-01,21.17,21.17,18.94,19.45,0,17.061,17.092200000000002,15.2008,17.5295,14.002696207725219,13.794596365593645,27.953791905689172,10.95581733648992,-8.124704770902236,13.742690058479523,27.96052631578947,12.819025522041771,62.2848200312989,56.43312101910827,123.35470568946367,96.42550854830606,3.024285714285714,15.54902680866691,23.82,12.08,,,,
2021-12-02,19.45,22.97,18.0,18.09,0,17.1125,17.1042,15.2596,17.50285,5.712198685171653,5.763496685024737,18.548323678209123,3.3545965371353876,-6.992287917737783,8.583433373349347,20.761014686248338,6.03751465416178,56.17021276595744,52.51926496739776,126.34674785475421,92.28069110386919,3.1907142857142854,17.638000473821368,23.82,12.08,,,,
2021-12-03,18.09,18.83,17.21,18.46,0,17.229,17.143,15.308599999999998,17.475350000000002,7.144930059782934,7.68243597970017,20.585814509491414,5.634508035604427,2.0453289110005546,-11.250000000000004,24.226110363391662,14.445133292002499,62.14392803598201,54.1031652989449,124.3968859138355,91.4100518040101,3.1849999999999996,17.25352112676056,23.82,12.08,,,,
2021-12-06,18.46,20.48,18.3,20.08,0,17.4455,17.2148,15.38,17.4544,15.101315525493678,16.643818109998364,30.559167750325077,15.042625355211287,8.775731310942557,-3.6005760921747454,14.61187214611872,27.49206349206348,65.66961250849761,61.12676056338027,126.73511947061058,93.32207099681845,3.168571428571428,15.779738190096754,23.82,12.08,,,,
2021-12-07,20.08,20.08,18.24,18.46,0,17.5515,17.252,15.4347,17.426949999999998,5.176195766743583,7.002086714583829,19.60064011610204,5.92788755347323,-8.06772908366533,-12.801133679735477,2.441731409544956,12.974296205630353,60.1494396014944,57.135334386519226,130.8293857393464,95.30628365106834,3.1499999999999995,17.063921993499452,23.82,12.08,,,,
2021-12-08,18.46,18.46,16.57,17.27,0,17.615000000000002,17.259,15.4812,17.39805,-1.958558047118946,0.06373486297004016,11.554659845490015,-0.7360020232152555,-6.4463705308775765,-11.208226221079688,0.994152046783614,7.937499999999997,56.72342924251321,52.373660030627875,133.0514092177271,96.45338431539271,3.1785714285714284,18.405161717263628,23.82,12.08,,,,
2021-12-09,17.27,17.44,15.54,16.6,0,17.6295,17.23,15.521300000000002,17.37365,-5.839643778893325,-3.6564132327335983,6.9498044622550905,-4.4530078596034794,-3.8795599305153305,-8.23659480375898,-0.36014405762304635,1.7780502759043637,54.948805460750854,51.50602409638554,133.92773670284345,95.7219764126652,3.0235714285714286,18.21428571428571,23.82,12.08,,,,
2021-12-10,16.6,16.93,15.21,16.06,0,17.615,17.1804,15.5592,17.34505,-8.827703661652,-6.52138483388047,3.218674481978496,-7.40874197537627,-3.2530120481927827,-13.001083423618642,-22.788461538461547,-1.7737003058104106,45.278137128072444,49.37965260545906,134.55546810845155,95.78898262228024,2.823571428571429,17.581391211528203,23.82,12.08,,,,
2021-12-13,16.06,16.86,14.68,16.57,0,17.6825,17.135,15.6078,17.320349999999998,-6.291531174890432,-3.29734461628247,6.164866284806322,-4.3321872825895404,3.175591531755928,-17.480079681274894,-20.451272203552563,8.869908015768724,45.31351001939237,50.53346265761397,132.20346337954916,95.99789302888095,2.7478571428571423,16.583326148805927,23.82,12.08,,,,
2021-12-14,16.57,17.33,13.94,16.95,0,17.7565,17.105999999999998,15.6505,17.297399999999996,-4.541998704699687,-0.9119607155384007,8.303249097472925,-2.0083943251586764,2.2933011466505615,-8.179848320693395,-19.933868682097323,9.56690368455073,49.49765572672471,54.35329642677403,132.28324620118556,96.0031671007173,2.8157142857142854,16.61188369152971,23.82,12.08,,,,
2021-12-15,16.95,17.71,15.77,17.22,0,17.857499999999998,17.1062,15.6906,17.27225,-3.569928601427968,0.6652558721399123,9.747237199342274,-0.3025083587836026,1.5929203539823078,-0.2895193977996535,-11.46529562982005,13.289473684210517,51.8970189701897,54.39919557566616,131.97449498711032,94.90804654282528,2.806428571428571,16.297494607599138,23.82,12.08,,,,
2021-12-16,17.22,17.22,15.26,15.9,0,17.9035,17.0894,15.730699999999999,17.2244,-11.190549333929123,-6.95986986084942,1.0762394553325763,-7.689092218016297,-7.665505226480828,-4.216867469879526,-12.106135986733001,6.141522029372504,29.480737018425458,51.67144221585483,135.2640357542934,96.31849518746189,2.565,16.132075471698112,23.82,12.08,,,,
2021-12-17,15.9,16.91,13.76,16.34,0,17.9775,17.0882,15.7765,17.179949999999998,-9.108607982199969,-4.378459989934578,3.5717681361518676,-4.889129479422224,2.767295597484276,1.7434620174346271,-11.484290357529803,9.959623149394359,31.821862348178144,53.21361058601134,135.36062874493783,96.38346639156093,2.4378571428571427,14.919566357754851,23.82,13.56,,,,
2021-12-20,16.34,20.14,16.34,18.97,0,18.05,17.121,15.841700000000001,17.15395,5.096952908587247,10.799602826937681,19.747249348239123,10.58677447468368,16.095471236230097,14.484007242003605,-5.527888446215135,8.276255707762559,42.48633879781419,58.68187579214195,132.45613322246777,102.11821013481186,2.483571428571428,13.092100308758187,23.82,13.76,,,,
2021-12-21,18.97,18.97,16.63,17.54,0,18.026,17.148600000000002,15.8848,17.127200000000002,-2.696105625208036,2.2824020619758887,10.420024174053175,2.410201317203029,-7.538218239325245,3.480825958702072,-4.983748645720487,-2.663706992230852,43.34494773519163,50.04456327985739,135.32647742140924,102.41531762510414,2.491428571428571,14.20426779605799,23.82,13.76,,,,
2021-12-22,17.54,17.54,15.69,16.58,0,18.0,17.1672,15.913699999999999,17.0694,-7.888888888888898,-3.420476257048341,4.186958406907254,-2.8671189379826085,-5.473204104903084,-3.716608594657378,-3.9953676896352097,-3.040935672514633,44.58781362007167,46.85589519650655,135.52336744599864,102.95458786378187,2.2685714285714282,13.682577976908494,23.82,13.76,,,,
2021-12-23,16.58,16.58,15.68,15.83,0,17.9585,17.162,15.942499999999997,17.0204,-11.85232619650862,-7.761333177951283,-0.7056609691077133,-6.993960188949723,-4.523522316043415,-0.4402515723270439,-4.638554216867474,-4.981992797118851,40.82344731332868,47.20633523977122,136.2216170152984,103.35374220117195,2.217142857142857,14.005956141142494,23.82,13.76,,,,
2021-12-24,15.83,16.65,15.33,16.15,0,17.726,17.168,15.975999999999999,16.9831,-8.89089473090376,-5.929636533084813,1.089133700550823,-4.905464844463035,2.0214782059380765,-1.1627906976744318,0.5603985056039873,-22.35576923076924,34.919416730621634,48.87218045112781,100.58479450730363,103.36557081962935,2.1557142857142857,13.34807607253428,23.82,13.76,,,,
2021-12-27,16.15,17.28,15.26,17.12,0,17.5405,17.188399999999998,16.0191,16.95825,-2.397309084689721,-0.39794279863161736,6.872421047374691,0.9538130408503318,6.006191950464412,-9.75224037954664,3.3192516596258326,-17.810849735957746,44.58804523424879,40.534979423868315,103.63029109066363,104.13725371502123,2.1685714285714286,12.666889185580773,22.97,13.76,,,,
2021-12-28,17.12,17.12,15.21,16.48,0,17.306,17.2026,16.0464,16.9199,-4.77291112908818,-4.200527827188913,2.7021637251969417,-2.599897162512769,-3.738317757009346,-6.043329532497143,-2.7728613569321436,-22.153991497401993,46.66103127641589,39.15211970074814,103.72705076993604,104.40361322169653,2.1699999999999995,13.167475728155337,22.97,13.76,,,,
2021-12-29,16.48,16.86,15.8,16.24,0,17.145500000000002,17.183600000000002,16.0767,16.8733,-5.281269137674628,-5.491282385530409,1.0157557210123942,-3.753266995786254,-1.456310679611661,-2.0506634499396825,-5.691056910569103,-16.503856041131115,48.42105263157893,37.64411027568921,100.33710463234098,102.53626490644143,2.11,12.992610837438423,22.97,13.76,,,,
2021-12-30,16.24,16.79,15.29,16.57,0,17.069499999999998,17.167399999999997,16.1137,16.832749999999997,-2.9262720056240528,-3.4798513461560687,2.8317518633212657,-1.56094518126864,2.0320197044335186,4.674668351231848,4.2138364779874316,-8.402432283029293,52.27882037533513,42.24137931034483,97.93118751191193,102.6050993455998,2.0942857142857143,12.639020605224587,20.48,13.76,,,,
2021-12-31,16.57,16.77,15.4,16.22,0,16.9575,17.1256,16.1498,16.80135,-4.349108064278347,-5.287989909842574,0.4346803056384589,-3.460138619813292,-2.112251056125536,0.43343653250773606,-0.7343941248470043,-12.134344528710738,48.413417951042604,44.67236467236467,97.74389880014384,102.00576855860231,2.0364285714285715,12.555046679584288,20.48,13.76,,,,
2022-01-03,16.22,16.81,15.45,16.45,0,16.776,17.0938,16.1882,16.77985,-1.94325226514068,-3.766277831728476,1.6172273631410592,-1.9657505877585344,1.4180024660912505,-3.913551401869164,-13.284132841328411,-18.077689243027883,47.70220588235294,44.22745548535324,91.82332448867761,102.00511474152616,1.8914285714285712,11.498046026921406,20.14,13.76,,,,
2022-01-04,16.45,16.68,15.71,16.12,0,16.659,17.0652,16.2223,16.7519,-3.2354883246293173,-5.538757236950049,-0.6306134148671866,-3.772109432362885,-2.0060790273556117,-2.1844660194174748,-8.095781071835795,-12.676056338028163,44.972577696526514,37.71712158808934,87.93141765226403,101.92010909094495,1.8221428571428568,11.303615739099609,20.14,13.76,,,,
2022-01-05,16.12,17.38,15.09,17.23,0,16.657,17.057599999999997,16.2675,16.7319,3.439995197214387,1.0106931807522936,5.916705086829581,2.9769482246487304,6.885856079404462,6.0960591133005115,3.920386007237653,-0.23161551823971394,56.19757688723205,46.060217809096734,88.77388159752904,103.0788614165263,1.8457142857142854,10.712212917668516,20.14,13.76,,,,
2022-01-06,17.23,18.42,16.4,17.98,0,16.726,17.082199999999997,16.323600000000003,16.72085,7.497309577902675,5.255763309175656,10.147271435222608,7.5304186091018215,4.352872896111437,8.509354254677138,13.58180669614657,8.313253012048193,57.427536231884055,52.340145023071855,88.6492465305197,102.84453379199772,1.765,9.816462736373747,20.14,13.76,,,,
2022-01-07,17.98,18.09,16.86,17.6,0,16.803,17.0976,16.3697,16.70805,4.743200618937098,2.938424106307327,7.5157150100490515,5.338444641954037,-2.1134593993325845,8.508014796547481,8.978328173374628,9.589041095890426,42.20705346985212,53.36021505376344,88.09246633732884,102.99044629135976,1.5814285714285712,8.985389610389609,20.14,13.76,,,,
2022-01-10,17.6,18.39,15.84,17.68,0,16.8585,17.093000000000004,16.4119,16.69605,4.872912773971589,3.434154332182742,7.7267104966518225,5.893310094303743,0.4545454545454408,7.477203647416419,3.2710280373831724,6.698853349426681,50.940860215053775,55.61719833564494,87.56552245943716,102.02950835886666,1.5964285714285713,9.029573367808661,20.14,13.76,,,,
2022-01-11,17.68,18.25,16.44,17.76,0,16.898999999999997,17.0996,16.4554,16.6849,5.094976034084882,3.862078645114522,7.928096551891784,6.443550755473527,0.452488687782826,10.173697270471461,7.7669902912621325,4.778761061946923,58.99390243902441,54.25303788420301,87.29905034842784,101.82261582354641,1.5935714285714284,8.972812097812097,20.14,13.76,29.65,9.03,-40.10118043844856,96.6777408637874
2022-01-12,17.76,17.93,16.55,17.18,0,16.897,17.098399999999998,16.4981,16.66835,1.6748535242942608,0.4772376362700702,4.133203217340172,3.069589971412884,-3.2657657657657713,-0.29019152640743506,5.78817733990149,-0.23228803716608404,60.56338028169012,50.810429880197326,88.09820333653141,102.0841102311985,1.6278571428571424,9.475303509063693,20.14,13.76,29.65,9.03,-42.05733558178752,90.25470653377631
2022-01-13,17.18,17.53,16.61,16.71,0,16.9375,17.0914,16.525,16.64855,-1.3431734317343123,-2.2315316474952276,1.1195158850227067,0.3691012130185552,-2.7357392316647244,-7.0634037819799715,0.8449004224502232,5.094339622641519,54.28134556574925,48.227936066713,83.95320877832607,102.25917738376648,1.5992857142857144,9.57083012738309,20.14,13.76,29.65,9.03,-43.642495784148394,85.0498338870432
2022-01-14,16.71,17.1,15.34,16.56,0,16.948500000000003,17.1,16.553700000000003,16.61905,-2.2922382511726935,-3.1578947368421204,0.038057956831378935,-0.35531513534168746,-0.8976660682226356,-5.909090909090919,2.0961775585696563,1.346389228886169,45.10489510489509,52.49621785173978,83.5758533092542,101.48464635010141,1.5807142857142857,9.545376121463079,20.14,15.09,29.65,9.03,-44.14839797639124,83.38870431893687
2022-01-17,16.56,17.55,16.27,16.77,0,16.8385,17.1204,16.5895,16.5894,-0.40680583187338676,-2.0466811523095285,1.088037614153522,1.0886469673405808,1.26811594202898,-5.147058823529416,1.9452887537994012,-11.59725882973115,52.741020793950845,51.65511932255581,59.163547122290105,101.33388032542463,1.5357142857142858,9.157509157509159,18.97,15.09,29.65,9.03,-43.44013490725126,85.71428571428572
2022-01-18,16.77,17.88,16.77,17.78,0,16.8505,17.1492,16.6323,16.575049999999997,5.51615679059969,3.6783056935600538,6.900428683946299,7.269661328321808,6.022659511031603,0.11261261261261701,10.297766749379655,1.3683010262257822,62.706270627062715,44.766930518909426,57.47235533652007,101.85811282399135,1.5392857142857146,8.657399967861162,18.42,15.09,29.65,9.03,-40.033726812816184,96.89922480620157
2022-01-19,17.78,18.45,15.94,17.82,0,16.9125,17.1856,16.6751,16.5609,5.365853658536579,3.6914626198677927,6.865925841524187,7.602847671322212,0.22497187851517886,3.72526193247964,3.4242600116076494,7.478890229191815,60.8318890814558,51.40280561122245,53.52860370550052,101.70558353663182,1.6114285714285717,9.042809042809044,18.45,15.09,29.65,9.03,-39.89881956155143,97.34219269102992
2022-01-20,17.82,18.45,17.32,17.79,0,17.0105,17.2152,16.718899999999998,16.5499,4.5824637723758785,3.3389098006412925,6.406521960176814,7.4930966350249735,-0.16835016835017313,6.463195691202861,-1.0567296996663034,12.381554011370799,64.40366972477064,56.68508287292818,50.33714742786657,101.65219068257711,1.5942857142857143,8.961695976873044,18.45,15.09,29.65,9.03,-40.0,97.00996677740864
2022-01-21,17.79,19.61,16.98,18.89,0,17.1475,17.266000000000002,16.7746,16.538249999999998,10.161831170724593,9.405768562492753,12.610732893779888,14.220065605490321,6.183249016301295,14.070048309178752,7.32954545454545,16.965944272445842,69.30379746835443,66.27659574468083,53.902031972820254,102.48771832401964,1.6850000000000003,8.92006352567496,19.61,15.09,29.65,9.03,-36.29005059021922,109.19158361018827
2022-01-24,18.89,23.9,18.89,22.83,0,17.433,17.4182,16.8577,16.5482,30.958526931681284,31.0698005534441,35.42772738867103,37.96062411621806,20.85759661196398,36.13595706618962,29.128959276018087,33.352803738317746,83.78650553877137,75.65284178187402,87.86146334924389,110.80940781623285,1.9735714285714288,8.644640510606347,23.9,15.09,29.65,9.03,-23.001686340640813,152.82392026578074
2022-01-25,22.83,24.14,21.18,21.36,0,17.677,17.535999999999998,16.9294,16.55375,20.834983311647903,21.806569343065703,26.171039729700986,29.03420675073623,-6.438896189224696,20.13498312710911,20.270270270270263,29.61165048543688,70.06802721088434,65.68047337278105,90.51367045618319,112.06024439495954,2.021428571428572,9.463616907437133,24.14,15.09,29.65,9.03,-27.959527824620572,136.5448504983389
2022-01-27,21.36,23.87,20.44,21.07,0,17.9185,17.6534,16.9977,16.557550000000003,17.58796774283561,19.35377887545741,23.957947251687006,27.253126217344935,-1.3576779026217234,18.237934904601573,22.642607683352733,29.74137931034484,65.71719226856561,67.42596810933941,90.47236408433413,112.01700423830461,2.1221428571428573,10.071869279273171,24.14,15.09,29.65,9.03,-28.937605396290046,133.33333333333334
2022-01-28,21.07,21.32,20.28,20.7,0,18.125,17.7678,17.0593,16.562099999999997,14.206896551724135,16.502887245466507,21.341438394306913,24.98415056061733,-1.7560512577123877,16.357504215851606,23.877917414721715,24.92456246228123,65.78411405295313,66.76691729323309,91.14742206307474,112.05216129032716,2.108571428571428,10.186335403726707,24.14,15.09,29.65,9.03,-30.185497470489036,129.2358803986711
2022-01-31,20.7,22.11,20.7,21.95,0,18.4115,17.9096,17.1277,16.55685,19.21896640686527,22.559967838477675,28.154977025520054,32.57352696920005,6.038647342995174,16.199047114875587,32.54830917874396,35.326757090012336,69.42675159235668,68.91701828410689,91.73382873193233,112.57646269447447,2.0271428571428567,9.235274975593882,24.14,15.09,29.65,9.03,-25.96964586846543,143.07862679955704
2022-02-01,21.95,22.07,19.75,19.98,0,18.588,17.9588,17.1785,16.554450000000003,7.488702388637828,11.254649531149076,16.30817591757139,20.692623433578262,-8.974943052391794,-12.48357424441523,19.141323792486588,21.458966565349556,58.618012422360245,61.86868686868688,99.2260136233871,107.91470605389894,2.0635714285714286,10.328185328185329,24.14,15.09,29.65,9.03,-32.61382799325464,121.26245847176082
2022-02-02,19.98,19.98,18.55,18.65,0,18.7145,17.971400000000003,17.2209,16.543249999999997,-0.344652542146477,3.775999643878584,8.298637121172519,12.734801202907542,-6.656656656656668,-12.687265917602996,4.893138357705262,15.69478908188584,55.39251650770359,56.493506493506494,102.50764877967767,108.94404331573236,2.067142857142857,11.083875909613177,24.14,15.09,29.65,9.03,-37.099494097807764,106.53377630121817
2022-02-03,18.65,19.6,17.41,19.16,0,18.811,18.0126,17.273100000000003,16.53705,1.8552974323534113,6.369985454626212,10.923922167995304,15.861051396712227,2.7345844504021555,-9.065021357380164,7.519640852974185,11.201392919326757,58.961228968544255,58.87850467289719,100.33879367312821,108.36915892556279,2.157857142857143,11.262302415747092,24.14,15.34,29.65,9.03,-35.37942664418212,112.18161683277962
2022-02-04,19.16,19.78,18.6,18.9,0,18.857,18.057399999999998,17.3218,16.5191,0.22803203054568205,4.666231018862079,9.11106236072463,14.413012815468134,-1.3569937369519947,-8.695652173913048,6.2394603709949426,5.116796440489413,58.490566037735846,55.13214505224339,99.63481273877002,108.22943876158185,2.116428571428571,11.19803476946334,24.14,15.34,29.65,9.03,-36.25632377740304,109.30232558139534
2022-02-07,18.9,21.08,18.18,20.44,0,18.999000000000002,18.0502,17.3904,16.509149999999998,7.584609716300851,13.239742495928027,17.536111877817657,23.81012953422801,8.14814814814817,-6.879271070615022,8.205399682371638,16.136363636363637,62.14427531436135,57.209847596717466,102.77503813421104,94.50235267087564,2.2321428571428568,10.920464076041373,24.14,15.34,29.65,9.03,-31.06239460370994,126.35658914728684
2022-02-08,20.44,20.94,19.56,19.69,0,19.0995,18.027399999999997,17.45,16.492449999999998,3.0917039713081613,9.222627777716172,12.836676217765056,19.387962370660535,-3.669275929549898,-1.4514514514514465,-13.753832676303102,11.36877828054299,56.43097643097643,55.99541021227768,104.06707837499363,94.88693190742293,2.2514285714285713,11.434375680185735,24.14,15.34,29.65,9.03,-33.591905564924105,118.05094130675529
2022-02-09,19.69,19.69,17.89,18.56,0,19.1395,17.9752,17.491500000000002,16.471799999999998,-3.0277697954492178,3.253371311584838,6.10868135951746,12.677424446630003,-5.738953783646538,-0.4825737265415575,-13.108614232209737,4.504504504504481,52.321204516938515,52.38095238095237,106.57848169855819,95.69683555720219,2.200714285714286,11.857296798029559,24.14,15.34,29.65,9.03,-37.403035413153454,105.53709856035438
2022-02-10,18.56,18.93,16.8,17.71,0,19.166,17.9404,17.5163,16.44285,-7.596785975164351,-1.2842523020668408,1.1058271438602887,7.706389099213341,-4.579741379310331,-7.567849686847595,-15.946843853820592,3.0849825378346907,49.761336515513136,49.87012987012987,107.28140794980582,94.48968005936,2.272142857142857,12.829716866983945,24.14,15.34,29.65,9.03,-40.269814502529506,96.12403100775197
2022-02-11,17.71,19.53,16.86,18.68,0,19.264499999999998,17.9522,17.528200000000002,16.42085,-3.0340782267902022,4.054099219037212,6.571125386519995,13.757813998666318,5.477131564088089,-1.1640211640211562,-9.75845410628019,11.789347695990426,49.36861094407697,53.818737270875765,108.09872398695875,93.90285912078372,2.275,12.17880085653105,24.14,15.34,29.65,9.03,-36.99831365935919,106.86600221483944
2022-02-14,18.68,23.54,18.68,22.98,0,19.5855,18.0426,17.5928,16.42285,17.331699471547832,27.365235609058562,30.621617934609613,39.926991965462754,23.019271948608132,12.426614481409004,4.692482915717555,38.768115942029,50.441436138905246,63.35747763101832,133.55164838513517,106.89573348370511,2.2642857142857147,9.853288573915208,24.14,15.94,29.65,9.03,-22.49578414839797,154.48504983388708
2022-02-15,22.98,23.14,20.44,20.61,0,19.7775,18.0532,17.634,16.40935,4.20932878270762,14.162586134314134,16.876488601565153,25.5991248891638,-10.313315926892951,4.672422549517519,3.153153153153143,22.898032200357775,47.90385690329793,57.8824445309459,140.49843818532435,108.01623226853738,2.245714285714286,10.896236223747142,24.14,15.94,29.65,9.03,-30.489038785834737,128.23920265780734
2022-02-16,20.61,21.02,19.35,20.59,0,19.918,18.0958,17.6739,16.39715,3.3738327141279276,13.783308834094097,16.49947097131929,25.57060220831059,-0.09704027171275609,10.9375,10.40214477211796,15.804274465691769,48.63791146424518,57.490196078431374,139.49482921862523,106.3221946346494,2.12,10.296260320543954,24.14,15.94,29.65,9.03,-30.55649241146711,128.01771871539316
2022-02-17,20.59,22.37,19.46,22.01,0,20.127499999999998,18.190600000000003,17.724800000000002,16.38875,9.352875419202604,20.99655866216616,24.17629536017331,34.29944321562047,6.896551724137945,24.280067758328627,14.874739039665986,23.51290684624019,53.5083020889127,58.16287147819375,140.95577912662074,106.106068500407,2.253571428571429,10.238852469656651,24.14,16.8,29.65,9.03,-25.76728499156829,143.7430786267996
2022-02-18,22.01,23.21,21.64,22.17,0,20.3465,18.302,17.766,16.38455,8.962229376059778,21.134302262047875,24.788922661263108,35.310399126005905,0.7269422989550245,18.68308351177732,17.30158730158733,24.62057335581789,50.62571103526735,58.355743373031125,140.85840796558745,105.58783231622715,2.265,10.216508795669824,24.14,16.8,29.65,9.03,-25.22765598650927,145.514950166113
2022-02-21,22.17,23.76,20.57,22.9,0,20.547,18.4388,17.8096,16.38925,11.451793449165319,24.1946330563811,28.582337615667946,39.725734856689584,3.292737934145218,-0.3481288076588429,12.035225048923671,21.228163049232386,58.93512851897184,59.55854844743734,139.94281460522777,105.32262927393663,2.327142857142857,10.1621958827199,24.14,16.8,29.65,9.03,-22.765598650927487,153.59911406423035
2022-02-22,22.9,27.82,22.9,26.66,0,20.7385,18.6406,17.8878,16.41235,28.553174048267728,43.02114738795962,49.04012790840686,62.43865138142923,16.41921397379913,29.35468219311015,35.398679532757725,16.776171703898378,71.33724027703782,63.218781898604966,132.40503287115192,110.8360439989276,2.5764285714285715,9.664023148644304,27.82,16.8,29.65,9.03,-10.084317032040467,195.23809523809527
2022-02-23,26.66,26.66,23.91,24.54,0,20.8975,18.7924,17.949199999999998,16.43095,17.430314630936707,30.584704454992433,36.71918525616742,49.3522894294,-7.951987996999255,19.184069936862546,32.2198275862069,14.8876404494382,63.19921491658488,53.101196953210014,133.64936457827184,112.67847661838513,2.6164285714285715,10.661893119105834,27.82,16.8,29.65,9.03,-17.234401349072513,171.7607973421927
2022-02-24,24.54,33.97,24.54,31.98,0,21.442999999999998,19.0876,18.096899999999998,16.4897,49.139579349904416,67.5433265575557,76.71534903768051,93.93924692383732,30.317848410757954,45.297592003634705,80.57594579333708,51.7797816801139,73.7300435413643,65.8318425760286,168.85079727227594,130.52703362135688,3.205714285714286,10.024122219244171,33.97,16.8,33.97,9.03,-5.858110097144535,254.1528239202658
2022-02-25,31.98,31.98,26.15,26.74,0,21.744999999999997,19.3044,18.1969,16.52425,22.970797884571173,38.517643646008146,46.948106545620405,61.822775617652844,-16.38524077548469,20.613441587731153,43.14775160599571,29.178743961352648,60.07677543186179,57.3655494933749,181.37556952036866,135.0818038501623,3.4150000000000005,12.771129394166044,33.97,16.8,33.97,9.03,-21.283485428319107,196.12403100775197
2022-02-28,26.74,29.79,26.74,28.57,0,22.076,19.549,18.3186,16.5667,29.41656097119043,46.145582894265694,55.9617001299226,72.45438137951432,6.843679880329101,24.75982532751093,24.32550043516102,30.159453302961282,63.729128014842296,59.849812265331664,181.64343984001513,135.60667762947347,3.5342857142857147,12.370618530926548,33.97,16.8,33.97,9.03,-15.896379158080656,216.38981173864894
2022-03-02,28.57,30.84,28.57,29.23,0,22.5385,19.7542,18.4376,16.6115,29.689198482596453,47.96853327393668,58.53473337093765,75.96243566204136,2.31011550577529,9.639909977494376,41.82435710819992,46.296296296296305,66.7398807656103,59.2479674796748,177.034690024105,131.42081003167814,3.567857142857143,12.206148282097649,33.97,16.8,33.97,9.03,-13.95348837209302,223.69878183831676
2022-03-03,29.23,29.23,27.22,28.16,0,23.014,19.9666,18.5576,16.65425,22.360302424611113,41.03552933398776,51.7437599689615,69.08596904693995,-3.6606226479644177,14.751426242868781,36.76542010684798,50.99195710455766,66.28233094421938,60.63442537701507,175.29662050626814,130.3818019236527,3.5592857142857146,12.63950892857143,33.97,16.8,33.97,9.03,-17.10332646452752,211.84939091915842
2022-03-04,28.16,29.93,27.22,27.96,0,23.454,20.194200000000002,18.680699999999998,16.697850000000003,19.212074699411616,38.455596161274016,49.6731921180684,67.44670721080855,-0.7102272727272707,-12.570356472795496,27.033166742389824,45.92901878914406,64.81481481481481,62.469863380658985,175.6932168085855,129.5527316991906,3.5621428571428573,12.740138974044553,33.97,16.8,33.97,9.03,-17.692081248160136,209.63455149501664
2022-03-07,27.96,30.28,27.96,29.33,0,23.9755,20.4642,18.8131,16.7479,22.33321515713957,43.323462436840906,55.90200445434299,75.12643376184475,4.899856938483538,9.685863874345557,32.295895354082084,55.18518518518518,61.18351532229658,63.31500392772977,175.2986587955519,129.0802061900099,3.3807142857142862,11.526472164044618,33.97,16.8,33.97,9.03,-13.659110980276717,224.80620155038758
2022-03-08,29.33,30.06,27.11,28.59,0,24.383,20.713,18.9405,16.7926,17.2538243858426,38.02925698836479,50.9463847311317,70.25356406988791,-2.5230139788612327,0.07000350017500878,24.8471615720524,39.87279843444227,64.91031390134529,62.52909231962763,175.04245699734324,129.39642364848544,3.398571428571429,11.88727327237296,33.97,16.8,33.97,9.03,-15.837503679717397,216.61129568106315
2022-03-09,28.59,28.59,27.31,27.47,0,24.772,20.92,19.0542,16.83455,10.891328919748105,31.3097514340344,44.167690063083185,63.1763248794889,-3.91745365512417,-6.021211084502232,3.0382595648912103,39.51244286439817,62.34745154343144,59.18954248366013,175.15554683057042,129.51814946028844,3.3707142857142864,12.27052888865776,33.97,16.8,33.97,9.03,-19.134530468060053,204.2081949058693
2022-03-10,27.47,27.47,22.96,25.58,0,25.122999999999998,21.101999999999997,19.1523,16.866799999999998,1.8190502726585234,21.22073737086533,33.560982231899025,51.658880166955214,-6.880232981434298,-9.161931818181824,4.237978810105947,37.823275862068975,56.30074126367807,57.47651688245748,175.88835594086441,130.33049077218303,3.4850000000000003,13.62392494136044,33.97,16.8,33.97,9.03,-24.698263173388284,183.27796234772978
2022-03-11,25.58,25.87,24.58,25.35,0,25.505000000000003,21.284200000000002,19.2339,16.899350000000002,-0.6077239756910453,19.102432790520663,31.79854319716752,50.005769452671245,-0.8991399530883348,-9.334763948497848,-20.731707317073166,43.13946922642575,55.598591549295776,58.82047285009094,174.49773573445768,130.27827756898043,3.4650000000000003,13.668639053254438,33.97,16.86,33.97,9.03,-25.375331174565787,180.73089700996678
2022-03-14,25.35,26.21,25.09,25.68,0,25.855,21.4664,19.3169,16.9234,-0.6768516727905655,19.628815264785896,32.94058570474558,51.742557642081366,1.3017751479289963,-12.444595976815542,-3.9640987284966345,37.47323340471092,54.964285714285715,60.495127732420336,174.13220494847727,130.26467066792014,3.317142857142858,12.917222963951941,33.97,18.68,33.97,9.03,-24.403885781571972,184.38538205980066
2022-03-15,25.68,27.54,23.66,26.73,0,26.0425,21.676599999999997,19.4011,16.9575,2.6399155227032733,23.31269664061709,37.77569313080187,57.62936753648829,4.088785046728982,-6.505771248688353,-6.440322016100808,16.318537859007833,50.13839462238039,60.57818659658345,156.04480337461428,130.20067314478945,3.2428571428571433,12.131901020789911,33.97,19.35,33.97,9.03,-21.312923167500735,196.0132890365449
2022-03-16,26.73,26.73,24.01,24.12,0,26.218,21.83,19.4619,16.9911,-8.002135937142416,10.490151168117283,23.93445655357391,41.95667143386833,-9.764309764309765,-12.195121951219502,-17.48203900102634,17.030567685589524,49.18541505042669,51.567656765676574,155.51940078042406,132.55263846801034,3.240714285714286,13.435797204453923,33.97,19.35,33.97,9.03,-28.99617309390638,167.10963455149505
2022-03-17,24.12,24.12,20.77,22.61,0,26.319,21.9598,19.5125,17.0197,-14.092480717352482,2.960864853049655,15.87443946188341,32.846054865831945,-6.260364842454402,-11.6106333072713,-19.708806818181824,9.810587663914516,26.397984886649866,52.816901408450704,157.732330185714,133.40469059063022,2.806428571428572,12.412333354394391,33.97,19.46,33.97,9.03,-33.44127171033265,150.3875968992248
2022-03-21,22.61,24.71,22.61,24.62,0,26.4495,22.1076,19.5826,17.05585,-6.916954951889448,11.36441766632289,25.723856893364527,44.34929950720721,8.889871738168953,-2.8796844181459558,-11.945636623748213,11.858246251703775,43.62214199759327,55.37476660442785,158.89065122831323,133.93400055228855,2.54,10.316815597075548,33.97,20.57,33.97,9.03,-27.524286134824838,172.64673311184941
2022-03-22,24.62,25.16,23.76,24.07,0,26.5445,22.229400000000002,19.655800000000003,17.09015,-9.32208178718755,8.280025551746778,22.457493462489428,40.841361837081585,-2.2339561332250235,-6.269470404984423,-17.933856120013637,8.5701398285972,35.33246414602347,52.81267067176406,159.30690980022933,133.91316916468165,2.4221428571428576,10.062911745504186,33.97,20.57,33.97,9.03,-29.143361789814538,166.55592469545962
2022-03-23,24.07,24.98,20.46,24.75,0,26.637,22.3724,19.735,17.13515,-7.0841310958441275,10.627380164845976,25.4117050924753,44.439937788697506,2.8250934773577097,-7.4074074074074066,-13.431269674711432,8.078602620087349,35.41666666666667,53.47334410339256,159.22077480552989,133.79841175025354,2.582857142857143,10.435786435786436,33.97,20.46,33.97,9.03,-27.14159552546364,174.08637873754157
2022-03-24,24.75,25.53,23.81,23.93,0,26.5005,22.497400000000003,19.7952,17.1751,-9.699816984585194,6.367846951203237,20.887892014225663,39.32961089018404,-3.3131313131313123,-0.787728026534007,-12.886785584273753,-10.240060015003749,36.002647253474514,51.3832930432447,148.66177734719608,134.14576257281126,2.5621428571428573,10.70682347322548,33.97,20.46,33.97,9.03,-29.55549013835737,165.00553709856035
2022-03-25,23.93,24.27,22.91,23.43,0,26.445,22.610799999999998,19.8552,17.214399999999998,-11.401020986954059,3.6230473932810967,18.004351504895443,36.10698020262108,-2.089427496865859,3.6267138434321167,-8.405003909304142,-4.523227383863082,35.3017521090201,45.245805122166615,146.01456632057,134.31402427618406,2.4657142857142857,10.523748551917567,33.97,20.46,33.97,9.03,-31.02737709743891,159.46843853820602
2022-03-28,23.43,24.21,19.59,22.61,0,25.976499999999998,22.7194,19.9089,17.2513,-12.959790579947256,-0.4815268008838298,13.567299047159814,31.062586587677444,-3.4997865983781518,-8.164094232331443,-10.808678500986202,-29.299562226391494,27.38896366083445,47.0462197734925,93.06209747173884,134.35222912247167,2.6300000000000003,11.632021229544451,31.98,19.59,33.97,9.03,-33.44127171033265,150.3875968992248
2022-03-29,22.61,22.61,21.1,21.3,0,25.704500000000003,22.8112,19.9513,17.28405,-17.13513198078158,-6.624815879918631,6.759960503826823,23.235005684431602,-5.7938965059708085,-11.508101371001246,-17.056074766355135,-20.34405385190725,26.37718729747246,29.879427279577996,76.84864881327513,134.9494875862854,2.527142857142857,11.864520456069751,30.84,19.59,33.97,9.03,-37.297615543126284,135.88039867109637
2022-03-30,21.3,21.3,19.73,20.61,0,25.3065,22.892200000000003,19.9961,17.3121,-18.558473119554268,-9.96933453315978,3.0700986692405072,19.049682014313678,-3.2394366197183166,-16.727272727272734,-22.895622895622903,-27.861393069653484,27.133333333333326,36.061846293769904,71.29969917318346,135.2047600957492,2.547857142857143,12.362237471407779,30.84,19.59,33.97,9.03,-39.32881954665881,128.23920265780734
2022-03-31,20.61,20.94,20.21,20.56,0,24.872999999999998,22.968000000000004,20.0442,17.3444,-17.340087645237805,-10.484151863462229,2.5733129783179107,18.539701575148165,-0.24260067928190132,-14.082741328875892,-14.759535655058054,-29.661306876496752,30.927051671732528,30.183077684314696,70.04402106207239,135.2187386100145,2.277857142857143,11.079071706503614,30.28,19.59,33.97,9.03,-39.47600824256698,127.68549280177189
2022-04-01,20.56,20.86,18.12,18.44,0,24.387,22.981200000000005,20.0652,17.363000000000003,-24.385943330462947,-19.760499886864054,-8.099595319259212,6.202845130449795,-10.311284046692592,-21.297481860862135,-18.443166740380356,-34.517045454545446,27.04318936877077,25.103830179972306,76.27576519832058,136.89924168928908,2.3814285714285717,12.914471645491169,30.28,18.12,33.97,9.03,-45.71680894907271,104.20819490586935
2022-04-04,18.44,18.83,17.59,17.91,0,23.8845,22.982999999999997,20.0843,17.3795,-25.014130503045905,-22.072836444328406,-10.8258689623238,3.0524468482982825,-2.8741865509761433,-20.787262273330388,-27.254264825345253,-35.94420600858369,24.524590163934434,25.745385707524846,76.1833192317318,137.0979351875327,2.3899999999999997,13.344500279173644,30.28,17.59,33.97,9.03,-47.277009125699145,98.3388704318937
2022-04-05,17.91,18.63,16.79,18.49,0,23.3425,22.997,20.1061,17.3976,-20.788261754310817,-19.598208461973307,-8.037859157171221,6.2790269922288005,3.2384142936906724,-13.192488262910807,-23.18238471125884,-36.95874531196727,22.124492557510152,27.986982798698264,74.36760884260482,137.24465620738616,2.244285714285714,12.137835123232636,30.06,16.79,33.97,9.03,-45.56962025316456,104.76190476190477
2022-04-06,18.49,19.28,16.81,19.02,0,22.863999999999997,22.9996,20.1328,17.41625,-16.812456263121057,-17.302909615819413,-5.527298736390368,9.208354266848477,2.866414277988105,-7.714701601164487,-23.151515151515156,-33.47324239244492,29.92125984251969,25.060474117077888,76.46407721361078,136.72942993666913,2.2264285714285714,11.705723298783235,28.59,16.79,33.97,9.03,-44.00942007653812,110.6312292358804
2022-04-07,19.02,19.49,17.72,19.0,0,22.4405,22.923,20.1706,17.43725,-15.33165482052539,-17.11381581817388,-5.80349617760503,8.962135657858902,-0.1051524710830698,-7.587548638132291,-20.601755119097366,-30.833636694575894,33.89830508474576,25.96491228070174,76.3309356302092,128.40868384508303,2.113571428571429,11.124060150375941,27.54,16.79,33.97,9.03,-44.06829555490138,110.40974529346623
2022-04-08,19.0,20.09,17.53,17.69,0,22.046,22.8496,20.192800000000002,17.4504,-19.758686383017317,-22.580701631538396,-12.394516857493763,1.37303442901024,-6.894736842105253,-4.067245119305851,-24.498506188647028,-30.84440969507427,17.031398667935306,25.71996027805362,76.34396958344655,128.5290681896518,2.1464285714285714,12.133570217233302,27.54,16.79,33.97,9.03,-47.92463938769502,95.9025470653378
2022-04-11,17.69,19.15,16.64,18.27,0,21.692,22.7936,20.2235,17.468049999999998,-15.775401069518718,-19.84592166222098,-9.65955447870053,4.590953197408993,3.2786885245901454,2.010050251256268,-19.195046439628484,-27.92899408284024,22.48576850094875,30.5894848645778,78.3505078467376,128.71231188750667,2.2257142857142855,12.182344202048636,27.54,16.64,33.97,9.03,-46.21725051516044,102.32558139534885
2022-04-12,18.27,18.67,15.09,18.16,0,21.316,22.742800000000003,20.2553,17.482,-14.805779696002997,-20.15055314209333,-10.344453056730822,3.878274796933994,-0.6020799124247356,-1.7847485127095664,-14.741784037558691,-29.283489096573213,16.950852557673002,30.785676109032593,77.73442258569251,128.65655403100962,2.1585714285714284,11.886406544996852,27.54,15.09,33.97,9.03,-46.54106564615837,101.1074197120709
2022-04-13,18.16,18.4,16.19,17.79,0,20.869,22.6596,20.284599999999998,17.49545,-14.753941252575595,-21.49022930678389,-12.297999467576382,1.6835805880957473,-2.037444933920707,-6.466876971608837,-13.682678311499274,-33.445566778900115,17.752100840336112,28.959999999999994,74.77140106730897,127.99632871469133,2.193571428571428,12.330362161728095,26.73,15.09,33.97,9.03,-47.63026199587872,97.00996677740864
2022-04-18,17.79,20.48,17.79,19.34,0,20.630000000000003,22.6468,20.3028,17.5253,-6.2530295685894455,-14.601621421127927,-4.7422030458853035,10.354744283978011,8.71275997751546,1.7894736842105186,-5.933852140077811,-19.81757877280266,30.652790917691576,30.8051948051948,77.7297120076141,127.86269358618976,2.2885714285714287,11.833357955384843,25.53,15.09,33.97,9.03,-43.06741242272593,114.17497231450722
2022-04-19,19.34,20.81,14.63,19.78,0,20.4885,22.6694,20.3204,17.5572,-3.458037435634611,-12.745815945724184,-2.6593964685734446,12.660333082723893,2.2750775594622574,11.814584511023174,7.266811279826468,-12.516585581601058,36.113837095191364,37.29508196721312,75.92953550485355,126.95638866762096,2.3999999999999995,12.133468149646104,25.53,14.63,33.97,9.03,-41.77215189873417,119.04761904761907
2022-04-20,19.78,20.27,17.84,18.67,0,20.191,22.6596,20.336100000000002,17.58555,-7.5330592838393216,-17.606665607512927,-8.192819665520922,6.166710736940273,-5.61172901921132,2.1893814997263394,4.243439419318817,-24.16734362307067,36.83683683683684,38.18944844124701,69.14372895965997,127.55256888845297,2.4657142857142853,13.206825311806561,25.53,14.63,33.97,9.03,-45.0397409478952,106.75526024363238
2022-04-21,18.67,18.67,13.35,17.85,0,19.880000000000003,22.638599999999997,20.348,17.60955,-10.211267605633807,-21.152368079298174,-12.276390800078621,1.3654522687973443,-4.392072844134976,-1.7070484581497736,-3.4613304488912755,-25.8412962193602,36.363636363636374,28.147191736604256,69.95713241426718,127.93009532610358,2.733571428571428,15.314125650260099,25.53,13.35,33.97,9.03,-47.453635560788925,97.6744186046512
2022-04-22,17.85,18.76,17.81,18.35,0,19.56,22.5968,20.3235,17.6371,-6.186094069529639,-18.793811513134603,-9.710433734346928,4.042047728935036,2.8011204481792618,3.147835862844306,-3.5226077812828493,-25.858585858585847,39.54588457899717,31.476683937823836,69.93802139409559,126.77631647237777,2.7492857142857146,14.982483456597897,25.53,13.35,33.97,9.03,-45.98174860170738,103.21151716500556
2022-04-25,18.35,21.76,18.35,21.26,0,19.4265,22.628200000000003,20.3278,17.68295,9.438138625074002,-6.046437630920716,4.585838113322651,20.22880797604472,15.858310626702998,9.927611168562578,11.894736842105269,-11.157542833263678,62.41197183098592,40.124504810413136,92.44055679230837,131.30690404635018,2.7971428571428567,13.15683375890337,24.27,13.35,33.97,9.03,-37.4153664998528,135.437430786268
2022-04-26,21.26,21.26,19.01,19.19,0,19.2145,22.640800000000002,20.308,17.71855,-0.12750787165942254,-15.24151090067489,-5.5052196178845705,8.304573455502853,-9.736594543744125,-2.982810920121337,8.479366873940087,-18.09645753307725,54.96124031007752,37.473572938689216,98.07176624363326,132.5793468207386,2.869285714285714,14.951983920196529,24.21,13.35,33.97,9.03,-43.50897851045039,112.51384274640091
2022-04-27,19.19,21.37,19.19,20.61,0,19.1145,22.698800000000002,20.3196,17.7602,7.823903319469512,-9.202248577017299,1.4291619913777742,16.04599047308025,7.399687337154748,10.391001606855909,12.807881773399021,-8.845643520566126,57.714701601164485,42.89314516129033,101.68012227765144,132.9977405769478,2.8935714285714282,14.03964788244264,22.61,13.35,33.97,9.03,-39.32881954665881,128.23920265780734
2022-04-28,20.61,20.61,19.02,19.38,0,19.0185,22.7128,20.3325,17.79605,1.9007808186765494,-14.673664189355792,-4.684618222058283,8.900570632247032,-5.9679767103347885,8.571428571428562,6.718061674008813,-9.014084507042263,51.24653739612187,42.02469135802468,101.80733936343746,133.3332041749577,2.830714285714286,14.60636886333481,21.76,13.35,33.97,9.03,-42.94966146599941,114.61794019933555
2022-04-29,19.38,19.65,18.21,19.42,0,18.959,22.641599999999997,20.342100000000002,17.82535,2.431562846141685,-14.22867641862764,-4.532963656652952,8.945967400359608,0.20639834881321928,5.831062670299736,9.162450815064659,-5.773896166909253,51.45228215767634,45.047418335089574,101.21149332319766,122.8533352414069,2.807142857142857,14.454906576430776,21.76,13.35,33.97,9.03,-42.83191050927288,115.06090808416394
2022-05-02,19.42,21.06,19.42,20.28,0,18.945,22.635,20.3441,17.86205,7.046714172604913,-10.404241219350565,-0.3150790646919737,13.536800087336006,4.4284243048403615,-4.609595484477891,4.860392967942095,-1.3618677042801397,59.24339757316202,49.138381201044396,102.47863811473034,120.96734503439401,2.741428571428571,13.517892364046208,21.76,13.35,33.97,9.03,-40.30026493965263,124.58471760797345
2022-05-04,20.28,22.39,18.43,21.88,0,19.117,22.6608,20.3783,17.906499999999998,14.45310456661609,-3.4455976841064717,7.369113223379769,22.190266104487208,7.8895463510848085,14.017717561229803,10.616784630940334,18.655097613882845,62.009314703925476,53.18840579710145,98.16544517750312,122.17644426766418,2.8449999999999998,13.00274223034735,22.39,13.35,33.97,9.03,-35.590226670591704,142.3034330011074
2022-05-05,21.88,21.88,19.62,20.29,0,19.235999999999997,22.6264,20.4085,17.94485,5.479309627781255,-10.325990877912531,-0.580640419433084,13.068652008793613,-7.266910420475314,-1.5526443474041751,8.677021960364195,13.288665549972078,56.450635978195024,54.58601883986118,101.66260520964269,122.43904072544704,2.750714285714285,13.556995001056112,22.39,13.35,33.97,9.03,-40.270827200471004,124.69545957918051
2022-05-06,20.29,21.81,19.33,21.25,0,19.374,22.608,20.455,17.988149999999997,9.683080417053791,-6.00672328379335,3.886580298215604,18.133326662274904,4.731394775751596,9.649122807017552,19.047619047619047,14.926987560843719,60.11695906432749,58.10679611650485,102.27055403924848,122.87139551940962,2.77,13.035294117647059,22.39,13.35,33.97,9.03,-37.44480423903444,135.32668881506092
2022-05-09,21.25,22.52,18.96,22.03,0,19.5245,22.5906,20.514699999999998,18.03695,12.832594944812934,-2.4815631280266897,7.386410720117786,22.138166375135484,3.6705882352941144,13.439752832131813,20.054495912806548,15.825446898002117,58.2363747703613,58.50961538461539,102.51604595793098,122.92331646014134,2.8321428571428564,12.855845924388817,22.52,13.35,33.97,9.03,-35.14866058286723,143.96456256921377
2022-05-10,22.03,22.52,21.22,22.3,0,19.689500000000002,22.503399999999996,20.572,18.089899999999997,13.258335661139176,-0.9038634161948637,8.399766673147976,23.27320770153514,1.225601452564673,9.960552268244571,4.891815616180617,17.36842105263159,57.79702970297029,57.984420642648494,102.4463097487921,117.21428017135433,2.483571428571429,11.137091607943628,22.52,13.35,33.97,9.03,-34.3538416249632,146.95459579180513
2022-05-11,22.3,24.19,20.48,22.8,0,19.945,22.468600000000002,20.6305,18.1405,14.314364502381553,1.474947259731352,10.515983616490145,25.68562057275159,2.2421524663677195,4.20475319926874,18.811881188118807,28.886376483889187,63.27974276527331,59.03901046622264,98.15337216256587,115.93039141850305,2.575,11.293859649122808,24.19,13.35,33.97,9.03,-32.88195466588166,152.4916943521595
2022-05-12,22.8,25.32,21.15,24.27,0,20.245,22.3144,20.701,18.1958,19.881452210422317,8.763847560319796,17.240713009033374,33.38242891216655,6.447368421052624,19.615574174470197,17.75836972343523,32.840722495894916,69.81481481481481,65.53352219074598,99.56837666415358,94.3018899171095,2.492857142857143,10.27135205132733,25.32,13.35,33.97,9.03,-28.554607006181925,168.77076411960135
2022-05-13,24.27,24.27,20.97,23.49,0,20.5115,22.2494,20.7769,18.253800000000002,14.521122297247867,5.575880697906447,13.058252193541852,28.685533971008752,-3.213844252163167,10.541176470588232,21.207430340557277,29.350220264317173,65.59466019417474,62.20767072029934,100.76367983378816,87.16810058428511,2.660714285714285,11.327008453445234,25.32,13.35,33.97,9.03,-30.850750662349135,160.1328903654485
2022-05-16,23.49,24.71,21.28,24.53,0,20.8485,22.1686,20.858800000000002,18.31765,17.658344725040166,10.652003283924106,17.60024545994975,33.91455781718725,4.427415921668798,11.34816159782115,26.313079299691044,37.88645306351886,61.190965092402465,64.27610936799641,100.38025522934313,86.34134710653967,2.662142857142857,10.852600314483722,25.32,13.35,33.97,9.03,-27.789225787459515,171.65005537098563
2022-05-17,24.53,24.84,17.1,22.74,0,21.0185,22.038800000000002,20.8965,18.3691,8.190403691985628,3.1816614334718607,8.822051539731529,23.794851135874914,-7.2971871178149295,1.9730941704035665,12.130177514792884,17.580144777662877,62.386601535240736,60.42983565107458,101.84671551010247,87.61208180652027,3.0542857142857143,13.431335594923988,25.32,13.35,33.97,9.03,-33.058581100971445,151.82724252491695
2022-05-18,22.74,23.06,21.34,22.3,0,21.1445,21.921599999999998,20.9441,18.41445,5.464778074676629,1.7261513758119973,6.473899570762182,21.100548753831923,-1.9349164467897917,-2.1929824561403466,1.9195612431444298,12.740141557128414,56.329588014981276,56.54288240495137,102.24643475250524,87.36229133738486,3.0214285714285714,13.549007046764894,25.32,13.35,33.97,9.03,-34.3538416249632,146.95459579180513
2022-05-19,22.3,25.15,22.3,24.56,0,21.439,21.8536,21.023899999999998,18.468799999999998,14.557581976771298,12.384229600614995,16.819429316159233,32.98102746253141,10.134529147982052,1.1948908117016765,21.04484967964515,31.547937868237796,68.01112656467315,59.779050736497545,104.41391856083175,90.44990448586606,3.1114285714285708,12.66868310842252,25.32,13.35,33.97,9.03,-27.70091256991463,171.98228128460687
2022-05-20,24.56,24.56,22.44,23.1,0,21.7015,21.729,21.096600000000002,18.519550000000002,6.444255005414382,6.3095402457545315,9.496316942066489,24.73305236898304,-5.944625407166115,-1.6602809706257826,8.705882352941185,29.41176470588236,61.64556962025317,58.93505445744252,105.72936083796132,90.64249101828294,3.1599999999999993,13.679653679653676,25.32,17.1,33.97,9.03,-31.998822490432726,155.81395348837214
2022-05-23,23.1,23.98,20.5,23.4,0,21.954,21.6252,21.1691,18.57255,6.586499043454486,8.207091726319291,10.538473529814675,25.992391997867813,1.298701298701288,-4.606604158173678,6.218792555605979,27.520435967302426,60.23622047244094,61.43386897404203,105.6195299135898,90.57042691951524,3.2914285714285714,14.065934065934066,25.32,17.1,33.97,9.03,-31.115690314983812,159.13621262458472
2022-05-24,23.4,25.99,23.16,25.64,0,22.173,21.5886,21.254300000000004,18.6367,15.636134036891727,18.766385962961937,20.634412801174328,37.57800468967145,9.572649572649583,12.752858399296407,14.977578475336317,20.602069614299158,61.83879093198993,64.01384083044982,96.16433080686173,92.79099777792369,3.2107142857142854,12.522286605749944,25.99,17.1,33.97,9.03,-24.521636738298493,183.94241417497233
2022-05-25,25.64,25.64,24.36,25.28,0,22.4775,21.582600000000003,21.3423,18.69435,12.4680235791347,17.13139288130252,18.450213894472476,35.2280234402373,-1.404056162246492,13.363228699551577,10.877192982456151,31.73527879103699,67.03071672354949,58.56777493606138,87.88475303616868,91.49967938577144,3.1407142857142856,12.423711573236888,25.99,17.1,33.97,9.03,-25.581395348837205,179.95570321151718
2022-05-26,25.28,25.28,22.54,22.72,0,22.583000000000002,21.53,21.4071,18.7419,0.6066510206792582,5.527171388759859,6.133011944635187,21.225702836958888,-10.126582278481022,-7.491856677524433,-6.386485372888339,10.237748665696266,54.523076923076914,57.36951983298539,94.16080514980362,94.33834490838952,3.1592857142857143,13.905306841046277,25.99,17.1,33.97,9.03,-33.11745657933471,151.60575858250277
2022-05-27,22.72,22.72,21.2,21.48,0,22.688,21.446000000000005,21.456200000000003,18.784950000000002,-5.324400564174887,0.1585377226522212,0.11092364910840606,14.346857457698839,-5.457746478873238,-7.012987012987015,-8.556832694763717,10.835913312693513,48.35427887492519,51.830037862852336,93.70104559294552,95.05911028957429,3.0135714285714283,14.029662144187283,25.99,17.1,33.97,9.03,-36.76773623785693,137.87375415282395
2022-05-30,21.48,21.48,19.72,19.98,0,22.716,21.311000000000003,21.4938,18.8218,-12.044374009508719,-6.245600863403889,-7.042961226027971,6.153502853074631,-6.983240223463683,-14.615384615384608,-18.5487158581329,2.883625128733258,43.5340022296544,51.247920133111485,97.57965812651857,95.74809638656531,3.0464285714285713,15.247390247390246,25.99,17.1,33.97,9.03,-41.183397115101556,121.26245847176082
2022-05-31,19.98,20.75,19.68,20.48,0,22.726,21.238200000000003,21.534100000000002,18.86115,-9.882953445392936,-3.569982390221403,-4.895026957244564,8.582986721382323,2.5025025025025016,-20.124804992199685,-9.938434476693047,0.9861932938856066,43.5340022296544,52.16326530612244,96.74056024867707,93.51481097232062,2.8578571428571427,13.954380580357142,25.99,17.1,33.97,9.03,-39.71151015602001,126.79955703211519
2022-06-01,20.48,21.34,18.23,20.85,0,22.674500000000002,21.203000000000003,21.581400000000002,18.90185,-8.046483935698694,-1.6648587464038178,-3.38902944201952,10.306663104405134,1.806640625,-17.52373417721519,-6.502242152466364,-4.707495429616082,39.84560570071259,51.187005414410656,92.67327974378796,92.55637722268565,2.782142857142857,13.343610825625213,25.99,17.1,33.97,9.03,-38.622313806299665,130.89700996677743
2022-06-02,20.85,21.0,18.38,20.32,0,22.676000000000002,21.116999999999997,21.6123,18.9399,-10.389839477862063,-3.7742103518492076,-5.979465397019293,7.286733298486257,-2.541966426858522,-10.563380281690138,-17.263843648208464,0.14785608674223738,40.44605183845691,46.5998256320837,89.26739758936407,90.44554596080634,2.733571428571428,13.452615298087736,25.99,17.1,33.97,9.03,-40.18251398292611,125.0276854928018
2022-06-03,20.32,20.32,18.74,19.98,0,22.6125,21.0352,21.6323,18.97795,-11.64179104477612,-5.016353540731722,-7.638115225842839,5.280075034447875,-1.67322834645669,-6.983240223463683,-13.506493506493511,-5.976470588235294,35.6828193832599,49.28538497003227,87.79801845921472,90.3902535547574,2.6014285714285714,13.02016302016302,25.99,17.1,33.97,9.03,-41.183397115101556,121.26245847176082
2022-06-06,19.98,20.68,18.65,20.2,0,22.521,20.944200000000002,21.6583,19.014,-10.305936681319663,-3.5532510193753057,-6.733215441655167,6.23750920374461,1.1011011011010874,1.1011011011010874,-13.675213675213671,-8.306854289605091,41.13128491620111,47.49403341288782,86.77801326667182,90.17472520654181,2.1935714285714285,10.85926449787836,25.99,17.1,33.97,9.03,-40.535766853105685,123.69878183831673
2022-06-07,20.2,21.07,19.43,20.43,0,22.427500000000002,20.874200000000002,21.6858,19.04885,-8.906476424033006,-2.1279857431662155,-5.790886202030825,7.250568931982761,1.1386138613861396,-0.244140625,-20.319812792511705,-8.385650224215247,43.37349397590361,46.07843137254901,86.75839773471778,89.95026658453989,2.187857142857143,10.709041325781415,25.99,17.1,33.97,9.03,-39.85869885192817,126.24584717607974
2022-06-08,20.43,20.69,19.39,19.84,0,22.2795,20.8024,21.7066,19.081000000000003,-10.949527592629991,-4.626389262777367,-8.599227884606533,3.9777789424034204,-2.8879099363680827,-4.844124700239815,-21.518987341772156,-12.982456140350884,31.028938906752416,44.06370656370657,86.6794195299928,90.05616036148145,2.0771428571428574,10.46947004608295,25.99,17.1,33.97,9.03,-41.59552546364439,119.71207087486158
2022-06-09,19.84,19.84,18.16,19.14,0,22.023,20.733,21.7262,19.11215,-13.090859555918808,-7.683403270149038,-11.903600261435493,0.14571882284306484,-3.5282258064516125,-5.80708661417323,-15.757042253521124,-21.137206427688504,33.04794520547945,41.252390057361374,83.15702996869656,90.06158135880155,2.0457142857142863,10.688162412300347,25.99,17.1,33.97,9.03,-43.656167206358546,111.96013289036546
2022-06-10,19.14,19.76,18.26,19.58,0,21.827499999999997,20.698600000000003,21.7549,19.13995,-10.296644141564535,-5.404230237793881,-9.997287967308518,2.2991178137873893,2.298850574712641,-2.0020020020020124,-8.845437616387342,-16.645381013197103,33.8409475465313,38.21015585721467,83.55635331395054,89.29481977004636,1.9042857142857146,9.725667590836133,25.99,17.1,33.97,9.03,-42.360906682366796,116.8327796234773
2022-06-13,19.58,22.8,19.58,22.37,0,21.7195,20.733800000000002,21.813,19.183349999999997,2.99500448905362,7.891462250045812,2.553523128409674,16.611540737149685,14.249233912155269,10.742574257425751,11.961961961961975,-8.805544231553197,36.78253839935328,47.44292237442924,97.7372249777239,94.52484437583408,1.932142857142858,8.637205440960475,25.99,17.1,33.97,9.03,-34.14777745069178,147.72978959025474
2022-06-14,22.37,22.64,18.95,21.89,0,21.677,20.7604,21.8642,19.22685,0.9826082945057016,5.441128301959499,0.11800111597954768,13.851202875145965,-2.145730889584263,7.146353401860006,6.884765625,-3.7379067722075554,36.42914331465172,43.81443298969072,94.49111138646208,94.6811142091757,2.104285714285715,9.613000065261375,25.99,18.16,33.97,9.03,-35.560788931410066,142.41417497231453
2022-06-15,21.89,22.37,20.95,22.15,0,21.6695,20.834600000000002,21.907900000000005,19.2701,2.2174023396940368,6.3135361370028535,1.1050808155961707,14.944914660536268,1.187756966651432,11.643145161290324,6.235011990407657,-0.672645739910327,47.20314033366044,48.51085310449269,94.30447989498306,91.52162712019584,2.0100000000000007,9.074492099322802,25.99,18.16,33.97,9.03,-34.79540771268766,145.29346622369877
2022-06-16,22.15,28.13,19.75,22.87,0,21.585,20.9338,21.9584,19.31675,5.9532082464674545,9.249156865929738,4.151486447099971,18.394657486378414,3.2505643340857926,19.48798328108674,12.549212598425207,-6.881107491856664,57.18717683557394,51.4186162269786,87.54154286007855,91.38375510425377,2.500000000000001,10.931351114997817,28.13,18.16,33.97,9.03,-32.67589049161024,153.2668881506091
2022-06-17,22.87,23.69,18.02,22.76,0,21.568,21.0192,22.0081,19.3635,5.526706231454007,8.281951739362107,3.416469390815212,17.54073385493327,-0.480979449059904,16.24106230847806,13.913913913913923,-1.4718614718614687,66.78743961352657,44.983277591973255,84.90675131348456,91.22323840366005,2.7792857142857152,12.211272909866938,28.13,18.02,33.97,9.03,-32.999705622608175,152.04872646733116
2022-06-20,22.76,23.64,16.0,22.41,0,21.5185,21.087000000000003,22.043300000000002,19.40895,4.142946766735603,6.274007682458372,1.6635440247149837,15.462196563956315,-1.5377855887522052,0.17881090746534323,10.94059405940595,-4.230769230769226,61.869618696186954,47.95008912655972,84.95435942449203,91.19020605536576,3.2485714285714296,14.496079556320524,28.13,16.0,33.97,9.03,-34.03002649396526,148.17275747508307
2022-06-21,22.41,22.41,20.48,21.14,0,21.2935,21.1298,22.0264,19.44205,-0.72087726301454,0.04827305511647577,-4.024261794936977,8.733389740279458,-5.667112896028559,-3.426222019186842,3.475281448849743,-17.550702028081123,51.60575858250276,43.65168539325844,78.99534692986722,92.22504667265342,3.164285714285715,14.968238951209626,28.13,16.0,33.97,9.03,-37.76861937003238,134.10852713178295
2022-06-22,21.14,21.79,19.32,21.3,0,21.094500000000004,21.201999999999998,22.0258,19.4776,0.9741875844414284,0.4622205452315939,-3.2952265070962214,9.35638887747978,0.7568590350047311,-3.8374717832956984,7.358870967741948,-15.743670886075956,55.6581986143187,36.19592875318066,79.16472379714442,90.7100417349517,3.1535714285714294,14.805499664654597,28.13,16.0,33.97,9.03,-37.297615543126284,135.88039867109637
2022-06-23,21.3,21.71,18.36,20.88,0,21.0025,21.2542,22.023899999999998,19.5108,-0.5832638971551114,-1.7605932004027527,-5.193902987209344,7.017651762100987,-1.9718309859155014,-8.701355487538265,9.090909090909083,-8.098591549295776,55.14874141876429,36.058301647655256,71.23077548022042,90.65737196290317,3.2800000000000007,15.708812260536403,28.13,16.0,33.97,9.03,-38.534000588754786,131.22923588039868
2022-06-24,20.88,21.27,18.68,20.55,0,20.956,21.302,22.0224,19.54085,-1.9373926321817083,-3.5301849591587593,-6.6859197907585015,5.164309638526481,-1.5804597701149392,-9.710017574692442,4.954034729315637,-4.32960893854748,51.977401129943516,41.99261992619927,68.81693143010781,90.74089331535737,3.3200000000000003,16.155717761557177,28.13,16.0,33.97,9.03,-39.5054459817486,127.5747508305648
2022-06-27,20.55,21.12,19.55,21.01,0,21.0075,21.3664,22.012999999999998,19.570349999999998,0.011900511722010135,-1.6680395387149785,-4.556398491800285,7.356281313313273,2.2384428223844344,-6.247211066488168,-6.07957085382208,5.155155155155167,53.19383259911895,48.15974941268599,64.2817760656564,90.65682640610478,3.3150000000000004,15.77820085673489,28.13,16.0,33.97,9.03,-38.151309979393574,132.66888150609083
2022-06-28,21.01,21.68,20.51,21.45,0,21.056,21.4086,22.0277,19.603099999999998,1.8712006079027277,0.1933802303747066,-2.6226069902894995,9.421469053364017,2.094240837696315,1.4664143803216678,-2.01005025125629,4.736328125,59.014557670772675,56.27668659265585,64.11453442974423,88.76745769136112,3.3057142857142865,15.411255411255414,28.13,16.0,33.97,9.03,-36.85604945540182,137.54152823920268
2022-06-29,21.45,22.09,21.45,21.9,0,21.1085,21.451000000000004,22.060200000000005,19.64055,3.7496743018215373,2.0931425108386295,-0.7261946854516584,11.504005743220008,2.0979020979021046,2.8169014084507005,-1.1286681715575675,5.035971223021574,65.89861751152073,56.08919382504288,64.21325024994245,88.74866438204458,3.231428571428572,14.755381604696677,28.13,16.0,33.97,9.03,-35.53135119222844,142.52491694352162
2022-06-30,21.9,22.27,21.54,21.84,0,21.1845,21.514400000000002,22.087,19.680049999999998,3.094243432698435,1.5134049752723657,-1.1183048852266033,10.975327806585868,-0.2739726027397249,4.597701149425282,-4.5037166593791085,7.480314960629908,63.61445783132531,54.3612334801762,63.3717452233412,87.70624145104664,3.176428571428572,14.54408686551544,28.13,16.0,33.97,9.03,-35.70797762731822,141.86046511627907
2022-07-01,21.84,22.43,21.14,21.25,0,21.248,21.582400000000003,22.1105,19.71615,0.009412650602404421,-1.5401438208911118,-3.8918161054702445,7.779662865214563,-2.701465201465203,3.406326034063256,-6.634446397188054,6.356356356356363,40.81967213114753,54.07537248028045,63.92774377464473,87.3063696967836,3.0385714285714287,14.299159663865545,28.13,16.0,33.97,9.03,-37.44480423903444,135.32668881506092
2022-07-04,21.25,22.25,20.92,20.97,0,21.286499999999997,21.6348,22.115800000000004,19.753100000000003,-1.486857867662593,-3.07282711187531,-5.180911384620971,6.160552014620466,-1.3176470588235345,-0.19038553069967712,-6.425702811244982,3.8118811881188153,42.203389830508456,54.3612334801762,64.14301795248336,87.23639944231266,2.87,13.686218407248452,28.13,16.0,33.97,9.03,-38.269060936120106,132.22591362126246
2022-07-05,20.97,20.99,20.24,20.79,0,21.304499999999997,21.6254,22.126800000000003,19.788400000000003,-2.414982750123205,-3.8630499320243787,-6.041542382992586,5.0615512118210475,-0.8583690987124415,-3.076923076923077,-1.6556291390728561,1.7621145374449254,38.31615120274915,52.60831122900089,64.17229606714359,79.76694612672904,2.822142857142857,13.574520717377862,28.13,16.0,33.97,9.03,-38.79894024138946,130.2325581395349
2022-07-06,20.79,20.79,19.82,20.27,0,21.326,21.647,22.143900000000002,19.8177,-4.951702147613246,-6.36115859010486,-8.462375642953601,2.282303193609758,-2.501202501202504,-7.442922374429218,-4.83568075117371,2.1673387096774244,26.868327402135208,49.310344827586206,63.94287390851736,76.78675223654812,2.2928571428571423,11.311579392487134,28.13,16.0,33.97,9.03,-40.329702678834266,124.47397563676634
2022-07-07,20.27,20.27,19.01,19.2,0,21.329,21.6188,22.1588,19.83755,-9.981715035866666,-11.188410087516425,-13.35270863043125,-3.213854533447936,-5.278737049827331,-12.08791208791209,-8.045977011494255,0.31347962382444194,22.94832826747718,47.35099337748344,65.57066617044612,75.96323480474541,1.977857142857142,10.301339285714283,28.13,16.0,33.97,9.03,-43.479540771268766,112.62458471760799
2022-07-08,19.2,19.2,18.22,18.4,0,21.27,21.599199999999996,22.156,19.842100000000002,-13.49318288669488,-14.811659691099663,-16.952518505145335,-7.267879911904503,-4.166666666666674,-13.411764705882357,-10.462287104622881,-6.026557711950964,21.47937411095303,46.96223316912971,66.69257239771514,75.34431724330582,1.5021428571428568,8.163819875776396,28.13,16.0,33.97,9.03,-45.83455990579924,103.76522702104096
2022-07-11,18.4,19.22,16.65,18.37,0,21.07,21.578200000000002,22.109899999999996,19.85135,-12.81442809682012,-14.867783225662942,-16.915047105595214,-7.46221289735962,-0.1630434782608603,-12.398664759179766,-12.565445026178013,-17.881090746535534,26.079447322970623,44.85981308411216,39.108582905422224,75.3438060787674,1.5478571428571424,8.426005132591955,28.13,16.0,33.97,9.03,-45.92287312334412,103.43300110741973
2022-07-12,18.37,18.64,17.3,18.55,0,20.903,21.5436,22.0893,19.86165,-11.256757403243544,-13.895542063536274,-16.02268971855152,-6.603932704483263,0.9798584648883946,-10.77441077441077,-13.519813519813518,-15.258108725445407,26.33390705679861,29.148471615720524,39.41466484795873,74.69582482018137,1.4671428571428566,7.909125914516747,28.13,16.0,33.97,9.03,-45.392993818074764,105.42635658914732
2022-07-13,18.55,18.76,17.74,18.52,0,20.7215,21.476399999999998,22.0686,19.87125,-10.624230871317227,-13.765808049766248,-16.079860072682457,-6.800025161980249,-0.16172506738545422,-8.633448445979274,-15.433789954337895,-16.388261851015795,28.228782287822867,30.65442020665901,38.80073103310255,72.43559393313181,1.3007142857142853,7.0232952792348025,28.13,16.0,33.97,9.03,-45.481307035619665,105.09413067552605
2022-07-14,18.52,18.69,17.75,18.34,0,20.494999999999997,21.437400000000004,22.0319,19.87835,-10.514759697487182,-14.448580518159867,-16.757065890821945,-7.738821381050244,-0.9719222462203025,-4.479166666666668,-16.025641025641026,-19.80760822037604,29.032258064516114,27.925840092699886,35.62995238345033,70.64809670051373,1.1828571428571428,6.449602741860103,23.69,16.0,33.97,9.03,-46.01118634088902,103.10077519379846
2022-07-15,18.34,18.34,17.53,17.6,0,20.237000000000002,21.3644,21.986200000000004,19.8761,-13.030587537678512,-17.61996592462226,-19.94978668437475,-11.451441681215124,-4.0348964013086075,-4.347826086956507,-17.176470588235283,-22.671353251318106,19.279279279279237,19.537572254335245,37.05128856496759,70.30118084389781,1.1285714285714283,6.412337662337661,23.64,16.0,33.97,9.03,-48.1895790403297,94.905869324474
2022-07-18,17.6,18.18,16.47,17.16,0,19.9745,21.267000000000003,21.928800000000003,19.8692,-14.090465343312719,-19.3116095359007,-21.746744007880057,-13.635174038209888,-2.500000000000002,-6.586826347305397,-18.16881258941344,-23.42704149933066,11.35135135135134,18.81959910913139,37.30662526952819,69.88069702093665,1.167142857142857,6.8015318015318,22.43,16.47,33.97,9.03,-49.48483956432146,90.03322259136213
2022-07-19,17.16,17.67,16.35,17.2,0,19.7775,21.165,21.834199999999996,19.861,-13.032486411326005,-18.73375856366643,-21.22450101217355,-13.398116912542173,0.2331002331002363,-7.277628032345018,-17.267917267917266,-18.63765373699149,4.280155642023317,19.953863898500558,33.86411524438849,69.7970567895822,1.2157142857142857,7.068106312292359,22.43,16.35,33.97,9.03,-49.36708860759494,90.47619047619048
2022-07-20,17.2,17.27,15.66,16.82,0,19.5535,21.0454,21.756999999999998,19.853099999999998,-13.979594446007107,-20.077546637269904,-22.691547547915604,-15.277714815318502,-2.209302325581386,-9.179265658747294,-17.02022693635915,-21.03286384976526,4.029304029304001,22.23650385604111,33.45267933172062,69.63749711355975,1.2785714285714285,7.601494819092916,22.43,15.66,33.97,9.03,-50.48572269649691,86.26799557032116
2022-07-21,16.82,17.21,15.97,16.86,0,19.3525,20.897199999999998,21.6058,19.85135,-12.879472936313139,-19.319334647703993,-21.9653981801183,-15.068748473025767,0.23781212841853527,-8.069792802617236,-12.187499999999996,-19.252873563218387,5.295315682281014,21.018276762402053,33.653688874101455,67.81663195998038,1.2750000000000001,7.562277580071175,22.43,15.66,33.97,9.03,-50.36797173977039,86.71096345514951
2022-07-22,16.86,16.96,16.16,16.65,0,19.1575,20.7604,21.504900000000003,19.850900000000003,-13.088868589325331,-19.79923315543054,-22.575785053638956,-16.124709710894738,-1.245551601423489,-5.397727272727293,-9.510869565217394,-18.978102189781033,5.37190082644625,21.610738255033525,33.60356466069953,67.57570995938465,1.237142857142857,7.43028743028743,22.43,15.66,33.97,9.03,-50.98616426258463,84.38538205980066
2022-07-25,16.65,17.91,16.18,17.68,0,18.991,20.623399999999997,21.396,19.8573,-6.903269969985783,-14.272137474907131,-17.36773228640868,-10.964733372613592,6.186186186186204,3.0303030303030276,-3.756124115405557,-15.849595430747264,22.671353251318095,32.392638036809814,40.832924403351875,68.35928934166432,1.3071428571428574,7.393341952165483,22.43,15.66,33.97,9.03,-47.954077126876655,95.7918050941307
2022-07-26,17.68,18.27,17.36,18.17,0,18.827,20.531999999999996,21.2854,19.8615,-3.489669092261114,-11.503993765828927,-14.6363234893401,-8.516476600458162,2.7714932126696956,5.639534883720954,-2.0485175202156314,-15.291375291375275,31.448763250883403,32.64058679706601,41.54035295177553,66.98201352603104,1.302857142857143,7.17037502948345,22.43,15.66,33.97,9.03,-46.51162790697674,101.218161683278
2022-07-27,18.17,18.64,17.75,18.13,0,18.6385,20.4486,21.185100000000002,19.87135,-2.728223837755192,-11.338673552223625,-14.420984559902964,-8.76311876143292,-0.22014309301047197,7.788347205707491,-2.1058315334773203,-17.21461187214611,38.44492440604752,28.66323907455012,40.193157049261266,66.88551638321451,1.2764285714285717,7.040422346544798,22.43,15.66,33.97,9.03,-46.629378863703266,100.7751937984496
2022-07-28,18.13,18.13,16.84,17.01,0,18.397,20.2976,21.075599999999998,19.87815,-7.539272707506642,-16.196988806558398,-19.290554005579896,-14.428656590276256,-6.177606177606165,0.8896797153024938,-7.25190839694656,-22.115384615384603,35.95959595959599,21.065088757396467,44.21609594850224,63.712823757882695,1.2985714285714292,7.634164777021922,22.43,15.66,33.97,9.03,-49.92640565204592,88.37209302325584
2022-07-29,17.01,18.65,16.49,16.55,0,18.162,20.166600000000003,20.9478,19.88045,-8.875674485188847,-17.93361300367936,-20.99409007151109,-16.75238739565754,-2.7042915931804856,-0.6006006006005871,-5.9659090909090935,-22.11764705882353,33.085501858736066,20.11299435028249,44.21736579500768,62.73689633488231,1.2692857142857146,7.669400086318516,22.25,15.66,33.97,9.03,-51.280541654400935,83.27796234772981
2022-08-01,16.55,17.63,15.89,17.49,0,17.988,20.0484,20.836799999999997,19.88865,-2.768512341561047,-12.761118094212017,-16.061967288643164,-12.06039625615615,5.679758308157079,-1.0746606334841702,1.9230769230769162,-16.59513590844063,41.36807817589575,29.56521739130433,50.509736038521815,64.16959715587663,1.297857142857143,7.42056685452912,20.99,15.66,33.97,9.03,-48.51339417132765,93.687707641196
2022-08-02,17.49,18.76,17.49,18.53,0,17.875,19.9062,20.747400000000003,19.9008,3.664335664335671,-6.913423958364717,-10.687604229927611,-6.888165299887437,5.946255002858791,1.9812878370941034,7.732558139534884,-10.870610870610864,50.06993006993008,37.75100401606427,55.98293787354427,61.71093489124748,1.3157142857142858,7.100454860843421,20.79,15.66,33.97,9.03,-45.45186929643803,105.20487264673315
2022-08-03,18.53,19.17,17.95,18.45,0,17.784,19.7696,20.6761,19.9142,3.744939271255063,-6.674894787957274,-10.76653720962852,-7.352542406925719,-0.431732325957912,1.765030336458917,9.690844233055884,-8.978786383818449,50.78014184397163,38.13387423935092,55.48891541548732,61.68230042819256,1.3357142857142859,7.23964382500968,20.27,15.66,33.97,9.03,-45.68737120989108,104.31893687707642
2022-08-04,18.45,21.06,17.63,19.26,0,17.787,19.7004,20.6152,19.92455,8.281329060549854,-2.2354876043125866,-6.573790213046683,-3.3353325420147426,4.390243902439028,13.227513227513231,14.23487544483988,0.31250000000000444,61.65730337078651,45.024630541871936,54.85104850352703,58.63121216403666,1.5228571428571434,7.906838747960246,21.06,15.66,33.97,9.03,-43.30291433617898,113.28903654485055
2022-08-05,19.26,19.39,18.01,18.92,0,17.813,19.6492,20.547600000000003,19.93225,6.2145623982484866,-3.7110925635649226,-7.921119741478328,-5.078453260419662,-1.7653167185877505,14.320241691842917,13.633633633633657,2.826086956521756,62.53561253561254,48.51380042462847,53.0217259626105,57.52478088570706,1.4992857142857143,7.924343098761703,21.06,15.66,33.97,9.03,-44.303797468354425,109.52380952380956
2022-08-08,18.91,20.18,17.78,19.24,0,17.8565,19.6344,20.4727,19.9369,7.74787892364124,-2.008719390457569,-6.021189193413674,-3.4955283920770173,1.6913319238900382,10.005717552887372,8.823529411764696,4.7359825802939515,63.972602739726014,54.697986577181204,53.26507930226677,55.51839292410392,1.5764285714285715,8.193495693495695,21.06,15.66,33.97,9.03,-43.36178981454225,113.06755260243632
2022-08-10,19.3,20.77,18.86,19.61,0,17.9095,19.617,20.427599999999998,19.944750000000003,9.494960775007666,-0.035683335882150426,-4.002428087489469,-1.6783865428245688,1.9230769230769384,5.828386400431729,7.925151348376436,5.714285714285716,69.13580246913578,56.681034482758605,53.53290487959941,55.398259047743046,1.597857142857143,8.148175129307205,21.06,15.66,33.97,9.03,-42.2725934648219,117.16500553709857
2022-08-11,18.73,19.23,18.2,18.36,0,17.9015,19.5672,20.3851,19.9488,2.5612378850934325,-6.169508156506809,-9.934216658245491,-7.964388835418667,-6.374298827129021,-0.4878048780487809,1.2686155543298439,-0.8639308855291628,58.823529411764696,49.08212560386473,58.5953928841552,57.02488444106979,1.6099999999999999,8.769063180827887,21.06,15.66,33.97,9.03,-45.952310862525756,103.32225913621262
2022-08-12,17.72,18.53,17.41,17.61,0,17.865000000000002,19.513,20.315,19.9488,-1.4273719563392249,-9.752472710500703,-13.315284272704906,-11.724013474494702,-4.084967320261434,-8.566978193146424,3.5273368606701716,-3.9803707742639083,55.30973451327434,45.88979223125565,60.31200354970467,57.455430151965615,1.6328571428571432,9.272329033828184,21.06,15.66,33.97,9.03,-48.16014130114807,95.01661129568107
2022-08-16,18.32,18.36,17.54,17.69,0,17.8695,19.467200000000002,20.251199999999997,19.9535,-1.004504882621211,-9.129201939672887,-12.647151773722031,-11.343874508231625,0.4542873367404887,-6.501057082452433,6.888217522658624,0.5113636363636376,50.061804697157,47.03737465815862,58.540505216638394,57.37777993187406,1.567857142857143,8.862957280142131,21.06,15.66,33.97,9.03,-47.92463938769502,95.9025470653378
2022-08-17,16.55,17.79,16.55,17.68,0,17.8955,19.416800000000002,20.1805,19.957749999999997,-1.204213349724784,-8.94483128012856,-12.390674165654959,-11.41285966604451,-0.056529112492942346,-8.108108108108103,1.0863350485992074,3.0303030303030276,46.78055190538764,50.390625,57.74378259439262,57.30358695929867,1.5914285714285714,9.001292824822237,21.06,15.66,33.97,9.03,-47.954077126876655,95.7918050941307
2022-08-18,16.72,18.44,16.72,17.35,0,17.903,19.3552,20.1147,19.95495,-3.0888677875216297,-10.36000661320988,-13.744674292930034,-13.05415448297289,-1.8665158371040658,-11.524732279449246,-6.368051807879116,0.8720930232558155,45.063291139240526,50.937808489634754,58.2127609068694,57.33864535060105,1.6507142857142862,9.514203375874848,21.06,15.66,33.97,9.03,-48.92552251987047,92.13732004429683
2022-08-19,16.88,18.57,16.88,18.29,0,17.976499999999998,19.3242,20.063299999999998,19.95925,1.7439434817678707,-5.351838627213556,-8.838526065004256,-8.36329020379023,5.4178674351584855,-0.38126361655773655,-0.8672086720867167,8.739595719381676,58.29015544041449,54.94106980961015,60.44035126128493,58.40585812561451,1.6792857142857147,9.18144184956651,21.06,15.89,33.97,9.03,-46.158375036797175,102.54706533776302
2022-08-22,17.2,19.3,17.2,19.04,0,18.0855,19.3222,20.027600000000003,19.96825,5.277708661635009,-1.4604962167869062,-4.931194950967684,-4.648629699648201,4.100601421541827,8.120386144236225,-1.142263759086204,12.930011862396196,65.54307116104869,59.73684210526314,61.76850813350304,58.61222885916326,1.6750000000000003,8.797268907563026,21.06,15.89,33.97,9.03,-43.950544598174865,110.85271317829456
2022-08-23,18.81,19.59,18.18,19.05,0,18.2055,19.3116,20.0051,19.9782,4.638708082722254,-1.354626235008999,-4.774282557947714,-4.646064209988889,0.05252100840336116,7.687959299039004,0.6871035940803294,14.414414414414424,61.01694915254238,59.63060686015831,61.40210118328646,58.38642211431129,1.6514285714285724,8.668916385451823,21.06,15.89,33.97,9.03,-43.92110685899323,110.96345514950168
2022-08-24,17.99,19.34,17.99,18.43,0,18.243000000000002,19.2328,19.9833,19.9897,1.025050704379749,-4.174119213011113,-7.772990447023265,-7.802518296922913,-3.2545931758530267,4.242081447963808,-4.209979209979209,4.242081447963808,49.24924924924924,57.55517826825127,59.42227637674804,48.88240336672691,1.657142857142858,8.991551042554844,21.06,15.89,33.97,9.03,-45.74624668825434,104.09745293466224
2022-08-25,17.49,20.22,17.28,19.57,0,18.313,19.1864,19.9734,20.008799999999997,6.8639764102004115,1.99933286077639,-2.019686182622895,-2.1930350645715735,6.185567010309279,12.795389048991357,-0.20397756246812726,7.705008255365975,57.2538860103627,57.94785534062237,62.481992875595814,50.838997553859535,1.78,9.095554420030659,21.06,15.89,33.97,9.03,-42.39034442154842,116.72203765227023
2022-08-26,15.83,19.13,15.83,18.22,0,18.3175,19.1078,19.9712,20.0182,-0.5322778763477557,-4.646270109588765,-8.768626822624585,-8.98282562867791,-6.898313745528872,-0.3827227993439042,-0.7625272331154731,0.4964147821290732,43.70460048426149,50.19607843137253,67.7038470672448,52.923637698312554,1.8021428571428573,9.891014583660029,21.06,15.83,33.97,9.03,-46.36443921106859,101.7718715393134
2022-08-29,20.58,21.21,19.48,19.82,0,18.458,19.0468,19.9903,20.0373,7.37891429190596,4.059474557405964,-0.8519131778912823,-1.0844774495565672,8.781558726673989,4.0966386554621925,12.549687677455989,16.519694297472064,54.72689075630252,55.90496156533893,70.05611366340183,56.20586978569991,1.9171428571428575,9.67276920859161,21.21,15.83,33.97,9.03,-41.654400942007655,119.4905869324474
2022-08-30,18.98,19.26,18.49,18.7,0,18.5655,18.9656,19.9924,20.04925,0.7244620398050102,-1.4004302526679842,-6.464456493467521,-6.729678167512507,-5.650857719475278,-1.8372703412073532,5.709440361786311,12.990936555891231,47.38372093023256,55.904961565338915,72.77220107997425,57.51027554561554,1.8407142857142862,9.843391902215433,21.21,15.83,33.97,9.03,-44.95142773035031,107.08748615725361
2022-09-01,18.47,20.99,18.42,19.87,0,18.684500000000003,18.9148,20.000899999999998,20.06685,6.344831277261888,5.050013745849818,-0.6544705488252874,-0.980971104084586,6.256684491978626,7.81334780249594,12.386877828054299,13.60777587192683,51.16906474820144,61.051930758988014,73.32129525270742,59.30137316903855,1.8878571428571431,9.501042490473795,21.21,15.83,33.97,9.03,-41.50721224609949,120.04429678848285
2022-09-02,17.4,20.14,17.4,19.55,0,18.7355,18.883,20.0064,20.0885,4.347361959915681,3.532277710109631,-2.28126999360204,-2.680638176070882,-1.610468042274793,-0.10219724067449532,12.680115273775217,5.504587155963292,55.83905789990187,57.15277777777777,71.07804356782995,58.05443889030182,1.9828571428571433,10.142491779320425,21.21,15.83,33.97,9.03,-42.44921989991168,116.50055370985606
2022-09-05,20.2,20.29,19.45,19.66,0,18.796,18.8502,20.0261,20.10945,4.596722706958932,4.295975639515757,-1.8281143108243711,-2.2350188592925155,0.5626598465473087,7.9034028540065915,7.490431930016417,6.558265582655842,60.73298429319371,54.19450631031922,71.01819528710894,58.041486025467094,1.9628571428571433,9.984013951460547,21.21,15.83,33.97,9.03,-42.12540476891375,117.718715393134
2022-09-06,18.65,20.0,18.65,19.53,0,18.8095,18.8232,20.0387,20.1311,3.8305111778622574,3.7549407114624564,-2.538587832544015,-2.9859272468965874,-0.6612410986775119,-1.4631685166498487,2.573529411764719,1.4018691588784993,59.583333333333336,53.99408284023669,69.51351017165013,57.89793566219852,2.000714285714286,10.24431277887499,21.21,15.83,33.97,9.03,-42.50809537827494,116.27906976744188
2022-09-07,18.31,20.18,18.28,19.37,0,18.832,18.7996,20.050800000000002,20.15305,2.856839422259984,3.0341071086618827,-3.395375745606167,-3.8855160881355397,-0.8192524321556593,3.582887700534765,1.6797900262467191,2.3784355179703898,58.66666666666668,50.427350427350426,69.24655052444365,57.820893648613136,2.0478571428571435,10.572313592447824,21.21,15.83,33.97,9.03,-42.979099205181036,114.50719822812849
2022-09-08,17.41,19.08,17.3,18.31,0,18.7855,18.745600000000003,20.056,20.1703,-2.531207580314606,-2.3237453055650623,-8.705624252094148,-9.222966440756965,-5.472379969024277,-7.851031706089595,-0.6511123168746691,-4.833679833679838,54.58015267175571,47.75570272259012,71.83122516163301,58.8314058506881,2.072857142857143,11.320901927128034,21.21,15.83,33.97,9.03,-46.09949955843391,102.76854928017718
2022-09-09,16.55,18.51,16.55,17.72,0,18.691,18.671,20.0398,20.1713,-5.195013642929753,-5.093460446682023,-11.575963831974374,-12.152414569214676,-3.222282905516116,-9.360613810741702,-9.45324476239142,-9.63793982661908,47.18657453109576,44.51659451659452,72.18211640017968,58.97208398368118,2.0921428571428575,11.806675266043214,21.21,15.83,33.97,9.03,-47.83632617015014,96.23477297895903
2022-09-12,16.39,18.38,16.39,17.94,0,18.67,18.5918,20.0214,20.1709,-3.910016068559188,-3.505846663582859,-10.395876412238897,-11.059992365239024,1.2415349887133331,-8.748728382502534,-1.5367727771679385,-2.287581699346397,44.27083333333335,43.909555069292495,68.81683906041059,58.82309772427122,2.0842857142857145,11.618092052874662,21.21,15.83,33.97,9.03,-47.18869590815425,98.67109634551497
2022-09-13,16.86,17.79,16.86,17.47,0,18.663,18.5044,20.0094,20.17275,-6.392327064244769,-5.590021832645217,-12.69103521344968,-13.39802456283849,-2.619843924191767,-10.547875064004108,-11.856710393541881,-0.7950028392958552,42.14711729622267,46.5583913379737,67.86090309565729,59.04667880520395,2.060714285714286,11.795731458009652,21.21,15.83,33.97,9.03,-48.57226964969091,93.46622369878183
2022-09-14,17.52,18.57,17.26,18.28,0,18.692500000000003,18.445,20.0137,20.18085,-2.206767420088278,-0.894551368934666,-8.662566142192594,-9.419077987299833,4.636519748139678,-5.627258647392875,-2.245989304812823,3.3352176370830877,49.26829268292684,52.57890685142418,69.79096740925726,59.8543284704385,2.057857142857143,11.257424195060956,21.21,15.83,33.97,9.03,-46.1878127759788,102.43632336655595
2022-09-15,16.78,19.22,16.78,18.39,0,18.728,18.3934,20.0141,20.1688,-1.804784280222132,-0.018484891319708055,-8.114779080748066,-8.819562889215026,0.6017505470459428,0.43691971600219315,-7.4484146955208885,4.015837104072406,43.6008676789588,52.688172043010745,69.79109149483182,59.83029037591765,2.0221428571428572,10.995882855589217,21.21,15.83,33.97,9.03,-45.86399764498086,103.6544850498339
2022-09-16,18.32,20.24,18.3,19.82,0,18.851499999999998,18.374000000000002,19.9997,20.16375,5.137522213086505,7.869816044410569,-0.8985134777021675,-1.7047920153741243,7.77596519847743,11.851015801354414,1.3810741687979577,14.236311239193068,58.6021505376344,57.40997229916897,74.10271137253645,62.42047089742416,1.8935714285714285,9.55384171832204,21.21,15.83,33.97,9.03,-41.654400942007655,119.4905869324474
2022-09-19,16.47,21.21,16.47,19.94,0,18.934,18.3674,20.0072,20.1576,5.313193197422627,8.56190859893072,-0.33587908352992774,-1.0794935905067933,0.6054490413723634,11.148272017837236,1.4242115971515812,9.021323127392034,50.76726342710999,59.10049191848207,72.03970092195898,62.17462411969652,2.0185714285714282,10.123226823327123,21.21,15.83,33.97,9.03,-41.301148071828074,120.81949058693249
2022-09-20,18.11,19.44,18.11,18.8,0,18.922,18.3594,19.989099999999997,20.15435,-0.6447521403657113,2.399860561892,-5.948742064425094,-6.719889254677031,-5.71715145436309,7.613050944476263,-3.737839221710193,-1.2605042016806678,50.63775510204083,51.76715176715177,73.98792865411306,62.37503531831988,2.0542857142857143,10.927051671732523,21.21,15.83,33.97,9.03,-44.657050338534,108.1949058693245
2022-09-21,18.31,20.29,18.31,19.33,0,18.936,18.378,19.9886,20.16055,2.080692860160532,5.180106649254534,-3.2948780805059052,-4.119679274622976,2.8191489361701905,5.74398249452952,-0.20650490449150016,1.4698162729658737,46.249999999999986,51.0204081632653,74.64363218629254,61.926086598272256,2.0121428571428575,10.409430197324665,21.21,15.83,33.97,10.23,-43.09685016190757,88.95405669599215
2022-09-22,17.41,20.14,17.41,18.82,0,18.9555,18.387,19.9826,20.16235,-0.7148321067763994,2.3549246750421484,-5.818061713690917,-6.657706070968908,-2.6383859286083666,2.338227297444262,2.7853631895139452,2.116115029842658,45.060893098782145,49.218218898708365,74.29915206786009,62.2436436024206,2.0114285714285716,10.687718232882952,21.21,15.83,33.97,10.23,-44.59817486017074,83.9687194525904
2022-09-23,17.35,20.81,17.35,20.59,0,19.0065,18.4278,19.985699999999998,20.1649,8.331360324099654,11.733359380935317,3.023661918271575,2.1081185624525807,9.404888416578117,3.884964682139258,16.196388261851013,5.212059274399583,55.13812154696132,56.809583858764185,78.494775297672,65.62201626909227,2.1985714285714284,10.677860265038506,21.21,15.83,33.97,10.31,-39.387695025022076,99.70902036857419
2022-09-26,18.81,22.9,18.81,21.89,0,19.19,18.4952,19.9858,20.18205,14.069828035435117,18.355032657121846,9.527764712946189,8.462718108418125,6.313744536182608,9.779338014042116,22.017837235228544,20.14270032930847,61.54598825831702,57.24094881398253,76.24947032396192,66.98792626768072,2.394285714285714,10.937805912680282,22.9,16.39,33.97,10.31,-35.560788931410066,112.31813773035888
2022-09-27,20.92,22.29,20.79,21.57,0,19.2775,18.5598,19.9986,20.20355,11.892102191674233,16.21892477289627,7.857550028501999,6.763415340373352,-1.4618547281863847,14.734042553191484,23.46880366342301,8.82946518668013,60.59730250481695,61.174116077384916,70.92004158914189,67.04932977124616,2.3657142857142857,10.967613749254918,22.9,16.39,33.97,10.31,-36.50279658522225,109.21435499515033
2022-09-28,21.6,22.36,21.49,22.1,0,19.447499999999998,18.6498,20.007099999999998,20.23105,13.639285255174205,18.499930294158666,10.460786420820629,9.238027685167115,2.4571163653222206,14.330056906363176,20.897155361050324,18.181818181818187,69.23857868020306,58.1896551724138,67.31542895626238,66.41630260460003,2.28,10.316742081447963,22.9,16.39,33.97,12.08,-34.94259640859581,82.94701986754967
2022-09-29,21.72,22.29,21.07,21.3,0,19.519,18.7326,19.9998,20.257250000000003,9.124442850555882,13.70551872137343,6.501065010650107,5.147539769712068,-3.6199095022624417,13.17747077577045,15.823817292006526,7.196779063915448,67.79324055666004,59.55882352941176,66.05295976355944,66.72689994776152,2.227142857142857,10.456069751844398,22.9,16.39,33.97,12.08,-37.297615543126284,76.32450331125828
2022-09-30,21.21,21.99,19.7,19.97,0,19.54,18.788,19.9765,20.27425,2.2006141248720557,6.291249733872677,-0.03253823242311022,-1.5006720347238478,-6.244131455399071,-3.0111704711024867,0.7568113017154321,2.148337595907912,59.08683974932855,50.36337209302326,69.8869137448088,68.4322288554688,2.248571428571428,11.259746763001646,22.9,16.39,33.97,12.08,-41.212834854283194,65.31456953642383
2022-10-03,20.81,21.68,20.74,21.37,0,19.6255,18.879,19.9622,20.296350000000004,8.888945504573144,13.194554796334549,7.052328901624079,5.289867389949409,7.010515773660497,-2.375513933302875,7.171514543630897,8.697863682604279,66.11570247933884,56.13207547169811,73.96313543968728,69.74926277281833,2.2935714285714286,10.73266929607594,22.9,16.39,33.97,12.08,-37.091551368854866,76.90397350993379
2022-10-04,20.09,20.39,19.45,19.57,0,19.6275,18.933200000000003,19.9152,20.3081,-0.2929563112979289,3.3634039676335603,-1.733349401462192,-3.63451036778428,-8.423022929340195,-9.272137227630973,4.0957446808510545,0.20481310803890374,54.92742551566081,49.72776769509982,80.45335439006186,72.61498231723525,2.337142857142857,11.942477553106066,22.9,16.39,33.97,12.08,-42.39034442154842,62.003311258278146
2022-10-06,18.59,20.02,18.59,19.32,0,19.625,18.9866,19.8735,20.3252,-1.5541401273885336,1.7559752667670938,-2.785115857800587,-4.94558479129356,-1.2774655084312747,-12.57918552036199,-0.05173305742368628,-0.25813113061435855,53.51473922902495,49.369369369369366,80.54155990976246,72.61873811753449,2.265,11.72360248447205,22.9,16.39,33.97,12.08,-43.12628790108919,59.933774834437095
2022-10-07,18.69,19.73,18.69,18.81,0,19.65,19.0092,19.816300000000002,20.33755,-4.274809160305343,-1.0479136418155481,-5.078142741076806,-7.510983378037185,-2.6397515527950444,-11.69014084507043,-0.053134962805534425,2.730748225013646,45.89764419171405,48.35294117647059,78.54106533261852,71.69934531323828,2.200714285714286,11.699703804966965,22.9,16.39,33.97,12.08,-44.627612599352375,55.71192052980132
2022-10-10,20.26,20.34,19.53,19.62,0,19.744999999999997,19.038200000000003,19.7851,20.340799999999998,-0.6330716637123144,3.0559611727999365,-0.8344663408322369,-3.543616770235178,4.306220095693791,-1.7526289434151132,-4.711024769305483,10.722347629796847,48.769230769230774,53.910447761194035,78.67268321300071,72.06171950684332,1.9714285714285715,10.048055919615553,22.9,16.39,33.97,12.08,-42.243155725640264,62.41721854304636
2022-10-11,19.51,20.82,19.09,20.49,0,19.8725,19.085400000000003,19.767,20.35555,3.1073090954837075,7.359552327957468,3.657611170132033,0.6605078221909872,4.434250764525971,-4.11792232101077,-6.395614435815455,14.214046822742453,56.63786331500392,58.13270698766881,79.81171977003264,72.65929407336745,1.9642857142857142,9.586557902809734,22.9,16.47,33.97,12.08,-39.68207241683839,69.61920529801323
2022-10-12,19.89,20.89,19.89,20.18,0,20.008000000000003,19.1488,19.7232,20.37355,0.8596561375449671,5.38519385026737,2.3160541899894604,-0.9500062581140836,-1.512933138116146,3.1170158405723125,-6.44413537320353,15.512306811677167,53.39728217426059,56.54205607476635,79.28013332418314,71.24594651426749,1.8942857142857144,9.386946056916324,22.9,16.47,33.97,12.08,-40.59464233146895,67.05298013245033
2022-10-13,18.4,20.94,18.4,20.29,0,20.1085,19.223599999999998,19.6951,20.39585,0.9026033766815017,5.547348051353553,3.020548258196196,-0.5189781254519926,0.5450941526263575,5.020703933747406,-8.190045248868794,10.99562363238511,56.069364161849705,58.41288782816228,78.00250377190604,70.88085594569344,1.8807142857142858,9.269168485531226,22.9,16.47,33.97,12.08,-40.270827200471004,67.96357615894038
2022-10-14,20.63,20.63,18.08,18.26,0,20.102,19.238999999999997,19.6437,20.4064,-9.163267336583418,-5.088622069754123,-7.0439886579412105,-10.518268778422454,-10.004928536224734,-2.9239766081871177,-14.272300469483568,-0.7069059271343048,40.582053354890874,49.944382647385986,86.67077026450461,73.68322556274833,1.815714285714286,9.943670787044281,22.9,16.47,33.97,12.08,-46.24668825434206,51.158940397351
2022-10-17,18.66,19.08,18.36,18.42,0,20.032000000000004,19.236800000000002,19.5715,20.4129,-8.047124600638986,-4.2460284454795,-5.883555169506673,-9.76294402069279,0.8762322015334112,-6.116207951070329,-7.761642463695528,-7.063572149344088,34.55031166518255,50.08319467554077,81.90230855541373,72.5167581891881,1.5821428571428573,8.589266325422678,22.9,16.47,33.97,12.08,-45.77568442743596,52.483443708609286
2022-10-18,16.76,18.05,16.58,17.45,0,19.907500000000002,19.2168,19.4932,20.41775,-12.344593746075613,-9.194038549602432,-10.481603841339556,-14.535147114642907,-5.266015200868635,-14.8365056124939,-18.34347215722977,-12.487462387161496,32.659932659932664,43.25554923164484,83.7313705215317,73.50119550545077,1.6064285714285718,9.205894392140813,22.9,16.58,33.97,12.08,-48.631145128054165,44.453642384105954
2022-10-19,16.23,17.56,16.23,17.49,0,19.842000000000002,19.1814,19.440900000000003,20.424,-11.853643785908696,-8.817917357440027,-10.035029242473364,-14.365452408930675,0.22922636103150928,-13.330029732408333,-10.62851303014819,-6.968085106382993,29.762949956101835,42.99599771297884,81.47745348804216,72.81152781154422,1.6392857142857145,9.372702768929187,22.9,16.23,33.97,12.08,-48.51339417132765,44.784768211920515
2022-10-20,15.57,17.75,15.57,17.23,0,19.737000000000002,19.1476,19.398400000000002,20.4273,-12.702031717079604,-10.014832146065304,-11.178241504453984,-15.652093032363545,-1.4865637507146867,-15.081320847708223,-10.817805383022773,-10.863942058975674,31.2442396313364,45.2739313666466,80.76748161638486,72.78121705266759,1.7078571428571432,9.912113423430895,22.9,15.57,33.97,12.08,-49.278775390050036,42.63245033112583
2022-10-21,16.76,17.43,16.59,17.28,0,19.66,19.1084,19.3714,20.4326,-12.105798575788397,-9.56856670364865,-10.796328608154289,-15.429264998091282,0.29019152640743506,-5.3669222343921135,-8.133971291866015,-8.182784272051002,35.94566353187044,43.645381277123384,80.38307283071464,72.67334102903263,1.6042857142857145,9.284060846560847,22.9,15.57,33.97,12.08,-49.13158669414188,43.046357615894046
2022-10-24,17.28,17.28,17.28,17.28,0,19.4945,19.0618,19.3394,20.43675,-11.359614250173115,-9.347490793104535,-10.648727468277196,-15.446438401409221,0.0,-6.1889250814332275,-11.926605504587151,-16.07576493443419,24.969400244798038,45.07042253521127,71.79083462108788,72.52447098132724,1.4821428571428574,8.57721560846561,22.9,15.57,33.97,12.08,-49.13158669414188,43.046357615894046
2022-10-25,17.38,17.62,16.49,16.88,0,19.244,19.0322,19.2997,20.44055,-12.284348368322599,-11.308203991130823,-12.537500582910626,-17.419051835689363,-2.314814814814825,-3.2664756446991405,-17.618350414836502,-22.887163088168116,30.132939438700134,36.982456140350884,66.85669671448159,71.29503158634148,1.425714285714286,8.44617467840217,22.36,15.57,33.97,12.08,-50.30909626140713,39.73509933774834
2022-10-27,16.88,17.07,14.79,16.6,0,18.9955,19.011999999999997,19.2625,20.4374,-12.610881524571601,-12.686724174205743,-13.822193380921469,-18.77636098525252,-1.6587677725118377,-5.088622069754134,-17.740336967294347,-23.04126101066295,30.0,30.007558578987158,66.87037791306558,70.7985680276665,1.4864285714285719,8.95438898450947,22.36,14.79,33.97,12.08,-51.133352958492786,37.417218543046374
2022-10-28,16.12,17.04,15.85,15.92,0,18.686500000000002,18.9766,19.221899999999998,20.4271,-14.804805608326879,-16.107205716514027,-17.17780240246801,-22.064316520700437,-4.0963855421686795,-7.603017991874639,-21.537703302119272,-27.963800904977376,29.268292682926827,29.21265636497425,66.13955075617329,71.37627645543145,1.4971428571428578,9.404163675520463,22.29,14.79,33.97,12.08,-53.13511922284368,31.788079470198678
2022-10-31,15.07,16.63,15.07,15.8,0,18.411499999999997,18.939,19.1779,20.4181,-14.184069739021787,-16.57426474470669,-17.61350304256462,-22.617677452848202,-0.7537688442211032,-8.564814814814813,-13.472070098576127,-25.82159624413145,19.58598726114647,26.10015174506829,65.72682725310749,71.39066295745057,1.4992857142857143,9.489150090415913,21.99,14.79,33.97,12.08,-53.48837209302325,30.794701986754973
2022-11-01,15.11,16.2,15.11,16.13,0,18.2195,18.9146,19.134900000000002,20.41035,-11.468481571942156,-14.721960813339965,-15.703766416338743,-20.97146790721375,2.088607594936698,-6.655092592592604,-12.432138979370267,-19.228843264897343,12.020905923344927,29.661683713611325,64.21848409834877,71.4468329341698,1.4535714285714287,9.011602161013197,21.68,14.79,33.97,12.08,-52.516926700029444,33.52649006622516
2022-11-02,14.73,16.86,14.68,16.66,0,17.984,18.882,19.1031,20.40485,-7.362099644128123,-11.767821205380793,-12.789023771010994,-18.352744568080624,3.2858028518288895,-1.3033175355450122,-4.5272206303724865,-22.040243331773514,20.4697986577181,36.104114189756515,59.2373720621766,70.76528126271717,1.537857142857143,9.230835191219345,20.94,14.68,33.97,12.08,-50.95672652340299,37.913907284768214
2022-11-03,15.14,16.73,14.99,15.94,0,17.802500000000002,18.82,19.0711,20.39865,-10.462013762112075,-15.302869287991502,-16.41803566653209,-21.857573908077253,-4.32172869147659,-3.975903614457843,-8.862206975414521,-18.548799182422083,16.894977168949765,25.823686553873543,54.146265957251806,70.72675532990908,1.4807142857142856,9.289299157555117,20.94,14.68,33.97,12.08,-53.076243744480436,31.953642384105958
2022-11-04,15.64,16.21,15.48,15.66,0,17.619500000000002,18.752200000000002,19.0319,20.3934,-11.121200942137982,-16.489798530305784,-17.717096033501647,-23.210450439848184,-1.7565872020075202,-1.6331658291457218,-9.112013929193274,-18.944099378881983,23.02904564315351,29.866117404737366,54.2097414727289,70.80251693614768,1.3507142857142858,8.625250866630177,20.94,14.68,33.97,12.08,-53.90050044156609,29.635761589403977
2022-11-07,15.28,16.36,15.28,15.59,0,17.4585,18.6954,18.964100000000002,20.38855,-10.702523126270876,-16.61050311841415,-17.792038641433034,-23.535513805542813,-0.4469987228607919,-1.32911392405064,-9.780092592592604,-17.11855396065922,20.08456659619449,30.43022035676809,53.881294605883724,70.4785443556562,1.3692857142857144,8.783102721524788,20.94,14.68,33.97,12.08,-54.106564615837506,29.05629139072847
2022-11-09,15.32,16.07,15.02,15.92,0,17.273500000000002,18.6224,18.9044,20.3843,-7.835702087011908,-14.511555975599274,-15.786800956391101,-21.900678463327168,2.1167415009621493,-1.3019218846869185,-7.870370370370372,-18.85830784913354,31.295843520782384,34.54545454545455,51.59933606790821,69.15087622398647,1.312857142857143,8.246590093323762,20.94,14.68,33.97,12.08,-53.13511922284368,31.788079470198678
2022-11-10,16.12,16.29,15.49,15.57,0,17.0275,18.5694,18.8386,20.37325,-8.559682865952134,-16.152379721477274,-17.350546218933463,-23.576258083516368,-2.198492462311552,-6.542617046818721,-7.760663507109,-24.011713030746694,28.1818181818182,27.221597300337436,47.56955364983092,67.63966137740537,1.2750000000000001,8.188824662813103,20.94,14.68,33.97,12.08,-54.16544009420077,28.89072847682119
2022-11-11,14.3,15.0,14.28,14.41,0,16.738999999999997,18.461199999999998,18.753999999999998,20.3562,-13.913614911285007,-21.944402314042417,-23.163058547509856,-29.21075642801702,-7.450224791265258,-9.598494353826847,-13.192771084337352,-28.592666005946477,23.396226415094347,16.884531590413943,52.321371657510355,66.32723345433033,1.2114285714285715,8.406860315257262,20.94,14.28,33.97,12.08,-57.58021783926994,19.288079470198678
2022-11-14,12.66,15.27,12.56,14.91,0,16.47,18.3854,18.6755,20.3418,-9.471766848816022,-18.90304263165338,-20.162780112982247,-26.702651682741934,3.4698126301179633,-4.789272030651337,-6.3442211055276365,-26.515524889107933,29.39130434782608,21.87833511205976,54.89062933116063,65.8787898929582,1.3450000000000002,9.020791415157614,20.63,12.56,33.97,12.08,-56.1083308801884,23.427152317880797
2022-11-15,13.83,15.02,13.83,14.64,0,16.288999999999998,18.280800000000003,18.5978,20.32055,-10.123396156915696,-19.915977418931348,-21.281011732570516,-27.954705950380283,-1.810865191146882,-6.093649775497112,-7.3417721518987396,-19.82475355969332,28.073089700996675,20.356768100734527,44.76412267000145,64.1746048158819,1.4300000000000002,9.767759562841531,19.08,12.56,33.97,12.08,-56.903149838092425,21.192052980132452
2022-11-16,13.93,15.53,13.93,15.1,0,16.122999999999998,18.191799999999997,18.5374,20.281899999999997,-6.3449730199094345,-16.99556943238161,-18.54305350264871,-25.549381468205627,3.1420765027322384,-5.150753768844218,-6.385616862988219,-18.02388707926168,35.361842105263165,30.150753768844197,46.74297598138484,64.64778502904718,1.4635714285714285,9.692526017029328,18.05,12.56,33.97,12.08,-55.54901383573741,24.999999999999996
2022-11-17,13.09,16.26,13.09,14.88,0,15.994499999999999,18.0962,18.4732,20.2495,-6.968020256963318,-17.7727920778948,-19.45088019401077,-26.51670411615102,-1.4569536423840956,-4.4315992292870865,-10.684273709483794,-14.72779369627506,35.71428571428571,27.93017456359101,43.94675625595851,64.64670966156338,1.5271428571428571,10.26305683563748,17.75,12.56,33.97,12.08,-56.196644097733284,23.178807947019873
2022-11-18,13.86,15.69,13.86,14.39,0,15.839499999999997,17.9934,18.4083,20.216099999999997,-9.151172701158478,-20.026231840563764,-21.828740296496687,-28.819109521618895,-3.2930107526881747,-0.1387925052047212,-9.723964868255951,-17.72441395082903,36.878216123499136,29.708222811671078,44.671445089895926,64.95515947562009,1.5728571428571425,10.9302094708627,17.75,12.56,33.97,12.08,-57.639093317633204,19.122516556291394
2022-11-21,14.02,15.55,13.36,14.8,0,15.718,17.902,18.3508,20.186600000000002,-5.84043771472197,-17.327672885711095,-19.349565141574203,-26.684037926149035,2.8492008339124464,-0.7377598926894713,-5.4916985951468655,-14.103308183401042,41.830065359477125,32.99620733249053,46.56920406119013,65.390816930401,1.6178571428571433,10.931467181467184,17.62,12.56,33.97,12.08,-56.43214601118633,22.51655629139073
2022-11-22,13.69,16.27,13.32,13.84,0,15.545999999999998,17.8126,18.2791,20.14605,-10.973883957288036,-22.30219058419321,-24.285112505539114,-31.30166955805232,-6.486486486486487,-5.464480874316946,-11.225144323284153,-19.90740740740742,33.03703703703704,30.313588850174213,50.66050080708994,65.82928814497603,1.7507142857142857,12.649669694467383,17.62,12.56,33.97,12.08,-59.258168972622904,14.56953642384106
2022-11-23,11.88,14.33,11.88,14.04,0,15.384,17.739,18.205,20.11635,-8.736349453978166,-20.8523592085236,-22.878330129085413,-30.20602644117845,1.4450867052023142,-7.019867549668879,-11.809045226130655,-18.75000000000001,29.595015576323974,31.50684931506848,51.31496885642483,65.66072539040891,1.77,12.606837606837606,17.62,11.88,33.97,11.88,-58.66941418899029,18.181818181818166
2022-11-24,13.47,13.87,13.0,13.48,0,15.214000000000002,17.6498,18.1208,20.090500000000002,-11.397397134218492,-23.62519688608369,-25.610348328992096,-32.90361115950326,-3.988603988603978,-9.408602150537638,-13.423249839434813,-20.14218009478672,30.351437699680503,29.61373390557938,52.22724243892956,66.04507855341527,1.72,12.759643916913946,17.07,11.88,33.97,11.88,-60.31792758316161,13.468013468013465
2022-11-25,15.77,15.77,12.77,13.33,0,15.0505,17.567,18.035700000000002,20.06135,-11.431513903192583,-24.119086924346785,-26.091030567152934,-33.553823645966006,-1.1127596439169163,-7.366226546212651,-7.494795281054822,-19.698795180722893,30.995106035889066,30.429988974641674,52.181001749344304,65.88098464711295,1.8821428571428573,14.119601328903656,17.04,11.88,33.97,11.88,-60.75949367088608,12.205387205387199
2022-11-28,12.55,14.06,12.41,13.57,0,14.932999999999998,17.4728,17.9589,20.0347,-9.127435880265171,-22.336431482074993,-24.438579200285094,-32.26751585998293,1.8004501125281402,-8.310810810810809,-8.987256874580819,-14.76130653266331,33.96825396825396,33.22259136212624,51.794955308342395,65.05633243598646,1.922857142857143,14.169912622381304,16.86,11.88,33.97,11.88,-60.05298793052694,14.22558922558922
2022-11-29,12.41,14.62,12.41,13.62,0,14.824000000000002,17.3774,17.8854,20.000600000000002,-8.121964382083124,-21.622337058478262,-23.848502130229132,-31.90204293871185,0.3684598378776549,-1.5895953757225523,-6.967213114754111,-13.797468354430386,30.89700996677739,36.309523809523796,51.9450966224148,65.03790870716723,2.005714285714286,14.726242920075522,16.86,11.88,33.97,11.88,-59.90579923461878,14.646464646464633
2022-11-30,12.75,14.05,12.75,13.81,0,14.708000000000002,17.2572,17.8156,19.9712,-6.105520805004089,-19.97543054493197,-22.483666000583753,-30.85042461144047,1.3950073421439058,-1.638176638176625,-8.543046357615891,-14.38313701177929,34.98293515358361,38.25265643447461,51.50992210218337,62.37717201947682,2.0414285714285714,14.782248887969379,16.86,11.88,33.97,11.88,-59.346482190167784,16.245791245791242
2022-12-01,13.96,14.23,12.99,13.36,0,14.543000000000001,17.1256,17.746499999999997,19.945200000000003,-8.134497696486292,-21.9881347222871,-24.717549939424668,-33.016465114413506,-3.25850832729907,-0.8902077151335397,-10.215053763440874,-19.807923169267717,39.80582524271844,33.87660069848661,49.97076289721235,62.582056593629346,2.037857142857143,15.253421727972627,16.73,11.88,33.97,11.88,-60.67118045334119,12.457912457912446
2022-12-02,12.96,14.09,12.96,13.45,0,14.4185,17.0186,17.689,19.9239,-6.717064881922534,-20.968822347314116,-23.964045451975807,-32.49313638394089,0.6736526946107713,0.900225056264059,-6.532314107018767,-15.621079046424091,34.599156118143455,30.30674846625766,48.763967796819756,61.594978576952755,1.925,14.312267657992567,16.36,11.88,33.97,11.88,-60.4062408007065,13.215488215488202
2022-12-05,14.17,14.42,13.57,13.73,0,14.322,16.9066,17.6423,19.89915,-4.133500907694447,-18.789111944447733,-22.17568004171791,-31.002077978205094,2.0817843866171026,1.179071481208549,-7.229729729729728,-12.324393358876119,40.421052631578945,35.6679636835279,49.6604353223301,61.4068527168071,1.909285714285714,13.905941109145767,16.36,11.88,33.97,11.88,-59.58198410362085,15.572390572390567
2022-12-06,12.18,14.25,12.18,14.04,0,14.244499999999999,16.811,17.599,19.85445,-1.4356418266699391,-16.483255011599553,-20.22273992840503,-29.285374311552324,2.2578295702840423,3.083700440528636,1.4450867052023142,-9.942270686337395,38.47826086956521,39.53488372093023,50.69413786647748,61.557846117011565,1.942857142857143,13.83801383801384,16.29,11.88,33.97,11.88,-58.66941418899029,18.181818181818166
2022-12-07,13.8,14.46,13.8,14.08,0,14.1525,16.6808,17.554299999999998,19.8218,-0.5122769828652167,-15.59157834156636,-19.791731940322304,-28.967096832780072,0.2849002849002913,1.955104996379431,0.2849002849002913,-11.557788944723612,40.95022624434388,40.20752269779507,49.863274938174854,57.25814515079099,1.7635714285714283,12.525365259740258,16.29,11.88,33.97,11.88,-58.55166323226376,18.518518518518512
2022-12-08,13.36,14.89,13.26,13.4,0,14.044,16.511,17.5031,19.78585,-4.585588151523783,-18.84198413179092,-23.442133107849465,-32.27483277190517,-4.829545454545448,0.29940119760478723,-0.5934718100890191,-13.937058445728967,39.26247288503254,34.36724565756823,51.84223167108391,55.689375976112,1.7492857142857143,13.054371002132195,16.27,11.88,33.97,11.88,-60.55342949661466,12.794612794612789
2022-12-09,11.91,13.96,11.91,13.48,0,13.997500000000002,16.3492,17.4545,19.743199999999998,-3.697088765851057,-17.549482543488363,-22.770632215188055,-31.723327525426466,0.5970149253731405,0.22304832713755385,1.125281320330096,-6.4538514920194245,34.57943925233644,36.585365853658544,45.406755433239624,55.77719598793202,1.739285714285714,12.902713013988976,16.27,11.88,33.97,11.88,-60.31792758316161,13.468013468013465
2022-12-12,12.53,14.15,12.53,13.32,0,13.918000000000001,16.1736,17.4117,19.698950000000004,-4.296594338266997,-17.643567294850868,-23.499715708402967,-32.38218280669783,-1.1869436201780381,-2.9861616897305154,-1.8422991893883522,-10.663983903420526,42.52873563218392,41.973490427098675,43.24501178279514,55.255439200369075,1.6442857142857144,12.344487344487344,16.27,11.88,33.97,11.88,-60.788931410067704,12.121212121212116
2022-12-13,11.43,13.58,11.43,12.88,0,13.830000000000002,16.0052,17.3689,19.64885,-6.869125090383231,-19.526153999950004,-25.844469137366204,-34.44908989584632,-3.3033033033032955,-8.262108262108248,-5.433186490455199,-12.02185792349727,34.40860215053766,34.9182763744428,44.14800160941428,55.18119473952087,1.6228571428571428,12.599822537710736,16.27,11.43,33.97,11.43,-62.084191934059454,12.685914260717421
2022-12-14,11.53,13.08,11.53,12.89,0,13.7195,15.863600000000002,17.3258,19.58,-6.046138707678847,-18.74479941501299,-25.602280991353936,-34.167517875383034,0.07763975155279379,-8.451704545454541,-6.6618392469225185,-14.635761589403973,40.69400630914827,36.476043276661514,41.98927381936628,53.865871883145985,1.6592857142857145,12.872658760944255,16.27,11.43,33.97,11.43,-62.05475419487782,12.773403324584434
2022-12-15,12.59,13.88,12.59,13.73,0,13.662,15.710799999999999,17.2949,19.52595,0.4977309325135384,-12.607887567787756,-20.612434879646592,-29.683318865407323,6.516679596586505,2.462686567164174,2.7694610778443263,-7.728494623655912,55.18134715025907,40.00000000000001,49.14838395693673,53.50715842996796,1.5371428571428574,11.19550515034856,16.27,11.43,33.97,11.43,-59.58198410362085,20.12248468941383
2022-12-16,12.49,14.22,12.49,14.07,0,13.646,15.6008,17.267,19.4364,3.1071376227465883,-9.812317317060659,-18.515086581340125,-27.610051244057537,2.476329206118,4.376854599406532,4.609665427509291,-2.223766504517033,56.313131313131315,44.18938307030128,48.840707079062305,51.08665783079792,1.5428571428571431,10.96558026195553,16.27,11.43,33.97,11.43,-58.58110097144539,23.097112860892395
2022-12-19,14.25,14.49,13.5,13.55,0,13.5835,15.4854,17.236,19.37045,-0.24662274082526658,-12.498224133700127,-21.38547226734741,-30.04808871244602,-3.6958066808813084,1.726726726726735,-1.310997815003645,-8.445945945945944,49.20993227990972,43.99999999999999,49.18178561185145,51.536614605968424,1.4557142857142864,10.743278861360047,16.27,11.43,33.97,11.43,-60.1118634088902,18.547681539807535
2022-12-20,13.04,14.92,13.04,13.78,0,13.5805,15.3848,17.197,19.296499999999998,1.469018077390366,-10.43107482710208,-19.86974472291679,-28.588085922317514,1.697416974169741,6.987577639751552,-1.851851851851849,-0.43352601156069204,49.66442953020133,42.52199413489735,44.04788079234231,51.59713325216132,1.4971428571428576,10.86460709102219,15.77,11.43,33.97,11.43,-59.434795407712684,20.559930008748903
2022-12-21,12.46,16.01,12.46,15.56,0,13.6565,15.3036,17.1709,19.22815,13.93841760333908,1.6754227763402147,-9.38156998177148,-19.076978284442337,12.91727140783745,20.713731574864227,10.511363636363647,10.826210826210847,68.96551724137932,61.25654450261781,63.51189028909383,58.88691509807932,1.6621428571428576,10.682152038193172,16.01,11.43,33.97,11.43,-54.19487783338239,36.13298337707787
2022-12-22,16.0,16.1,14.94,15.19,0,13.741999999999999,15.1976,17.1415,19.1633,10.537039732207834,-0.05000789598357669,-11.384651284893394,-20.73390282467007,-2.3778920308483387,10.633648943918427,13.358208955223883,12.685459940652821,64.3092105263158,57.36235595390525,62.21647099593909,57.992609075789744,1.664285714285715,10.956456315244997,16.1,11.43,33.97,11.43,-55.28407418310274,32.895888013998245
2022-12-23,14.67,16.48,14.48,16.16,0,13.883500000000002,15.1172,17.133,19.104300000000002,16.39716209889436,6.898102823274149,-5.67909881515204,-15.41171359327482,6.385780118499018,14.854299928926796,19.881305637982184,21.230307576894212,67.94682422451994,66.30170316301702,64.99968569833614,59.982244681019345,1.7378571428571437,10.754066478076384,16.48,11.43,33.97,11.43,-52.42861348248454,41.38232720909887
2022-12-26,14.31,17.23,14.31,15.93,0,14.001500000000002,15.03,17.1268,19.037300000000002,13.773524265257278,5.988023952095811,-6.987878646332063,-16.3221675342617,-1.42326732673268,17.56457564575644,19.594594594594582,17.391304347826075,64.12556053811659,65.66265060240963,65.50731713081164,59.9899483234567,1.7985714285714294,11.290467222670618,17.23,11.43,33.97,11.43,-53.10568148366206,39.37007874015748
2022-12-27,14.95,16.13,14.93,15.29,0,14.084999999999999,14.970600000000001,17.1048,18.9708,8.55520056798012,2.133515022777966,-10.609887283101829,-19.402450081177395,-4.017576898932839,10.957910014513782,18.711180124223592,12.261380323054327,58.29903978052125,59.88505747126436,67.77485660366655,56.46915994380704,1.8371428571428579,12.015322806689719,17.23,11.43,33.97,11.43,-54.989696791286434,33.77077865266841
2022-12-28,15.28,15.65,15.27,15.4,0,14.1645,14.9102,17.0735,18.91045,8.722510501606127,3.284999530522734,-9.801739537880334,-18.563545552855697,0.7194244604316724,-1.0282776349614386,19.472459270752516,11.513396089790007,64.88095238095238,60.15981735159818,67.72053944248569,56.45355186701825,1.7478571428571432,11.349721706864566,17.23,11.43,33.97,11.43,-54.6658816602885,34.7331583552056
2022-12-29,15.71,15.77,14.71,14.81,0,14.237,14.8574,17.0371,18.8566,4.024724309896751,-0.319032939814501,-13.072060385863782,-21.4598602080969,-3.8311688311688297,-2.501645819618159,7.865986890021848,10.85329341317367,59.19778699861687,55.45851528384279,68.185531969976,55.89309207398685,1.6771428571428575,11.324394713996337,17.23,11.43,33.97,11.43,-56.402708272004695,29.571303587051627
2022-12-30,14.61,15.12,14.28,14.87,0,14.308000000000002,14.805,16.9932,18.804199999999998,3.9278725188705446,0.43904086457277613,-12.494409528517302,-20.921921698343983,0.4051316677920136,-7.982673267326734,5.6858564321250915,10.55762081784386,60.869565217391305,58.608893956670464,68.18839972294654,55.902531171483595,1.6214285714285717,10.904025362666925,17.23,11.43,33.97,11.43,-56.22608183691493,30.096237970253714
2023-01-02,15.01,15.45,14.57,14.69,0,14.356,14.7542,16.9509,18.74925,2.32655335748119,-0.4351303357688073,-13.337934858916054,-21.65019934130699,-1.2104909213180859,-7.784055241682363,8.413284132841326,6.991988346686084,63.173216885007264,56.99774266365689,68.23297511067896,55.87491707447071,1.5307142857142861,10.420110862588743,17.23,11.43,33.97,11.43,-56.75596114218428,28.521434820647418
2023-01-04,14.71,15.68,14.33,15.2,0,14.414000000000001,14.7126,16.9105,18.6916,5.453031774663506,3.3128067098949145,-10.115017296945684,-18.680048791970734,3.4717494894485945,-0.5886200130804431,10.304789550072568,8.26210826210827,65.67164179104476,58.08580858085808,68.79963825374492,56.48882592623748,1.5164285714285715,9.976503759398497,17.23,11.43,33.97,11.43,-55.254636443921115,32.98337707786526
2023-01-05,15.2,15.6,14.81,14.98,0,14.459,14.666599999999999,16.8642,18.6459,3.6032920672245714,2.1368278946722588,-11.172780208963365,-19.660622442467247,-1.4473684210526194,-2.7272727272727226,-3.7275064267352165,6.392045454545459,59.25925925925926,55.22222222222223,69.13995380894484,56.55652486071124,1.4807142857142856,9.884608048827006,17.23,11.43,33.97,11.43,-55.90226670591698,31.058617672790906
2023-01-06,14.95,15.44,14.62,15.03,0,14.5405,14.6296,16.8309,18.608,3.3664592001650533,2.736916935527967,-10.699962568846589,-19.228288907996564,0.33377837116153053,1.4854827819041017,-1.0533245556286985,12.1641791044776,57.430340557275535,55.271920088790225,66.33545361332008,56.36523207711216,1.4157142857142857,9.419256724645948,17.23,11.43,33.97,11.43,-55.75507801000883,31.496062992125985
2023-01-09,14.53,15.38,14.53,14.65,0,14.598999999999998,14.590600000000002,16.8013,18.55815,0.3493389958216449,0.4071114279056265,-12.804366328795991,-21.05894175874212,-2.528276779773775,-1.4794889038332149,-9.344059405940596,8.67952522255193,58.70253164556962,57.175660160734786,67.29255226325455,56.51685314999756,1.4057142857142857,9.595319356411506,17.23,11.43,33.97,11.43,-56.873712098910815,28.17147856517936
2023-01-10,14.56,15.94,14.56,15.51,0,14.7085,14.5824,16.7795,18.515349999999998,5.449230037053397,6.361092824226465,-7.565779671623106,-16.231667238264457,5.870307167235489,5.582028590878152,-2.6365348399246646,16.44144144144144,62.44604316546763,60.695468914647,69.57170991649994,57.395022043831055,1.3699999999999999,8.833010960670535,17.23,11.43,33.97,11.43,-54.342066529290555,35.69553805774278
2023-01-11,15.12,16.23,15.12,15.44,0,14.836500000000001,14.5752,16.7571,18.468799999999998,4.067670946651829,5.93336626598605,-7.859951900985264,-16.399549510525855,-0.45132172791747527,1.5789473684210575,0.9810333551340866,19.875776397515523,48.85496183206106,61.27659574468085,68.03207418800662,57.378314883710544,1.195714285714286,7.744263508512216,17.23,11.53,33.97,11.43,-54.54813070356197,35.08311461067367
2023-01-12,14.42,16.04,14.42,15.28,0,14.956,14.558200000000001,16.7364,18.42555,2.1663546402781484,4.958030525751797,-8.701990870199088,-17.071674929649326,-1.0362694300518172,2.002670226969294,-0.7792207792207906,18.541505042668717,50.89463220675945,63.1578947368421,68.34534340416091,57.226716781167966,1.2285714285714282,8.040388930441285,17.23,12.46,33.97,11.43,-55.01913453046805,33.683289588801394
2023-01-13,15.03,15.6,14.4,14.46,0,14.992499999999998,14.514199999999999,16.6981,18.3807,-3.551775887943953,-0.373427402130314,-13.403321335960374,-21.3305260409016,-5.366492146596846,-3.792415169660668,-2.363268062120183,5.316824471959225,32.58196721311474,57.90533736153071,68.49863613865936,57.92859687508511,1.1714285714285713,8.101165777514325,17.23,12.46,33.97,11.43,-57.43302914336179,26.50918635170605
2023-01-16,14.8,15.36,14.72,15.02,0,15.040000000000001,14.4958,16.657899999999998,18.342750000000002,-0.13297872340426428,3.6162198705832065,-9.832571932836663,-18.11478649602705,3.872752420470249,2.5255972696245577,1.008742434431742,6.751954513148539,41.26679462571976,56.68393782383419,69.25025584535975,57.86471292452768,1.027142857142857,6.838501046224081,17.23,12.46,33.97,11.43,-55.78451574919047,31.408573928258964
2023-01-17,13.84,15.31,13.84,14.59,0,15.091999999999999,14.474400000000001,16.6133,18.3092,-3.3262655711635234,0.7986514121483363,-12.17879650641353,-20.31328512441833,-2.8628495339547255,-5.931656995486778,-0.6807351940095296,7.6752767527675125,43.0,52.66940451745379,68.65511054426307,58.08491543655695,1.0464285714285713,7.172231469695485,17.23,12.46,33.97,11.43,-57.05033853400059,27.646544181977255
2023-01-18,12.47,14.75,12.47,14.37,0,15.121500000000001,14.45,16.5727,18.278,-4.969745064973725,-0.5536332179930801,-13.291135421506464,-21.38089506510559,-1.5078821110349638,-6.930051813471505,-5.460526315789471,4.281567489114657,39.921722113502916,54.343220338983045,68.82897201381907,58.16844712463283,1.182142857142857,8.226463863207076,17.23,12.46,33.97,11.43,-57.697968795996466,25.721784776902883
2023-01-19,14.57,14.83,13.89,13.96,0,15.041500000000003,14.410800000000002,16.516599999999997,18.245,-7.190107369610756,-3.128209398506682,-15.478972669919939,-23.4858865442587,-2.8531663187195466,-8.638743455497377,-6.809078771695587,-10.282776349614398,41.37931034482757,50.935550935550935,50.90341430062474,58.26520792547254,1.1735714285714283,8.406672124437165,17.23,12.47,33.97,11.43,-58.90491610244333,22.134733158355218
2023-01-20,11.64,14.19,11.64,13.79,0,14.9715,14.3752,16.4723,18.22175,-7.8916608222289115,-4.070899883132063,-16.28370051541073,-24.321209543540007,-1.217765042979957,-4.633471645919796,-8.250166333998676,-9.216589861751157,39.28571428571426,38.95131086142321,50.498543039994416,58.13344375924987,1.2957142857142852,9.396042681031801,17.23,11.64,33.97,11.43,-59.40535766853105,20.647419072615918
2023-01-23,14.17,14.26,13.48,13.62,0,14.8445,14.3594,16.4103,18.2003,-8.248846374077946,-5.149240218950664,-17.003345459863624,-25.16606869117542,-1.2327773749093551,-9.320905459387486,-7.0307167235494905,-15.71782178217822,39.363817097415485,39.948783610755434,43.6240901943122,55.76069871754372,1.2885714285714283,9.460876861757917,17.23,11.64,33.97,11.43,-59.90579923461878,19.160104986876636
2023-01-24,13.3,13.81,13.3,13.66,0,14.731,14.334399999999999,16.3599,18.17615,-7.27038218722422,-4.704766156937149,-16.50315710976228,-24.846570918483835,0.2936857562408246,-6.374228923920489,-11.9277885235332,-14.249843063402379,33.11403508771929,31.83139534883719,43.73251366328648,55.18146374628813,1.2285714285714282,8.99393432336331,16.23,11.64,33.97,11.43,-59.78804827789226,19.51006124234471
2023-01-25,13.52,15.42,13.52,14.66,0,14.6995,14.3348,16.3078,18.15435,-0.26871662301439037,2.268605072969282,-10.104367235310711,-19.248003921925054,7.320644216691075,2.018093249826025,-5.051813471502586,-4.120340091563102,47.00374531835205,41.69934640522876,50.433142192131186,57.49925467068614,1.3078571428571428,8.921262911713116,16.23,11.64,33.97,11.43,-56.84427435972918,28.25896762904637
2023-01-27,14.58,18.01,14.58,17.32,0,14.795499999999999,14.3792,16.285500000000003,18.14595,17.062620391335216,20.451763658618,6.352276565042509,-4.551704374805391,18.144611186903138,24.068767908309454,13.350785340314154,12.467532467532472,64.40251572327045,60.49638055842814,82.32357631946003,70.1091410213421,1.494285714285714,8.627515671395578,18.01,11.64,33.97,11.43,-49.01383573741536,51.5310586176728
2023-01-30,17.29,19.39,17.29,17.71,0,14.9405,14.435799999999999,16.266,18.14605,18.536862889461535,22.681112234860574,8.877413008729883,-2.4030023062870325,2.2517321016166214,28.426395939086312,22.47579529737207,19.58136394328156,69.2211055276382,61.60804020100504,80.69021547769053,70.10769922986572,1.5835714285714282,8.941679438573846,19.39,11.64,33.97,11.43,-47.86576390933176,54.943132108486445
2023-01-31,17.12,18.37,16.57,16.88,0,15.041,14.4856,16.2395,18.1391,12.226580679476088,16.529518970563863,3.94408694848979,-6.941358722318087,-4.686617730095999,23.935389133627027,12.383488681757647,13.517148621385333,58.638083228247154,60.15701668302257,83.18419306569088,70.55766824710558,1.6135714285714289,9.559072444143537,19.39,11.64,33.97,11.43,-50.30909626140713,47.681539807524054
2023-02-01,15.33,18.54,14.85,16.78,0,15.145499999999998,14.5252,16.2136,18.1322,10.791984417813891,15.52336628755543,3.4933635959934968,-7.457451384829198,-0.5924170616113611,22.840409956076147,15.010281014393435,14.2273655547992,58.417085427135696,59.33528836754645,83.01898081536898,70.36904793596533,1.7978571428571428,10.714285714285714,19.39,11.64,33.97,11.43,-50.60347365322343,46.80664916885391
2023-02-02,16.93,17.77,15.51,15.73,0,15.172,14.562999999999999,16.1878,18.121899999999997,3.677827577115738,8.013458765364291,-2.828055696265082,-13.19894713026778,-6.257449344457688,7.298772169167811,9.464161447459984,3.486842105263155,52.542372881355945,54.68468468468469,85.97917740671106,70.25651678854896,1.8435714285714282,11.720098083734444,19.39,11.64,33.97,11.43,-53.69443626729466,37.620297462817156
2023-02-03,15.73,15.76,14.27,14.4,0,15.142999999999997,14.5702,16.154600000000002,18.0972,-4.906557485306722,-1.1681377057281264,-10.861302663018591,-20.42967972946091,-8.455181182453908,-16.85912240184757,3.151862464183375,-3.8718291054739673,49.67948717948718,46.644295302013425,91.30418540052128,72.92614107370761,1.8642857142857143,12.946428571428573,19.39,11.64,33.97,11.43,-57.60965557845158,25.98425196850394
2023-02-06,14.99,15.21,14.57,14.69,0,15.126,14.5944,16.1221,18.071749999999998,-2.8824540526246194,0.6550457709806449,-8.882837843705225,-18.712908268430002,2.013888888888893,-17.052512704686627,6.526468455402479,-2.262142381902865,48.18481848184818,48.790658882402,91.59169224735517,72.4176605673116,1.8578571428571433,12.647087425848492,19.39,11.64,33.97,11.43,-56.75596114218428,28.521434820647418
2023-02-07,13.67,14.88,13.67,14.13,0,15.1,14.6104,16.088700000000003,18.04905,-6.423841059602642,-3.288068772928869,-12.174383262786936,-21.71333117255479,-3.8121170864533593,-16.29146919431279,3.7444933920705026,-3.549488054607508,47.50542299349242,46.400000000000006,92.17989159826895,72.93439052521475,1.8392857142857142,13.016884035992316,19.39,11.64,33.97,11.43,-58.4044745363556,23.6220472440945
2023-02-08,13.98,14.25,13.54,13.6,0,15.004499999999998,14.610999999999999,16.041900000000002,18.0278,-9.360525175780591,-6.919444254328925,-15.222012355144976,-24.5609558570652,-3.7508846426043907,-18.951132300357575,-0.43923865300147247,-12.314635718891044,45.960125918153196,45.8498023715415,90.32212298382169,73.37749509466789,1.727142857142857,12.699579831932773,19.39,11.64,33.97,11.43,-59.96467471298204,18.985126859142607
2023-02-09,12.1,13.82,12.06,13.04,0,14.8845,14.599400000000001,15.988399999999999,18.00125,-12.39208572676274,-10.68126087373455,-18.440869630482098,-27.560586070411773,-4.117647058823537,-17.101080737444384,-11.050477489768085,-15.544041450777202,45.24793388429751,39.99999999999999,91.22398993497444,73.98321530148081,1.785714285714286,13.694127957931643,19.39,11.64,33.97,11.43,-61.61318810715337,14.085739282589671
2023-02-10,12.25,13.28,12.21,12.75,0,14.758000000000001,14.578199999999999,15.9177,17.9587,-13.606179699146232,-12.540642877721522,-19.90048813584877,-29.00376976061742,-2.223926380368091,-11.458333333333337,-26.385681293302543,-16.55759162303665,44.693877551020414,39.29992044550517,91.38060902571334,74.08207271413492,1.6800000000000002,13.176470588235295,19.39,11.64,33.97,11.43,-62.46688254342067,11.548556430446197
2023-02-13,11.83,14.1,11.83,13.68,0,14.719,14.5846,15.8551,17.93115,-7.058903458115359,-6.2024327029880855,-13.718614199847371,-23.70818380304665,7.294117647058829,-6.875425459496254,-22.755505364201024,-5.394190871369298,50.284090909090914,44.00299850074963,93.91673157884334,75.51123700972954,1.7864285714285717,13.058688387635758,19.39,11.64,33.97,11.43,-59.729172799528996,19.68503937007874
2023-02-14,13.38,13.55,13.28,13.45,0,14.6405,14.5846,15.8016,17.89535,-8.131552884122812,-7.7794385859056865,-14.882037262049419,-24.840810601636747,-1.6812865497076057,-4.812455767869794,-20.31990521327014,-10.45272969374168,49.02325581395348,46.0392156862745,92.84900072469209,75.61283907894752,1.778571428571429,13.223579394583115,19.39,11.64,33.97,11.43,-60.4062408007065,17.672790901137354
2023-02-15,11.28,13.2,11.28,12.86,0,14.553999999999998,14.5672,15.736899999999999,17.862750000000002,-11.63941184554074,-11.7194793783294,-18.281237092438786,-28.00660592573933,-4.386617100371748,-5.441176470588238,-23.361144219308706,-11.857436600411242,41.295938104448744,41.54929577464789,93.54076930596644,76.13644739015074,1.797857142857143,13.98022661630749,19.39,11.28,33.97,11.28,-62.143067412422724,14.00709219858156
2023-02-16,10.17,13.16,10.17,12.89,0,14.48,14.5442,15.6776,17.8301,-10.980662983425413,-11.373605973515213,-17.780782772873398,-27.706518751998026,0.2332814930015692,-1.1503067484662455,-18.05467260012714,-10.299234516353506,21.27107652399482,43.134087237479804,93.48940997203002,75.96001722573132,1.7664285714285717,13.70386789316192,19.39,10.17,33.97,10.17,-62.05475419487782,26.745329400196667
2023-02-17,10.8,13.52,10.8,13.09,0,14.436499999999999,14.5244,15.6026,17.794150000000002,-9.327052956048897,-9.875795213571646,-16.103726302026587,-26.436497388186574,1.5515903801396336,2.6666666666666616,-9.097222222222223,-6.232091690544417,19.281914893617014,44.822006472491914,93.25470989171708,76.04306580740251,1.8107142857142857,13.832805849612573,19.39,10.17,33.97,10.17,-61.46599941124522,28.711897738446414
2023-02-20,13.37,13.71,13.06,13.38,0,14.416,14.524000000000001,15.5175,17.751649999999998,-7.186459489456157,-7.876618011567062,-13.774770420492988,-24.626724839662778,2.2154316271963292,-2.1929824561403466,-8.917631041524842,-2.97316896301667,24.92836676217766,47.63071895424837,93.53678645985165,75.40214147670675,1.7285714285714282,12.919068972880629,19.39,10.17,33.97,10.17,-60.61230497497792,31.56342182890856
2023-02-21,13.71,14.3,13.6,14.01,0,14.4355,14.534600000000001,15.4419,17.72025,-2.947594471961481,-3.6093184538962286,-9.272822644881787,-20.937910018199517,4.7085201793722,4.163568773234205,-0.8492569002123251,2.8634361233480288,31.55792276964047,50.866141732283474,94.86121208832303,76.1024117987235,1.5307142857142857,10.925869277047006,19.39,10.17,33.97,10.17,-58.75772740653519,37.75811209439528
2023-02-22,12.38,15.92,12.38,15.59,0,14.532,14.58,15.376800000000001,17.691950000000002,7.280484448114505,6.927297668038407,1.3865043442068488,-11.88082715585338,11.277658815132053,21.22861586314153,14.632352941176464,14.128843338213759,49.12935323383084,56.98086463501063,102.54778081070033,79.99195027894504,1.622142857142857,10.405021533950334,19.39,10.17,33.97,10.17,-54.106564615837506,53.29400196656834
2023-02-23,15.19,16.01,14.52,15.08,0,14.553,14.624,15.3146,17.6572,3.6212464783893306,3.118161925601747,-1.5318715474122755,-14.595745644836096,-3.271327774214239,16.98991466252908,15.644171779141104,2.8649386084584005,54.70914127423823,54.869684499314126,100.55980149100647,79.98429817399905,1.622142857142857,10.75691549829481,19.39,10.17,33.97,10.17,-55.607889314100674,48.279252704031464
2023-02-24,14.9,15.14,14.01,14.19,0,14.3965,14.65,15.256799999999998,17.616650000000003,-1.434376410933214,-3.13993174061434,-6.992291961617108,-19.45120099451373,-5.901856763925728,8.403361344537807,11.29411764705881,-18.071593533487306,46.80306905370845,48.37595024187974,77.65364718522562,81.23837327937183,1.645,11.592670894996477,19.39,10.17,33.97,10.17,-58.227848101265835,39.528023598820056
2023-02-27,14.3,15.1,13.75,13.88,0,14.204999999999998,14.653000000000002,15.1819,17.57205,-2.28792678634282,-5.275370231351951,-8.575343007133492,-21.010923597417488,-2.1846370683579863,3.7369207772795177,1.4619883040935644,-21.626199887069454,48.34874504623514,35.80858085808582,76.87380979406466,80.16398043579981,1.6549999999999998,11.923631123919307,18.54,10.17,33.97,10.17,-59.140418015896365,36.47984267453295
2023-02-28,13.51,14.57,13.5,14.02,0,14.062000000000001,14.652000000000001,15.1264,17.520799999999998,-0.2986772863035243,-4.313404313404323,-7.314364290247519,-19.980822793479742,1.0086455331411948,0.07137758743753775,4.23791821561339,-16.943127962085303,52.92479108635097,34.45661331086772,76.00419812482475,80.01170374024494,1.6807142857142858,11.98797636030161,18.54,10.17,33.97,10.17,-58.72828966735355,37.85644051130777
2023-03-01,12.28,13.64,12.28,13.0,0,13.873000000000001,14.641000000000002,15.0632,17.468349999999997,-6.29279896201255,-11.208250802540821,-13.696956821923628,-25.57969127021154,-7.275320970042798,-16.613213598460554,1.0886469673405896,-22.526817640047682,49.73821989528796,33.91376451077943,79.37018254783003,81.28129493141445,1.679285714285714,12.917582417582416,17.77,10.17,33.97,10.17,-61.730939063879894,27.826941986234022
2023-03-02,11.1,13.55,11.1,12.97,0,13.735,14.6248,15.0048,17.41055,-5.569712413542037,-11.315026530277336,-13.560993815312425,-25.50493809787743,-0.2307692307692233,-13.992042440318297,0.6206361520558534,-17.546090273363003,51.490514905149055,34.111759799833195,77.07713125077468,81.19437234320122,1.7778571428571428,13.70745676836656,16.01,10.17,31.98,10.17,-59.44340212632895,27.531956735496564
2023-03-03,12.57,12.58,11.98,12.18,0,13.624,14.5572,14.930399999999999,17.35775,-10.59894304169114,-16.330063473744953,-18.421475647002087,-29.829615013466604,-6.0909791827293835,-14.164904862579276,-6.951871657754016,-15.416666666666668,39.64088397790055,34.867860187553276,74.39305703478871,76.7360885589511,1.6864285714285718,13.845883180858554,16.01,10.17,30.84,10.17,-60.505836575875485,19.764011799410028
2023-03-06,12.17,12.47,11.84,12.27,0,13.503,14.4988,14.848200000000002,17.3076,-9.131304154632309,-15.37230667365575,-17.363720855053153,-29.10628856687236,0.738916256157629,-11.599423631123928,-8.295964125560552,-16.473791695030638,41.690140845070424,39.84747378455671,73.905133312198,76.63733794597175,1.702857142857143,13.878216323204102,16.01,10.17,30.84,10.17,-60.21400778210116,20.648967551622416
2023-03-08,12.27,12.85,11.9,12.45,0,13.419,14.4246,14.7709,17.24705,-7.221104404203005,-13.689114429516247,-15.71265122639785,-27.8137420602364,1.4669926650366705,-11.198288159771753,-11.134903640256965,-11.889596602972407,46.93572496263079,39.21001926782273,73.42077081288684,75.2074658572134,1.6157142857142859,12.977624784853703,16.01,10.17,30.28,10.17,-58.883751651254954,22.418879056047192
2023-03-09,12.45,12.84,11.78,12.73,0,13.375499999999999,14.360600000000002,14.6953,17.1952,-4.825987813539669,-11.354678773867393,-13.373663688390161,-25.967711919605467,2.248995983935753,-2.076923076923076,-18.345093008338676,-6.397058823529411,48.847262247838614,43.06930693069307,73.01871303579745,75.40568772191072,1.4778571428571432,11.609246998092248,16.01,10.17,30.28,10.17,-57.959048877146635,25.17207472959686
2023-03-10,12.73,13.82,12.73,13.41,0,13.394,14.323,14.6468,17.14525,0.11945647304763336,-6.3743629127976,-8.444165278422593,-21.78591738236538,5.341712490180672,3.3924441017733287,-11.074270557029175,2.837423312883436,52.15633423180593,49.073170731707314,74.05357234260018,75.98389310614941,1.3614285714285717,10.152338340257804,16.01,10.17,30.28,10.17,-55.71334214002642,31.858407079646017
2023-03-13,13.41,16.43,13.41,16.22,0,13.5675,14.339400000000001,14.6248,17.098149999999997,19.550396167311575,13.114914152614457,10.907499589737968,-5.135935759131825,20.954511558538403,33.16912972085386,14.305849189570118,27.215686274509785,64.28571428571428,62.720000000000006,103.61966575441369,89.54850144832687,1.5307142857142861,9.437202747930248,16.43,10.17,30.06,10.17,-46.04125083166999,59.48869223205505
2023-03-14,16.22,16.64,15.0,16.22,0,13.6945,14.3676,14.6125,17.05285,18.441710175617942,12.89289790918455,11.000855431993143,-4.88393435701364,0.0,32.19233903830481,16.858789625360227,18.5672514619883,61.868958109559614,64.20966420966421,101.32693558489274,89.06202506139186,1.5821428571428575,9.754271622335743,16.64,10.17,28.59,10.17,-43.26687653025534,59.48869223205505
2023-03-15,16.22,16.51,14.52,16.3,0,13.837,14.3962,14.6006,17.02075,17.800101178001018,13.224323085258613,11.639247702149232,-4.234537255996351,0.4932182490752224,30.923694779116474,16.262482168330973,21.189591078066925,54.54545454545455,61.53169014084508,100.84631469201881,89.06263846877702,1.471428571428572,9.02716914986854,16.64,10.17,28.13,10.17,-42.054745822964804,60.27531956735498
2023-03-16,16.3,17.36,13.95,16.22,0,14.005,14.426799999999998,14.590499999999999,16.99445,15.815780078543362,12.42964482768182,11.168225900414654,-4.557075986572096,-0.4907975460122782,27.415553809897865,24.769230769230766,26.127527216174173,57.72357723577235,62.355040142729706,98.94229693159086,89.01328269050114,1.6085714285714288,9.917209793905233,17.36,10.17,28.13,10.17,-42.33913970849627,59.48869223205505
2023-03-17,16.22,16.22,14.6,14.77,0,14.099,14.418200000000002,14.5654,16.9684,4.759202780339026,2.439971702431629,1.4046988067612234,-12.955847339760965,-8.939580764488287,10.14168530947055,13.878180416345408,14.584949573312645,53.65239294710327,57.91217895608948,105.44654296218397,91.1066769571441,1.6435714285714287,11.127768643002225,17.36,10.8,28.13,10.17,-47.493778883754004,45.23107177974434
2023-03-20,14.77,17.22,14.52,16.01,0,14.245,14.4388,14.5527,16.94605,12.390312390312408,10.88179073053163,10.013949301504201,-5.52370611440423,8.395396073121209,-1.2946979038224282,31.444991789819387,22.30710466004584,62.00676437429538,61.746987951807235,108.76975392563169,92.91118922224759,1.7400000000000002,10.868207370393504,17.36,11.1,28.13,10.17,-43.08567365801635,57.423795476892835
2023-03-21,16.01,16.04,14.08,15.08,0,14.329999999999998,14.439799999999998,14.5347,16.9172,5.233775296580613,4.43357941245725,3.7517114216323635,-10.859953183741997,-5.808869456589639,-7.0283600493218135,22.901385493072546,12.705530642750373,55.48654244306418,57.102069950035684,111.49426923635613,93.91512075652896,1.8035714285714286,11.960022735884806,17.36,11.1,28.13,10.17,-46.391752577319586,48.279252704031464
2023-03-22,15.08,15.09,14.24,14.81,0,14.37,14.443,14.516799999999998,16.889650000000003,3.0619345859429457,2.5410233331025474,2.0197288658657717,-12.31316220288758,-1.7904509283819592,-9.14110429447853,18.955823293172692,5.710206995003575,60.15712682379349,55.11079342387419,110.87445794633469,93.82067480377614,1.74,11.74881836596894,17.36,11.1,28.13,10.17,-47.35158194098826,45.6243854473943
2023-03-23,14.81,15.06,13.9,14.49,0,14.315000000000001,14.4226,14.5025,16.8622,1.2224938875305549,0.46732211945142366,-0.08619203585588202,-14.068152435625251,-2.160702228224176,-10.665844636251531,13.825608798114697,-7.055805003207183,58.260869565217384,51.754385964912295,103.5645499739781,93.0467673906157,1.647857142857143,11.372375036971311,17.36,11.1,28.13,10.17,-48.48915748311411,42.47787610619469
2023-03-24,14.49,15.43,14.2,15.24,0,14.322999999999999,14.418600000000001,14.496899999999998,16.8374,6.402290023039877,5.696808289292988,5.125923473294304,-9.487212990129109,5.175983436852993,3.182125930941093,13.646532438478754,1.0610079575596787,66.70305676855895,48.63813229571985,104.55078896770469,93.75394321190275,1.6649999999999998,10.9251968503937,17.36,11.1,28.13,10.17,-45.822964806256664,49.85250737463127
2023-03-27,15.24,16.09,15.1,15.45,0,14.386,14.421999999999999,14.4901,16.8125,7.396079521757265,7.127998890583834,6.624522950152169,-8.10408921933086,1.3779527559055094,-3.4978138663335545,-4.747225647348952,8.879492600422822,67.13362068965516,51.47410358565737,102.0349327729772,93.75531869927677,1.6907142857142858,10.943134535367546,17.36,11.1,28.13,10.17,-45.07643085673658,51.91740412979351
2023-03-28,15.45,15.61,14.87,15.1,0,14.447,14.434800000000001,14.4745,16.7888,4.519969543849938,4.608307700834087,4.321392794224317,-10.059087010387872,-2.265372168284785,0.13262599469496816,-6.905055487053014,8.789625360230534,64.02116402116401,53.788509575353864,102.06467497867952,93.06699084268361,1.6757142857142857,11.09744560075686,17.36,11.1,28.13,10.17,-46.32065410593672,48.47590953785644
2023-03-29,15.1,15.1,13.32,13.63,0,14.4275,14.407,14.4514,16.76125,-5.52763819095477,-5.39321163323384,-5.683878378565391,-18.681482586322616,-9.735099337748332,-7.96758946657663,-16.380368098159504,-2.781740370898711,54.22932330827068,49.050873196659076,108.43090301110674,95.32682140186874,1.727142857142857,12.671627711979875,17.36,11.1,28.13,10.17,-51.546391752577314,34.02163225172076
2023-03-31,13.63,13.63,12.07,12.94,0,14.4245,14.374,14.4242,16.72805,-10.291517903566852,-9.976346180603874,-10.289652112422187,-22.64489883758119,-5.06236243580338,-10.697032436162878,-20.22194821208384,-0.4615384615384688,47.793427230046944,46.06413994169097,106.71347646728215,95.79026979315991,1.760714285714286,13.606756458379335,17.36,11.1,28.13,10.17,-53.999289015286166,27.236971484759092
2023-04-03,12.94,13.49,12.47,12.59,0,14.405499999999998,14.3384,14.394199999999998,16.679150000000003,-12.602825309777504,-12.193829158065057,-12.534215169999015,-24.51653711370185,-2.7047913446676897,-17.38845144356955,-14.759647935003384,-2.9298380878951535,27.838827838827854,48.42911877394636,107.2003112412219,95.9202988358998,1.617857142857143,12.850334732781121,17.36,11.78,28.13,10.17,-55.24351226448631,23.795476892822027
2023-04-05,12.59,12.81,12.05,12.41,0,14.417000000000002,14.3074,14.359100000000002,16.63175,-13.92106540889229,-13.26166878678166,-13.5739705134723,-25.38367880710088,-1.429706115965046,-19.676375404530745,-22.485946283572776,1.8883415435139606,27.240143369175655,47.878787878787875,104.90695120562745,95.7627816748825,1.5549999999999997,12.530217566478644,17.36,11.78,28.13,10.17,-55.8833985069321,22.02556538839725
2023-04-06,12.41,12.57,11.65,11.8,0,14.3935,14.2676,14.3214,16.58,-18.01855003994858,-17.29513022512545,-17.605820659991338,-28.829915560916756,-4.915390813859788,-21.85430463576158,-21.750663129973468,-3.830480847595752,24.719101123595507,48.54070660522274,106.49421563354171,96.34968791277166,1.4785714285714282,12.53026634382566,17.36,11.65,28.13,10.17,-58.05190188410949,16.027531956735505
2023-04-10,11.8,12.56,11.8,12.27,0,14.3845,14.240599999999999,14.3,16.527,-14.699850533560427,-13.837900088479413,-14.195804195804204,-25.757850789617,3.9830508474576254,-9.977989728539994,-17.15057393652938,-1.4457831325301207,28.740581270182986,50.0,107.32281446732517,96.75584014262004,1.2892857142857141,10.507626033298404,17.36,11.65,28.13,10.17,-56.381087806612165,20.648967551622416
2023-04-11,12.27,12.27,11.67,11.98,0,14.347,14.207,14.2707,16.473100000000002,-16.498222624939004,-15.67537129584008,-16.051770410701643,-27.275376219412262,-2.3634881825590814,-7.418856259659967,-17.32229123533471,-5.891594658287513,32.84132841328413,48.26054774241303,107.36573913564327,96.89326421424256,1.2164285714285712,10.153827808251846,17.36,11.65,28.13,10.17,-57.41201564166371,17.79744346116028
2023-04-12,11.98,12.4,11.98,12.27,0,14.290000000000001,14.159199999999998,14.247,16.4224,-14.135759272218342,-13.342561726651217,-13.876605601179199,-25.284976617303194,2.4207011686143476,-2.5416997617156545,-19.488188976377952,-8.501118568232668,23.955431754874624,48.298816568047336,105.8937159214522,95.58207051527728,1.0535714285714284,8.586564210036093,17.36,11.65,28.13,10.17,-56.381087806612165,20.648967551622416
2023-04-13,12.27,12.51,11.84,11.91,0,14.0745,14.051000000000002,14.2151,16.37625,-15.37887669188959,-15.237349654828849,-16.215854971122255,-27.272727272727266,-2.933985330073341,-4.029008863819506,-22.912621359223294,-26.572133168927248,26.02118003025717,44.31818181818183,70.5074961172274,86.0294055159126,0.9614285714285714,8.072448122825957,17.36,11.65,28.13,10.17,-57.66086029150374,17.109144542772864
2023-04-17,11.91,13.27,11.91,12.27,0,13.877,13.9422,14.189,16.331100000000003,-11.580312747712048,-11.993802986616174,-13.524561279864688,-24.867277770633958,3.0226700251889227,3.9830508474576254,-18.74172185430464,-24.35265104808878,31.044776119402954,31.627906976744185,72.1228378118813,86.17845206128239,0.9978571428571428,8.132495051810455,17.36,11.65,28.13,10.17,-56.381087806612165,20.648967551622416
2023-04-18,12.27,12.53,11.86,12.08,0,13.666,13.8462,14.165899999999999,16.2871,-11.605444168008198,-12.755846369400988,-14.724796871360091,-25.83087228542834,-1.5484922575387028,-1.5484922575387028,-11.371973587674255,-25.889570552147244,31.659056316590537,31.07861060329067,71.81807295800219,85.6982545768486,0.9628571428571427,7.970671712393567,17.36,11.65,28.13,10.17,-57.056523284749375,18.780727630285156
2023-04-19,12.08,12.47,11.11,12.15,0,13.462500000000002,13.7536,14.1394,16.2451,-9.749303621169927,-11.659492787342952,-14.069903956320633,-25.20821663147657,0.5794701986755024,1.4190317195325486,-6.1051004636785144,-25.092478421701593,23.769100169779264,31.01555352241536,72.0954874004795,85.73418193883396,0.9721428571428571,8.001175778953556,17.22,11.11,28.13,10.17,-56.807678634909344,19.46902654867257
2023-04-20,12.15,12.4,11.58,11.94,0,13.321000000000002,13.6778,14.120400000000002,16.19975,-10.367089557841016,-12.70525961777479,-15.44148890966263,-26.29515887590859,-1.728395061728405,-2.689486552567233,-5.162827640984913,-19.160460392687884,20.203735144312375,30.650994575045203,66.32007593222764,84.76904325953764,0.96,8.040201005025125,17.22,11.11,28.13,10.17,-57.55421258442943,17.40412979351032
2023-04-21,11.94,12.04,11.52,11.63,0,13.102,13.6224,14.0963,16.15065,-11.234925965501446,-14.625910265445146,-17.496080531770737,-27.990514313665383,-2.5963149078726877,-2.350965575146935,-6.285253827558412,-27.357901311680198,20.341880341880326,34.17338709677419,56.46814481791087,82.91128832021164,0.9442857142857142,8.119395651639847,16.09,11.11,28.13,10.17,-58.65623889086385,14.355948869223214
2023-04-24,11.63,12.21,11.58,11.67,0,12.9315,13.561999999999998,14.078200000000002,16.0995,-9.755248811042803,-13.950744727916224,-17.105880013069868,-27.51327680983881,0.34393809114359186,-4.88997555012225,-1.1016949152542477,-22.612732095490717,27.8280542986425,25.11467889908255,54.464118676404404,82.75643184173794,0.8621428571428572,7.387685151181296,16.09,11.11,28.13,10.17,-58.51404194809812,14.749262536873156
2023-04-25,11.67,11.81,11.43,11.52,0,12.767,13.5098,14.0601,16.0479,-9.76736899819848,-14.728567410324361,-18.06601660016643,-28.214906623296503,-1.285347043701801,-4.635761589403975,-6.112469437652813,-22.21471978392978,31.70103092783502,27.581863979848833,54.42302158607764,82.40353049254144,0.7778571428571429,6.752232142857144,16.09,11.11,28.13,10.17,-59.04728048346961,13.274336283185836
2023-04-26,11.52,11.9,11.3,11.65,0,12.625,13.470800000000002,14.040899999999999,15.9999,-7.72277227722772,-13.516643406479211,-17.02811073364242,-27.187044919030747,1.128472222222232,-4.115226337448563,-2.7545909849749584,-19.59972394755003,37.15846994535518,29.743589743589723,54.89625738793612,82.07424056274172,0.7478571428571429,6.41937461679951,16.09,11.11,28.13,10.17,-58.58514041948097,14.552605703048185
2023-04-27,11.65,12.02,10.96,11.43,0,12.4345,13.4386,14.018999999999998,15.9522,-8.078330451566208,-14.946497403003287,-18.467793708538405,-28.348440967390076,-1.8884120171673846,-4.2713567839196,-6.845965770171148,-25.0,36.75675675675674,30.129870129870113,49.800116058004484,81.67627696502109,0.7692857142857142,6.730408698912636,16.09,10.96,28.13,10.17,-59.3672236046925,12.38938053097345
2023-04-28,11.43,11.54,10.79,10.95,0,12.2095,13.4026,13.9904,15.902999999999999,-10.315737745198419,-18.299434438094103,-21.73204483074108,-31.14506696849651,-4.199475065616798,-5.846947549441117,-8.060453400503786,-29.126213592233007,38.09523809523806,21.13055181695826,49.63835857127512,82.05520543066164,0.7571428571428571,6.914546640574038,15.61,10.79,28.13,10.17,-61.073586917881265,7.669616519174036
2023-05-02,10.95,12.06,10.95,11.9,0,12.0495,13.367,13.975800000000001,15.86115,-1.2407153823810095,-10.974788658636946,-14.85281701226406,-24.973914249597286,8.675799086757996,1.9708654670094194,-3.0154849225753844,-21.19205298013245,45.43209876543211,28.27417380660954,61.614056130539666,82.75790816598287,0.7821428571428573,6.572629051620648,15.1,10.79,28.13,10.17,-57.69640952719516,17.01081612586038
2023-05-03,11.9,12.25,11.13,11.84,0,11.959999999999999,13.3348,13.9597,15.824349999999999,-1.0033444816053447,-11.209766925638178,-15.1844237340344,-25.178601332756163,-0.5042016806722782,2.77777777777779,-1.9867549668874163,-13.132795304475431,48.1675392670157,29.314720812182742,52.52075442880978,82.68809719686548,0.8192857142857143,6.919642857142858,13.63,10.79,28.13,10.17,-57.90970494134376,16.420845624385446
2023-05-04,11.84,12.03,11.19,11.73,0,11.8995,13.3122,13.9397,15.790999999999999,-1.4244295978822583,-11.885338261143914,-15.85184760073746,-25.71718067253498,-0.929054054054046,0.6866952789699621,-3.4567901234567877,-9.350850077279748,42.5824175824176,35.42944785276073,49.899374562793525,82.13456205405751,0.8492857142857143,7.240287419315552,13.49,10.79,28.13,10.17,-58.30074653394952,15.339233038348087
2023-05-05,11.73,12.38,11.53,12.3,0,11.885,13.3004,13.9223,15.76065,3.491796381994118,-7.521578298397034,-11.652528677014567,-21.957533477362922,4.859335038363177,7.6115485564304475,3.015075376884435,-2.3034154090547987,55.06493506493508,45.00000000000001,52.50880305298754,82.87217043880733,0.8621428571428573,7.009291521486645,13.27,10.79,28.13,10.17,-56.274440099537856,20.943952802359888
2023-05-08,12.3,12.91,11.72,12.55,0,11.892,13.289599999999998,13.907,15.73065,5.53313151698622,-5.565254033228974,-9.757675990508371,-20.219444206056327,2.0325203252032464,14.611872146118742,7.910576096302657,1.1281224818694646,53.743315508021404,49.68253968253969,52.7533554792424,82.92446012630673,0.8500000000000002,6.772908366533866,13.27,10.79,28.13,10.17,-55.38570920725204,23.40216322517208
2023-05-09,12.64,12.82,11.66,12.73,0,11.938500000000001,13.276599999999998,13.9003,15.7017,6.629811115299235,-4.117017911212193,-8.419242750156467,-18.92597616818561,1.4342629482071656,6.974789915966384,9.083119108826043,7.881355932203382,58.713136729222526,52.53968253968254,49.44568536697324,82.83777396337135,0.8850000000000001,6.9520816967792625,13.27,10.79,28.13,10.17,-54.74582296480626,25.17207472959686
2023-05-10,12.68,13.3,11.54,13.08,0,11.979000000000001,13.258,13.896299999999998,15.6754,9.19108439769596,-1.3425856086890862,-5.874225513266109,-16.557153246488127,2.749410840534172,10.472972972972983,13.541666666666675,6.601466992665039,61.59600997506233,60.59602649006622,48.45227491670919,82.38408813178363,0.9135714285714288,6.9844910441240735,13.3,10.79,28.13,10.17,-53.501599715606105,28.613569321533927
2023-05-11,13.08,13.74,12.82,13.22,0,12.041,13.210600000000001,13.895299999999999,15.6535,9.791545552694961,0.07115498160567581,-4.859916662468592,-15.546044015715326,1.070336391437321,12.702472293265131,13.4763948497854,10.350584307178634,66.24365482233503,58.31873905429073,47.41098735131109,78.27587253481683,0.9207142857142859,6.964555867732873,13.74,10.79,28.13,10.17,-53.00391041592606,29.990167158308758
2023-05-12,13.22,13.51,12.74,12.85,0,12.07,13.165999999999999,13.895,15.63195,6.46230323115161,-2.4001215251405057,-7.520690896005758,-17.79656408829353,-2.7987897125567374,4.471544715447151,12.423447069116357,4.726976365118185,65.24999999999997,57.512953367875646,48.27011915705125,78.1881129130327,0.9385714285714287,7.304057809894387,13.74,10.79,28.13,10.17,-54.319232136509065,26.3520157325467
2023-05-15,12.85,13.62,12.54,13.17,0,12.133,13.1456,13.8978,15.6118,8.546938102695137,0.18561343719571552,-5.236800069075683,-15.640733291484649,2.4902723735408694,4.940239043824701,20.273972602739732,10.579345088161208,67.52336448598129,57.7319587628866,47.319330457699884,77.30852422058133,0.9707142857142859,7.370647575658966,13.74,10.79,28.13,10.17,-53.18165659438322,29.49852507374631
2023-05-16,13.17,13.49,11.71,13.29,0,12.184000000000001,13.133799999999999,13.893400000000002,15.594149999999999,9.077478660538395,1.1892978422086535,-4.343069371068293,-14.775733207645175,0.9111617312072884,4.399057344854662,11.680672268907543,8.312958435207829,70.82352941176468,62.36559139784946,46.438588665949425,77.1786019122236,1.0707142857142857,8.056540900784693,13.74,10.79,28.13,10.17,-52.75506576608603,30.67846607669616
2023-05-17,13.29,13.58,11.9,13.11,0,12.2355,13.115599999999999,13.883799999999999,15.5754,7.147235503248739,-0.04269724602762652,-5.573402094527433,-15.828806964829159,-1.3544018058690765,0.2293577981651307,10.726351351351337,8.526490066225168,66.97674418604649,57.77777777777777,46.33336069479368,77.2059641019673,1.147857142857143,8.755584613708184,13.74,10.79,28.13,10.17,-53.39495200853182,28.908554572271385
2023-05-18,13.11,13.11,11.14,12.8,0,12.268,13.1116,13.876299999999999,15.55615,4.336485164656016,-2.37652155343359,-7.756390392251523,-17.71743008392179,-2.3646071700991533,-3.17700453857791,9.12190963341859,5.3497942386831365,65.60364464692483,56.521739130434796,47.39033837637438,75.60403555382663,1.2128571428571429,9.475446428571429,13.74,10.79,28.13,10.17,-54.49697831496623,25.860373647984275
2023-05-19,12.8,12.82,11.69,12.3,0,12.286,13.098199999999999,13.8615,15.52925,0.1139508383526056,-6.093967109984562,-11.265014608808562,-20.79462948951172,-3.90625,-4.280155642023342,0.0,3.015075376884435,65.30612244897961,51.260504201680675,49.22318870935723,76.12906822906288,1.24,10.081300813008129,13.74,10.79,28.13,10.17,-56.274440099537856,20.943952802359888
2023-05-22,12.3,12.82,11.56,12.57,0,12.333000000000002,13.106,13.831600000000002,15.50125,1.9216735587448173,-4.089729894704712,-9.121142890193479,-18.90976534150472,2.195121951219514,-4.555808656036442,0.1593625498008011,8.082545141874453,58.98123324396783,55.24126455906823,48.55529657330305,74.98255719921607,1.250714285714286,9.949994317536085,13.74,10.79,28.13,10.17,-55.314610735869174,23.598820058997052
2023-05-23,12.57,13.08,12.32,12.61,0,12.379999999999999,13.1128,13.8058,15.47365,1.8578352180937032,-3.834421328777992,-8.661577018354606,-18.506622548655294,0.31821797931581575,-5.1166290443942835,-0.9426551453260101,8.054841473864617,60.37735849056604,58.53658536585365,48.55600814564933,74.97202289414999,1.2249999999999999,9.714512291831879,13.74,10.79,28.13,10.17,-55.172413793103445,23.992133726646998
2023-05-24,12.61,13.44,12.41,13.11,0,12.4595,13.126,13.775300000000001,15.45415,5.22091576708535,-0.12189547463050446,-4.829658882202216,-15.168417544801887,3.965107057890571,0.0,0.2293577981651307,13.802083333333325,66.82926829268291,61.61290322580645,49.65771680122536,75.40462619756647,1.2385714285714287,9.447531873161164,13.74,10.79,28.13,10.17,-53.39495200853182,28.908554572271385
2023-05-25,13.11,13.13,8.18,12.52,0,12.503,13.121799999999999,13.741200000000001,15.434,0.13596736783171606,-4.586261031260948,-8.887142316537139,-18.88039393546715,-4.500381388253238,-2.187500000000009,-5.295007564296528,7.467811158798265,52.66990291262135,57.53012048192772,52.91758630317833,75.98583939404031,1.5314285714285714,12.23185759926974,13.74,8.18,28.13,8.18,-55.49235691432634,53.0562347188264
2023-05-26,12.52,12.86,11.7,11.9,0,12.5265,13.091599999999998,13.7073,15.40605,-5.001397038278849,-9.102019615631379,-13.184945248152442,-22.757617948792845,-4.9520766773162865,-3.25203252032521,-7.392996108949412,4.111986001749779,42.76169265033406,51.7531556802244,55.727454988541595,75.82998217654082,1.5292857142857146,12.851140456182474,13.74,8.18,28.13,8.18,-57.69640952719516,45.47677261613693
2023-05-29,11.9,12.49,8.81,12.3,0,12.594000000000001,13.0132,13.6763,15.3749,-2.3344449737970496,-5.4805889404604455,-10.063394339112177,-19.999479671412494,3.3613445378151363,-2.1479713603818618,-6.60592255125284,12.328767123287676,45.43524416135882,55.950752393980856,54.143536059344754,59.113943751877095,1.7092857142857143,13.896631823461092,13.74,8.18,28.13,8.18,-56.274440099537856,50.36674816625918
2023-05-30,12.3,12.38,11.77,12.01,0,12.5995,12.929,13.648299999999999,15.3427,-4.678757093535466,-7.10805166679558,-12.003692767597425,-21.7217308557164,-2.357723577235782,-4.758128469468669,-9.63130173062453,0.9243697478991564,38.494623655913976,57.443820224719104,45.9655950877063,59.25158775272198,1.6271428571428572,13.548233614844774,13.74,8.18,28.13,8.18,-57.3053679345894,46.82151589242054
2023-05-31,12.01,12.47,11.58,11.97,0,12.606,12.8424,13.619299999999999,15.30625,-5.045216563541165,-6.79312278078863,-12.11002033878392,-21.79665169456921,-0.33305578684429404,-8.695652173913038,-8.695652173913038,1.0979729729729826,36.26373626373625,50.56360708534623,45.940457638549645,59.207180534030876,1.625,13.575605680868838,13.74,8.18,28.13,8.18,-57.44756487735513,46.332518337408324
2023-06-01,11.97,11.97,11.22,11.6,0,12.5995,12.750000000000002,13.588400000000002,15.269649999999999,-7.932854478352325,-9.01960784313727,-14.633069382708793,-24.032312462957563,-3.0910609857978333,-7.348242811501593,-9.37500000000001,-1.1082693947144118,36.26373626373625,48.15950920245399,47.20301430060073,59.4815987837801,1.6235714285714287,13.996305418719214,13.74,8.18,28.13,8.18,-58.76288659793815,41.80929095354523
2023-06-02,11.6,11.74,10.86,11.13,0,12.541,12.677200000000001,13.547699999999999,15.2291,-11.251096403795547,-12.204587763859527,-17.845833610133074,-26.916232738638524,-4.051724137931023,-6.470588235294117,-9.512195121951217,-9.512195121951217,28.297872340425513,45.639534883720934,45.5720166816851,56.91358186156579,1.6092857142857144,14.458991143627262,13.74,8.18,28.13,8.18,-60.433700675435475,36.0635696821516
2023-06-05,11.13,11.34,10.32,11.14,0,12.4705,12.5798,13.509300000000001,15.18675,-10.669179263060816,-11.445332994165248,-17.53828843833508,-26.646583370372195,0.08984725965857088,-9.430894308943094,-11.376292760540963,-11.23505976095618,26.57952069716775,40.82278481012657,44.6761899273356,53.16753481234754,1.5550000000000002,13.95870736086176,13.74,8.18,28.13,8.18,-60.39815143974404,36.18581907090466
2023-06-06,11.14,11.62,10.47,11.38,0,12.403,12.5058,13.4728,15.151850000000001,-8.248004515036682,-9.002222968542595,-15.533519387209777,-24.893659850117313,2.1543985637342944,-5.245628642797662,-9.754163362410772,-10.60487038491752,31.397849462365585,40.72900158478605,45.17211638423783,52.20414472766137,1.5171428571428573,13.331659553100678,13.74,8.18,28.13,8.18,-59.54496978314966,39.11980440097801
2023-06-07,11.38,11.54,9.64,11.44,0,12.321,12.4384,13.4407,15.121000000000002,-7.150393636880126,-8.026755852842811,-14.885385433794374,-24.343628066926808,0.5272407732864526,-4.42773600668338,-12.738367658276129,-12.538226299694188,34.54545454545452,39.579967689822276,43.7036206292028,52.170673468219086,1.5121428571428572,13.218031968031971,13.74,8.18,28.13,8.18,-59.331674369001064,39.85330073349633
2023-06-08,11.44,11.57,10.13,11.26,0,12.222999999999999,12.3738,13.3982,15.08885,-7.87858954430172,-9.001276891496545,-15.958860145392661,-25.375359951222265,-1.5734265734265729,-2.931034482758621,-10.063897763578279,-14.826021180030258,37.254901960784295,34.88372093023254,43.344385992960454,52.08892027014982,1.534285714285714,13.625983252981474,13.62,8.18,28.13,8.18,-59.97156061144685,37.65281173594132
2023-06-09,11.26,11.3,10.31,11.12,0,12.1365,12.2914,13.355,15.05605,-8.375561323281017,-9.530240656068473,-16.735305129165116,-26.14264697580044,-1.243339253996456,-0.08984725965859308,-6.554621848739506,-13.46303501945526,31.64556962025314,32.55813953488369,42.72289058921243,50.49222611751887,1.5150000000000001,13.624100719424462,13.62,8.18,28.13,8.18,-60.46924991112691,35.941320293398526
2023-06-12,11.12,11.8,10.58,11.25,0,12.0405,12.2074,13.3147,15.025549999999999,-6.565341970848385,-7.842783885184394,-15.50692092198848,-25.12753276918315,1.1690647482014427,0.9874326750448859,-8.536585365853666,-14.578587699316625,33.16831683168317,36.159169550173004,41.66449200483292,50.452762134037755,1.547857142857143,13.75873015873016,13.58,8.18,28.13,8.18,-60.00710984713828,37.530562347188265
2023-06-13,11.25,11.25,9.99,11.11,0,11.9315,12.1276,13.281199999999998,14.98965,-6.88513598457864,-8.390778059962399,-16.34792036864138,-25.882192045844967,-1.244444444444448,-2.3725834797891143,-7.4937552039966775,-16.4033107599699,22.82608695652175,31.607142857142847,41.22362607306796,50.329560601102166,1.5642857142857143,14.07997942651408,13.58,8.18,28.13,8.18,-60.50479914681834,35.81907090464547
2023-06-14,11.11,11.37,10.63,11.16,0,11.834,12.078199999999999,13.2426,14.950249999999999,-5.6954537772519815,-7.60212614462419,-15.726518961533229,-25.352418855871967,0.4500450045004545,-2.447552447552437,-6.766917293233088,-14.874141876430203,28.343949044585997,30.741410488245933,41.433438305449336,45.770535521857916,1.2635714285714283,11.32232462877624,13.44,8.18,28.13,8.18,-60.32705296836119,36.430317848410766
2023-06-15,11.16,11.37,9.69,11.08,0,11.748,12.040999999999999,13.2075,14.910400000000003,-5.686074225400062,-7.981064695623276,-16.10827181525648,-25.689451657903223,-0.7168458781361964,-1.5985790408525768,-4.482758620689653,-13.437500000000002,34.23076923076924,31.307550644567215,41.00261782193409,44.495741402092484,1.3007142857142857,11.739298607529653,13.44,8.18,28.13,8.18,-60.61144685389264,35.452322738386314
2023-06-16,11.08,11.08,10.56,10.74,0,11.67,12.004000000000001,13.171199999999999,14.87195,-7.969151670951155,-10.529823392202607,-18.45845481049562,-27.78351191336711,-3.068592057761732,-3.4172661870503496,-3.5040431266846417,-12.682926829268293,19.29133858267717,31.135531135531124,40.230883500501065,44.60541086809738,1.0749999999999997,10.009310986964616,13.44,8.18,28.13,8.18,-61.82012086740135,31.2958435207824
2023-06-19,10.84,11.5,10.33,11.16,0,11.599499999999999,11.979,13.143200000000002,14.8299,-3.7889564205353587,-6.83696468820435,-15.089171586828181,-24.746626747314547,3.910614525139655,-0.8000000000000007,0.17953321364452268,-11.217183770883054,34.08239700374533,39.40520446096654,42.24750452569735,45.499102497949806,1.1149999999999998,9.991039426523294,13.44,8.18,28.13,8.18,-60.32705296836119,36.430317848410766
2023-06-20,11.23,11.44,10.57,11.05,0,11.5215,11.964,13.1158,14.79405,-4.092349086490465,-7.63958542293547,-15.750468900105211,-25.30780955857253,-0.9856630824372714,-0.5400540054005254,-2.899824253075567,-12.371134020618547,33.21167883211679,35.44061302681992,42.1416747393532,44.22982329520387,1.1135714285714282,10.077569489334191,13.44,8.18,28.13,8.18,-60.71809456096694,35.08557457212716
2023-06-21,11.13,11.43,10.77,11.29,0,11.430499999999999,11.9444,13.0925,14.7514,-1.2291675779712123,-5.478718060346278,-13.767424097765899,-23.464891467928474,2.1719457013574583,1.1648745519713177,-1.3111888111888126,-13.882532418001524,44.06130268199232,37.82287822878228,39.97654882003305,43.55304942899553,1.1071428571428568,9.80640263191193,13.13,8.18,28.13,8.18,-59.86491290437256,38.019559902200484
2023-06-22,11.29,11.71,10.69,11.46,0,11.377500000000001,11.934000000000001,13.0705,14.7152,0.7251153592616969,-3.9718451483157375,-12.32164033510576,-22.121343916494503,1.5057573073516517,3.429602888086647,1.7761989342806483,-8.4664536741214,57.14285714285714,33.79174852652261,38.07144047034565,43.3984406214359,1.1171428571428568,9.748192470705556,12.86,8.81,28.13,8.18,-59.260575897618196,40.09779951100246
2023-06-23,11.55,11.84,11.14,11.22,0,11.3435,11.913,13.036100000000001,14.671949999999999,-1.0887292281923562,-5.817174515235454,-13.931313813180324,-23.527547463016155,-2.0942408376963373,4.469273743016755,0.899280575539585,-5.714285714285716,51.57480314960631,36.28691983122364,34.760768396932924,43.258699991532865,1.0942857142857139,9.752992105933277,12.49,8.81,23.69,8.18,-52.638243984803715,37.16381418092911
2023-06-26,11.24,11.93,11.24,11.31,0,11.294,11.901,12.975999999999999,14.630749999999999,0.14166814237648323,-4.965969246281819,-12.8390875462392,-22.69705927584026,0.8021390374331583,1.3440860215053752,0.5333333333333412,-8.048780487804875,48.53556485355648,42.99287410926367,32.31484500206568,42.82989958125922,1.0628571428571425,9.397499052671462,12.47,9.64,23.64,8.18,-52.15736040609137,38.264058679706615
2023-06-27,11.4,11.42,10.69,10.73,0,11.23,11.8702,12.906200000000002,14.586099999999998,-4.452359750667854,-9.605566881771159,-16.861663386589402,-26.436813130308984,-5.128205128205132,-2.8959276018099556,-3.4203420342034163,-10.657785179017477,37.8006872852234,32.118451025056956,35.84567910103373,43.70504520224067,0.9792857142857141,9.12661429902809,12.47,9.64,22.9,8.18,-53.14410480349344,31.173594132029347
2023-06-28,10.78,11.54,10.65,10.78,0,11.1705,11.8442,12.8452,14.542349999999999,-3.495814869522413,-8.984988433157168,-16.077600971569154,-25.871678236323564,0.4659832246038942,-4.517271922054911,-3.405017921146958,-9.941520467836263,41.36690647482014,35.18072289156625,36.01791465651109,43.62664848156808,0.9399999999999997,8.719851576994433,11.97,9.64,22.9,8.18,-52.92576419213974,31.784841075794617
2023-06-30,10.89,11.22,10.07,11.0,0,11.1405,11.8212,12.7874,14.500499999999999,-1.2611642206364115,-6.946841268229955,-13.977821918450974,-24.140546877693865,2.0408163265306145,-4.013961605584648,-0.7220216606498187,-5.1724137931034475,47.902097902097914,38.79907621247113,35.72209910063594,43.881929391139494,0.9514285714285712,8.649350649350646,11.93,9.64,22.9,8.18,-51.96506550218341,34.47432762836186
2023-07-03,10.8,12.03,10.8,11.59,0,11.1635,11.814200000000001,12.745999999999999,14.4669,3.8204864065929054,-1.8977163074943837,-9.069512003765878,-19.886084786650912,5.36363636363637,3.2976827094474137,7.914338919925501,4.132973944294682,55.12048192771084,49.89010989010989,37.964220882949476,45.44026156419876,0.9521428571428567,8.215210156538886,12.03,9.64,22.9,8.18,-49.3886462882096,41.687041564792175
2023-07-04,11.54,11.99,11.52,11.7,0,11.1915,11.8156,12.719,14.4368,4.543626859670283,-0.978367581840961,-8.011636134916268,-18.95710960877757,0.9490940465918918,3.44827586206895,4.8387096774193505,5.026929982046657,58.96656534954408,56.80190930787588,38.04463146069188,45.102163811642654,0.8957142857142854,7.655677655677653,12.03,9.64,22.9,8.18,-48.90829694323144,43.03178484107579
2023-07-05,11.7,12.21,11.57,11.9,0,11.2175,11.820200000000002,12.6911,14.406600000000001,6.084243369734798,0.675115480279511,-6.233502218089844,-17.39896991656602,1.7094017094017255,10.904007455731591,7.692307692307687,4.569420035149374,60.75581395348837,58.67579908675798,37.78463207932482,45.25165600329733,0.8885714285714285,7.4669867947178865,12.21,9.64,22.9,8.18,-48.034934497816586,45.47677261613693
2023-07-06,11.88,12.21,11.78,11.82,0,11.2365,11.826199999999998,12.668,14.378350000000001,5.192898144440003,-0.052425969457627855,-6.694032207136083,-17.793070832188675,-0.6722689075630228,9.64749536178109,4.694419840566888,3.321678321678334,60.75581395348837,55.21327014218009,37.907831147151335,45.177491617740046,0.7992857142857143,6.7621464829586655,12.21,9.69,22.9,8.18,-48.38427947598253,44.49877750611248
2023-07-07,11.84,12.07,11.08,11.5,0,11.2485,11.8232,12.647,14.344450000000002,2.2358536693781397,-2.7336084985452325,-9.06934450857911,-19.829620515251552,-2.7072758037225086,4.545454545454541,0.3490401396160525,2.131438721136769,61.11111111111111,50.669642857142854,38.81053922851344,45.54362554373499,0.8328571428571429,7.24223602484472,12.21,9.69,22.9,8.18,-49.78165938864629,40.586797066014675
2023-07-10,11.53,12.01,11.36,11.39,0,11.262,11.8224,12.630500000000001,14.30945,1.1365654413070514,-3.6574637975368742,-9.821463916709558,-20.402251658868785,-0.9565217391304337,-1.72562553925798,1.5151515151515138,2.4280575539568527,53.69774919614148,51.473922902494344,38.688710247388855,45.39121427158438,0.7957142857142857,6.986078013294869,12.21,9.69,22.9,8.18,-50.262008733624455,39.24205378973106
2023-07-11,11.46,11.46,10.95,10.97,0,11.248000000000001,11.822799999999999,12.6127,14.2652,-2.4715504978662914,-7.21318131068781,-13.024174046794101,-23.099570983932924,-3.687445127304656,-6.239316239316228,-3.0061892130857637,-2.488888888888885,48.83040935672514,48.40085287846483,40.7735892964815,45.159651232337325,0.7700000000000002,7.019143117593439,12.21,9.69,22.9,8.18,-52.096069868995635,34.1075794621027
2023-07-12,11.01,11.2,10.72,11.02,0,11.243500000000001,11.8052,12.586100000000002,14.2206,-1.9878151821052281,-6.651306204045672,-12.443091982425072,-22.50678593027017,0.45578851412944044,-7.394957983193285,2.7027027027026973,-0.8100810081008047,45.82043343653252,47.5054229934924,40.583872214538665,40.620808771736705,0.7571428571428572,6.870624837956962,12.21,9.69,22.9,8.18,-51.877729257641924,34.71882640586797
2023-07-13,10.94,11.17,10.7,10.83,0,11.227,11.785,12.5599,14.180749999999998,-3.5361182862741627,-8.103521425540942,-13.773198831200888,-23.62886307141723,-1.724137931034475,-8.375634517766494,0.4638218923933346,-2.9569892473118253,40.307692307692285,46.995708154506445,40.98906097094639,40.771982278051915,0.7178571428571429,6.628413138108429,12.21,9.69,22.9,8.18,-52.70742358078603,32.39608801955991
2023-07-14,10.94,10.94,10.61,10.8,0,11.213000000000001,11.766399999999999,12.5393,14.1381,-3.6832248283242683,-8.21321729670926,-13.87079023549959,-23.610669043223623,-0.27700831024930483,-6.086956521739129,-1.8181818181818077,-2.5270758122743597,43.0921052631579,46.12068965517242,40.933571717826986,40.73381999015164,0.6914285714285715,6.402116402116402,12.21,10.07,22.9,8.18,-52.83842794759824,32.02933985330075
2023-07-17,10.68,11.4,9.86,11.37,0,11.2445,11.7478,12.5241,14.100850000000001,1.1161012050335615,-3.2159212788777523,-9.215033415574784,-19.36656300861297,5.277777777777759,-0.17559262510975504,-1.8981880931837836,5.865921787709483,50.85227272727271,52.82651072124756,43.53433456932645,41.00746684782992,0.750714285714286,6.602588264857396,12.21,9.86,22.9,8.18,-50.349344978165945,38.997555012224936
2023-07-18,11.32,12.02,11.07,11.63,0,11.268,11.7294,12.509500000000001,14.05605,3.2126375576854818,-0.847443176974093,-7.030656700907311,-17.259827618712226,2.2867194371152255,6.016408386508654,-0.5982905982905851,4.211469534050183,64.06250000000001,58.81188118811882,42.11697122269605,41.08013435351601,0.7664285714285716,6.590099496376367,12.21,9.86,22.9,8.18,-49.213973799126634,42.176039119804415
2023-07-19,11.71,11.94,11.54,11.6,0,11.2955,11.706800000000001,12.491700000000002,14.0046,2.6957637997432524,-0.9122902928212795,-7.138339857665504,-17.170072690401728,-0.257953568357705,5.263157894736836,-2.5210084033613467,4.977375565610842,62.893081761006286,54.72103004291846,41.914863529087086,40.92639172282607,0.7314285714285716,6.305418719211825,12.21,9.86,22.9,8.18,-49.34497816593886,41.80929095354523
2023-07-20,11.6,12.26,11.37,11.68,0,11.315000000000001,11.678799999999999,12.468399999999999,13.955150000000001,3.2258064516128893,0.010275028256334178,-6.3231850117095965,-16.3033002153327,0.6896551724137945,7.848568790397037,-1.1844331641285955,3.45438441098318,61.18421052631579,56.80345572354211,41.35214816144058,40.433388916768365,0.7128571428571432,6.103228962818006,12.26,9.86,22.9,8.18,-48.995633187772924,42.78728606356969
2023-07-21,11.79,12.03,11.06,11.37,0,11.310500000000001,11.641799999999998,12.426200000000001,13.9015,0.5260598558861068,-2.3346905117765204,-8.499782717162143,-18.210265079307998,-2.654109589041098,5.277777777777759,-1.1304347826087024,-0.7853403141361404,46.01449275362317,50.85106382978723,42.23957715268904,40.697962176560786,0.6942857142857146,6.106294760648326,12.26,9.86,22.9,8.18,-50.349344978165945,38.997555012224936
2023-07-24,11.49,12.0,10.54,11.58,0,11.3285,11.6164,12.3912,13.8529,2.2200644392461495,-0.313350091250305,-6.546581444896374,-16.40739484151333,1.8469656992084582,1.8469656992084582,1.668129938542573,3.208556149732611,47.902097902097914,51.26582278481012,41.97109518281547,40.548831138207056,0.7650000000000003,6.606217616580314,12.26,9.86,22.9,8.18,-49.432314410480345,41.56479217603913
2023-07-25,11.65,11.65,10.11,10.18,0,11.272,11.556599999999998,12.3511,13.80395,-9.687721788502488,-11.911807971202588,-17.578191416149174,-26.252992802784714,-12.089810017271162,-12.467755803955294,-7.201458523245218,-9.991158267020339,28.817733990147772,41.18644067796609,60.38857332829166,48.122440072014555,0.8292857142857146,8.146225091215271,12.26,9.86,22.9,8.18,-55.54585152838428,24.44987775061125
2023-07-26,10.24,10.86,10.22,10.56,0,11.2635,11.502,12.3179,13.749899999999998,-6.2458383273405245,-8.189880020865937,-14.271101405271997,-23.199441450483263,3.7328094302554016,-8.965517241379306,-4.174228675136105,-1.5843429636533068,35.550458715596335,43.94184168012924,59.475192825462564,48.948017927909774,0.8471428571428573,8.022186147186149,12.26,9.86,22.9,8.18,-53.88646288209606,29.095354523227396
2023-07-27,10.46,10.98,9.89,10.35,0,11.242,11.446800000000001,12.281199999999998,13.703800000000001,-7.934531222202465,-9.581717161128015,-15.724847734749039,-24.47350369970374,-1.9886363636363757,-11.386986301369861,-4.432132963988922,-3.9888682745825577,36.47058823529412,46.735395189003434,59.8514632444183,49.03151791483587,0.8542857142857144,8.253968253968255,12.26,9.86,22.9,8.18,-54.80349344978166,26.5281173594132
2023-07-28,10.51,10.81,10.04,10.21,0,11.2025,11.395,12.2533,13.65825,-8.859629546976118,-10.399297937691959,-16.67550782238253,-25.246645800157413,-1.352657004830904,-10.202286719437105,-5.462962962962958,-7.181818181818178,36.214953271028044,45.1776649746193,59.427306167919944,48.87790116865712,0.8628571428571431,8.451098362949491,12.26,9.86,22.9,8.18,-55.41484716157205,24.81662591687043
2023-07-31,10.14,11.19,10.14,10.44,0,11.145,11.3578,12.228,13.616399999999999,-6.3257065948856,-8.080790293894943,-14.62217860647694,-23.32775182867718,2.2526934378060526,-9.84455958549223,-8.179419525065956,-9.9223468507334,43.520782396088,45.27027027027026,56.44415248583443,48.562678387582956,0.9014285714285715,8.634373289545703,12.26,9.86,22.9,8.18,-54.41048034934498,27.628361858190708
2023-08-01,10.41,10.7,10.2,10.24,0,11.072,11.311200000000001,12.2086,13.5695,-7.514450867052014,-9.47025956574016,-16.12469898268434,-24.536644681086255,-1.9157088122605304,0.5893909626719207,-11.951848667239906,-12.478632478632468,40.80188679245284,37.79385171790235,56.41273468829719,48.36150628602147,0.902857142857143,8.816964285714288,12.26,9.86,22.9,8.18,-55.28384279475982,25.18337408312959
2023-08-02,10.28,11.81,9.95,11.27,0,11.0405,11.2844,12.198599999999999,13.523399999999999,2.0787102033422387,-0.12760979759668384,-7.612348958077152,-16.662969371607726,10.05859375,6.72348484848484,-2.8448275862068995,-5.294117647058827,54.33070866141731,46.666666666666664,67.62064950550796,53.71413499281342,1.0021428571428574,8.892128279883385,12.26,9.86,22.9,8.18,-50.78602620087336,37.775061124694375
2023-08-03,11.28,11.96,10.98,11.09,0,11.004000000000001,11.244000000000002,12.185,13.47795,0.7815339876408444,-1.3696193525435936,-8.986458760771447,-17.717457031670246,-1.5971606033717833,7.149758454106281,-5.051369863013699,-6.175972927241968,52.77246653919693,43.701399688958,67.78869124690104,52.9593437213096,1.0485714285714287,9.455107561509726,12.26,9.86,22.9,8.18,-51.572052401746724,35.57457212713937
2023-08-04,11.19,11.19,10.48,10.56,0,10.957,11.2048,12.163300000000001,13.429300000000001,-3.6232545404764096,-5.754676567185492,-13.18145569047874,-21.365968442137717,-4.779080252479706,3.4280117531831467,-7.124010554089699,-8.173913043478255,42.19653179190753,40.84302325581395,69.1774143911326,53.07715791201259,0.9892857142857144,9.368235930735931,12.26,9.86,22.9,8.18,-53.88646288209606,29.095354523227396
2023-08-07,10.57,11.42,10.4,11.1,0,10.942499999999999,11.1888,12.1402,13.3935,1.4393420150788272,-0.7936507936508014,-8.568227871040019,-17.123978049053644,5.1136363636363535,6.321839080459779,-4.145077720207258,-2.546093064091315,45.15539305301645,47.18309859154929,71.76029940555678,53.33467698449864,0.9942857142857144,8.95752895752896,12.26,9.86,22.9,8.18,-51.52838427947598,35.69682151589242
2023-08-08,11.1,11.53,11.1,11.35,0,10.9615,11.1698,12.091499999999998,13.35815,3.5442229621858368,1.6132786621067454,-6.132407062812708,-15.033144559688283,2.2522522522522515,10.83984375,11.493123772102166,3.463992707383756,47.80316344463972,49.72375690607734,70.83699087391935,53.0235062830638,0.9964285714285716,8.779106356198868,12.26,9.86,22.9,8.18,-50.43668122270743,38.75305623471883
2023-08-09,11.33,11.77,10.49,11.22,0,10.971499999999999,11.154000000000002,12.0415,13.327,2.2649592125051425,0.5917159763313514,-6.822239754183437,-15.810009754633445,-1.1453744493391982,-0.44365572315882007,6.25,1.814882032667886,45.99303135888502,51.798561151079134,71.0080550216447,52.82815602415523,1.0242857142857142,9.129106187929716,12.26,9.86,22.9,8.18,-51.00436681222706,37.16381418092911
2023-08-10,11.14,11.91,10.63,11.49,0,11.0045,11.144400000000001,11.9934,13.297,4.411831523467673,3.1011090772046876,-4.19730851968582,-13.58953147326465,2.4064171122994527,3.606853020739398,11.014492753623184,6.094182825484773,51.05263157894738,53.27754532775453,71.04770197807746,53.11817513173062,1.0464285714285715,9.107298271789134,12.26,9.86,22.9,8.18,-49.82532751091703,40.46454767726162
2023-08-11,11.4,11.87,11.36,11.56,0,11.0425,11.1436,11.946799999999998,13.268650000000001,4.686438759338919,3.7366739653253997,-3.2376870793852532,-12.877346225878295,0.6092254134029584,9.469696969696972,13.222331047992153,7.037037037037042,49.82014388489209,55.177304964539005,71.00648702053144,52.66789423963175,0.9785714285714285,8.465150766188827,12.26,9.86,22.9,8.18,-49.51965065502183,41.32029339853302
2023-08-14,11.52,12.76,10.48,11.99,0,11.0735,11.1608,11.918999999999999,13.2422,8.27651600668263,7.429574940864455,0.5956875576810262,-9.456132666777425,3.7197231833909994,8.018018018018026,14.84674329501916,5.452946350043986,69.71677559912857,57.986577181208055,69.80296828007982,52.44634815408234,1.0314285714285714,8.602406767544382,12.76,9.89,22.9,8.18,-47.64192139737991,46.57701711491443
2023-08-16,12.0,12.68,12.0,12.18,0,11.100999999999999,11.181599999999998,11.8807,13.216700000000001,9.719845059003699,8.92895471131146,2.5192118309527265,-7.84386420210795,1.5846538782318564,7.31277533039647,18.9453125,4.72914875322441,68.40909090909092,55.72842998585573,69.59002929912425,52.5370401476169,1.032142857142857,8.474079286887168,12.76,9.89,22.9,8.18,-46.81222707423581,48.8997555012225
2023-08-17,12.13,12.67,12.11,12.26,0,11.134,11.199199999999998,11.8525,13.193600000000002,10.113166876234951,9.472105150367904,3.4380932292765296,-7.076158137278695,0.6568144499178974,9.269162210338667,8.784383318544808,5.689655172413799,72.36533957845438,54.571843251088524,69.56426575607139,52.362644304853966,0.9942857142857141,8.109997669540899,12.76,9.89,22.9,8.18,-46.46288209606987,49.877750611246945
2023-08-18,12.24,12.49,10.79,12.25,0,11.1625,11.215399999999999,11.8269,13.171850000000001,9.742441209406499,9.224815878167531,3.5774378746755264,-6.998637245337602,-0.08156606851549286,6.614447345517838,10.459873760144278,4.880136986301364,74.63768115942031,54.730713245997094,69.57113520271527,52.36109355261437,1.0607142857142855,8.65889212827988,12.76,9.89,22.9,8.18,-46.50655021834061,49.75550122249389
2023-08-21,12.14,12.59,11.17,11.98,0,11.193,11.229800000000001,11.8018,13.15215,7.031180201911917,6.680439544782628,1.5099391618227758,-8.912231080089567,-2.2040816326530543,3.633217993079585,13.446969696969703,5.364995602462641,68.42105263157899,52.12464589235128,69.33292072334999,52.48935919557465,1.087142857142857,9.07464822322919,12.76,9.89,22.9,8.18,-47.68558951965065,46.45476772616138
2023-08-22,11.96,12.09,11.59,11.73,0,11.2005,11.242,11.7667,13.1318,4.727467523771265,4.340864614837213,-0.3118971334358804,-10.674850363240376,-2.086811352253759,-2.1684737281067568,5.675675675675684,1.2953367875647714,67.61229314420807,52.571428571428584,69.61496582369323,52.640776931048826,1.087142857142857,9.268055048106197,12.76,9.89,22.9,8.18,-48.77729257641921,43.39853300733497
2023-08-23,11.75,11.89,10.31,11.68,0,11.2755,11.250600000000002,11.729000000000001,13.109549999999999,3.5874240610172548,3.816685332337808,-0.4177679256543717,-10.904645849781259,-0.4262574595055524,-4.105090311986858,2.907488986784146,14.734774066797641,56.30769230769232,50.73099415204678,52.64202224905081,52.605537309493066,1.067142857142857,9.136497064579254,12.76,9.89,22.9,8.18,-48.995633187772924,42.78728606356969
2023-08-24,11.73,12.24,10.2,11.83,0,11.339,11.265,11.696299999999999,13.0854,4.330187847252841,5.015534842432308,1.1430965348016129,-9.593898543414797,1.2842465753424737,-3.507340946166393,5.43672014260248,12.026515151515138,61.490683229813676,64.75849731663686,51.50115619947181,52.57219968690298,1.1428571428571428,9.66066900132834,12.76,9.89,22.9,8.18,-48.340611353711786,44.62102689486554
2023-08-25,11.7,12.23,9.98,12.23,0,11.433,11.2864,11.6823,13.066849999999999,6.971048718621539,8.360504678196767,4.688289121149095,-6.404374428419997,3.381234150464918,-0.16326530612245094,6.440382941688427,18.164251207729485,77.02265372168287,64.88413547237079,51.42366327464081,53.05922064452921,1.252857142857143,10.244130358602966,12.76,9.95,22.9,8.18,-46.59388646288209,49.51100244498778
2023-08-28,12.08,12.72,9.5,12.41,0,11.543,11.312999999999999,11.677,13.0506,7.51104565537556,9.69680898081854,6.277297251006256,-4.908586578394857,1.4717906786590351,3.5893155258764686,7.352941176470584,21.547502448579813,73.99267399267401,68.45878136200719,50.76558070584478,53.084026940523444,1.4100000000000001,11.361804995970992,12.76,9.5,22.9,8.18,-45.80786026200873,51.71149144254279
2023-08-29,12.4,12.46,10.65,12.09,0,11.625499999999999,11.34,11.672,13.0331,3.9955270741043485,6.613756613756613,3.5812200137080126,-7.236190929249369,-2.5785656728444795,3.069053708439884,0.8340283569641338,15.804597701149437,63.21428571428572,66.31944444444446,52.09855943724374,52.936133777981645,1.5085714285714287,12.477844735909253,12.76,9.5,22.9,8.18,-47.20524017467248,47.79951100244499
2023-08-30,12.23,12.24,11.46,11.87,0,11.706999999999999,11.3542,11.666599999999999,13.012849999999998,1.392329375587258,4.542812351376572,1.743438533934482,-8.782472709667747,-1.8196856906534387,1.6267123287671215,-2.545155993431858,15.91796875,61.245674740484404,62.434782608695656,52.03358469561977,52.48294053140506,1.472857142857143,12.408232037549647,12.76,9.5,22.9,8.18,-48.16593886462882,45.11002444987774
2023-08-31,11.8,12.28,11.76,12.06,0,11.746500000000001,11.374399999999998,11.6692,12.9953,2.6688800919422757,6.027570685047148,3.3489870770918353,-7.197217455541617,1.6006739679865323,1.9442096365173356,-1.631321370309946,7.009760425909506,60.14234875444839,65.85365853658537,39.110088284916294,52.50930440885241,1.4185714285714286,11.762615493958778,12.76,9.5,22.9,8.18,-47.33624454148471,47.43276283618583
2023-09-01,12.06,12.18,10.41,11.37,0,11.7605,11.376,11.6602,12.9801,-3.3204370562476186,-0.052742616033757274,-2.4888080821941343,-12.404372847666819,-5.7213930348258835,-7.031888798037622,-7.183673469387763,2.524797114517585,47.230320699708436,50.92592592592592,44.25965920714059,53.97706845820424,1.508571428571429,13.267998492272904,12.76,9.5,22.9,8.18,-50.349344978165945,38.997555012224936
2023-09-04,11.37,11.54,10.86,10.96,0,11.7805,11.366,11.65,12.96035,-6.964899622257112,-3.5720570121414643,-5.922746781115876,-15.43438255911298,-3.6059806508355163,-11.684125705076543,-8.514190317195325,3.7878787878787845,34.89736070381234,48.8454706927176,42.69079335368499,54.495923268788715,1.3942857142857146,12.721584984358708,12.76,9.5,22.9,8.18,-52.139737991266365,33.98533007334965
2023-09-05,10.96,11.09,9.37,10.82,0,11.7665,11.358000000000002,11.6355,12.94125,-8.04402328644882,-4.736749427716164,-7.008723303682696,-16.39138413986284,-1.2773722627737238,-10.504549214226632,-7.757885763000849,-2.522522522522519,29.761904761904788,52.48091603053435,38.82815749704539,54.36755826289914,1.4678571428571432,13.566147346184318,12.76,9.37,22.9,8.18,-52.751091703056765,32.27383863080686
2023-09-06,10.82,10.98,9.81,10.68,0,11.733,11.3454,11.623199999999999,12.919150000000002,-8.974686780874464,-5.864932042942514,-8.11480487301259,-17.332022617587086,-1.2939001848428888,-10.025273799494517,-8.56164383561644,-5.903083700440526,26.90058479532165,45.6611570247934,38.01183095480678,54.40927354969287,1.5114285714285718,14.151952915997864,12.76,9.37,22.9,8.18,-53.36244541484716,30.56234718826406
2023-09-07,10.68,11.03,9.8,10.87,0,11.7155,11.348199999999999,11.609200000000001,12.8991,-7.216934829926176,-4.213884140216064,-6.3673638149054375,-15.730554844911671,1.7790262172284521,-9.867330016583754,-8.114961961115819,-3.1194295900178415,30.833333333333343,44.97907949790794,38.53880633275293,53.29628362927894,1.4778571428571428,13.59574188461033,12.76,9.37,22.9,8.18,-52.532751091703055,32.88508557457212
2023-09-08,10.87,10.97,10.08,10.78,0,11.68,11.348199999999999,11.596200000000001,12.88105,-7.705479452054798,-5.006961456442425,-7.038512616201877,-16.311170285031118,-0.8279668813247487,-5.1890941072999075,-11.85609157808668,-6.179286335944312,32.45614035087719,45.35864978902952,37.408933110507434,53.327468361790444,1.44,13.358070500927644,12.76,9.37,22.9,8.18,-52.92576419213974,31.784841075794617
2023-09-11,10.78,11.5,10.34,11.35,0,11.6695,11.3552,11.588199999999999,12.863800000000001,-2.7379065084193814,-0.04579399746371984,-2.055539255449501,-11.767906839347637,5.287569573283868,3.558394160583922,-8.541498791297341,-1.8166089965398036,44.91978609625668,48.61111111111111,42.27317146442511,54.435597339295136,1.487142857142857,13.102580239144116,12.76,9.37,22.9,8.18,-50.43668122270743,38.75305623471883
2023-09-12,11.35,12.02,10.71,11.69,0,11.654499999999999,11.3572,11.5857,12.853049999999998,0.30460337208804117,2.9302997217623963,0.9002477191710495,-9.048824987065315,2.99559471365638,8.040665434380777,-3.3085194375516935,-2.5020850708924125,50.12406947890819,51.22410546139359,41.48573016830504,53.51446269771899,1.467857142857143,12.556519613833558,12.72,9.37,22.9,8.18,-48.951965065502186,42.909535452322736
2023-09-13,11.69,12.05,11.54,11.83,0,11.637,11.3598,11.5877,12.842,1.6585030506144163,4.139157379531332,2.0910102953994336,-7.8803924622333,1.1976047904191711,10.767790262172294,-0.33698399326030914,-2.8735632183908066,50.0,48.40637450199203,41.30033467905206,53.53827753443464,1.3585714285714285,11.484120275329065,12.72,9.37,22.9,8.18,-48.340611353711786,44.62102689486554
2023-09-14,11.83,12.04,11.21,11.32,0,11.59,11.348199999999999,11.5842,12.831199999999999,-2.3295944779982705,-0.24849755908424448,-2.2806926675989616,-11.77754224078807,-4.311073541842769,4.139834406623755,-6.135986733001664,-7.667210440456762,38.98305084745763,41.94756554307117,43.76275912121128,54.295770257214635,1.257142857142857,11.105502271580008,12.72,9.37,22.9,8.18,-50.56768558951965,38.38630806845967
2023-09-15,11.32,11.32,10.07,10.9,0,11.522499999999999,11.3298,11.578,12.819049999999999,-5.402473421566489,-3.7935356316969417,-5.855933667300044,-14.970298111014458,-3.7102473498233257,1.1131725417439897,-4.133685136323651,-11.020408163265305,32.72311212814647,38.02816901408452,45.322278726789236,54.90211242006438,1.1164285714285713,10.242463958060286,12.72,9.37,22.9,8.18,-52.40174672489083,33.2518337408313
2023-09-18,10.9,11.41,10.45,10.84,0,11.4655,11.316600000000001,11.5699,12.805399999999999,-5.4554969255592916,-4.211512291677723,-6.308611137520641,-15.348212472863004,-0.5504587155963359,-4.493392070484581,-1.0948905109489093,-9.515859766277135,34.79318734793188,37.696335078534034,44.89669221481052,54.58852391262082,1.0557142857142856,9.739061676331048,12.72,9.37,22.9,8.18,-52.66375545851528,32.518337408312966
2023-09-20,10.84,11.47,10.84,11.13,0,11.4355,11.3114,11.5669,12.792949999999998,-2.6715053998513274,-1.6036918506992945,-3.777157233139386,-12.998956456485777,2.6752767527675303,-4.79041916167664,2.865064695009245,-5.115089514066495,41.1483253588517,42.60869565217392,45.7823656374409,54.88969739839102,1.045,9.389038634321652,12.72,9.37,22.9,8.18,-51.39737991266375,36.0635696821516
2023-09-21,11.13,11.39,10.62,10.82,0,11.3925,11.308399999999999,11.5656,12.777999999999999,-5.025235900811936,-4.318913374128954,-6.446704018814412,-15.323211770230072,-2.785265049415997,-8.537616229923916,1.310861423220988,-7.363013698630128,35.58139534883722,42.16867469879519,46.67862037415455,54.613570917950014,1.062857142857143,9.823078954317403,12.72,9.37,22.9,8.18,-52.751091703056765,32.27383863080686
2023-09-22,10.82,11.07,10.39,10.66,0,11.334,11.301200000000001,11.553199999999999,12.764499999999998,-5.9467090171166355,-5.673733762786264,-7.731191358238397,-16.487132280935395,-1.4787430683918634,-5.830388692579502,-1.931922723091073,-9.890109890109889,40.583554376657844,41.38513513513515,46.4328186569167,54.70880378739742,0.9850000000000001,9.240150093808632,12.72,9.37,22.9,8.18,-53.44978165938864,30.317848410757954
2023-09-25,10.66,11.31,10.27,10.9,0,11.2675,11.3026,11.5438,12.75175,-3.2615930774350987,-3.5620122803602676,-5.577019698885972,-14.52153625972905,2.251407129455907,0.0,1.1131725417439897,-10.874897792313988,49.166666666666664,42.26289517470883,45.347668505720826,54.79524378472846,1.010714285714286,9.272608125819136,12.72,9.37,22.9,8.18,-52.40174672489083,33.2518337408313
2023-09-26,10.9,11.29,9.25,11.19,0,11.2065,11.3104,11.5384,12.739049999999999,-0.14723597911926672,-1.0645070024048668,-3.019482770574775,-12.159854934237636,2.6605504587155826,3.2287822878228845,-1.4096916299559448,-9.830781627719587,54.93333333333332,41.186440677966104,46.23310921748446,55.09507822024976,1.0335714285714286,9.23656325801098,12.46,9.25,22.9,8.18,-51.1353711790393,36.79706601466993
2023-09-27,11.19,11.82,9.39,11.59,0,11.1815,11.3148,11.531300000000002,12.7268,3.653355989804589,2.4322126772015404,0.5090492832551247,-8.932331772322978,3.574620196604106,4.132973944294682,-0.8554319931565413,-4.135649296939614,61.34663341645885,43.30065359477124,47.65833194073212,54.405139669183036,1.1235714285714287,9.694317761617159,12.28,9.25,22.9,8.18,-49.3886462882096,41.687041564792175
2023-09-28,11.59,13.02,9.4,12.82,0,11.229000000000001,11.338600000000001,11.534,12.7205,14.168670406981915,13.065105039422845,11.14964452921796,0.7822019574702317,10.61259706643658,18.484288354898325,8.368554522400684,8.003369839932617,69.3069306930693,55.19203413940256,60.61429071437323,59.13416923725422,1.2942857142857143,10.09583240472476,13.02,9.25,22.9,8.18,-44.01746724890829,56.7237163814181
2023-09-29,12.82,12.82,11.31,11.45,0,11.1985,11.3356,11.5212,12.71075,2.245836495959281,1.0092099227213367,-0.617991181474161,-9.918769545463498,-10.68642745709829,7.410881801125702,1.1484098939929188,-5.0580431177446155,55.292259083728275,47.43276283618582,72.12829675511982,64.03793827636501,1.3385714285714287,11.690580162195886,13.02,9.25,22.9,8.18,-50.0,39.97555012224939
2023-10-03,11.45,12.41,10.78,11.79,0,11.2195,11.337800000000001,11.508300000000002,12.702300000000001,5.0848968314095915,3.9884280901056437,2.4477985453976445,-7.182163860088345,2.9694323144104695,8.165137614678898,8.165137614678898,3.693931398416894,53.60655737704918,48.37935174069627,69.80146074646018,64.35794523630396,1.372142857142857,11.638192172543318,13.02,9.25,22.9,8.18,-48.51528384279476,44.1320293398533
2023-10-04,11.79,12.22,11.12,11.66,0,11.2545,11.343600000000002,11.4927,12.693999999999999,3.6030032431471857,2.789237984414101,1.4557066659705804,-8.145580589254758,-1.1026293469041493,4.20017873100984,7.564575645756455,6.386861313868608,49.745331069609506,51.86615186615188,68.50962534631935,64.11025102792145,1.3571428571428574,11.639304092134282,13.02,9.25,22.36,8.18,-47.853309481216456,42.54278728606358
2023-10-05,11.66,11.66,10.84,10.94,0,11.260499999999999,11.3308,11.4736,12.6843,-2.8462324053105914,-3.4490062484555413,-4.650676335239156,-13.751645735279054,-6.174957118353353,-5.608283002588443,-1.7070979335130354,1.109057301293892,43.12210200927357,49.876237623762364,72.20512235017218,65.52009070505419,1.3792857142857144,12.607730477931579,13.02,9.25,22.36,8.18,-51.073345259391765,33.74083129584352
2023-10-06,10.94,10.94,9.73,10.3,0,11.241499999999998,11.333200000000001,11.4449,12.67135,-8.375216830494132,-9.116577842092266,-10.003582381672183,-18.71426485733564,-5.850091407678237,-19.656786271450855,-4.805914972273562,-3.5580524344569153,42.27272727272727,46.969696969696976,75.16744928785731,60.95133230081261,1.4064285714285718,13.65464632454924,13.02,9.25,22.29,8.18,-53.79093764019739,25.916870415647935
2023-10-09,10.3,11.63,10.12,11.4,0,11.268,11.35,11.425999999999998,12.659699999999997,1.1714589989350341,0.4405286343612398,-0.22755119901976217,-9.950472760017988,10.679611650485432,-0.4366812227074135,6.941838649155718,4.875804967801289,53.434065934065934,53.77358490566038,84.17691517981008,64.94751443091245,1.4250000000000003,12.500000000000004,13.02,9.25,21.99,8.18,-48.15825375170532,39.364303178484114
2023-10-10,11.4,11.4,10.86,11.27,0,11.2925,11.3684,11.4076,12.645700000000001,-0.19924728802303168,-0.8655571584391808,-1.2062134015919284,-10.878796745138677,-1.140350877192986,-4.410517387616619,3.394495412844023,4.545454545454541,52.92517006802721,52.109704641350206,84.24322152653939,64.82599261874272,1.3950000000000002,12.377994676131324,13.02,9.25,21.68,8.18,-48.01660516605166,37.775061124694375
2023-10-11,11.27,11.32,10.39,10.99,0,11.2745,11.384,11.3895,12.6329,-2.5233934986030384,-3.4609978917779354,-3.5076166644716604,-13.004931567573552,-2.4844720496894346,-5.746140651801024,-1.787310098302053,-3.1718061674008813,49.04632152588555,51.085832471561524,82.71182987439676,65.0195323930548,1.4164285714285718,12.888340049395557,13.02,9.25,20.94,8.18,-47.51671442215855,34.35207823960881
2023-10-12,10.99,11.12,10.57,10.62,0,11.221,11.387599999999999,11.3727,12.6171,-5.3560288744318765,-6.740665285046893,-6.618481099475066,-15.828518439261014,-3.3666969972702576,-2.925045703839124,-8.369283865401211,-9.153122326775021,48.648648648648646,46.145723336853216,82.70529288036462,65.34301867144808,1.4007142857142856,13.189400053806832,13.02,9.25,20.94,8.18,-49.28366762177651,29.828850855745713
2023-10-13,10.62,11.03,10.4,10.62,0,11.1605,11.395199999999999,11.3532,12.592399999999998,-4.842972985081327,-6.802864363942712,-6.45809111087623,-15.663416028715723,0.0,3.1067961165048397,-17.160686427457104,-10.228233305156387,49.72375690607734,44.14019715224534,82.51691021634127,65.17794828429199,1.3971428571428572,13.155770782889428,13.02,9.25,20.94,8.18,-49.28366762177651,29.828850855745713
2023-10-16,10.62,11.15,9.15,11.07,0,11.148,11.3912,11.3378,12.571800000000001,-0.6996770721205544,-2.8197204859891785,-2.3620102665420046,-11.945783420035324,4.237288135593231,-2.894736842105261,-3.3187772925764136,-2.2084805653710293,51.14093959731543,45.97457627118644,82.73686127197189,61.85427385202732,1.465714285714286,13.240418118466902,13.02,9.15,20.94,8.18,-47.134670487106014,35.33007334963326
2023-10-17,11.07,11.07,10.43,10.7,0,11.138,11.3834,11.313699999999999,12.544500000000001,-3.9324833901957317,-6.003478749758425,-5.424396970045164,-14.70365498824187,-3.342366757000914,-5.057675244010651,-9.245122985581,-1.8348623853211121,46.746347941567066,46.666666666666664,82.52712102740942,62.21462260167174,1.365714285714286,12.763684913217627,13.02,9.15,20.94,8.18,-48.90162368672398,30.80684596577017
2023-10-18,10.7,11.17,10.49,10.97,0,11.144499999999999,11.3916,11.2982,12.5197,-1.5657947866660538,-3.700972646511462,-2.9048875042042,-12.378092126808147,2.5233644859813165,-0.18198362147406888,-5.917667238421953,1.1992619926199266,45.810810810810814,50.38251366120219,82.9580952617341,61.483375293223204,1.240714285714286,11.310066414897776,13.02,9.15,20.94,8.18,-47.612225405921684,34.1075794621027
2023-10-19,10.97,11.21,10.05,10.9,0,11.133,11.387599999999999,11.288200000000002,12.497750000000002,-2.0928770322464634,-4.281850433805181,-3.4389893871476516,-12.784301174211368,-0.6381039197812188,2.6365348399246757,-0.3656307129798808,-2.066486972147352,34.61538461538463,50.327510917030565,82.47312751195153,60.442167048895655,1.0650000000000002,9.770642201834862,13.02,9.15,20.94,8.18,-47.946513849092646,33.2518337408313
2023-10-20,10.9,11.09,10.08,10.82,0,11.133000000000001,11.377,11.273400000000002,12.474849999999998,-2.8114614210006343,-4.895842489232666,-4.021856760161104,-13.265490166214407,-0.7339449541284404,1.8832391713747842,5.048543689320373,0.0,43.63636363636365,48.268156424581,81.86593307455,60.25012442445059,1.0292857142857144,9.512806971217323,13.02,9.15,20.63,8.18,-47.55210857973824,32.27383863080686
2023-10-23,10.82,11.36,8.83,10.91,0,11.1455,11.3708,11.2624,12.455350000000001,-2.1129603876003773,-4.052485313258513,-3.128995595965331,-12.407118226304366,0.8317929759704246,-1.445347786811202,-4.29824561403509,2.345215759849917,40.638297872340445,50.515463917525764,81.67602295777057,60.224594350828696,1.0935714285714286,10.023569464449391,13.02,8.83,19.39,8.18,-43.73388344507478,33.374083129584356
2023-10-25,10.91,12.18,9.97,11.31,0,11.166,11.367199999999999,11.2558,12.437550000000002,1.2896292315959172,-0.5032021957913835,0.4815295225572576,-9.065692198222326,3.6663611365719495,5.700934579439254,0.3549245785270605,3.7614678899082543,46.47887323943663,53.6231884057971,82.29006988002169,60.547535271871226,1.1728571428571428,10.370089680434507,13.02,8.83,19.39,8.18,-41.67096441464672,38.264058679706615
2023-10-26,11.31,12.7,11.31,11.73,0,11.193000000000001,11.3706,11.257100000000001,12.42275,4.797641383007227,3.1607830721334036,4.200904318163641,-5.576462538487856,3.7135278514588865,6.927985414767535,6.733393994540493,4.825737265415553,58.45824411134904,54.53551912568306,82.77216300269433,61.096373049269225,1.2135714285714283,10.345877481427351,13.02,8.83,19.39,8.18,-39.504899432697265,43.39853300733497
2023-10-27,11.73,12.31,10.67,10.91,0,11.159,11.349,11.2549,12.401299999999999,-2.2313827403889284,-3.8681822186976826,-3.064443042585888,-12.025352180819745,-6.990622335890883,0.09174311926605228,2.730696798493426,-5.867126833477132,56.28865979381442,48.553719008264466,85.77889599872962,62.548518912808746,1.2442857142857142,11.405001964122038,13.02,8.83,19.39,8.18,-43.73388344507478,33.374083129584356
2023-10-30,10.91,12.19,10.91,11.49,0,11.0925,11.3352,11.2584,12.38385,3.5835023664638346,1.3656574211306358,2.0571306757621,-7.217868433483936,5.316223648029328,6.192236598890943,8.192090395480234,-10.374414976599066,51.0392609699769,49.49290060851928,78.72390147874914,63.621103900986775,1.2278571428571428,10.686311077955986,12.82,8.83,19.39,8.18,-40.7426508509541,40.46454767726162
2023-10-31,11.49,12.29,11.26,11.83,0,11.1115,11.326600000000001,11.262900000000002,12.36785,6.466273680421191,4.44440520544558,5.035115290022979,-4.348775251963765,2.959094865100087,8.4326306141155,6.865401987353215,3.318777292576436,56.16740088105727,44.48160535117057,69.50263605036211,63.9594762340149,1.2628571428571427,10.675039246467815,12.7,8.83,19.39,8.18,-38.98916967509025,44.62102689486554
2023-11-01,11.83,12.2,11.83,12.05,0,11.124500000000001,11.3226,11.269,12.354849999999999,8.31947503258573,6.424319502587755,6.930517348478131,-2.4674520532422353,1.8596787827557026,6.542882404951378,12.61682242990656,2.2052586938083207,61.83035714285713,53.836317135549876,69.0375758619474,64.09383416337654,1.2228571428571422,10.148192056905744,12.7,8.83,19.39,8.18,-37.854564208354816,47.310513447432776
2023-11-02,12.05,12.05,10.95,11.08,0,11.095500000000001,11.3046,11.2672,12.332700000000003,-0.13969627326394643,-1.9868018328821946,-1.6614598125532578,-10.157548630875658,-8.049792531120337,-5.541346973572036,1.0027347310847645,-4.974271012006859,54.52755905511811,45.79881656804734,74.92669756252728,66.44988891069403,1.2621428571428568,11.391181021144916,12.7,8.83,19.39,8.18,-42.85714285714286,35.452322738386314
2023-11-03,11.08,11.08,10.64,10.88,0,11.092500000000001,11.2876,11.264800000000001,12.3099,-1.9157088122605395,-3.61104220560614,-3.4159505716923535,-11.615853906205572,-1.805054151624541,-0.274977085242889,-0.18348623853210455,-0.5484460694698212,52.46212121212123,45.422535211267615,71.80621593104148,66.40890982193271,1.2485714285714284,11.475840336134452,12.7,8.83,19.39,8.18,-43.888602372356885,33.0073349633252
2023-11-06,10.88,11.28,10.38,11.11,0,11.133,11.2762,11.263399999999999,12.28905,-0.20659301176681658,-1.4739007821783925,-1.3619333416197557,-9.594313636936949,2.113970588235281,-3.30722367275893,2.6802218114602594,7.864077669902891,50.39525691699603,51.0585305105853,68.59151157499284,66.58237443898241,1.1699999999999997,10.531053105310528,12.7,8.83,19.39,8.18,-42.70242392986076,35.81907090464547
2023-11-07,11.11,12.18,11.0,11.19,0,11.122499999999999,11.2634,11.2642,12.2727,0.6068779501011534,-0.6516682351687877,-0.6587240993590415,-8.822019604488016,0.7200720072007227,-5.409974640743876,2.5664527956003713,-1.8421052631579005,55.13626834381551,55.95716198125836,57.06730155674089,66.53784665964433,1.2085714285714282,10.800459594025275,12.7,8.83,19.39,8.18,-42.28984012377515,36.79706601466993
2023-11-08,11.19,11.33,10.63,11.04,0,11.111,11.239600000000001,11.263,12.2528,-0.6390063900639142,-1.7758639097476954,-1.9799342981443733,-9.898145729955614,-1.3404825737265424,-8.381742738589226,-2.3872679045092937,-2.0408163265306145,50.752688172042994,47.23926380368098,57.12331827806638,66.13791694044868,1.2099999999999995,10.960144927536227,12.7,8.83,19.39,8.18,-43.06343476018567,34.963325183374074
2023-11-09,11.04,11.25,10.37,10.98,0,11.1105,11.211000000000002,11.262,12.234749999999998,-1.1745646010530546,-2.060476317902075,-2.503995737879595,-10.255624348678952,-0.5434782608695565,-0.9025270758122761,-6.39386189258312,-0.09099181073702889,50.862068965517246,47.75193798449613,56.43323544880007,66.04324560708643,1.1899999999999997,10.837887067395261,12.7,8.83,19.39,8.18,-43.372872614749866,34.22982885085575
2023-11-10,10.98,11.36,9.86,11.11,0,11.135,11.191400000000002,11.265699999999999,12.21845,-0.22451728783116617,-0.7273442107332606,-1.3820712427989341,-9.071936293065006,1.1839708561020013,2.113970588235281,1.8331805682859637,4.613935969868166,53.091684434968016,50.95238095238095,55.06732804719503,65.87449267587552,1.2249999999999996,11.026102610261024,12.7,8.83,19.39,8.18,-42.70242392986076,35.81907090464547
2023-11-12,11.11,11.54,9.75,11.35,0,11.1715,11.181,11.2676,12.2054,1.5978158707425114,1.5114927108487657,0.7313003656501812,-7.008373342946561,2.160216021602168,2.160216021602168,-1.218450826805928,6.873822975517885,54.54545454545454,55.91572123176662,55.45205775733118,65.94123454991136,1.172142857142857,10.327249842668342,12.7,8.83,19.39,8.18,-41.46467251160392,38.75305623471883
2023-11-13,11.35,11.63,10.5,11.19,0,11.1775,11.1636,11.268999999999998,12.1924,0.11183180496532577,0.23648285499300284,-0.7010382465169834,-8.221515042157408,-1.4096916299559448,0.0,-5.409974640743876,1.0840108401083848,48.69565217391303,54.50236966824645,53.85849722174526,65.91060193521245,1.0949999999999998,9.785522788203751,12.7,8.83,19.39,8.18,-42.28984012377515,36.79706601466993
2023-11-15,11.19,11.42,8.4,11.14,0,11.1995,11.159,11.2675,12.18,-0.5312737175766764,-0.17026615288108368,-1.1315731084978877,-8.53858784893267,-0.44682752457549935,0.9057971014492905,-7.551867219917008,4.112149532710285,43.026004728132385,50.59021922428331,52.35674599914978,64.63400026975347,1.2114285714285713,10.874583226468323,12.7,8.4,19.39,8.18,-42.547705002578645,36.18581907090466
2023-11-16,11.14,11.81,10.62,11.65,0,11.233500000000001,11.1728,11.269400000000001,12.169950000000002,3.7076601237370292,4.271086925390232,3.3772871670186464,-4.272408678753827,4.578096947935362,6.102003642987253,5.14440433212997,6.198723792160443,59.438775510204096,57.82537067545306,54.01932659996878,64.87046077826976,1.179285714285714,10.122624156958919,12.7,8.4,19.39,8.18,-39.91748323878288,42.420537897310524
2023-11-17,11.65,12.09,10.19,11.83,0,11.280000000000001,11.193,11.2755,12.1558,4.875886524822685,5.6910569105691104,4.91774200700635,-2.6802020434689546,1.5450643776824036,6.480648064806482,8.731617647058808,8.532110091743107,54.82954545454546,57.19063545150502,54.041647765260606,64.84841739402847,1.2235714285714285,10.342953749547155,12.7,8.4,19.39,8.18,-38.98916967509025,44.62102689486554
2023-11-20,11.83,12.67,11.2,12.15,0,11.3465,11.2224,11.283900000000001,12.129950000000001,7.081478870136163,8.265611633875107,7.675537713024746,0.1652933441605238,2.7049873203719432,7.048458149779746,9.360936093609373,12.292051756007405,54.57142857142858,60.03210272873195,54.405988583041655,64.97672613780259,1.2550000000000001,10.329218106995885,12.7,8.4,19.39,8.18,-37.33883445074781,48.53300733496334
2023-11-21,12.15,12.44,10.76,12.23,0,11.4125,11.249600000000001,11.298899999999998,12.10255,7.163198247535604,8.714976532498927,8.240625193602941,1.0530838542290641,0.6584362139917754,9.294012511170703,9.294012511170703,12.09899175068745,52.67857142857143,61.31621187800964,54.401293461621435,64.89779461979296,1.3485714285714288,11.026749211540709,12.7,8.4,19.39,8.18,-36.9262506446622,49.51100244498778
2023-11-22,12.23,12.71,11.02,11.87,0,11.4405,11.271400000000002,11.309800000000001,12.0775,3.7542065469166475,5.310786592614915,4.953226405418294,-1.7180707927965337,-2.9435813573180813,6.552962298025111,7.51811594202898,4.9513704686118265,64.36363636363637,57.38461538461538,54.56710638122843,65.26271322640358,1.3907142857142856,11.716211337104344,12.71,8.4,19.39,8.18,-38.782877772047456,45.11002444987774
2023-11-23,11.87,12.14,10.98,11.32,0,11.42,11.2708,11.312999999999999,12.0502,-0.8756567425569146,0.4365262448096036,0.06187571820031335,-6.059650462232991,-4.633529907329392,-2.832618025751077,3.0965391621129212,-3.4953111679454363,57.09677419354839,50.07518796992481,55.67281488056831,65.1450157817277,1.4421428571428574,12.73977788995457,12.71,8.4,19.39,8.18,-41.61939143888602,38.38630806845967
2023-11-24,11.32,11.47,8.68,11.33,0,11.440999999999999,11.263599999999999,11.310400000000001,12.028200000000002,-0.970194913032068,0.589509570652381,0.17329183760078096,-5.804692306413275,0.08833922261484162,-4.226542688081148,1.980198019801982,3.849679193400557,53.819444444444464,46.79487179487179,49.40007722436448,64.80129977355593,1.5771428571428576,13.920060522002272,12.71,8.4,19.39,8.18,-41.56781846312532,38.508557457212724
2023-11-28,11.33,12.49,11.07,12.18,0,11.4755,11.270600000000002,11.315199999999999,12.017100000000001,6.139166049409607,8.068780721523236,7.642816742081454,1.3555683151508993,7.5022065313327335,0.24691358024691024,7.31277533039647,6.005221932114879,63.56164383561646,60.12759170653908,52.869382837742585,66.90255075236053,1.5942857142857148,13.08937368050669,12.71,8.4,19.39,8.18,-37.18411552346571,48.8997555012225
2023-11-29,12.18,14.46,11.33,12.71,0,11.5195,11.298399999999999,11.3233,12.007200000000001,10.334649941403708,12.493804432486032,12.246429927671272,5.853154773802384,4.351395730706087,3.924775143090753,13.583556747095638,7.438715131022833,70.71960297766753,59.807073954983935,54.00128687426141,66.76135956752611,1.767857142857143,13.909182870630548,14.46,8.4,19.39,8.18,-34.45074780814853,55.37897310513449
2023-11-30,12.71,13.35,11.76,12.69,0,11.5515,11.334200000000001,11.332,12.0,9.855862874951294,11.962026433272737,11.983762795623003,5.7499999999999964,-0.15735641227381247,6.908171861836565,13.913824057450608,5.311203319502056,71.42857142857142,57.28813559322033,53.75954166536171,66.13220932273059,1.818571428571429,14.330744117978163,14.46,8.4,19.39,8.18,-34.55389375966993,55.13447432762836
2023-12-01,12.69,12.76,11.78,12.38,0,11.616499999999998,11.365,11.3408,11.993900000000002,6.572547669263567,8.930928288605372,9.163374717832966,3.219136394333778,-2.4428684003152012,9.363957597173144,6.266094420600865,11.732851985559577,65.22781774580338,52.75459098497495,45.191471444805046,66.406456815103,1.7814285714285718,14.389568428340644,14.46,8.4,19.39,8.18,-36.15265600825167,51.34474327628363
2023-12-04,12.38,13.16,11.34,12.99,0,11.722,11.4022,11.356799999999998,11.99365,10.817266678041296,13.925382820859127,14.380811496196133,8.307312619594532,4.927302100161546,14.651368049426306,9.805579036348266,19.393382352941167,68.06167400881058,66.96269982238013,46.742811978562735,67.00148237478341,1.783571428571429,13.730342021335096,14.46,8.4,19.39,8.18,-33.00670448684889,58.80195599022006
2023-12-05,12.99,13.88,11.48,13.46,0,11.839500000000001,11.455,11.3817,11.9972,13.687233413573205,17.503273679615894,18.260013881933283,12.192844997166018,3.618167821401075,10.50903119868638,10.78189300411523,21.15211521152116,73.40206185567013,71.86440677966104,47.5458550490939,66.97964176806686,1.8742857142857143,13.924856718318829,14.46,8.4,19.39,8.18,-30.582774626095922,64.54767726161371
2023-12-06,13.46,14.09,12.69,13.74,0,11.967,11.516599999999999,11.4089,11.9975,14.81574329405866,19.306045186947554,20.432294086195878,14.523859137320272,2.080237741456159,8.10385523210071,12.346688470973021,22.788203753351223,75.59055118110236,72.10084033613447,47.68230117688758,66.90862118731232,1.7585714285714291,12.798918694115205,14.46,8.4,19.39,8.18,-29.138731304796288,67.97066014669927
2023-12-07,13.74,13.74,12.55,12.67,0,12.0485,11.552,11.4273,11.993599999999999,5.1583184628791905,9.677977839335183,10.874834825374316,5.639674493062976,-7.787481804949059,-0.1576044129235621,6.739679865206405,14.764492753623193,59.042553191489354,60.66282420749279,56.65883827812226,69.38132520071403,1.758571428571429,13.879806066072842,14.46,8.4,19.39,8.18,-34.65703971119134,54.88997555012225
2023-12-08,12.67,12.88,12.14,12.47,0,12.123000000000001,11.5776,11.444,11.99165,2.862327806648515,7.707987838584857,8.96539671443551,3.989025697047535,-1.5785319652722896,0.7269789983844976,10.159010600706718,13.570127504553732,55.65371024734983,60.22889842632333,57.09012938091366,69.3222002396862,1.675714285714286,13.437965402680721,14.46,8.4,19.39,8.18,-35.68849922640536,52.444987775061136
2023-12-11,12.47,13.12,12.23,12.76,0,12.2055,11.600999999999999,11.4579,11.991,4.54303387816967,9.990518058788043,11.364211592002018,6.413143190726379,2.3255813953488413,-1.7705927636643581,12.621359223300965,14.851485148514865,55.417406749555944,62.32686980609418,57.36167954620874,69.07601459400267,1.6342857142857146,12.807881773399016,14.46,8.4,19.39,8.18,-34.192882929345025,55.990220048899765
2023-12-12,12.76,12.87,11.69,12.71,0,12.2735,11.598799999999999,11.468700000000002,11.989099999999999,3.5564427424939953,9.580301410490758,10.823371437041676,6.012961773611048,-0.39184952978055243,-5.572065378900448,4.351395730706087,11.982378854625564,54.285714285714285,61.204481792717104,57.2488755009285,64.90705200826575,1.5985714285714288,12.57727323817017,14.46,8.4,19.39,8.18,-34.45074780814853,55.37897310513449
2023-12-13,12.71,12.82,11.54,12.07,0,12.317499999999999,11.611200000000002,11.4734,11.982550000000002,-2.0093363101278565,3.9513573101832558,5.199853574354598,0.7298112672177348,-5.03540519276161,-12.154294032023294,-5.03540519276161,7.864164432529042,51.700680272108855,54.77453580901858,60.32565484076945,61.228436562457055,1.5692857142857146,13.001538643626468,14.46,8.4,19.39,8.18,-37.75141825683342,47.555012224938885
2023-12-14,12.07,12.51,11.0,12.32,0,12.3765,11.621799999999999,11.479800000000001,11.9741,-0.4565103219811722,6.007675231031353,7.318942838725408,2.888734852723798,2.07125103562551,-2.7624309392265123,-2.9156816390858875,10.592459605026928,58.960573476702514,57.40498034076016,60.49214349487845,61.050826150260086,1.5942857142857143,12.940630797773656,14.46,8.68,19.39,8.18,-36.462093862815884,50.61124694376529
2023-12-15,12.32,13.34,10.8,13.13,0,12.4505,11.6512,11.4974,11.961799999999998,5.457612144090606,12.692254875034346,14.199732113347366,9.766088715745143,6.574675324675328,5.292702485966316,6.0581583198707545,12.70386266094421,64.10658307210032,61.85935637663886,62.622602591502016,62.64598449194933,1.5764285714285715,12.006310521162005,14.46,8.68,19.39,8.18,-32.28468282619907,60.513447432762845
2023-12-18,13.13,14.12,13.13,13.9,0,12.554,11.710400000000002,11.5206,11.9559,10.72168233232436,18.697909550485026,20.653438188983216,16.260591005277732,5.864432597105851,8.934169278996862,7.005388760585074,17.497886728655953,63.65079365079366,63.005780346820806,65.24177079449078,62.06038746078153,1.5457142857142856,11.120246659815004,14.46,8.68,19.39,8.18,-28.313563692625067,69.92665036674818
2023-12-19,13.9,14.12,13.55,13.87,0,12.64,11.7818,11.5575,11.954299999999998,9.731012658227838,17.723947104856634,20.0086523902228,16.02519595459376,-0.21582733812950394,9.12667191188039,3.046062407132233,14.15637860082304,59.999999999999986,61.99999999999999,64.98726743981327,60.334931146691716,1.3628571428571428,9.825934699763106,14.46,8.68,19.39,8.18,-28.468282619907175,69.559902200489
2023-12-20,13.87,14.87,12.78,14.45,0,12.751,11.8428,11.596400000000001,11.957150000000002,13.324445141557526,22.01506400513391,24.607636852816377,20.8481954311855,4.181687094448461,19.718309859154925,5.1673944687045115,18.15208503679475,63.83647798742139,63.12785388127853,66.11940988909296,56.426440820743004,1.3985714285714284,9.67869500741473,14.87,8.68,19.39,8.18,-25.477050025786497,76.65036674816625
2023-12-21,14.45,15.01,12.28,13.76,0,12.845499999999998,11.8926,11.630500000000001,11.95585,7.119224631193822,15.702201368918486,18.309616955418925,15.090102334840266,-4.775086505190307,11.688311688311682,8.60299921073402,15.922493681550144,60.2373887240356,58.16435432230523,67.83615433466181,57.560916831569905,1.5235714285714284,11.072466777408636,15.01,8.68,19.39,8.18,-29.03558535327489,68.21515892420538
2023-12-22,13.76,13.99,12.23,13.71,0,12.965,11.947000000000001,11.6655,11.9594,5.746239876590829,14.756842722022261,17.526038318117536,14.637858086526082,-0.3633720930232509,4.417364813404423,9.943865276663999,21.11307420494699,55.82524271844661,60.15452538631348,64.90622316267925,57.19779869755547,1.519285714285714,11.081587996248825,15.01,8.68,19.39,8.18,-29.29345023207839,67.60391198044012
2023-12-26,13.71,14.95,13.71,14.68,0,13.132500000000002,12.0282,11.7079,11.96795,11.783742623262878,22.0465240019288,25.38542351745402,22.66094026128117,7.075127644055423,5.611510791366903,15.047021943573657,29.56751985878199,59.13173652694611,67.72151898734177,68.19946582977407,58.352663776529255,1.4364285714285712,9.78493577267419,15.01,10.8,19.39,8.18,-24.29087158329036,79.46210268948656
2023-12-27,14.68,15.73,14.47,15.56,0,13.3015,12.127,11.761099999999999,11.984850000000002,16.979288050219896,28.308732580192952,32.30055011861137,29.830577771102675,5.994550408719346,12.184571016582568,22.423288749016514,27.750410509031198,62.50000000000001,70.43478260869566,66.5988966936692,59.514600202222546,1.426428571428571,9.167278736687473,15.73,10.8,19.39,8.18,-19.752449716348632,90.22004889975551
2023-12-28,15.56,16.47,14.96,15.14,0,13.422999999999998,12.2084,11.7998,11.9992,12.791477315056266,24.012974673175858,28.30725944507535,26.175078338555906,-2.699228791773778,4.775086505190318,25.43496271748136,19.118804091266718,68.62745098039217,64.9193548387097,67.03762184534628,59.513186825698625,1.4492857142857136,9.572560860539719,16.47,10.8,19.39,8.18,-21.918514698298093,85.08557457212716
2023-12-29,15.14,15.43,14.37,14.5,0,13.513499999999999,12.2844,11.833900000000002,12.00945,7.30010730010731,18.035882908404158,22.529343665232915,20.73825195991491,-4.227212681638049,5.3779069767441845,17.6948051948052,14.263199369582358,64.35643564356435,58.92323030907278,69.45307712348895,59.8542534250739,1.4721428571428565,10.152709359605907,16.47,10.8,19.39,8.18,-25.21918514698298,77.26161369193154
2024-01-01,14.5,14.87,14.33,14.68,0,13.628499999999999,12.3586,11.8751,12.019199999999998,7.7154492423964545,18.783680999465965,23.62001162095477,22.137912673056462,1.2413793103448256,7.075127644055423,11.805026656511796,18.578352180936974,63.793103448275865,59.76447497546615,68.42340489757771,59.72020450100219,1.4471428571428564,9.857921370182945,16.47,10.8,19.39,8.18,-24.29087158329036,79.46210268948656
2024-01-02,14.68,15.08,14.24,14.58,0,13.707999999999998,12.4322,11.9099,12.02505,6.3612489057484805,17.27610559675681,22.41916388886556,21.24689710229895,-0.6811989100817373,-0.6811989100817373,4.8920863309352525,12.240184757505768,63.33808844507846,61.02204408817635,66.97383503808936,59.725077765102405,1.4228571428571422,9.758965314520864,16.47,10.8,19.39,8.18,-24.806601340897373,78.239608801956
2024-01-03,14.58,14.78,14.02,14.1,0,13.74,12.4978,11.9374,12.014450000000002,2.6200873362445374,12.819856294707868,18.116172700923144,17.358680588790975,-3.292181069958855,-9.383033419023146,1.6582552271088735,4.7548291233283635,64.81751824817518,55.63451776649746,67.42099184811904,60.30395906755119,1.385714285714285,9.827760891590675,16.47,10.8,19.39,8.18,-27.282104177411043,72.37163814180929
2024-01-05,13.33,13.47,12.49,12.63,0,13.6845,12.5322,11.951500000000001,11.9965,-7.705798531184911,0.7803897160913584,5.677111659624312,5.280706872837924,-10.425531914893604,-16.578599735799205,-12.595155709342553,-8.078602620087327,51.92069392812888,46.175115207373274,77.0168359201654,65.18173967897934,1.3928571428571423,11.028164234815062,16.47,10.8,19.39,8.18,-34.86333161423414,54.40097799511005
2024-01-08,12.63,13.6,12.63,13.46,0,13.724,12.575200000000002,11.971200000000001,11.9823,-1.9236374234916884,7.03607099688274,12.436514300989035,12.332356893083968,6.571654790182113,-7.172413793103438,-2.1802325581395277,6.235201262825574,52.03955500618047,48.771929824561404,75.36792363184827,66.25332135208598,1.2807142857142852,9.514964975589042,16.47,10.8,19.39,8.18,-30.582774626095922,64.54767726161371
2024-01-09,13.46,13.51,12.78,13.26,0,13.763500000000002,12.605800000000002,11.988199999999999,11.9675,-3.6582264685581602,5.189674594234381,10.60876528586444,10.800083559640699,-1.4858841010401247,-9.673024523160766,-3.2822757111597434,6.335204490777868,45.744680851063826,52.80151946818613,75.33620115583989,65.95766514836605,1.2621428571428568,9.51842275371687,16.47,10.8,19.39,8.18,-31.614234141309954,62.10268948655256
2024-01-10,13.26,14.56,12.81,12.97,0,13.773999999999997,12.646999999999998,11.998000000000001,11.958499999999999,-5.837084361841127,2.5539653672807954,8.101350225037502,8.458418697997255,-2.187028657616885,-11.042524005486964,-11.648501362397813,1.6457680250783868,44.21593830334191,52.35404896421845,75.52131006610527,64.06999119810956,1.346428571428571,10.381099240004403,16.47,10.8,19.39,8.18,-33.109850438370295,58.55745721271395
2024-01-11,12.97,13.19,12.63,12.77,0,13.777000000000001,12.672600000000003,12.003900000000002,11.9423,-7.309283588589688,0.7685873459274087,6.382092486608501,6.930825720338629,-1.542020046260606,-9.432624113475175,-17.930591259640106,0.472069236821393,38.64864864864864,50.04748338081671,75.74880275825954,63.22283182734104,1.2371428571428567,9.68788455084461,16.47,10.8,19.39,8.18,-34.141309953584326,56.11246943765281
2024-01-12,12.77,13.29,12.42,13.1,0,13.8285,12.698,12.0123,11.9324,-5.268105723686592,3.165852890218926,9.054885409122315,9.78512285877108,2.584181675802655,3.7212984956452866,-13.474240422721273,8.533554266777132,45.3125,51.803885291396846,73.65413234947007,63.14698330691495,1.1042857142857136,8.429661941112318,16.47,10.8,19.39,8.18,-32.43940175348118,60.14669926650367
2024-01-15,13.1,13.89,11.79,13.79,0,13.902000000000001,12.732800000000003,12.0277,11.9273,-0.8056394763343537,8.302965569238472,14.652011606541565,15.61711368038029,5.267175572519078,2.4517087667161874,-4.896551724137932,11.931818181818166,50.52083333333332,57.91896869244935,75.40365185478672,64.04174514794808,1.1285714285714281,8.183984253599915,16.47,10.8,19.39,8.18,-28.880866425992785,68.58190709046454
2024-01-16,13.79,14.04,12.49,13.57,0,13.924000000000001,12.7826,12.043600000000001,11.922699999999999,-2.5423728813559388,6.159936163221878,12.673951310239454,13.81650129584743,-1.595358955765036,2.3378582202111753,-7.561307901907355,3.351104341203337,41.991341991342,55.771006463527236,72.44129095589,61.266870130773974,1.1507142857142851,8.479839983156118,16.47,11.79,19.39,8.18,-30.01547189272821,65.89242053789732
2024-01-17,13.57,15.23,12.72,15.08,0,13.982999999999999,12.8666,12.0771,11.921899999999999,7.845240649359947,17.20267980663112,24.86441281433457,26.489905132571163,11.127487103905676,16.26831148804935,3.429355281207136,8.489208633093526,46.82539682539682,58.45620121422377,79.86588182387028,65.51848542485266,1.2399999999999995,8.22281167108753,16.47,11.79,19.39,8.18,-22.227952552862302,84.3520782396088
2024-01-18,15.08,15.71,12.98,14.07,0,13.992999999999999,12.925799999999999,12.100999999999999,11.915,0.5502751375687969,8.852063315230017,16.2713825303694,18.08644565673522,-6.697612732095493,10.180109631949886,-0.21276595744680327,1.4419610670511895,43.435582822085884,50.72217502124044,83.87946301791577,67.52264831559556,1.327142857142857,9.432429688293226,16.47,11.79,19.39,8.18,-27.436823104693143,72.00488997555013
2024-01-19,14.07,14.11,13.68,13.88,0,13.964499999999997,12.979599999999998,12.121500000000001,11.908900000000001,-0.6051058040029841,6.937039662239231,14.50728045208926,16.551486703221958,-1.3503909026297056,5.954198473282446,9.897070467141722,-3.944636678200686,45.97402597402598,50.04191114836547,82.68979897346962,67.65757056504272,1.2821428571428568,9.23734046932894,16.47,11.79,19.39,8.18,-28.416709644146465,69.68215158924207
2024-01-20,13.88,14.25,13.1,13.8,0,13.9665,13.0348,12.1372,11.909749999999999,-1.192138331006331,5.87043913216927,13.700029660877307,15.871449862507625,-0.5763688760806907,0.07251631617115617,2.526002971768193,0.29069767441860517,44.21052631578948,47.15660542432197,80.84573107490033,67.57116756082472,1.3257142857142854,9.606625258799168,16.47,11.79,19.39,8.18,-28.829293450232075,68.70415647921762
2024-01-23,13.8,15.41,12.2,14.85,0,14.023500000000002,13.1122,12.161599999999998,11.9193,5.89367846828536,13.253306081359344,22.105643994211302,24.58785331353351,7.608695652173902,9.432571849668392,11.990950226244346,8.31509846827132,51.57894736842105,54.6225614927905,85.03538572326858,69.35638172660286,1.4949999999999999,10.067340067340066,16.47,11.79,19.39,8.18,-23.414130995358438,81.54034229828852
2024-01-24,14.85,15.65,14.03,14.38,0,14.008500000000002,13.1776,12.1845,11.928249999999998,2.65196130920512,9.124575036425457,18.018794369896188,20.55414666862283,-3.1649831649831595,-4.641909814323608,10.871241326137238,-2.043596730245223,51.63934426229509,52.74365274365274,82.31573073906952,69.88514060135445,1.5564285714285713,10.823564474468505,16.47,11.79,19.39,8.18,-25.838060856111394,75.79462102689489
2024-01-25,14.38,15.34,13.36,13.87,0,13.924000000000001,13.228000000000002,12.204499999999998,11.935550000000001,-0.38781959207125855,4.853341397036571,13.646605760170443,16.207464255941268,-3.546592489568856,-1.4214641080312784,8.613938919342212,-10.86118251928021,58.17941952506595,46.5531914893617,80.07297112988863,70.40732201797324,1.582857142857143,11.412091873519415,16.47,11.79,19.39,8.18,-28.468282619907175,69.559902200489
2024-01-29,13.87,15.85,13.8,15.68,0,13.951000000000002,13.3178,12.240699999999999,11.954949999999998,12.39337681886601,17.73716379582213,28.097249340315518,31.159059636384946,13.04974765681326,12.968299711815545,19.694656488549622,3.566710700132103,62.967289719626166,50.47318611987381,92.72918841496465,75.67853475693396,1.6600000000000001,10.58673469387755,15.85,11.79,19.39,8.18,-19.13357400722022,91.68704156479218
2024-01-30,15.68,16.58,14.99,16.1,0,14.031,13.417,12.288,11.974099999999998,14.745919749126937,19.99701870760976,31.022135416666675,34.456869409809535,2.6785714285714413,16.666666666666675,16.751269035533014,11.03448275862069,66.1731207289294,53.785488958990534,91.45527576707806,75.7417260708104,1.7214285714285713,10.69210292812777,16.58,11.79,19.39,8.18,-16.96750902527075,96.82151589242056
2024-01-31,16.1,16.53,15.8,16.05,0,14.0995,13.505,12.3389,11.994449999999999,13.833823894464341,18.8448722695298,30.076424964948252,33.81188799819918,-0.31055900621118626,8.080808080808088,18.275607958732508,9.332425068119887,68.0327868852459,56.41025641025641,91.49464924166736,75.29789191693405,1.6485714285714284,10.271473075211391,16.58,11.79,19.39,8.18,-17.225373904074264,96.21026894865527
2024-02-01,16.05,16.11,14.36,14.46,0,14.0935,13.5576,12.375300000000003,12.0054,2.6004895873984477,6.656045317755355,16.845652226612668,20.445799390274384,-9.906542056074763,0.5563282336578546,-4.111405835543758,-0.8230452674897082,58.50956696878148,49.18518518518519,98.7802378976453,78.97636654881447,1.7335714285714285,11.988737403675161,16.58,11.79,19.39,8.18,-25.425477050025787,76.77261613691934
2024-02-02,14.46,15.13,14.03,14.7,0,14.123500000000002,13.608600000000001,12.4155,12.01935,4.081849399936259,8.019928574577829,18.400386613507305,22.302786756355378,1.6597510373443924,5.984138428262442,4.477611940298498,4.255319148936176,58.130081300813,50.43988269794721,98.05929933465333,78.86260654567502,1.75,11.904761904761905,16.58,11.79,19.39,8.18,-24.18772563176896,79.70660146699267
2024-02-05,14.7,16.05,14.7,15.62,0,14.273000000000001,13.676400000000001,12.463,12.0361,9.437399285363956,14.211342166067078,25.330979699911744,29.776256428577362,6.258503401360538,-0.3826530612244916,12.53602305475503,23.673792557402983,59.08639523336643,55.39772727272727,91.30859187716828,79.91491127021636,1.6964285714285714,10.860618254984452,16.58,11.79,19.39,8.18,-19.44301186178443,90.95354523227384
2024-02-06,15.62,15.98,15.09,15.79,0,14.389499999999998,13.7548,12.5131,12.054649999999999,9.732791271413191,14.79628929537325,26.18775523251632,30.98679762581245,1.0883482714468595,-1.9254658385093326,14.420289855072443,17.310549777117366,61.07784431137724,62.36306729264475,89.09544789859123,79.50344438567915,1.6492857142857145,10.445128019542208,16.58,11.79,19.39,8.18,-18.566271273852507,93.03178484107579
2024-02-07,15.79,16.02,14.74,15.51,0,14.501999999999999,13.838600000000001,12.5547,12.07145,6.950765411667363,12.077811339297314,23.53939162226098,28.484979020747293,-1.7732742241925226,-3.3644859813084182,4.444444444444451,16.96832579185521,52.44596131968146,58.38103025347507,89.20534540518028,78.77362169193324,1.5614285714285718,10.067237726812198,16.58,11.79,18.54,8.18,-16.34304207119741,89.60880195599023
2024-02-08,15.51,16.03,15.24,15.83,0,14.645000000000001,13.928600000000001,12.5961,12.0909,8.091498805052911,13.651048920925282,25.673819674343644,30.9249104698575,2.063185041908455,9.474412171507595,10.083449235048668,22.05088666152659,60.864197530864196,60.40485829959515,88.50637290481339,78.81285842152946,1.422857142857143,8.988358451403304,16.58,11.79,18.54,8.18,-14.61704422869471,93.52078239608804
2024-02-09,15.83,16.33,15.27,15.45,0,14.779,13.993999999999998,12.6323,12.11,4.540225996346162,10.404459053880245,22.305518393325034,27.580511973575554,-2.4005053695514866,5.102040816326525,11.391492429704408,20.98668754894284,59.469240048250896,59.967845659163984,88.90376387485436,77.60244354272207,1.467857142857143,9.500693481276008,16.58,11.79,17.77,8.18,-13.055711873944853,88.87530562347187
2024-02-12,15.45,16.54,15.45,16.06,0,14.927000000000001,14.061000000000002,12.6797,12.131950000000002,7.590272660280011,14.216627551383235,26.659148087099837,32.37772987854382,3.9482200647249055,2.8169014084507005,2.423469387755106,22.595419847328245,62.81179138321994,62.80155642023346,89.3359390733055,77.50724389440991,1.4635714285714287,9.113147126845758,16.58,11.79,17.36,8.18,-7.488479262672815,96.3325183374083
2024-02-13,16.06,16.57,15.75,15.81,0,15.028,14.123399999999998,12.728800000000001,12.153400000000001,5.203619909502263,11.941883682399439,24.206523788573932,30.087053828558254,-1.5566625155666092,0.1266624445851905,-1.801242236024847,14.648295866569994,55.9850374064838,60.610806577916996,88.46603823569069,77.63971923343917,1.292857142857143,8.177464534200778,16.58,12.2,17.36,8.18,-8.928571428571423,93.27628361858193
2024-02-14,15.81,16.2,15.34,15.44,0,15.121500000000001,14.1846,12.7748,12.172350000000002,2.1062725258737456,8.850443438658827,20.86294893070732,26.844857402227156,-2.3402909550917173,-0.45132172791747527,-3.8006230529595064,13.780397936624912,56.69191919191919,56.62650602409639,88.7759055101389,77.61967481684506,1.2385714285714287,8.021835677276092,16.58,12.2,17.36,8.18,-11.059907834101383,88.75305623471883
2024-02-15,15.44,15.66,15.11,15.23,0,15.129,14.229399999999998,12.8158,12.19135,0.667592041774082,7.031919827961842,18.837684732907825,24.92463919090175,-1.360103626942999,-3.790271636133924,5.325034578146615,0.9946949602122057,58.9238845144357,56.67202572347267,80.14166713965301,77.081490791344,1.1364285714285713,7.4617765688021755,16.58,12.2,17.36,8.18,-12.269585253456215,86.18581907090466
2024-02-16,15.23,15.55,14.9,15.22,0,15.1865,14.2646,12.8598,12.2127,0.22059065617489274,6.6976991994167445,18.353318092038762,24.62436643821596,-0.06565988181220783,-1.4886731391585695,3.5374149659864074,8.173418621179817,46.048109965635746,50.63985374771481,75.95370146461741,76.74161316175646,1.0364285714285715,6.809648958137789,16.58,12.2,17.36,8.18,-12.32718894009216,86.06356968215161
2024-02-19,15.22,16.12,13.7,16.02,0,15.2935,14.3102,12.9134,12.2333,4.750384150129138,11.948120920741845,24.05718091285022,30.954035297098905,5.256241787122207,-0.24906600249064992,2.5608194622279257,15.417867435158495,49.35483870967741,59.08667287977633,77.42491256715181,77.43591835430766,1.095714285714286,6.839664704833247,16.58,12.2,17.36,8.18,-7.71889400921659,95.84352078239608
2024-02-20,16.02,16.36,14.21,16.07,0,15.407,14.3782,12.9651,12.254450000000002,4.303238787564096,11.766424169923917,23.948137692728945,31.136036297018617,0.3121098626716723,1.644528779253629,1.7732742241925337,16.449275362318836,50.16129032258064,60.3399433427762,77.27487691974643,75.11946309075194,1.1971428571428575,7.449551071206331,16.58,12.2,17.36,8.18,-7.430875576036862,96.45476772616138
2024-02-21,16.07,16.31,15.68,15.93,0,15.460999999999999,14.4474,13.0125,12.275450000000001,3.0334389754867166,10.262054072012955,22.42074927953891,29.771210016740717,-0.8711885500933492,3.17357512953369,2.7079303675048294,7.272727272727275,65.47368421052632,60.0,73.23083082143123,75.03141684582751,1.1171428571428572,7.012823961976506,16.58,13.36,17.36,8.18,-8.23732718894009,94.74327628361858
2024-02-22,15.93,16.15,15.13,15.2,0,15.501999999999999,14.496199999999998,13.048599999999999,12.28995,-1.9481357244226525,4.855065465432328,16.487592538663158,23.678289984906367,-4.582548650345264,-0.1969796454366457,-3.9797852179406235,5.702364394993031,54.77099236641221,51.69409486931268,74.32389972653644,75.81274417544594,1.1114285714285714,7.31203007518797,16.58,13.36,17.36,8.18,-12.442396313364057,85.81907090464547
2024-02-23,15.2,15.44,14.84,14.97,0,15.556999999999999,14.541400000000001,13.0701,12.30205,-3.773221058044597,2.947446600739952,14.536231551403588,21.687035900520655,-1.5131578947368385,-1.6425755584756896,-3.1067961165048508,7.930785868781554,42.85714285714287,52.92368681863232,73.24165950446788,75.91934496505533,1.0578571428571426,7.066513980341633,16.58,13.7,17.36,8.18,-13.767281105990778,83.00733496332519
2024-02-26,14.97,15.96,13.76,15.6,0,15.553,14.612,13.1116,12.316399999999998,0.3021925030540656,6.761565836298929,18.978614356752804,26.660387775648747,4.208416833667328,-2.621722846441943,-2.8642590286425795,-0.5102040816326481,48.103792415169664,58.472086190009804,58.32422883423951,75.32550405691684,1.1514285714285712,7.38095238095238,16.58,13.7,17.36,8.18,-10.138248847926267,90.70904645476773
2024-02-27,15.6,16.0,15.53,15.73,0,15.5345,14.6802,13.151,12.329649999999999,1.2584891692684084,7.151128731216204,19.610675994220976,27.578641729489494,0.8333333333333304,-2.1157436216552528,-0.5060088551549602,-2.298136645962734,52.263374485596714,50.293083235638925,57.579934356958894,75.25438234301228,1.0935714285714284,6.9521387703205875,16.57,13.7,17.36,8.18,-9.38940092165898,92.29828850855746
2024-02-28,15.73,16.74,15.31,16.33,0,15.5485,14.744200000000001,13.1977,12.3452,5.026208315914703,10.755415688881031,23.733680868636196,32.27813239153677,3.814367450731071,2.5109855618330013,5.764248704663211,1.7445482866043527,54.86381322957197,51.32032146957518,59.17444147572073,74.37713675000194,1.139285714285714,6.9766424634765105,16.74,13.7,17.36,8.18,-5.933179723502311,99.63325183374081
2024-02-29,16.33,16.55,15.37,15.57,0,15.604,14.7776,13.244000000000002,12.3588,-0.21789284798768857,5.362169770463409,17.56266988825127,25.98310515584037,-4.654011022657678,2.4342105263158054,2.2324359816152217,7.676348547717837,51.08695652173915,47.452229299363054,49.4727257757687,74.25573827982494,1.147857142857143,7.372235984952748,16.74,13.7,17.36,8.18,-10.311059907834096,90.34229828850857
2024-03-01,15.57,15.64,15.0,15.24,0,15.630999999999997,14.804999999999998,13.293400000000002,12.36915,-2.501439447252233,2.9381965552178477,14.643356853777048,23.209759765222355,-2.1194605009633882,1.8036072144288484,0.13140604467805073,3.6734693877551017,42.17557251908397,54.779411764705884,50.028497118797,74.45085437641966,1.1157142857142857,7.320959880014997,16.74,13.7,17.36,8.18,-12.211981566820272,86.3080684596577
2024-03-02,15.24,15.42,13.53,14.99,0,15.599499999999997,14.8158,13.3293,12.377650000000001,-3.907176512067676,1.1757718111745623,12.459018853203096,21.10537945409669,-1.6404199475065662,-3.9102564102564075,-6.429463171036199,-4.033290653008958,42.17557251908396,51.774785801713584,45.00318570094615,74.03396694338889,1.192142857142857,7.952920994949013,16.74,13.53,17.36,8.18,-13.65207373271889,83.2518337408313
2024-03-04,14.99,15.3,14.82,14.92,0,15.556000000000001,14.839,13.3658,12.386700000000001,-4.088454615582418,0.5458588853696309,11.62818536862739,20.451774887581024,-0.46697798532354673,-5.149396058486966,-7.156191661481026,-5.509816339455343,44.73684210526315,45.21857923497268,44.76547424122536,73.17824925495296,1.1650000000000003,7.808310991957107,16.74,13.53,17.36,8.18,-14.055299539170504,82.39608801955991
2024-03-05,14.92,15.17,14.18,14.38,0,15.499500000000001,14.8524,13.399700000000001,12.394599999999999,-7.222813639149652,-3.180630739813085,7.315835429151396,16.01826601907284,-3.6193029490616535,-11.941212492345365,-9.730069052102941,-7.285622179239192,41.93548387096774,40.83224967490248,46.061944822865655,73.68531749396526,1.1964285714285714,8.320087423008147,16.74,13.53,17.36,8.18,-17.165898617511512,75.79462102689489
2024-03-06,14.38,14.71,13.91,14.3,0,15.422999999999998,14.8448,13.4365,12.4046,-7.281333073980403,-3.6699719767191117,6.4265247646336485,15.279815552295121,-0.5563282336578546,-8.15671162491971,-5.921052631578938,-9.665192672141497,41.385767790262165,41.92256341789052,45.18110932175551,71.99562905830955,1.2071428571428573,8.441558441558442,16.74,13.53,17.36,8.18,-17.62672811059907,74.81662591687042
2024-03-07,14.3,14.43,13.56,13.61,0,15.331,14.8058,13.4664,12.4098,-11.225621290196335,-8.076564589552744,1.0663577496584038,9.671388741156173,-4.825174825174838,-10.695538057742782,-9.08483633934537,-11.90938511326861,26.959847036328853,35.87786259541983,47.32502012062578,71.49480598954477,1.0964285714285713,8.056051222840347,16.74,13.53,17.36,8.18,-21.601382488479263,66.38141809290954
2024-03-11,13.61,14.55,13.61,14.0,0,15.228,14.783,13.495700000000001,12.41675,-8.06409246125558,-5.296624501116144,3.7367457782849263,12.750921134757482,2.865540044085235,-6.604402935290199,-10.256410256410254,-12.826899128268987,31.41831238779173,40.78780177890724,46.08789153474779,71.57352244706767,1.01,7.214285714285714,16.74,13.53,17.36,8.18,-19.354838709677416,71.14914425427874
2024-03-12,14.0,14.2,13.58,13.64,0,15.119499999999999,14.765799999999999,13.5251,12.419400000000001,-9.785376500545642,-7.624375245499723,0.8495316115962206,9.828172053400317,-2.571428571428569,-8.579088471849861,-13.286713286713281,-13.725490196078427,30.22452504317789,34.120734908136484,46.493375137101985,71.17289187902412,1.0092857142857143,7.399455383326352,16.74,13.53,17.36,8.18,-21.428571428571423,66.74816625916871
2024-03-13,13.64,15.01,13.53,14.43,0,15.068999999999999,14.760800000000001,13.5597,12.42895,-4.240493728847299,-2.2410709446642576,6.418283590344921,16.09991189923525,5.79178885630498,0.347705146036148,-11.635027556644207,-6.541450777202074,43.41880341880342,41.54411764705881,51.380209016991365,72.31323647112481,1.0421428571428575,7.2220572220572254,16.74,13.53,17.36,8.18,-16.877880184331794,76.40586797066014
2024-03-14,14.43,14.68,13.52,13.62,0,14.988500000000002,14.7416,13.586899999999998,12.437550000000002,-9.130333255495897,-7.608400716340158,0.24361701344678346,9.507097458904667,-5.613305613305619,-4.755244755244769,-12.524084778420042,-10.57124097176626,39.50233281493,39.418604651162774,54.669833684460755,73.41471143732929,1.0821428571428575,7.945248584015108,16.74,13.52,17.36,8.18,-21.54377880184332,66.50366748166259
2024-03-15,13.62,14.33,13.59,13.69,0,14.912,14.7334,13.615599999999999,12.4445,-8.194742489270395,-7.08186840783526,0.5464320338435376,10.008437462332756,0.513950073421432,0.5878030859661987,-10.17060367454069,-10.052562417871226,33.73083475298125,40.898345153664295,54.76965214324591,73.04189767953986,0.9778571428571431,7.142857142857145,16.74,13.52,17.36,8.18,-21.140552995391708,67.35941320293398
2024-03-18,13.69,14.62,13.69,13.9,0,14.806000000000001,14.758799999999999,13.645500000000002,12.453949999999999,-6.119140888828857,-5.8189012656855486,1.8650837272360732,11.61117557080285,1.5339663988312768,-0.7142857142857117,-7.271514342895258,-13.2334581772784,34.62184873949579,42.37875288683602,51.07550768268476,69.05181344892661,1.010714285714286,7.2713257965056535,16.74,13.52,17.36,8.18,-19.93087557603686,69.92665036674818
2024-03-19,13.9,14.45,13.88,14.11,0,14.708000000000002,14.771799999999999,13.673499999999999,12.464649999999999,-4.065814522708747,-4.480158139157039,3.1923062858814535,13.200129967548232,1.510791366906461,3.445747800586507,-5.428954423592492,-12.196639701306788,30.03597122302159,38.16604708798016,51.552473923379175,67.60086920084998,0.9492857142857145,6.727751341500457,16.74,13.52,17.36,8.18,-18.72119815668203,72.49388753056235
2024-03-20,14.11,14.28,13.09,13.47,0,14.584999999999999,14.776,13.6909,12.473999999999998,-7.644840589646887,-8.838657282079042,-1.6134804870388253,7.984607984608004,-4.53579021970233,-6.6528066528066425,-6.32823365785814,-15.442561205273064,30.69852941176471,34.98845265588915,53.41738893803104,68.33059161713634,0.9500000000000001,7.052709725315516,16.74,13.09,17.36,8.18,-22.40783410138248,64.66992665036676
2024-03-21,13.47,13.47,12.34,12.51,0,14.450500000000002,14.7668,13.706900000000001,12.480899999999998,-13.428601086467607,-15.282931982555464,-8.732098432176503,0.23315626276952353,-7.126948775055686,-8.149779735682817,-12.517482517482525,-17.69736842105263,27.51235584843492,31.962025316455694,56.49380614941511,70.06649181754855,0.9850000000000001,7.873701039168666,16.74,12.34,17.36,8.18,-27.937788018433178,52.933985330073355
2024-03-22,12.51,13.05,11.81,12.22,0,14.312999999999999,14.755799999999999,13.7142,12.486299999999998,-14.623069936421423,-17.1851068732295,-10.895276428811009,-2.132737480278366,-2.318145483613099,-10.737764791818838,-10.213078618662742,-18.370073480293925,27.332242225859247,33.51769911504425,56.68003448015728,70.17715747025632,0.9385714285714286,7.680617255085339,16.74,11.81,17.22,8.18,-29.036004645760734,49.38875305623473
2024-03-26,12.22,13.1,12.09,12.82,0,14.173999999999998,14.7502,13.724099999999998,12.4935,-9.552702130661759,-13.085924258654117,-6.58768152374289,2.6133589466522684,4.909983633387882,-7.7697841726618755,-8.42857142857143,-17.820512820512814,34.18674698795181,38.5759829968119,57.574324940989406,70.80795088258436,0.9764285714285714,7.616447515043459,16.74,11.81,17.22,8.18,-25.55168408826945,56.7237163814181
2024-03-27,12.82,13.01,12.53,12.7,0,14.022499999999999,14.728399999999999,13.730599999999999,12.499799999999999,-9.431271171331787,-13.77203226419706,-7.505862817356851,1.6016256260100212,-0.9360374414976724,-9.99291282778172,-6.891495601173025,-19.262555626192,36.49517684887459,33.707865168539314,57.20361491963024,69.82123770928534,0.9400000000000001,7.401574803149607,16.74,11.81,16.74,8.18,-24.133811230585422,55.256723716381416
2024-03-28,12.7,13.18,12.26,12.83,0,13.847500000000002,14.713600000000001,13.748099999999999,12.507650000000002,-7.347896732262154,-12.8017616354937,-6.678013689164314,2.5772227396833003,1.0236220472441104,-4.751299183370461,-11.088011088011084,-21.432945499081434,38.27751196172248,33.707865168539314,54.89834018754256,69.7747670887223,0.9485714285714285,7.3933860371896225,16.55,11.81,16.74,8.18,-23.357228195937864,56.84596577017116
2024-04-01,12.83,13.36,12.01,12.08,0,13.672999999999998,14.653599999999999,13.7601,12.512450000000001,-11.650698456812684,-17.56291969208931,-12.209940334735936,-3.456157666963713,-5.845674201091189,-3.437250199840125,-11.30690161527166,-22.414900449582532,37.91469194312797,26.519337016574582,56.06020595680761,66.14031104306221,0.9828571428571429,8.136234626300851,15.64,11.81,16.74,8.18,-27.83751493428912,47.67726161369194
2024-04-02,12.08,12.31,11.6,11.65,0,13.493500000000001,14.6052,13.7655,12.514450000000002,-13.662133619891062,-20.233889299701474,-15.368130471105292,-6.907614797294339,-3.5596026490066213,-4.664484451718498,-14.90138787436084,-23.55643044619422,31.554160125588695,27.52293577981652,56.60349554394517,64.95813324841527,0.9664285714285714,8.295524218270998,15.42,11.6,16.74,8.18,-30.40621266427717,42.420537897310524
2024-04-03,11.65,11.83,11.31,11.37,0,13.3125,14.555,13.7673,12.51575,-14.591549295774653,-21.88251459979389,-17.413000370443015,-9.154465373629238,-2.403433476394856,-11.310452418096729,-18.20143884892087,-24.14943295530354,31.95548489666136,27.681660899653977,56.7337844130187,65.08896253290324,0.9592857142857143,8.436989571554216,15.3,11.31,16.74,8.18,-32.07885304659498,38.997555012224936
2024-04-04,11.37,11.84,10.86,11.22,0,13.127500000000001,14.5034,13.769100000000002,12.51605,-14.530565606551137,-22.638829515837656,-18.513192583393256,-10.35510404640441,-1.319261213720302,-11.6535433070866,-20.48192771084336,-24.798927613941014,21.592920353982308,28.004667444574096,56.64612568207147,65.125565633393,0.9235714285714286,8.231474407944996,15.17,10.86,16.74,8.18,-32.97491039426522,37.16381418092911
2024-04-05,11.22,11.68,11.04,11.34,0,12.9755,14.4332,13.7727,12.517349999999999,-12.604523910446613,-21.431144860460602,-17.66320329347187,-9.405744826181252,1.0695187165775222,-11.613406079501177,-15.812917594654795,-21.14047287899862,27.016129032258064,29.23433874709977,56.60431194745647,62.63223239881762,0.8864285714285715,7.816830435878056,15.01,10.86,16.74,8.18,-32.258064516129025,38.63080684596577
2024-04-08,11.34,11.74,11.13,11.61,0,12.841,14.3778,13.7777,12.521700000000001,-9.586480803675727,-19.250511204774035,-15.733395269166842,-7.280960253000803,2.3809523809523725,-3.8907284768211925,-7.194244604316546,-18.811188811188817,29.84496124031007,33.413173652694596,57.93654669409092,62.63896883242251,0.8771428571428571,7.5550633690168585,15.01,10.86,16.74,8.18,-30.645161290322577,41.931540342298284
2024-04-09,11.61,11.61,10.62,11.36,0,12.7285,14.3276,13.7778,12.5227,-10.751463251757873,-20.712471034925603,-17.548520083032123,-9.284738914131943,-2.1533161068044815,-2.489270386266107,-7.037643207855981,-16.53196179279941,25.576923076923052,32.746478873239425,56.33429364473756,62.35089122552638,0.8814285714285715,7.759054325955734,15.01,10.62,16.74,8.18,-32.13859020310633,38.87530562347188
2024-04-10,11.36,11.36,10.99,11.11,0,12.584,14.236200000000002,13.777000000000001,12.523,-11.713286713286715,-21.95951166743936,-19.35835087464616,-11.28323884053342,-2.2007042253521125,-2.2867194371152144,-13.338533541341658,-20.642857142857153,21.374045801526705,34.52970297029702,54.76392078326827,54.42489345488094,0.8671428571428572,7.805066220907807,15.01,10.62,16.74,8.18,-33.63201911589008,35.81907090464547
2024-04-12,11.11,11.61,11.11,11.53,0,12.4785,14.1448,13.780899999999999,12.5242,-7.6010738470168775,-18.485945365081164,-16.33347604292898,-7.938231583654054,3.7803780378037777,2.7629233511586415,-9.21259842519685,-15.469208211143703,30.67729083665337,34.77188655980271,57.08105763828875,54.82395462951668,0.817857142857143,7.0932969892206685,15.01,10.62,16.74,8.18,-31.12305854241338,40.95354523227384
2024-04-15,11.53,12.74,11.31,12.47,0,12.3805,14.073200000000002,13.789099999999998,12.52925,0.7229110294414687,-11.391865389534725,-9.566251604528194,-0.47289342937525153,8.152645273200365,9.964726631393294,-2.8059236165237644,-13.58281358281358,49.600000000000016,43.2681242807825,61.15317225702858,58.244468524120066,0.8392857142857143,6.7304387673273,14.68,10.62,16.74,8.18,-25.507765830346464,52.444987775061136
2024-04-16,12.47,12.93,12.34,12.62,0,12.3305,14.036399999999999,13.797,12.53625,2.3478366651798264,-10.090906500242225,-8.530840037689362,0.6680626184066083,1.202886928628688,8.6993970714901,4.470198675496673,-7.34214390602056,54.115226337448554,38.75776397515528,58.557134742337894,54.15168006008761,0.7928571428571428,6.282544713606521,14.62,10.62,16.74,8.18,-24.611708482676224,54.278728606356964
2024-04-18,12.62,13.39,12.03,13.04,0,12.298,14.0032,13.8059,12.5449,6.033501382338584,-6.878427787934189,-5.547628187948632,3.9466237275705582,3.3280507131537185,14.7887323943662,11.931330472102996,-4.7479912344777215,52.350427350427346,46.21409921671018,59.922234398460915,54.57657055584264,0.817857142857143,6.271910604732692,14.62,10.62,16.74,8.18,-22.10274790919952,59.41320293398532
2024-04-19,13.04,14.41,11.92,13.46,0,12.276,13.959999999999997,13.818200000000001,12.55855,9.644835451287074,-3.581661891117454,-2.592233431271801,7.177978349411361,3.220858895705536,21.15211521152116,18.381706244503103,-3.1654676258992764,57.63052208835343,48.564294631710375,60.852392693120585,53.14028195776277,0.9614285714285715,7.142857142857142,14.45,10.62,16.74,8.18,-19.593787335722805,64.54767726161371
2024-04-22,13.46,13.46,12.61,12.7,0,12.205499999999999,13.8982,13.826500000000001,12.568150000000001,4.0514522141657485,-8.621260307090127,-8.147398112320557,1.0490804135851197,-5.646359583952465,10.147441457068517,13.190730837789655,-9.99291282778172,48.84135472370766,42.99065420560748,63.59519634522722,54.40866880643277,0.9564285714285716,7.53093363329584,14.41,10.62,16.74,8.18,-24.133811230585422,55.256723716381416
2024-04-23,12.7,12.7,9.86,10.2,0,12.042,13.792,13.8153,12.56415,-15.296462381664181,-26.044083526682137,-26.168812837940553,-18.81663303924261,-19.685039370078737,-18.2036888532478,-10.052910052910057,-24.27616926503342,37.22826086956521,31.981566820276498,92.61971005801327,69.53071568691614,1.062857142857143,10.420168067226893,14.41,9.86,16.74,8.18,-39.06810035842294,24.694376528117353
2024-04-24,10.2,11.13,9.95,10.28,0,11.9305,13.681,13.804799999999998,12.5576,-13.83429026444827,-24.859293911263798,-25.533147890588776,-18.137223673313382,0.7843137254901933,-18.541996830427887,-11.455641688199824,-17.82573940847323,40.22824536376605,34.49951409135082,90.13616921324162,69.3249707256081,1.0964285714285718,10.665647581989997,14.41,9.86,16.74,8.18,-38.59020310633214,25.672371638141804
2024-04-25,10.28,11.46,10.26,10.73,0,11.856,13.5866,13.7903,12.552750000000001,-9.49730094466936,-21.025127699350833,-22.191685460069756,-14.52072255083548,4.377431906614793,-17.71472392638036,-5.545774647887313,-12.193126022913258,45.54317548746519,40.8997955010225,91.76962392498726,70.16540893011168,1.1450000000000002,10.67101584342964,14.41,9.86,16.74,8.18,-35.902031063321374,31.173594132029347
2024-04-26,10.73,11.32,10.59,10.93,0,11.761500000000002,13.483999999999998,13.7725,12.5479,-7.069676486842679,-18.940967072085428,-20.638954438192055,-12.893790992915152,1.8639328984156434,-18.796433878157515,-1.6201620162016206,-14.742589703588148,47.99446749654218,43.34365325077399,90.01881328568014,69.62061426667086,1.1271428571428574,10.31237746699778,14.41,9.86,16.74,8.18,-34.707287933094385,33.618581907090466
2024-04-29,10.93,12.49,10.93,12.24,0,11.738499999999998,13.4126,13.767999999999999,12.55,4.272266473569894,-8.742525684803836,-11.098198721673437,-2.4701195219123546,11.985361390667881,-3.622047244094484,6.15784908933219,-3.622047244094484,55.344418052256536,47.21153846153847,100.50679438159393,75.14905447289098,1.192857142857143,9.745564892623717,14.41,9.86,16.74,8.18,-26.88172043010752,49.633251833740836
2024-04-30,12.24,13.21,12.24,12.87,0,11.7405,13.361199999999998,13.772900000000002,12.556849999999999,9.620544269835172,-3.6763164985180916,-6.5556273551685,2.493857934115644,5.1470588235293935,26.17647058823529,3.2076984763432126,0.3117692907248504,57.175398633257394,50.77910174152153,102.10711753195483,76.0276520659761,1.218571428571429,9.468309468309473,14.41,9.86,16.74,8.18,-23.11827956989247,57.334963325183374
2024-05-02,12.87,13.95,12.87,13.45,0,11.809000000000001,13.325600000000001,13.7775,12.56715,13.896180878990586,0.9335414540433289,-2.3770640537107646,7.025061370318644,4.506604506604517,30.836575875486382,6.576862123613303,11.341059602648995,61.470911086717884,52.72887323943661,100.54561849894183,76.7233319495188,1.2250000000000003,9.107806691449817,14.41,9.86,16.74,8.18,-19.65352449223417,64.42542787286062
2024-05-03,13.45,15.31,13.45,14.62,0,11.9575,13.313600000000001,13.789100000000001,12.5854,22.266360025088854,9.812522533349343,6.02577398089794,16.16635148664325,8.698884758364311,36.253494874184526,12.116564417177923,25.493562231759647,67.4975074775673,60.78098471986417,102.97665999445545,79.24233703955723,1.331428571428572,9.106898573382846,15.31,9.86,16.74,8.18,-12.664277180406208,78.72860635696821
2024-05-06,14.62,16.96,14.62,16.6,0,12.219,13.3252,13.8177,12.613300000000002,35.85399787216632,24.575991354726387,20.135767891906763,31.607113126620302,13.543091655266771,51.87557182067706,23.328380386329872,45.99824098504839,71.87230371009491,68.56714178544637,110.53793829145194,84.0805526555232,1.4628571428571437,8.812392426850263,16.96,9.86,16.96,8.18,-2.122641509433959,102.93398533007337
2024-05-07,16.6,17.64,16.6,17.01,0,12.5085,13.344000000000001,13.861099999999999,12.644200000000001,35.98752848063319,27.473021582733814,22.71753324050763,34.52808402271397,2.4698795180722932,38.97058823529414,33.93700787401577,51.604278074866315,70.5244122965642,70.95096582466569,109.77546088010051,84.23318204932367,1.4350000000000007,8.43621399176955,17.64,9.86,17.64,8.18,-3.571428571428566,107.94621026894869
2024-05-08,17.01,18.32,16.46,17.08,0,12.795499999999999,13.367,13.9072,12.6756,33.48442811926068,27.777362160544605,22.814081914404042,34.74707311685442,0.411522633744843,32.71173271173271,67.45098039215686,50.617283950617264,70.30965391621129,71.89835575485799,109.90134398120264,84.19419205816358,1.5257142857142862,8.932753429240552,18.32,9.86,18.32,8.18,-6.768558951965076,108.80195599022005
2024-05-09,17.08,19.17,17.08,18.2,0,13.125,13.427,13.961599999999999,12.709750000000001,38.66666666666666,35.54777686750577,30.35755214302086,43.197151792914866,6.557377049180335,35.315985130111514,77.04280155642024,56.761412575366066,72.08904109589041,73.85257301808066,110.93293702796095,84.59828901184939,1.5778571428571435,8.669544740973317,19.17,9.86,19.17,8.18,-5.059989567031833,122.49388753056235
2024-05-10,18.2,19.01,18.0,18.47,0,13.480499999999997,13.496999999999998,14.019199999999998,12.74395,37.01272208004156,36.845224864784775,31.747888609906425,44.931516523526845,1.4835164835164782,26.333789329685352,72.1342031686859,62.58802816901407,71.72593235039028,73.85257301808066,109.64576582722863,84.49834122608841,1.472142857142858,7.970454018098853,19.17,9.86,19.17,8.18,-3.651538862806483,125.79462102689487
2024-05-13,18.47,21.49,18.47,20.6,0,13.954999999999998,13.596999999999998,14.1045,12.78895,47.617341454675774,51.504008237111165,46.05267822326209,61.07655436920155,11.532214401732555,24.09638554216866,88.47209515096068,85.41854185418545,80.62015503875969,78.41328413284133,112.31007552385765,87.66345400576513,1.6271428571428577,7.898751733703192,21.49,9.86,21.49,8.18,-4.14146114471846,151.83374083129587
2024-05-14,20.6,21.88,20.11,20.2,0,14.388499999999999,13.6864,14.1833,12.83155,40.389894707578975,47.59176993219545,42.421016265608145,57.42447327096103,-1.9417475728155442,18.75367430922985,65.03267973856208,75.19514310494361,96.29629629629628,77.69652650822668,113.869262882265,87.86451239457824,1.5507142857142864,7.67680339462518,21.88,9.86,21.88,8.18,-7.678244972577695,146.9437652811736
2024-05-15,20.2,20.66,19.87,20.27,0,14.7785,13.7652,14.2547,12.87605,37.15871028859492,47.25539766948537,42.19871340680618,57.42405473728357,0.34653465346534684,18.676814988290413,57.4980574980575,62.550120288692845,96.29286376274327,77.2104607721046,112.63959740526819,87.56752264920483,1.5228571428571434,7.5128620762562575,21.88,9.86,21.88,8.18,-7.35831809872029,147.799511002445
2024-05-16,20.27,21.11,18.97,20.0,0,15.147500000000003,13.8538,14.315700000000001,12.91815,32.0349892721571,44.36472303627886,39.70675552016316,54.82093024155935,-1.3320177602368033,9.8901098901099,48.69888475836432,58.478605388272584,93.68520263901978,74.46393762183234,113.44575028621549,86.86009227374728,1.5900000000000003,7.950000000000001,21.88,9.86,21.88,8.18,-8.592321755027418,144.49877750611248
2024-05-17,20.0,20.37,18.98,19.8,0,15.485499999999998,13.945,14.375,12.96625,27.861547899648077,41.986375044818935,37.739130434782616,52.70413573700954,-1.0000000000000009,7.200866269626438,35.43091655266759,51.840490797546025,91.80018850141376,73.25129533678756,114.10686028728638,86.71265972171132,1.6371428571428577,8.26839826839827,21.88,9.86,21.88,8.18,-9.506398537477141,142.05378973105135
2024-05-18,19.8,20.95,17.34,20.65,0,15.845000000000002,14.058200000000001,14.436999999999998,13.0167,30.325023666771823,46.889359946508065,43.035256632264336,58.64235943057763,4.292929292929282,0.24271844660193054,24.397590361445754,53.41753343239226,91.42857142857142,73.9760554505356,114.27669433086216,86.92109010719251,1.783571428571429,8.637149775164305,21.88,9.86,21.88,8.18,-5.621572212065816,152.44498777506112
2024-05-21,20.53,22.3,20.53,21.81,0,16.3005,14.196,14.5175,13.073999999999998,33.79957670010122,53.63482671174978,50.2324780437403,66.81964203763195,5.617433414043593,7.970297029702977,28.21869488536153,71.73228346456693,91.85393258426966,75.13546056592412,110.66936182930014,87.5387383987902,1.840714285714286,8.439772057378661,22.3,9.86,22.3,8.18,-2.1973094170403678,166.62591687041564
2024-05-22,21.81,22.29,18.19,21.47,0,16.863999999999997,14.3378,14.5951,13.1303,27.312618595825437,49.74403325475317,47.10416509650498,63.514923497559074,-1.5589179275561693,5.920078934385797,25.702576112412178,110.49019607843138,88.40996168582375,77.08462013588635,74.0830950211423,87.11112795351742,2.056428571428572,9.57814891210327,22.3,9.95,22.3,8.18,-3.7219730941704117,162.46943765281173
2024-05-23,21.47,24.22,18.84,21.38,0,17.419,14.4794,14.6621,13.185,22.739537286870647,47.65805212923186,45.81812973584956,62.15396283655667,-0.41918956683745234,6.899999999999995,17.472527472527478,107.97665369649808,86.11111111111111,90.56603773584905,74.87108434424353,87.09943109251766,2.307857142857143,10.794467459575037,24.22,10.26,24.22,8.18,-11.725846407927333,161.3691931540342
2024-05-24,21.38,21.9,20.59,21.71,0,17.968,14.6414,14.723600000000001,13.242349999999998,20.82591273374889,48.278170120343674,47.45035181613192,63.94371089723504,1.5434985968194592,9.646464646464636,17.541959935029784,102.32991612301956,83.13878080415044,90.73414112615822,75.27052239394762,86.09230095594125,2.234285714285714,10.291504902283343,24.22,10.59,24.22,8.18,-10.36333608587943,165.4034229828851
2024-05-27,21.71,26.2,18.44,23.19,0,18.581,14.8252,14.8041,13.30195,24.8049082395996,56.422847583843726,56.645794070561536,74.33534181078716,6.817134960847548,12.300242130750627,12.572815533980574,112.16834400731935,85.19362186788155,91.36786188579016,75.73108410762613,86.96510993791689,2.714285714285714,11.704552454875868,26.2,10.93,26.2,8.18,-11.488549618320604,183.49633251833743
2024-05-28,23.19,24.48,22.03,24.2,0,19.179,15.0364,14.9011,13.3675,26.17967568694927,60.94277885664121,62.404117816805474,81.03609500654572,4.3553255713669525,10.958276020174228,19.8019801980198,97.71241830065358,86.62551440329217,91.8084436042848,69.56566582925852,86.82492770416258,2.7564285714285712,11.390200708382526,26.2,12.24,26.2,8.18,-7.633587786259542,195.8435207823961
2024-05-29,24.2,24.77,23.55,24.18,0,19.7445,15.231399999999999,14.996099999999998,13.435599999999999,22.464483780293254,58.75100122116156,61.241922899954005,79.96963291553783,-0.08264462809917106,12.622263623660924,19.289590527873713,87.87878787878789,84.68677494199535,90.94650205761317,70.4480738413937,86.2628421562322,2.6942857142857135,11.142620820040172,26.2,12.87,26.2,8.18,-7.709923664122136,195.59902200489
2024-05-30,24.18,24.52,22.75,24.18,0,20.281,15.4426,15.0921,13.501,19.224890291405757,56.57985054330229,60.21627208937126,79.0978446041034,0.0,13.09635173058934,20.900000000000006,79.77695167286245,84.19161676646706,90.53763440860214,71.22949489913798,84.89718958523777,2.7485714285714278,11.367127496159751,26.2,13.45,26.2,8.18,-7.709923664122136,195.59902200489
2024-05-31,24.18,24.81,22.6,24.6,0,20.779999999999998,15.6608,15.1971,13.567250000000001,18.3830606352262,57.08009807928076,61.87298892551869,81.31898505592511,1.7369727047146455,13.311837862736065,24.242424242424242,68.26265389876882,80.12048192771084,90.42784626540971,68.1485930332765,84.88350411010751,2.690714285714285,10.937862950058069,26.2,14.62,26.2,8.4,-6.106870229007626,192.8571428571429
2024-06-03,24.6,24.6,19.12,20.94,0,20.997,15.8016,15.2802,13.615849999999998,-0.27146735247891896,32.51822600243014,37.04009109828406,53.79135345938744,-14.878048780487807,-9.70245795601552,1.404358353510915,26.144578313253007,53.73737373737375,69.41031941031942,81.6173029830869,92.34197174553593,2.955714285714285,14.115158957565829,26.2,16.46,26.2,8.4,-20.07633587786259,149.28571428571428
2024-06-04,20.94,31.71,18.8,26.75,0,21.483999999999998,16.0544,15.4131,13.69215,24.511264196611442,66.62098863862866,73.55366538853313,95.36741855734856,27.745940783190058,10.53719008264462,22.650160476845492,57.26043503821281,70.71611253196932,75.23620089507708,124.48799735193042,110.16078646979221,3.8214285714285707,14.285714285714283,31.71,16.46,31.71,8.4,-15.641753390097762,218.45238095238096
2024-06-05,26.75,26.93,18.66,18.89,0,21.5745,16.1628,15.4694,13.728800000000001,-12.442930311247073,16.87331402974732,22.112040544558937,37.593963055765975,-29.383177570093455,-21.877584780810587,-12.016767582673493,10.59718969555037,47.61084804132587,53.410740203193036,168.46875446249481,129.59345526202753,4.2592857142857135,22.547833320729026,31.71,17.08,31.71,8.4,-40.42888678650268,124.88095238095238
2024-06-06,18.89,18.89,16.56,16.8,0,21.5045,16.2486,15.5077,13.752849999999999,-21.876816480271568,3.393523134300808,8.333279596587507,22.15649847122598,-11.064055055584966,-30.52109181141439,-21.421889616463975,-7.692307692307687,44.02866242038216,49.52670723461799,172.42392278539626,131.15861985126313,4.326428571428571,25.75255102040816,31.71,16.56,31.71,8.4,-47.019867549668874,100.0
2024-06-07,16.8,17.15,16.37,16.88,0,21.425,16.3418,15.548799999999998,13.77635,-21.213535589264882,3.293394852464232,8.561432393496611,22.528826575979835,0.4761904761904745,-31.382113821138226,-22.247812068171356,-8.60855441256091,42.25872689938399,47.68745620182201,172.36080318982908,130.95114197487135,4.124285714285714,24.43297224102911,31.71,16.37,31.71,8.4,-46.7675812046673,100.95238095238092
2024-06-10,16.88,17.25,16.17,16.4,0,21.215,16.413400000000003,15.581800000000001,13.797049999999999,-22.696205514965833,-0.08164061072053502,5.250997959157462,18.86598946876325,-2.8436018957346043,-21.680993314231145,-29.279862009486855,-20.38834951456312,38.57203210815377,46.4,167.23641825776713,130.91713312455923,4.074999999999998,24.84756097560975,31.71,16.17,31.71,8.4,-48.28129927467676,95.23809523809521
2024-06-11,16.4,16.4,14.68,14.77,0,20.9435,16.4548,15.591600000000001,13.80965,-29.47692601523146,-10.238957629384734,-5.269504091946957,6.954195073734672,-9.939024390243901,-44.78504672897196,-38.96694214876033,-26.881188118811885,36.578525641025635,39.68141592920353,170.47889143149501,133.08884493055655,3.904999999999999,26.438727149627617,31.71,14.68,31.71,8.4,-53.42163355408389,75.83333333333331
2024-06-12,14.77,14.77,13.17,14.39,0,20.649499999999996,16.486,15.599799999999998,13.821699999999998,-30.313082641226163,-12.713817784787093,-7.7552276311234625,4.111650520558271,-2.5727826675693954,-23.822128110111173,-40.48800661703888,-29.00838677849038,36.15841584158415,39.70952886999646,170.4929054172605,133.28361818375197,3.634999999999999,25.26059763724808,31.71,13.17,31.71,8.4,-54.619993692841376,71.30952380952381
2024-06-13,14.39,14.39,13.31,13.49,0,20.323999999999998,16.514200000000002,15.583899999999998,13.830499999999999,-33.62527061602046,-18.31272480653015,-13.43630285101931,-2.4619500379595727,-6.254343293954134,-19.70238095238095,-44.210090984284534,-32.550000000000004,34.082106893880706,38.33448038540949,171.46494831883922,133.38824933175368,3.618571428571428,26.824102509795612,31.71,13.17,31.71,8.4,-57.458215074109106,60.59523809523809
2024-06-14,13.49,13.49,12.66,12.82,0,19.975,16.5376,15.5714,13.836199999999998,-35.819774718398,-22.479682662538703,-17.66957370563983,-7.344502103178603,-4.966641957005191,-24.05213270142179,-47.88617886178862,-35.25252525252526,29.268292682926827,37.813985064494226,171.9287468139563,133.65017166561387,3.1235714285714278,24.36483173612658,31.71,12.66,31.71,8.4,-59.57111321349732,52.61904761904762
2024-06-18,12.82,13.42,12.63,12.97,0,19.591,16.5696,15.5623,13.8419,-33.79613087642285,-21.7241212823484,-16.657563470695205,-6.298990745490143,1.170046801872071,-20.91463414634145,-38.06112702960841,-37.191283292978206,26.74948240165631,38.38830329819789,170.87069015256085,133.48394401550607,3.0049999999999994,23.168851195065532,31.71,12.63,31.71,8.4,-59.09807631661936,54.40476190476191
2024-06-19,12.97,13.82,11.63,13.71,0,19.186,16.6194,15.561399999999999,13.849300000000001,-28.541644949442297,-17.506047149716586,-11.897387124551765,-1.0058270093073327,5.7054741711642265,-7.176709546377779,-48.747663551401864,-37.138927097661615,28.95054282267793,38.15699658703071,170.9211452715641,133.88814264747379,3.074285714285714,22.423674064811916,31.71,11.63,31.71,8.4,-56.76442762535478,63.21428571428572
2024-06-20,13.71,14.06,13.1,13.35,0,18.78,16.6596,15.5464,13.854000000000001,-28.913738019169333,-19.86602319383419,-14.12802964030258,-3.6379385015158174,-2.6258205689277947,-7.22724113968034,-29.3276866066702,-37.820214252445275,28.537455410225917,35.157894736842096,170.9497139573991,134.1021428658308,3.016428571428571,22.59497057249866,31.71,11.63,31.71,8.4,-57.89971617786187,58.928571428571416
2024-06-21,13.35,13.59,12.48,13.18,0,18.37,16.691,15.5344,13.859449999999999,-28.252585737615682,-21.035288478820917,-15.156040786898753,-4.90243119315701,-1.2734082397003688,-2.297998517420319,-21.547619047619047,-38.35360149672591,27.14171337069655,35.36886692552065,170.88680812026647,134.1166365984407,2.9378571428571427,22.290266637762844,31.71,11.63,31.71,8.4,-58.43582466099022,56.90476190476189
2024-06-24,13.18,14.27,13.15,14.06,0,17.9875,16.745,15.5363,13.8704,-21.834607366226546,-16.034637205135862,-9.502262443438916,1.3669396700888254,6.676783004552367,9.672386895475826,-16.706161137440755,-35.23721787194841,34.50450450450451,37.431318681318686,173.18158213333135,134.6413816868393,2.6264285714285713,18.680146311725256,31.71,11.63,31.71,8.4,-55.66067486597287,67.38095238095238
2024-06-25,14.06,14.46,13.84,14.31,0,17.5435,16.808999999999997,15.5226,13.881650000000002,-18.43132784222077,-14.867035516687475,-7.811835646090218,3.085728281580346,1.7780938833570348,10.331534309946022,-12.74390243902438,-38.292367399741266,12.620192307692307,37.25895316804408,170.8568195136107,134.48196252776117,1.748571428571428,12.21922731356693,31.71,11.63,31.71,8.4,-54.87228003784295,70.35714285714285
2024-06-26,14.31,14.55,13.99,14.05,0,17.035999999999998,16.859399999999997,15.5021,13.89505,-17.52758863582999,-16.66370096207455,-9.367118003367283,1.115145321535376,-1.8169112508735097,2.4799416484317938,-4.874746106973593,-41.942148760330575,23.230088495575217,33.57296908698777,169.2995078251168,134.4475225168874,1.1978571428571425,8.525673614641583,31.71,11.63,31.71,8.4,-55.69221065909807,67.26190476190477
2024-06-27,14.05,14.61,13.92,14.15,0,16.5345,16.893,15.4831,13.911,-14.421361395869248,-16.237494820339787,-8.610032874553546,1.7180648407734942,0.7117437722419906,5.992509363295895,-1.6678248783877692,-41.48056244830438,31.20567375886523,31.326644370122636,169.44974983049906,133.37827388191093,1.0807142857142853,7.637556789500249,31.71,11.63,31.71,8.4,-55.376852727846114,68.45238095238095
2024-06-28,14.15,14.29,13.69,13.8,0,16.0155,16.916600000000003,15.476499999999998,13.925900000000002,-13.833473822234701,-18.423323835758968,-10.83255257971762,-0.9040708320467722,-2.473498233215543,4.70409711684372,2.297998517420319,-42.92803970223324,28.961748633879793,30.94713656387664,169.27426851504669,133.5503405691531,1.0678571428571426,7.7380952380952355,31.71,11.63,31.71,8.4,-56.480605487228,64.28571428571429
2024-07-01,13.8,14.23,13.79,13.83,0,15.477,16.9324,15.4678,13.94165,-10.64159720876139,-18.322269731402525,-10.588448260256794,-0.800837777451013,0.21739130434781373,-1.6358463726884764,7.878315132605307,-43.78048780487806,31.29548762736536,31.023102310231025,168.89048652334736,133.39916830482287,1.022142857142857,7.390765416795785,31.71,11.63,31.71,8.4,-56.38599810785242,64.64285714285714
2024-07-02,13.83,14.01,13.32,13.64,0,15.112,16.936,15.448,13.955499999999999,-9.74060349391212,-19.4615021256495,-11.703780424650438,-2.260757407473744,-1.3738250180766465,-4.682040531097131,5.165767154973011,-34.86150907354346,39.594843462246786,29.733727810650876,162.20085496527818,133.31249625166296,0.9485714285714285,6.9543359865940495,31.71,11.63,31.71,8.4,-56.985178177231155,62.38095238095238
2024-07-03,13.64,13.72,12.87,13.21,0,14.435000000000002,16.9462,15.4222,13.96765,-8.486317977138908,-22.04742066067909,-14.344256980197374,-5.424319767462673,-3.152492668621698,-5.978647686832739,-3.6469730123997124,-50.61682242990654,39.23357664233578,33.76732465350693,119.50571552494553,132.8486643407188,0.8950000000000001,6.775170325510977,26.93,11.63,31.71,8.4,-58.34121728161463,57.261904761904766
2024-07-04,13.21,13.21,12.26,12.86,0,14.133499999999998,16.999399999999998,15.3957,13.9752,-9.010506951568958,-24.350271186041855,-16.470183232980638,-7.9798500200354905,-2.649507948523855,-9.116607773851593,-3.670411985018729,-31.92165166754898,43.61054766734279,12.152588555858301,68.43748041634471,124.84132683658558,0.8857142857142859,6.887358364807822,18.89,11.63,31.71,8.4,-59.44497004099654,53.09523809523809
2024-07-05,12.86,12.99,12.08,12.7,0,13.928500000000003,17.0478,15.3644,13.980250000000002,-8.820045231001211,-25.503584040169404,-17.34138658196871,-9.157561560057955,-1.244167962674958,-7.971014492753636,-3.6418816388467445,-24.404761904761905,48.642533936651574,20.938967136150225,59.06840714237301,124.92391574966106,0.8914285714285716,7.019122609673792,17.25,11.63,31.71,8.4,-59.94954273099968,51.190476190476176
2024-07-08,12.7,13.76,12.7,13.6,0,13.764500000000002,17.1052,15.345899999999999,13.989099999999999,-1.1951033455628761,-20.492014124359844,-11.376980170599307,-2.781451272776656,7.086614173228356,-1.6630513376717282,-3.271692745376964,-19.431279620853083,56.09284332688588,33.08668076109936,65.99296269195337,125.47661154557916,0.9107142857142859,6.696428571428573,17.25,11.63,31.71,8.4,-57.111321349731945,61.9047619047619
2024-07-09,13.6,14.4,12.79,14.28,0,13.6585,17.1722,15.328100000000001,14.003900000000002,4.550280045392974,-16.842338197784795,-6.837768542741772,1.971593627489469,5.000000000000004,4.692082111436946,-0.20964360587002462,-12.926829268292684,55.577299412915835,37.07753479125249,68.88396382916237,125.81138487984865,0.8692857142857147,6.087434973989598,16.4,11.63,31.71,8.4,-54.966887417218544,69.99999999999999
2024-07-10,14.28,14.92,13.41,14.43,0,13.641499999999999,17.215999999999998,15.314299999999998,14.02155,5.7801561411868265,-16.18262081784386,-5.774341628412647,2.913016036030255,1.0504201680672232,9.235427706283117,2.7046263345195554,-2.3019634394041977,61.02040816326531,39.876670092497434,59.53324728343182,123.20438096642829,0.9085714285714289,6.296406296406298,14.92,11.63,31.71,8.4,-54.493850520340594,71.78571428571428
2024-07-11,14.43,14.43,12.68,14.0,0,13.622,17.238599999999998,15.299900000000001,14.037349999999998,2.7749229188078117,-18.786908449642073,-8.496133961659885,-0.26607586189699783,-2.979902979902982,8.864696734059097,-1.0600706713780994,-2.710215427380125,57.945736434108525,45.48651817116061,59.77906655686564,123.02506735452296,0.9542857142857146,6.816326530612248,14.92,11.63,31.71,8.4,-55.84988962472406,66.66666666666666
2024-07-12,14.0,14.05,13.22,13.73,0,13.634,17.2442,15.2849,14.050350000000002,0.704122047821623,-20.37902599134781,-10.172784905364116,-2.2800143768660655,-1.928571428571424,8.110236220472444,-0.5072463768115987,1.779095626389915,46.37362637362637,46.080760095011875,55.67547318323113,122.78831081631334,0.9335714285714289,6.799500572260954,14.92,11.63,31.71,8.4,-56.701356039104375,63.45238095238095
2024-07-15,13.73,14.34,13.57,14.19,0,13.7025,17.235599999999998,15.2746,14.0672,3.557744937055274,-17.670403119125524,-7.100676940803688,0.8729526842584153,3.350327749453741,4.338235294117654,2.6030368763557465,10.686427457098269,48.73949579831932,54.3859649122807,53.32421437832618,121.49729751678929,0.9442857142857146,6.654585724353169,14.92,11.63,31.71,8.4,-55.250709555345324,68.92857142857142
2024-07-16,14.19,14.59,13.8,14.22,0,13.765,17.188000000000002,15.2566,14.085,3.3054849255357794,-17.26786129858041,-6.7944365061678225,0.9584664536741198,0.21141649048626032,-0.42016806722687816,4.252199413489732,9.63762528912875,51.876379690949236,59.536784741144416,53.287659480241025,117.61360409542736,0.960714285714286,6.756077958609606,14.92,11.63,31.71,8.4,-55.156102175969735,69.28571428571428
2024-07-18,14.22,14.71,13.75,14.51,0,13.805000000000001,17.138,15.241000000000001,14.103050000000001,5.106845345889158,-15.33434473100713,-4.796273210419274,2.8855460343684403,2.0393811533051975,0.554400554400547,9.841029523088562,5.8351568198395265,53.81355932203389,60.29411764705882,50.04012014125486,117.57054271516152,0.9800000000000003,6.753962784286702,14.92,12.08,31.71,8.4,-54.24156417533902,72.73809523809523
2024-07-19,14.51,14.97,12.74,14.83,0,13.879,17.093,15.23,14.12125,6.852078680020178,-13.239337740595564,-2.626395272488512,5.0190316013100835,2.2053756030324,5.928571428571439,15.318818040435467,11.086142322097391,60.98081023454157,57.932011331444755,49.186152348546514,117.67464810337711,1.0964285714285718,7.393314709565554,14.97,12.08,31.71,8.4,-53.23241879533271,76.54761904761904
2024-07-22,14.83,15.63,13.12,15.44,0,13.991999999999999,17.0378,15.2324,14.1405,10.34877072612922,-9.37797133432721,1.3628843780362867,9.189915490965667,4.113283884018881,12.4544792425346,21.574803149606293,17.147192716236724,65.2751423149905,64.2954856361149,50.21185135255612,117.10063618726878,1.2442857142857147,8.058845299777945,15.63,12.08,31.71,8.4,-51.30873541469568,83.8095238095238
2024-07-23,15.44,16.07,12.59,12.75,0,13.926499999999999,16.9234,15.2102,14.14015,-8.447923024449782,-24.660529208078756,-16.174672259404876,-9.83122526988752,-17.42227979274611,-10.147991543340373,-6.25,-9.317211948790904,44.27284427284427,47.81281790437436,78.15593669774599,123.35247338788507,1.443571428571429,11.322128851540619,16.07,12.08,31.71,8.4,-59.7918637653737,51.78571428571428
2024-07-24,12.75,14.04,11.62,11.76,0,13.798999999999998,16.7466,15.171800000000001,14.141699999999998,-14.776433074860485,-29.77679051270109,-22.48777336901357,-16.841680986020062,-7.76470588235294,-17.29957805907173,-17.647058823529406,-17.81970649895178,41.29651860744297,38.43058350100603,81.93635795248798,121.32066730681082,1.5557142857142863,13.228862973760938,16.07,11.62,31.71,8.4,-62.91390728476822,39.99999999999999
2024-07-25,11.76,13.22,11.28,12.62,0,13.727500000000001,16.595,15.140699999999999,14.145850000000001,-8.067747222728112,-23.952997890931,-16.648503701942445,-10.786555774308379,7.31292517006803,-13.025499655410066,-12.543312543312545,-10.177935943060511,48.64253393665158,41.990521327014214,86.76103887819882,122.64995069123205,1.6264285714285716,12.887706588182027,16.07,11.28,31.71,8.4,-60.20182907600127,50.23809523809523
2024-07-26,12.62,13.14,11.98,12.25,0,13.632499999999999,16.4346,15.099899999999998,14.148800000000001,-10.141206675224637,-25.46213476446034,-18.873634924734592,-13.420219382562488,-2.931854199683037,-17.397167902899525,-12.5,-13.427561837455837,47.51381215469614,41.55722326454033,87.11371514051795,122.73667663125141,1.6442857142857146,13.422740524781343,16.07,11.28,31.71,8.4,-61.36865342163355,45.83333333333333
2024-07-29,12.25,13.26,12.03,12.95,0,13.589999999999998,16.293599999999998,15.073699999999999,14.15885,-4.709345106696092,-20.520940737467466,-14.088777141644055,-8.537769663496682,5.714285714285716,-16.12694300518135,-5.6809905316824505,-6.159420289855078,46.32768361581921,44.67140319715808,89.55085991002025,123.56501453121228,1.6564285714285718,12.790954219525652,16.07,11.28,31.71,8.4,-59.16114790286976,54.16666666666665
2024-07-30,12.95,13.26,11.72,12.88,0,13.5425,16.1552,15.0501,14.17175,-4.892006645744875,-20.273348519362187,-14.419173294529603,-9.114964630338516,-0.5405405405405239,1.0196078431372602,-9.231853417899917,-6.869125090383221,41.504854368932044,45.81056466302368,89.54921333214976,123.56077953224134,1.6514285714285717,12.821650399290153,16.07,11.28,31.71,8.4,-59.38189845474613,53.333333333333336
2024-07-31,12.88,13.39,11.62,13.25,0,13.523000000000001,16.0072,15.0327,14.181000000000001,-2.018782814464257,-17.224748863011648,-11.858814451163132,-6.565122346802066,2.8726708074534146,12.67006802721089,-6.821378340365691,-2.8592375366569,43.026004728132385,47.43816254416961,90.07501338737246,123.3157319057447,1.6700000000000004,12.603773584905664,16.07,11.28,31.71,8.4,-58.21507410911384,57.738095238095234
2024-08-01,13.25,13.31,11.98,12.93,0,13.508999999999997,15.829600000000001,15.0128,14.189299999999998,-4.286031534532513,-18.31758225097287,-13.873494617926042,-8.874997357163483,-2.4150943396226476,2.456418383518222,-10.88904203997243,-2.1196063588190817,43.59281437125748,46.89956331877729,89.76836864874495,122.55828744638539,1.6400000000000001,12.68368136117556,16.07,11.28,31.71,8.4,-59.22421948912016,53.928571428571416
2024-08-02,12.93,14.51,11.69,14.32,0,13.582000000000003,15.6866,15.0122,14.20595,5.433662199970532,-8.711894228194765,-4.61091645461691,0.8028326159109432,10.75019334880125,16.89795918367347,-3.4389750505731564,11.353032659409035,53.11510031678986,54.47219983883965,96.74588468578406,125.21833889203884,1.7821428571428573,12.4451316839585,16.07,11.28,31.71,8.4,-54.840744244717754,70.47619047619047
2024-08-05,14.32,23.15,13.91,20.37,0,13.965499999999997,15.6664,15.072899999999999,14.2547,45.85943933264119,30.023489761527866,35.143204028421884,42.90023641325318,42.2486033519553,57.29729729729731,31.930051813471504,60.393700787401585,70.5179282868526,70.7344008834898,175.85085833368294,157.74966573396313,2.3871428571428575,11.71891436987166,23.15,11.28,31.71,8.4,-35.76158940397351,142.5
2024-08-06,20.37,20.37,14.87,18.74,0,14.2225,15.606999999999998,15.124199999999998,14.295300000000003,31.763051502900318,20.074325623117844,23.907380225069762,31.0920372430099,-8.00196367206678,45.49689440993787,46.980392156862735,37.794117647058826,63.565426170468186,65.42390194075588,179.20906087215718,158.83512766742427,2.723571428571429,14.53346546729685,23.15,11.28,31.71,8.4,-40.901923683380645,123.09523809523806
2024-08-07,18.74,18.74,13.72,16.17,0,14.316999999999998,15.466600000000001,15.1459,14.320799999999998,12.94265558427047,4.547864430450133,6.761565836298949,12.91268644209823,-13.71398078975452,22.037735849056617,37.50000000000002,13.23529411764708,54.38225976768744,56.04705882352942,187.37906872535808,161.09158855391036,3.013571428571429,18.63680537149925,23.15,11.28,31.71,8.4,-49.006622516556284,92.50000000000001
2024-08-08,16.17,17.23,14.38,16.6,0,14.425500000000003,15.3146,15.1755,14.350299999999999,15.07400090118192,8.39329789873716,9.386840631280695,15.677024173710672,2.6592455163883644,28.383604021655074,31.537242472266257,15.038115038115052,54.64566929133859,55.523809523809526,187.448078116441,160.88789169989067,3.057857142857143,18.420826161790018,23.15,11.28,31.71,8.4,-47.650583412172814,97.61904761904762
2024-08-09,16.6,16.6,13.43,15.34,0,14.492500000000001,15.1378,15.1846,14.37215,5.847852337415893,1.335729101983112,1.023405292203945,6.734204694495954,-7.590361445783145,7.1229050279329575,25.22448979591836,9.571428571428564,49.746192893401016,52.057892356399826,189.54335863245012,161.7238139251086,3.105,20.241199478487616,23.15,11.28,31.71,8.4,-51.62409334594765,82.61904761904762
2024-08-12,15.34,16.56,13.4,15.87,0,14.5995,14.971599999999999,15.2071,14.397,8.702352820302053,6.000694648534563,4.359148029538825,10.231298187122311,3.455019556714478,-22.091310751104576,22.548262548262542,15.586307356154405,58.8939566704675,54.20981539846916,189.38138444418647,161.95572739842464,3.082142857142857,19.42119002610496,23.15,11.28,31.71,8.4,-49.952696310312206,88.92857142857142
2024-08-13,15.87,16.38,14.22,16.17,0,14.698500000000001,14.803000000000003,15.231900000000001,14.42375,10.011225635268909,9.234614605147598,6.1587851811001935,12.106768350810308,1.890359168241984,-13.71398078975452,25.543478260869577,13.953488372093048,63.08605341246291,55.48561151079137,189.24542348648743,161.9662594297361,3.0635714285714286,18.94601996642813,23.15,11.28,31.71,8.4,-49.006622516556284,92.50000000000001
2024-08-14,16.17,16.22,13.82,15.44,0,14.7595,14.693,15.247300000000001,14.446399999999999,4.6105897896270225,5.084053630980739,1.2638303174988261,6.877838077306462,-4.51453308596167,-4.51453308596167,16.52830188679244,8.57946554149085,58.433014354066984,52.77654375832963,190.33134722200168,158.82519406265226,3.096428571428571,20.05458919319023,23.15,11.28,31.71,8.4,-51.30873541469568,83.8095238095238
2024-08-16,15.44,15.44,12.95,14.4,0,14.754,14.446,15.2502,14.46185,-2.3993493289955214,-0.31842724629654834,-5.575008852342915,-0.4276769569591701,-6.735751295336778,-13.25301204819278,11.368909512761016,-0.7580978635423841,56.18171362852213,50.38265306122449,192.24614484381163,146.04005184539852,3.1914285714285713,22.16269841269841,23.15,11.28,31.71,8.4,-54.58845789971618,71.42857142857143
2024-08-19,14.4,14.83,13.2,14.32,0,14.7285,14.3546,15.2587,14.4748,-2.7735343042400795,-0.24103771613280273,-6.151900227411241,-1.069444828253239,-0.5555555555555536,-6.649282920469357,0.0,-3.4389750505731564,54.08467501490758,49.59244959244959,192.18625142337828,130.57404408455662,3.2199999999999998,22.486033519553068,23.15,11.28,31.71,8.4,-54.840744244717754,70.47619047619047
2024-08-20,14.32,14.32,11.43,13.82,0,14.647499999999999,14.295,15.2718,14.48935,-5.649428230073383,-3.322840153899963,-9.506410508257051,-4.6195999130395755,-3.4916201117318413,-12.917454316320098,-32.15513009327442,-10.492227979274604,52.73255813953488,47.85014899957429,192.155044518453,128.43882618705186,3.316428571428571,23.997312383708906,23.15,11.28,31.71,8.4,-56.41753390097761,64.52380952380952
2024-08-21,13.82,14.05,11.82,13.33,0,14.6765,14.224,15.2829,14.49855,-9.174530712363307,-6.285151856017998,-12.778333954943106,-8.059771494390818,-3.54558610709117,-17.563388991960426,-28.868729989327633,4.54901960784313,50.23094688221708,45.48566538296962,181.42272312553177,128.66294607742716,3.349285714285714,25.125924338227414,23.15,11.28,31.71,8.4,-57.96278776411228,58.69047619047618
2024-08-22,13.33,13.78,10.96,13.0,0,14.738500000000002,14.155999999999999,15.2847,14.5044,-11.795637276520688,-8.166148629556364,-14.947627365928023,-10.372025040677315,-2.4756189047261845,-15.803108808290157,-19.60420531849104,10.54421768707483,50.20196191575303,50.59495478343646,179.0847716751141,128.62644358351787,3.4557142857142855,26.582417582417584,23.15,10.96,31.71,8.4,-59.003468937243774,54.76190476190476
2024-08-23,13.0,13.62,10.84,13.55,0,14.785000000000002,14.1316,15.293199999999999,14.5119,-8.353060534325337,-4.115599082906393,-11.398530065650082,-6.628353282478518,4.230769230769238,-5.902777777777779,-18.37349397590362,7.369255150554688,47.665251667677374,54.3509965969859,177.9789750160226,127.01803178699382,3.452857142857142,25.482340537691083,23.15,10.84,31.71,8.4,-57.26900031535793,61.30952380952381
2024-08-26,13.55,13.99,12.01,13.8,0,14.8625,14.1198,15.3029,14.5255,-7.1488645920941964,-2.2649046020481802,-9.821014317547645,-4.99466455543698,1.845018450184499,-3.6312849162011163,-10.039113428943935,12.653061224489793,19.270346117867177,52.9559118236473,177.43411063710212,126.9255489069344,2.934285714285714,21.26293995859213,23.15,10.84,31.71,8.4,-56.480605487228,64.28571428571429
2024-08-27,13.8,14.01,12.71,13.63,0,14.8965,14.1226,15.318399999999999,14.53925,-8.501997113415896,-3.488026284111987,-11.02203885523291,-6.2537613700844155,-1.231884057971011,-1.374819102749636,-14.114681789540008,5.250965250965267,22.31852654387866,53.4919028340081,176.75231692444464,126.11085849000628,2.634285714285714,19.327114558222405,23.15,10.84,31.71,8.4,-57.01671397035635,62.26190476190476
2024-08-28,13.63,14.09,12.04,13.95,0,14.95,14.145200000000003,15.3414,14.55345,-6.688963210702341,-1.3799734185448305,-9.069576440220585,-4.146439504035129,2.3477622890682115,4.6511627906976605,-13.729128014842317,8.307453416149047,34.09742120343839,52.57997936016512,176.7684484367191,125.60868937416633,2.4221428571428567,17.363031233998974,23.15,10.84,31.71,8.4,-56.007568590350054,66.07142857142856
2024-08-29,13.95,14.14,12.48,13.79,0,14.976999999999999,14.1616,15.365599999999999,14.56645,-7.925485744808704,-2.62399728844199,-10.254074035507886,-5.330399651253398,-1.1469534050179253,6.076923076923069,-10.68652849740933,4.075471698113198,29.061102831594624,52.33692860811505,176.7497590575221,125.64749864866138,2.337142857142857,16.948099036568944,23.15,10.84,31.71,8.4,-56.5121412803532,64.16666666666664
2024-08-30,13.79,13.91,12.54,13.39,0,15.0,14.1552,15.3873,14.578199999999999,-10.733333333333329,-5.405787272521759,-12.980184957724871,-8.150526128054207,-2.900652646845525,-1.1808118081180874,-7.013888888888886,3.557617942768765,33.33333333333336,50.35897435897436,176.8716365838037,125.26262023126375,2.208571428571428,16.49418542622426,23.15,10.84,31.71,8.4,-57.77357300536109,59.404761904761905
2024-09-02,13.39,14.25,12.63,14.06,0,14.986999999999998,14.169399999999998,15.4145,14.593599999999999,-6.185360645893093,-0.7720863268733841,-8.787180901099614,-3.6563973248547184,5.003734129947723,1.8840579710144967,-1.8156424581005526,-1.8156424581005526,34.89148580968282,52.8463476070529,173.67796684348576,125.54023744541503,2.0985714285714283,14.925828083722816,23.15,10.84,31.71,8.4,-55.66067486597287,67.38095238095238
2024-09-03,14.06,14.15,12.69,13.84,0,14.660500000000003,14.1826,15.4368,14.607249999999999,-5.5966713277173525,-2.415636061088946,-10.344112769485903,-5.252528710058354,-1.5647226173541973,1.5407190022010298,0.14471780028944004,-32.05694648993619,30.287648054145507,48.7152034261242,75.50744573312066,125.5616469519361,2.0485714285714285,14.801816680429397,20.37,10.84,31.71,8.4,-56.354462314727215,64.76190476190476
2024-09-04,13.84,14.56,12.81,14.38,0,14.4425,14.188999999999998,15.467,14.6224,-0.4327505625757313,1.346113186271073,-7.027865778754766,-1.6577306050990257,3.9017341040462394,3.082437275985672,7.876969242310583,-23.265741728922084,40.73426573426574,27.25892179195141,74.35736782400456,124.99834031616652,2.0021428571428572,13.92310749056229,18.74,10.84,31.71,8.4,-54.65152948596656,71.19047619047619
2024-09-05,14.38,14.38,13.34,14.21,0,14.3445,14.187000000000001,15.498,14.6375,-0.9376416047962577,0.1621202509339514,-8.310749774164398,-2.9205807002561808,-1.182197496522952,3.0456852791878264,9.307692307692307,-12.121212121212121,48.04123711340207,30.65755764304015,57.87996014329261,124.99701584013911,1.8985714285714284,13.360812305217651,17.23,10.84,31.71,8.4,-55.187637969094915,69.16666666666667
2024-09-06,14.21,15.67,12.35,15.22,0,14.2755,14.210400000000002,15.5349,14.6579,6.616230604882502,7.104655745088097,-2.027048774050684,3.8347921598591945,7.10767065446869,13.666915608663178,12.32472324723246,-8.313253012048193,57.78546712802769,45.320197044334975,63.100454345017255,125.83823485586944,2.0192857142857146,13.267317439459358,16.6,10.84,31.71,8.4,-52.00252286345002,81.19047619047619
2024-09-09,15.22,15.56,14.11,14.24,0,14.220500000000001,14.212200000000001,15.5526,14.67085,0.1371259800991453,0.1956065915199558,-8.439746408960557,-2.936775987758034,-6.438896189224708,1.2802275960170695,3.1884057971014457,-7.170795306388522,53.35463258785942,38.97196261682243,61.46102022010365,126.77807900788021,1.9164285714285716,13.458065810593903,16.56,10.84,31.71,8.4,-55.093030589719326,69.52380952380952
2024-09-10,14.24,14.24,12.17,13.36,0,14.094999999999999,14.203400000000002,15.56,14.6785,-5.2146151117417485,-5.9380148415168374,-14.138817480719801,-8.98252546241101,-6.17977528089888,-3.4682080924855474,-1.980924431401332,-15.816005040957782,50.22556390977443,40.406976744186046,63.14578436773151,127.46519109218902,1.905,14.258982035928144,16.38,10.84,31.71,8.4,-57.868180384736675,59.04761904761904
2024-09-11,13.36,13.77,11.33,13.63,0,13.968,14.1994,15.5659,14.685899999999998,-2.4198167239404293,-4.01002859275744,-12.436800955935722,-7.189889622018383,2.020958083832336,-5.21557719054242,-2.2939068100358284,-15.708101422387145,54.779969650986345,38.86679920477139,63.22074258977277,127.52937990749022,1.877857142857143,13.777381825804422,16.22,10.84,31.71,8.4,-57.01671397035635,62.26190476190476
2024-09-12,13.63,13.63,11.14,13.18,0,13.854999999999999,14.190199999999999,15.563099999999999,14.690649999999998,-4.871887405268849,-7.118997618074441,-15.312502007954706,-10.283071205154288,-3.301540719002205,-7.248416608022524,-4.423495286439449,-14.637305699481862,47.14946070878274,35.357492654260525,62.41063282147207,127.72926830902693,1.8571428571428574,14.090613483633213,15.67,10.84,31.71,8.4,-58.43582466099022,56.90476190476189
2024-09-13,13.18,13.18,12.47,12.55,0,13.7625,14.176999999999998,15.561599999999999,14.694049999999999,-8.810172570390543,-11.476334908654845,-19.352765782438812,-14.591280144003854,-4.779969650986338,-17.54270696452037,-6.27333831217326,-12.847222222222221,40.90247452692868,35.70722057368941,60.257037609847075,128.00198755196786,1.7664285714285717,14.075128059191805,15.67,10.84,31.71,8.4,-60.42257962787764,49.404761904761905
2024-09-16,12.55,12.96,12.31,12.46,0,13.669500000000003,14.169,15.584200000000001,14.69975,-8.848165624199874,-12.061542804714515,-20.047227319977925,-15.236653684586464,-0.7171314741035828,-12.5,-11.379800853485056,-12.988826815642451,41.38438880706922,39.41048034934498,60.25758664478682,127.85544288097255,1.7200000000000004,13.804173354735155,15.67,10.84,31.71,8.4,-60.70640176600441,48.33333333333334
2024-09-17,12.46,12.75,11.88,12.59,0,13.608,14.1668,15.6073,14.70605,-7.4808935920047075,-11.13024818589943,-19.332619991926858,-14.388975965673989,1.0433386837881198,-5.763473053892209,-9.031791907514453,-8.900144717800295,39.69696969696971,40.60803474484256,59.542066261483754,127.8236274901103,1.6357142857142857,12.992170656984001,15.67,10.84,31.71,8.4,-60.296436455376856,49.88095238095237
2024-09-18,12.59,13.85,12.26,13.37,0,13.61,14.1622,15.633700000000001,14.712,-1.7634092578986058,-5.5937636807840665,-14.479617748837459,-9.121805328983147,6.195393169181895,-1.9075568598679538,-7.023643949930469,0.30007501875468634,47.09141274238227,47.62908324552159,62.6703178510238,127.59459020107191,1.630714285714286,12.196815899134526,15.67,10.84,31.71,8.4,-57.83664459161149,59.16666666666664
2024-09-19,13.37,13.37,12.1,12.47,0,13.5835,14.126000000000001,15.6491,14.710799999999999,-8.197445430117423,-11.723063853886453,-20.314906288540556,-15.232346303396135,-6.73148840688107,-5.38694992412746,-12.244897959183676,-4.076923076923067,44.04145077720207,45.65656565656566,66.6730448287952,128.0660012789275,1.6235714285714284,13.019818994157403,15.67,10.84,31.71,8.4,-60.674865972879225,48.45238095238095
2024-09-20,12.47,13.11,10.9,12.79,0,13.545499999999999,14.093200000000001,15.6546,14.7113,-5.577498062087038,-9.247012743734581,-18.29877480101696,-13.06002868543229,2.5661587810745567,1.9123505976095467,-15.965834428383719,-5.6088560885608985,41.383989145183165,48.93832153690597,65.48222706448408,128.1741436885437,1.6657142857142857,13.023567519267285,15.67,10.9,31.71,8.4,-59.665720592872916,52.261904761904745
2024-09-23,12.79,14.03,12.43,13.79,0,13.545000000000002,14.089,15.663799999999998,14.718350000000001,1.8087855297157431,-2.122223010859545,-11.962614435832936,-6.307432558676765,7.818608287724782,10.67415730337078,-3.160112359550571,-0.07246376811594901,49.693251533742334,51.1605415860735,71.15280937531449,129.15192935023586,1.6757142857142857,12.151662695535068,15.67,10.9,31.71,8.4,-56.5121412803532,64.16666666666664
2024-09-24,13.79,14.11,12.74,13.39,0,13.533000000000001,14.0822,15.663200000000002,14.720350000000002,-1.0566762728146062,-4.915425146639017,-14.512998620971453,-9.037488918402083,-2.900652646845525,6.354249404289125,0.22455089820359042,-1.7608217168011753,43.82022471910112,48.04575786463298,71.8080234704164,129.25512020847873,1.6485714285714284,12.311959884775417,15.67,10.9,31.71,8.4,-57.77357300536109,59.404761904761905
2024-09-25,13.39,13.61,8.98,12.74,0,13.4725,14.053199999999999,15.644400000000001,14.71675,-5.437001298942289,-9.344490934449084,-18.565109559970345,-13.431973771382943,-4.854368932038833,-4.712041884816742,-6.52971386647102,-8.673835125448026,41.34275618374558,45.943482224247944,73.23232822655226,129.5526820816111,1.9049999999999998,14.952904238618522,15.67,8.98,31.71,8.4,-59.82339955849889,51.66666666666666
2024-09-26,12.74,12.74,11.35,12.0,0,13.383000000000001,14.008799999999999,15.598400000000002,14.708049999999998,-10.334005828289627,-14.339557992119234,-23.069032721304758,-18.41202606735766,-5.80847723704867,-3.7690457097032892,-8.952959028831565,-12.98042059463379,30.413625304136247,41.43985952589991,75.73019998663449,130.22408225815937,1.7671428571428567,14.726190476190473,15.67,8.98,31.71,8.4,-62.15704824976348,42.85714285714285
2024-09-27,12.0,12.08,10.5,11.96,0,13.3115,13.957799999999999,15.5479,14.704500000000001,-10.152875333358372,-14.313143905199945,-23.07642832794139,-18.66435444931824,-0.33333333333332993,-6.489444878811557,-4.7011952191235,-10.679611650485432,34.34065934065933,41.88110026619344,75.23576072379917,130.1379711579661,1.7764285714285712,14.853081700907786,15.67,8.98,31.71,8.4,-62.283191422264274,42.38095238095239
2024-09-30,11.96,13.24,11.6,12.79,0,13.248,13.917,15.505,14.7061,-3.4571256038647356,-8.098009628511898,-17.510480490164472,-13.029287166549935,6.939799331103669,-7.251631617113851,2.6484751203852186,-9.032716927453777,46.05809128630705,47.435897435897424,77.38269247039172,130.9985073136729,1.7457142857142856,13.649056182285268,15.67,8.98,31.71,8.4,-59.665720592872916,52.261904761904745
2024-10-01,12.79,12.79,11.71,11.99,0,13.1555,13.847999999999999,15.442900000000002,14.702250000000001,-8.859412413059175,-13.417099942229918,-22.359142389059055,-18.44785662058529,-6.254886630179824,-10.455563853622108,-4.765687053216839,-13.367052023121385,39.432989690721634,41.251056635672015,80.09457600584696,131.39373616044767,1.6485714285714284,13.74955319909448,15.67,8.98,31.71,8.4,-62.18858404288867,42.738095238095234
2024-10-03,11.99,13.93,11.69,13.17,0,13.094999999999999,13.856399999999999,15.3899,14.704550000000001,0.5727376861397562,-4.953667619295048,-14.42439522024185,-10.435885491225513,9.841534612176805,3.375196232339084,-1.4958863126402377,-8.414464534075105,49.94110718492344,47.38076622361219,86.99487585107374,127.20688296698575,1.6307142857142853,12.382037097299053,15.67,8.98,31.71,8.4,-58.467360454115415,56.78571428571427
2024-10-04,13.17,14.48,12.29,14.13,0,13.091,13.9038,15.3252,14.714849999999998,7.936750439233073,1.62689336728089,-7.798919426826402,-3.9745563155587567,7.289293849658329,17.75,13.31194867682437,-0.5629838142153454,58.956916099773245,49.05374716124149,90.9590390595492,126.7609084809469,1.7364285714285714,12.288949550096048,15.67,8.98,31.71,8.4,-55.43992431409649,68.21428571428572
2024-10-07,14.13,15.5,13.62,15.08,0,13.084,13.953,15.274000000000001,14.72865,15.255273616631005,8.077116032394473,-1.2701322508838602,2.3854867893527243,6.723283793347479,26.08695652173911,17.904612978889766,-0.9198423127463884,63.533057851239676,53.10936383130808,90.57716013993038,126.60819825062926,1.8242857142857143,12.097385373247443,15.56,8.98,31.71,8.4,-52.44402396720278,79.52380952380952
2024-10-08,15.08,15.56,13.88,14.59,0,13.101499999999998,13.9998,15.217199999999998,14.73595,11.361294508262429,4.215774511064439,-4.121651815051379,-0.9904349566875628,-3.2493368700265313,14.073494917904616,5.801305293691095,2.4578651685393194,59.96015936254981,47.66146993318485,88.19628197044437,126.65616237512727,1.8821428571428573,12.90022520317243,15.56,8.98,31.71,8.4,-53.989277830337436,73.69047619047619
2024-10-09,14.59,14.59,12.7,14.12,0,13.139500000000002,14.023200000000001,15.158399999999999,14.73705,7.462232200616442,0.6902846711164229,-6.850327211315174,-4.187065932462743,-3.2213845099383187,17.76480400333611,5.451829723674373,5.688622754491024,53.8540596094553,49.53703703703704,85.92437192554014,126.39842163859988,1.9035714285714285,13.481384055038445,15.56,8.98,31.71,8.4,-55.4714601072217,68.09523809523807
2024-10-10,14.12,14.12,11.73,13.5,0,13.133000000000001,14.035599999999999,15.0954,14.735199999999999,2.794487169725113,-3.8160107156088716,-10.56878254302635,-8.382648352244958,-4.390934844192628,2.505694760820054,5.965463108320246,-0.9537784299339713,55.44973544973544,50.551181102362214,87.3369634270791,126.84798160767951,1.9835714285714285,14.693121693121695,15.56,8.98,31.71,8.4,-57.42667928098392,60.71428571428571
2024-10-11,13.5,13.7,11.54,13.22,0,13.135,14.035,15.0211,14.729049999999999,0.6471259992386817,-5.806911293195579,-11.990466743447548,-10.245399397788715,-2.0740740740740726,-6.440198159943389,10.166666666666679,0.3034901365705611,52.28480340063763,48.38709677419355,86.81117338349814,126.83227374424308,1.98,14.977307110438728,15.56,8.98,31.71,8.4,-58.30968148848944,57.38095238095238
2024-10-14,13.22,13.74,12.92,13.0,0,13.157499999999999,14.0364,14.933,14.72525,-1.1970359110773239,-7.383659627824802,-12.944485367976963,-11.716269672840873,-1.6641452344931973,-13.793103448275868,8.695652173913038,3.585657370517925,45.42294322132098,49.27884615384615,85.15055870003846,126.76165170610408,1.9242857142857142,14.8021978021978,15.56,8.98,31.71,8.4,-59.003468937243774,54.76190476190476
2024-10-15,13.0,13.36,10.92,13.0,0,13.1845,14.01,14.848300000000002,14.7217,-1.3993704729037877,-7.209136331192004,-12.447889657401868,-11.694980878567014,0.0,-10.897875257025358,1.6419077404222104,4.3338683788122,47.63061968408262,51.89873417721518,85.07374573776595,124.47477545922911,2.0007142857142854,15.390109890109887,15.56,8.98,31.71,8.4,-59.003468937243774,54.76190476190476
2024-10-16,13.0,13.56,11.44,13.05,0,13.2075,13.863600000000002,14.765,14.71355,-1.1925042589437733,-5.8686055569981885,-11.615306467998645,-11.306244923896672,0.38461538461538325,-7.577903682719533,8.84070058381985,3.653693407466241,52.03145478374837,52.497883149873,85.0343291210951,78.52101761600093,1.8214285714285714,13.957307060755337,15.56,8.98,31.71,8.4,-58.84578997161779,55.35714285714286
2024-10-17,13.05,13.47,11.06,13.39,0,13.2085,13.7566,14.6818,14.7027,1.3741151531210944,-2.664902664902665,-8.798648667057174,-8.928292082406628,2.605363984674325,-0.8148148148148127,1.6704631738800435,0.14958863126404154,59.61272475795298,53.32778702163061,82.66270241721972,77.09168791933806,1.8942857142857146,14.147018030513179,15.56,8.98,31.71,8.4,-57.77357300536109,59.404761904761905
2024-10-18,13.39,14.06,12.87,13.04,0,13.237,13.693999999999999,14.5803,14.6922,-1.4882526252172015,-4.77581422520812,-10.564254507794766,-11.245422741318526,-2.6138909634055407,-1.3615733736762614,-7.71408351026186,4.570970328789081,57.16180371352784,48.576358930112164,79.35262534462055,71.14468012743008,1.8664285714285715,14.313102541630151,15.56,8.98,31.71,8.4,-58.877325764742984,55.23809523809522
2024-10-21,13.04,14.2,12.55,13.76,0,13.285500000000003,13.6372,14.475900000000001,14.6885,3.5715629821986163,0.9004781040096191,-4.945461076686087,-6.3212717432004615,5.521472392638049,5.846153846153834,-8.753315649867377,7.584050039093038,56.52759084791387,55.65293602103418,81.12576744644517,72.04793952410716,1.8671428571428572,13.56935215946844,15.56,8.98,31.71,8.4,-56.6067486597288,63.8095238095238
2024-10-22,13.76,14.52,9.47,14.4,0,13.315999999999999,13.618400000000001,14.3781,14.687100000000001,8.140582757584871,5.739293896492974,0.15231497903061236,-1.9547766407255383,4.651162790697683,10.769230769230775,-1.3022618231665506,4.4234952864394605,66.57496561210453,56.86274509803922,78.05045419700555,70.8872031647155,2.150714285714286,14.935515873015873,15.56,8.98,31.71,8.4,-54.58845789971618,71.42857142857143
2024-10-23,14.4,15.03,11.74,14.62,0,13.377500000000001,13.5934,14.2825,14.6873,9.287983554475783,7.552194447305298,2.3630316821284687,-0.458219005535403,1.5277777777777724,12.030651340996146,3.541076487252126,9.18595967139655,61.489698890649755,53.789954337899545,77.19792734638065,70.5311356283965,2.2257142857142855,15.223763924174321,15.56,8.98,31.71,8.4,-53.89467045096185,74.04761904761902
2024-10-24,14.62,14.9,12.7,13.97,0,13.438999999999998,13.549399999999999,14.176200000000001,14.68665,3.9511868442592633,3.104196495785807,-1.4545505847829516,-4.879601542897799,-4.445964432284533,4.331590739357738,3.4814814814814854,9.654631083202524,48.666666666666664,52.58928571428572,76.83139329624444,71.0588070560917,2.2264285714285714,15.937212393905305,15.56,9.47,31.71,8.4,-55.94449700409966,66.30952380952381
2024-10-25,13.97,15.08,13.35,14.63,0,13.5705,13.533199999999999,14.1131,14.696650000000002,7.807376294167509,8.104513344959077,3.662554647809493,-0.45350471025710604,4.724409448818889,12.193251533742355,10.66565809379727,21.91666666666667,46.05954465849388,58.4299732381802,74.2859401709258,71.19731734289294,2.2157142857142853,15.145005370569276,15.56,9.47,31.71,8.4,-53.86313465783664,74.16666666666667
2024-10-28,14.63,15.48,13.54,14.29,0,13.687000000000001,13.531,13.988499999999998,14.700800000000001,4.405640388689982,5.609341512083353,2.155341887979417,-2.794405746626046,-2.323991797676017,3.851744186046502,9.923076923076923,19.48160535117056,47.30215827338129,60.59204440333024,75.12599102108416,69.72771113215246,2.2342857142857144,15.63530940717785,15.56,9.47,31.71,8.4,-54.93535162409336,70.1190476190476
2024-10-29,14.29,15.03,13.56,14.52,0,13.773499999999999,13.535,13.944799999999997,14.7071,5.4198279304461545,7.277428888067967,4.124835063966515,-1.2721746639378322,1.6095171448565537,0.8333333333333304,11.69230769230769,13.526192337763888,53.759398496240614,61.63636363636363,71.84600659144326,69.79588260104369,2.204285714285714,15.181031090122,15.56,9.47,31.71,8.4,-54.210028382213814,72.85714285714285
2024-10-30,14.52,15.7,14.28,15.51,0,13.9495,13.568800000000001,13.9319,14.7198,11.186780888203874,14.306349861446835,11.327241797601182,5.368279460318758,6.818181818181812,6.0875512995896,18.850574712643663,29.357798165137616,67.66256590509664,62.18637992831541,69.94527369660017,70.88036781559481,2.1350000000000002,13.765312701482916,15.7,9.47,31.71,8.4,-51.087984862819305,84.64285714285712
2024-10-31,15.51,16.24,14.65,15.55,0,14.0685,13.613199999999999,13.918600000000001,14.7337,10.530618047410886,14.22736755502014,11.721006423059785,5.540359855297719,0.2578981302385541,11.309949892627058,16.131441374159827,18.071374335611235,71.37614678899081,67.11538461538461,62.44964174657566,70.32359597705218,2.0942857142857143,13.468075333027102,16.24,9.47,31.71,8.4,-50.96184169031851,85.11904761904762
2024-11-01,15.55,16.13,13.63,15.9,0,14.157,13.6712,13.913599999999999,14.7477,12.311930493748678,16.30288489671718,14.276678932842698,7.813421753900611,2.2508038585209,8.6807928913192,21.932515337423332,12.526539278131633,75.98566308243727,64.26332288401252,58.02365318723918,70.12856744264568,2.214285714285714,13.926325247079962,16.24,9.47,31.71,8.4,-49.85808893093661,89.28571428571428
2024-11-04,15.9,17.6,14.78,16.69,0,14.2375,13.733999999999998,13.9328,14.7622,17.225636523266026,21.523227027814208,19.789274230592564,13.059029141997813,4.968553459119507,16.794961511546557,21.293604651162813,10.676392572944305,78.96389324960752,63.61702127659574,55.88435974120929,70.34972379007941,2.241428571428571,13.429769750920137,17.6,9.47,31.71,8.4,-47.366761274046034,98.69047619047619
2024-11-05,16.69,19.02,15.8,16.12,0,14.314000000000002,13.7804,13.950100000000003,14.77495,12.61701830375855,16.977736495312186,15.554727206256572,9.103584106883615,-3.4152186938286366,11.019283746556475,11.944444444444446,10.486634681288564,72.27866473149491,55.764966740576504,56.037489917967335,70.82708049602904,2.32,14.392059553349872,19.02,9.47,31.71,8.4,-49.164301482182275,91.90476190476191
2024-11-06,16.12,20.75,14.71,14.87,0,14.351500000000001,13.8052,13.9639,14.773900000000001,3.6128627669581412,7.71303566771941,6.488874884523654,0.6504714394980207,-7.7543424317617955,-4.1263700838169,1.7099863201094356,5.311614730878178,59.48717948717947,51.43149284253579,62.07741715771331,73.08144044137399,2.5792857142857137,17.3455663368239,20.75,9.47,31.71,8.4,-53.10627562283192,77.0238095238095
2024-11-07,14.87,15.52,14.27,14.94,0,14.4235,13.825,13.9851,14.77825,3.5809616251256546,8.065099457504523,6.827981208571983,1.0945138971123078,0.470746469401484,-3.922829581993581,6.9434502505368645,10.666666666666668,62.63297872340425,54.37100213219617,59.51768871652852,72.92929954566297,2.583571428571428,17.292981449607954,20.75,9.47,31.71,8.4,-52.88552507095554,77.85714285714285
2024-11-08,14.94,15.73,14.39,14.47,0,14.485999999999999,13.8386,14.0001,14.781199999999998,-0.11045147038518735,4.562600263032396,3.356404597110027,-2.10537710064134,-3.145917001338683,-8.993710691823898,-1.0936431989063577,9.455370650529504,54.883081155433295,55.2546045503792,60.26730238634623,73.26210529645478,2.5614285714285714,17.701648731365385,20.75,9.47,31.71,8.4,-54.3677073478398,72.26190476190476
2024-11-11,14.47,15.47,13.12,14.27,0,14.5495,13.856200000000001,14.005700000000001,14.78355,-1.9210282140279769,2.986388764596342,1.8870888281199698,-3.4737935069722794,-1.3821700069108545,-14.49970041941283,-0.13995801259621965,9.769230769230774,49.04831625183016,55.737704918032776,60.13985835415433,73.01048421409575,2.3685714285714283,16.598258083892283,20.75,9.47,31.71,8.4,-54.99842321034374,69.88095238095237
2024-11-12,14.27,14.84,12.74,14.59,0,14.629,13.866800000000001,14.018099999999999,14.78225,-0.2665937521361658,5.215334467937796,4.079725497749347,-1.3005462632549143,2.2424667133847276,-9.49131513647643,0.4820936639118534,12.230769230769223,49.78354978354979,58.59459459459459,60.40126412073585,72.34213537763353,2.2835714285714284,15.651620483697249,20.75,9.47,31.71,8.4,-53.989277830337436,73.69047619047619
2024-11-13,14.59,15.87,13.93,15.44,0,14.748499999999998,13.898800000000001,14.0407,14.787550000000001,4.688612401261154,11.088727084352591,9.966027334819492,4.412157524403963,5.82590815627142,3.833221250840624,-0.45132172791747527,18.314176245210724,60.30855539971948,62.079207920792065,63.11429773670125,73.32409903425898,2.2649999999999997,14.669689119170984,20.75,9.47,31.71,8.4,-51.30873541469568,83.8095238095238
2024-11-14,15.44,15.69,13.41,14.78,0,14.818000000000001,13.9068,14.0479,14.7921,-0.2564448643541775,6.278942675525634,5.211455092932034,-0.08180042049472504,-4.274611398963735,-1.0709504685408322,-4.951768488745989,10.380881254667651,51.05189340813463,58.076563958916886,65.36190134339083,73.56886760991624,2.3042857142857143,15.590566402474387,20.75,9.47,31.71,8.4,-53.39009776095869,75.95238095238093
2024-11-18,14.78,16.58,13.76,15.17,0,14.9245,13.925999999999998,14.056500000000002,14.789549999999998,1.644946229354416,8.932931207812736,7.921602105787345,2.5724244483436043,2.6387009472259804,4.837595024187968,-4.591194968553458,16.334355828220872,56.128133704735376,58.271375464684006,64.6173757951842,73.71048684118703,2.3671428571428565,15.604105848008285,20.75,9.47,31.71,8.4,-52.160201829075994,80.59523809523809
2024-11-19,15.17,16.19,12.73,15.66,0,15.019499999999999,13.934800000000001,14.0726,14.787350000000002,4.264456206930998,12.3805149697161,11.280076176399533,5.901327824119928,3.230059327620305,9.740714786264903,-6.171360095865797,13.808139534883734,57.66129032258064,62.018348623853214,62.9039309598355,72.35286205390666,2.509285714285714,16.023535851122055,20.75,9.47,31.71,8.4,-50.61494796594135,86.42857142857142
2024-11-21,15.66,16.78,14.84,15.99,0,15.099,13.9698,14.091,14.787049999999999,5.901053049870852,14.461194863204922,13.47668724717906,8.135158804494482,2.1072796934865856,9.59561343385882,-0.8064516129032251,11.04166666666666,53.53982300884955,60.60894386298763,61.42815920621732,70.87408988482822,2.546428571428571,15.92513177879031,20.75,11.74,31.71,8.4,-49.57426679280984,90.35714285714285
2024-11-22,15.99,18.67,12.75,16.1,0,15.172999999999998,14.0246,14.114,14.79525,6.109536676992047,14.798283016984456,14.0711350432195,8.818708707186444,0.6879299562226437,4.274611398963746,8.271687962340302,10.123119015047898,54.01459854014599,58.517034068136276,61.33155068479718,69.2897326792178,2.8557142857142854,17.73735581188997,20.75,12.7,31.71,8.68,-49.22737306843267,85.48387096774196
2024-11-25,16.1,16.87,13.63,15.3,0,15.239500000000001,14.058,14.128700000000002,14.798250000000001,0.3969946520555092,8.834827144686306,8.290217783660198,3.390603618671123,-4.968944099378891,3.5182679296346553,2.4096385542168752,9.520400858983535,45.89041095890411,53.219696969696976,61.92233470082953,70.25349253356097,2.908571428571429,19.01027077497666,20.75,12.73,31.71,8.68,-51.75023651844843,76.2672811059908
2024-11-26,15.3,16.26,13.87,15.31,0,15.273500000000002,14.1006,14.1454,14.796700000000001,0.23897600419025383,8.576939988369292,8.233065166061051,3.469016740219097,0.06535947712418277,0.9228740936058077,5.805114029025571,4.647983595352012,39.417177914110425,56.75403225806451,59.910783172237046,69.76416187053438,2.8778571428571427,18.79723803303163,20.75,12.73,31.71,8.68,-51.71870072532324,76.38248847926269
2024-11-27,15.31,15.31,13.25,14.63,0,15.2905,14.1422,14.159600000000001,14.7909,-4.319675615578293,3.4492511773274317,3.3221277437215715,-1.0878310312421815,-4.441541476159372,-6.577266922094505,2.522775052557824,2.3792862141357674,38.763197586727,50.0,61.58680418276654,69.6391056999237,2.7950000000000004,19.104579630895422,20.75,12.73,31.71,8.68,-53.86313465783664,68.5483870967742
2024-11-28,14.63,15.56,14.27,15.21,0,15.325,14.1972,14.1831,14.7894,-0.7504078303425673,7.13380103118925,7.24030712608669,2.8439287597874174,3.9644565960355482,-4.8780487804877986,4.2494859492803405,4.752066115702491,52.85234899328861,54.51866404715128,62.861070246272774,70.0445352967822,2.455714285714286,16.145393068469993,20.75,12.73,31.71,8.68,-52.03405865657521,75.2304147465438
2024-11-29,15.21,15.46,14.33,14.43,0,15.270999999999997,14.233999999999998,14.2004,14.7824,-5.507170453801308,1.376984684558111,1.6168558632151178,-2.3839160082260062,-5.128205128205132,-10.37267080745342,-6.541450777202074,-6.963249516441006,46.17691154422789,49.58061509785648,60.716344132431765,71.15725388726474,2.4471428571428575,16.958716958716963,20.75,12.73,31.71,8.68,-54.493850520340594,66.24423963133641
2024-12-02,14.43,15.08,13.31,14.7,0,15.228500000000002,14.2606,14.211400000000001,14.77865,-3.470466559411648,3.0812167790976477,3.4380849177420814,-0.5321866340971702,1.8711018711018657,-3.9215686274509887,-0.5412719891745632,-5.4662379421221985,51.77743431221018,45.95404595404596,61.17771285957125,69.98956625738599,2.4778571428571436,16.856171039844515,20.75,12.73,31.71,8.68,-53.642384105960275,69.35483870967741
2024-12-03,14.7,14.89,14.24,14.37,0,15.151999999999997,14.298599999999999,14.212299999999997,14.770199999999999,-5.161034846884889,0.49934958667282514,1.1096022459419093,-2.7095096884266963,-2.244897959183678,-6.1397779229262035,-5.273566249176009,-9.622641509433972,50.75757575757576,44.27184466019416,60.86039518262989,68.38289328873161,2.356428571428572,16.39825032309375,20.75,12.73,31.71,8.98,-54.68306527909178,60.022271714922034
2024-12-04,14.37,14.8,14.11,14.45,0,15.040000000000001,14.331800000000001,14.2125,14.763399999999999,-3.922872340425543,0.824739390725506,1.6710642040457266,-2.122817237221776,0.5567153792623625,-1.2303485987696594,-7.726692209450836,-13.421210305572206,48.899371069182386,42.77168494516451,57.59304682972696,68.20019623888649,2.2557142857142862,15.610479485912016,20.75,12.73,31.71,8.98,-54.4307789340902,60.91314031180399
2024-12-05,14.45,15.71,14.06,14.53,0,14.9605,14.3466,14.2178,14.75885,-2.877577621068817,1.2783516652028974,2.1958390186948678,-1.5505950666888093,0.5536332179930881,-4.470742932281402,-9.130706691682311,-9.863523573201006,41.86046511627907,38.412017167381975,56.7874348305765,66.01506684976584,2.2350000000000008,15.381968341362704,20.75,12.73,31.71,8.98,-54.17849258908861,61.80400890868596
2024-12-06,14.53,15.02,14.05,14.14,0,14.923999999999998,14.361600000000001,14.2219,14.7534,-5.253283302063771,-1.5430035650623917,-0.5758724221095577,-4.157685686011351,-2.6841018582243525,-2.009702009702008,-12.173913043478269,-4.90921318090114,43.98496240601505,39.16849015317287,50.66732954278422,65.96471905467381,2.141428571428572,15.144473631036576,18.67,12.73,31.71,8.98,-55.4083885209713,57.46102449888642
2024-12-09,14.14,14.64,13.45,14.11,0,14.882499999999999,14.389000000000001,14.2211,14.747850000000001,-5.1906601713421745,-1.9389811661686125,-0.7812335192073779,-4.325037208813502,-0.21216407355022504,-4.013605442176871,-7.777777777777784,-5.555555555555558,39.31451612903226,45.20202020202021,50.60487243810922,64.95344178064705,2.025000000000001,14.351523742026936,18.67,12.73,31.71,8.98,-55.502995900346896,57.126948775055666
2024-12-10,14.11,14.67,13.7,13.78,0,14.848000000000003,14.4246,14.216700000000001,14.73665,-7.192887931034503,-4.468754766163363,-3.071739573881434,-6.491638194569322,-2.3387668320340227,-4.105775922059851,-9.9934683213586,-4.768486523842441,30.41666666666667,42.909535452322736,50.067741758992604,63.73481292688374,1.8471428571428576,13.404520008293597,18.67,12.73,31.71,8.98,-56.54367707347839,53.452115812917576
2024-12-11,13.78,14.11,13.18,13.27,0,14.797999999999998,14.4508,14.2043,14.722649999999998,-10.325719691850242,-8.17117391424696,-6.577585660680219,-9.866769908949806,-3.7010159651669094,-8.166089965397926,-9.295967190704035,-7.007708479327257,22.69076305220885,42.700729927007295,51.45342676582456,64.36722913451841,1.7750000000000006,13.37603617181613,18.67,12.73,31.71,8.98,-58.152002522863455,47.77282850779509
2024-12-12,13.27,13.4,12.95,13.19,0,14.728,14.458800000000002,14.187899999999999,14.70895,-10.442694187941338,-8.77527872299224,-7.0334580875252835,-10.326705849159868,-0.6028636021100264,-9.222298692360631,-13.280736357659439,-9.595613433858807,20.606060606060595,43.33333333333333,50.56305090983887,62.56047545175994,1.384285714285715,10.494963717101706,18.67,12.73,31.71,8.98,-58.40428886786504,46.88195991091313
2024-12-13,13.19,14.72,12.47,13.05,0,14.608500000000001,14.48,14.164000000000001,14.698200000000002,-10.668446452407848,-9.875690607734805,-7.865009884213503,-11.213617994040092,-1.0614101592115177,-7.708628005657703,-9.563409563409554,-15.479274611398953,23.776223776223773,40.277777777777786,44.79788204855647,60.89582946045361,1.313571428571429,10.065681444991794,18.67,12.47,31.71,8.98,-58.84578997161779,45.32293986636971
2024-12-16,13.05,14.51,13.05,14.02,0,14.5705,14.497,14.1767,14.69345,-3.7781819429669508,-3.2903359315720513,-1.105334809934616,-4.583334751198668,7.432950191570864,-0.6378454996456395,-4.625850340136051,-5.142083897158322,37.714285714285694,41.16915422885572,51.52246949755048,59.158227775136574,1.2471428571428578,8.89545547177502,18.67,12.47,31.71,8.98,-55.786818038473676,56.124721603563465
2024-12-17,14.02,14.98,13.18,14.49,0,14.5365,14.504199999999999,14.204,14.687899999999999,-0.3198844288515116,-0.09790267646611933,2.0135173190650493,-1.3473675610536486,3.3523537803138437,5.152394775036284,0.8350730688935437,-4.4825313117995975,48.6111111111111,48.15286624203822,52.10548229822756,57.362409686191675,1.2285714285714289,8.478753820368729,18.67,12.47,31.71,8.98,-54.3046357615894,61.358574610244986
2024-12-18,14.49,15.24,14.27,14.37,0,14.472,14.49,14.2215,14.6811,-0.7048092868988413,-0.8281573498964871,1.0441936504588019,-2.119051024786981,-0.8281573498964856,8.289374529012816,-0.553633217993077,-8.23754789272031,40.82969432314408,44.72295514511873,50.55299269585297,55.35789580954994,1.205714285714286,8.39049607316831,18.67,12.47,31.71,8.98,-54.68306527909178,60.022271714922034
2024-12-19,14.37,15.44,13.87,14.51,0,14.398,14.488399999999999,14.244100000000001,14.672,0.77788581747465,0.14908478506944298,1.8667378072324572,-1.1041439476554036,0.9742519137091232,10.007581501137231,-0.13764624913971124,-9.255784865540962,51.01522842639594,42.047026279391424,49.969936306625954,54.90765106707705,1.2371428571428573,8.526139608152015,18.67,12.47,31.71,8.98,-54.24156417533902,61.58129175946547
2024-12-20,14.51,15.55,14.4,15.07,0,14.3465,14.5074,14.2653,14.669500000000001,5.043041856898892,3.8780208721066476,5.640960933173508,2.730154401990519,3.8594073053066946,15.47892720306514,6.577086280056577,-6.397515527950315,54.373522458628855,43.83378016085791,52.138492493403234,55.04059997161976,1.192857142857143,7.915442222011566,16.87,12.47,31.71,8.98,-52.475559760327975,67.8173719376392
2024-12-23,15.07,16.88,13.42,13.52,0,14.257499999999999,14.5078,14.2717,14.660900000000002,-5.1727161143257865,-6.808751154551346,-5.2670669927198555,-7.781923347134227,-10.285335102853354,-3.566333808844513,-4.181431608788088,-11.633986928104578,42.201834862385326,35.50561797752809,61.12227031630726,59.01065132981797,1.393571428571429,10.307480980557907,16.88,12.47,31.71,8.98,-57.36360769473352,50.556792873051215
2024-12-24,13.52,15.03,12.98,13.18,0,14.151,14.506999999999998,14.270999999999999,14.65185,-6.861705886509788,-9.147308196043278,-7.644874220447057,-10.045489136184168,-2.51479289940828,-9.040717736369919,-4.354136429608124,-13.912475506205102,38.879159369527144,37.44075829383886,61.465798205151124,59.101275672949214,1.4907142857142854,11.310427053977886,16.88,12.47,31.71,8.98,-58.43582466099022,46.77060133630289
2024-12-26,13.18,14.39,13.08,14.04,0,14.121500000000001,14.5278,14.2821,14.64745,-0.577134157136295,-3.357700408871268,-1.6951288676035083,-4.147138239079157,6.525037936267064,-2.2964509394572064,5.802562170308967,-4.0328092959671995,46.22496147919876,43.16469321851453,64.7872038227817,60.708534623912335,1.4664285714285714,10.444647944647944,16.88,12.47,31.71,8.98,-55.723746452223274,56.34743875278395
2024-12-27,14.04,14.24,13.04,13.24,0,14.023000000000001,14.5326,14.271299999999998,14.641750000000002,-5.5836839478000515,-8.894485501562006,-7.226391428951801,-9.573650690661987,-5.698005698005693,-8.752584424534804,0.37907505686125553,-12.952005259697575,43.47826086956522,42.61424017003188,65.76807642631081,62.148355842899115,1.4828571428571433,11.19982736296936,16.88,12.47,31.71,8.98,-58.24660990223903,47.43875278396436
2024-12-30,13.24,14.37,13.24,13.97,0,14.0,14.550999999999998,14.2073,14.6401,-0.2142857142857097,-3.992852724898617,-1.6702681016097314,-4.577154527633006,5.513595166163143,-7.299270072992703,7.049808429118776,-3.1878031878031843,49.07894736842106,43.514644351464426,66.90714738053144,63.31960192000692,1.4785714285714289,10.583904284691688,16.88,12.47,31.71,8.98,-55.94449700409966,55.56792873051225
2024-12-31,13.97,14.64,13.97,14.45,0,13.987499999999997,14.5722,14.1644,14.644299999999998,3.306523681858818,-0.8385830554068787,2.01632261161785,-1.326796091311967,3.435934144595554,6.878698224852076,3.0670470756062773,-1.7006802721088454,54.322580645161295,50.10799136069114,67.73675937381577,63.508041117282964,1.4571428571428573,10.08403361344538,16.88,12.47,31.71,8.98,-54.4307789340902,60.91314031180399
2025-01-01,14.45,14.84,14.31,14.51,0,13.994500000000002,14.601600000000001,14.1478,14.646849999999999,3.6835899817785385,-0.6273285119439065,2.5601153536238823,-0.9343305898537845,0.41522491349481605,10.09104704097117,0.13802622498273465,0.9742519137091232,58.49315068493151,48.95027624309393,67.2228224056991,63.17329758363284,1.4285714285714286,9.845426799251749,16.88,12.47,31.71,8.98,-54.24156417533902,61.58129175946547
2025-01-02,14.51,14.8,13.63,13.74,0,13.958999999999998,14.601199999999999,14.119200000000001,14.64735,-1.5688802922845309,-5.898145357915777,-2.6857045724970314,-6.194635889768451,-5.306685044796689,-2.136752136752129,-4.384133611691022,-4.913494809688579,53.44180225281603,46.68071654373024,69.90307183577269,63.2405508648109,1.48,10.771470160116447,16.88,12.47,31.71,8.98,-56.66982024597919,53.006681514476604
2025-01-03,13.74,13.98,13.23,13.54,0,13.9095,14.583999999999998,14.101199999999999,14.642900000000003,-2.6564578166001684,-7.1585298957761845,-3.979803137321643,-7.531977955186496,-1.455604075691419,2.26586102719033,-6.685044796691941,-6.81348933241569,53.043478260869556,45.26534859521332,69.9953471703216,62.44925924015625,1.3728571428571428,10.13926988816206,16.88,12.47,31.71,8.98,-57.300536108483136,50.7795100222717
2025-01-06,13.54,15.92,13.54,15.65,0,13.985000000000003,14.6046,14.099,14.653049999999999,11.905613156953859,7.158018706434964,11.000780197177106,6.803702983337953,15.583456425406217,12.025769506084472,3.8487060384870597,10.678925035360676,58.8683351468988,54.81099656357389,89.0442842260454,71.57686697745287,1.4385714285714286,9.192149703331811,16.88,12.47,31.71,8.98,-50.646483759066555,74.2761692650334
2025-01-07,15.65,15.65,14.35,14.66,0,14.0125,14.618400000000001,14.083899999999998,14.6579,4.620874219446929,0.28457286707162865,4.090486299959544,0.01432674530458275,-6.325878594249201,1.453287197231834,8.431952662721898,3.897944720056712,50.875386199794015,52.12418300653595,92.41412654044777,72.329529607716,1.4028571428571428,9.5692847398168,16.88,12.47,31.71,8.98,-53.76852727846105,63.25167037861915
2025-01-08,14.66,14.88,14.1,14.47,0,14.047,14.615200000000002,14.074199999999998,14.66075,3.011319142877483,-0.993486233510324,2.812237995765323,-1.3010930545845167,-1.2960436562073685,-0.2756719503790417,9.787556904400606,5.00725689404935,50.51124744376279,51.45161290322582,92.0854850531415,71.65103566979096,1.3892857142857145,9.601145226577156,16.88,12.47,31.71,8.98,-54.3677073478398,61.1358574610245
2025-01-09,14.47,14.89,13.75,14.66,0,14.116499999999998,14.6226,14.0768,14.663499999999999,3.8501044876563006,0.2557684679879083,4.142987042509659,-0.023868789852347316,1.313061506565294,6.695778748180503,4.415954415954415,10.474755086661647,50.76297049847406,53.588907014681894,90.8347289474378,71.4894556141519,1.3585714285714288,9.267199376339896,16.88,12.47,31.71,8.98,-53.76852727846105,63.25167037861915
2025-01-10,14.66,15.52,14.66,14.92,0,14.203,14.6306,14.082800000000002,14.67075,5.048229247342115,1.978046013150524,5.944840514670359,1.698958812603309,1.7735334242837686,10.192023633677994,12.688821752265866,13.115996967399557,49.21301154249738,56.86927560366362,90.79113688402082,71.50763251659305,1.337857142857143,8.966870930677903,16.88,12.47,31.71,8.98,-52.948596657205925,66.14699331848551
2025-01-13,14.92,16.19,14.45,16.0,0,14.3505,14.6404,14.1046,14.6882,11.494373018361728,9.286631512800199,13.438169107950602,8.930978608679075,7.238605898123329,2.2364217252396124,14.531138153185385,22.60536398467432,63.686534216335545,60.79938508839354,93.315339245577,71.71511310021174,1.2150000000000003,7.593750000000002,16.88,12.98,31.71,8.98,-49.54273099968464,78.17371937639197
2025-01-14,16.0,16.0,15.12,15.47,0,14.422999999999998,14.638800000000002,14.126,14.704450000000001,7.259238715939835,5.678061043254905,9.514370664023795,5.206247088466411,-3.312499999999996,5.525238744884042,7.058823529411784,10.342368045649074,62.378378378378386,59.02985074626866,91.55221449607275,72.13696665247048,1.131428571428572,7.313694708652695,16.88,12.98,31.71,8.98,-51.214128035320094,72.271714922049
2025-01-15,15.47,15.66,15.2,15.26,0,14.461500000000001,14.626,14.148600000000002,14.71665,5.521557238184136,4.334746342130455,7.855194153485135,3.692076661468474,-1.3574660633484226,5.459571527297857,5.168849069607173,5.31400966183575,57.09302325581396,54.905063291139236,91.23293914890436,72.03571823538859,1.0707142857142862,7.016476315296765,16.88,12.98,31.71,8.98,-51.876379690949236,69.93318485523385
2025-01-16,15.26,15.57,13.96,15.47,0,14.516499999999999,14.601600000000001,14.1678,14.730500000000001,6.568387696758873,5.9472934472934424,9.191264698824101,5.0201961915753,1.3761467889908285,5.525238744884042,12.590975254730719,7.654836464857362,63.920099875156055,53.957996768982234,91.17084756076248,71.21260940316351,1.1000000000000003,7.11053652230123,16.88,12.98,31.71,8.98,-51.214128035320094,72.271714922049
2025-01-17,15.47,16.38,14.05,15.75,0,14.5785,14.5942,14.1873,14.7451,8.035806152896388,7.919584492469606,11.014780825104138,6.815145370326409,1.8099547511312153,5.563002680965146,16.322008862629247,8.545830461750526,61.772486772486765,55.5023923444976,91.27393481185551,70.9099668853259,1.1857142857142857,7.528344671201815,16.88,12.98,31.71,8.98,-50.331125827814574,75.38975501113585
2025-01-20,15.75,17.02,15.18,16.42,0,14.646,14.6252,14.2152,14.7668,12.11252219035915,12.27196893033943,15.510158140581929,11.195384240322898,4.2539682539682655,2.6250000000000107,4.920127795527174,8.958195089581956,62.709677419354854,57.306809487375666,91.47336868862934,69.21742421708097,1.2692857142857146,7.7301200626413795,17.02,12.98,31.71,8.98,-48.21822768842636,82.85077951002228
2025-01-21,16.42,17.45,15.2,17.06,0,14.823000000000002,14.6676,14.246299999999998,14.793849999999999,15.091411994872809,16.310780223076705,19.75039132967859,15.318189653132888,3.897685749086466,10.277957336780851,16.371077762619368,26.183431952662705,65.30612244897958,57.566539923954366,82.53820448807512,69.689373823756,1.3921428571428573,8.160274660860829,17.45,12.98,31.71,8.98,-46.199936928413756,89.97772828507793
2025-01-22,17.06,17.3,15.91,16.77,0,15.002500000000001,14.713600000000001,14.2761,14.82085,11.781369771704703,13.97618529795562,17.469056675142372,13.151404946409953,-1.6998827667057403,9.895150720838796,15.894955079474759,27.238239757207893,69.29936305732484,63.66694701429773,82.0889835334643,69.39036400982125,1.4078571428571431,8.395093278814212,17.45,13.04,31.71,8.98,-47.11447492904447,86.74832962138083
2025-01-23,16.77,17.08,15.67,16.7,0,15.135499999999999,14.762199999999998,14.309199999999999,14.84825,10.33662581348486,13.12676972267007,16.708131831269398,12.471166635798825,-0.4174120453190211,7.950872656755004,13.915416098226462,18.945868945868938,70.46632124352331,65.14629948364887,79.93722563943246,69.29756316936752,1.4550000000000003,8.712574850299404,17.45,13.04,31.71,8.98,-47.33522548092085,85.96881959910911
2025-01-24,16.7,17.31,16.12,16.75,0,15.310999999999998,14.805399999999999,14.336099999999998,14.8753,9.398471687022415,13.134396909235829,16.837912681970703,12.602771036550529,0.29940119760478723,6.349206349206349,12.265415549597858,26.51057401812689,59.71731448763251,62.53469010175764,76.0239634120689,69.17004046246193,1.3699999999999999,8.17910447761194,17.45,13.23,31.71,8.98,-47.17754651529486,86.52561247216035
2025-01-27,16.75,18.52,16.75,18.13,0,15.519,14.859199999999998,14.379000000000001,14.9079,16.82453766350924,22.01195219123507,26.086654148410858,21.61337277550828,8.238805970149254,10.414129110840431,13.312499999999993,29.778095919828186,78.67768595041323,71.46619841966637,78.60511027436641,70.35122222702802,1.4035714285714285,7.7417067212985575,18.52,13.23,31.71,8.98,-42.82560706401766,101.89309576837415
2025-01-28,18.13,18.5,16.83,18.2,0,15.706500000000002,14.9276,14.417200000000001,14.9421,15.875592907395008,21.921809266057497,26.238104486308007,21.803494823351464,0.38610038610038533,6.682297772567414,17.64705882352939,25.951557093425603,81.45025295109612,69.71109040074558,78.31431168864653,69.52625882295634,1.467142857142857,8.061224489795919,18.52,13.23,31.71,8.98,-42.60485651214128,102.67260579064586
2025-01-29,18.2,19.01,17.29,18.64,0,15.913,14.997,14.461500000000001,14.979750000000001,17.136932068120405,24.291524971661005,28.893959824361232,24.434653448822573,2.417582417582431,11.150864639236735,22.149410222804722,28.4631288766368,82.20064724919095,69.5977549111319,78.34673155139292,69.49319697387149,1.508571428571429,8.093194359288782,19.01,13.23,31.71,8.98,-41.217281614632604,107.57238307349665
2025-01-30,18.64,18.99,17.22,17.39,0,16.0955,15.0316,14.483200000000002,15.00905,8.042620608244535,15.689613880092615,20.0701502430402,15.863429064464441,-6.706008583690992,4.131736526946117,12.411118293471235,26.56477438136826,67.22454672245468,62.12121212121213,80.06712754461662,71.05198618997511,1.5735714285714286,9.048714367863305,19.01,13.23,31.71,8.98,-45.159255755282246,93.65256124721604
2025-01-31,17.39,17.94,16.11,16.25,0,16.231,15.036799999999998,14.503300000000001,15.02795,0.11705994701496118,8.068206001276884,12.043465969813758,8.13184765719875,-6.555491661874646,-2.985074626865669,3.1746031746031855,20.01477104874447,51.72890733056708,60.24489795918367,84.32885857875178,72.56813159555342,1.5800000000000003,9.723076923076924,19.01,13.54,31.71,8.98,-48.75433617155472,80.9576837416481
2025-02-01,16.25,16.58,14.01,14.1,0,16.1535,14.9968,14.5107,15.035350000000001,-12.712415266041424,-5.979942387709382,-2.8303252082945707,-6.22100582959493,-13.230769230769235,-22.228350799779374,-14.129110840438496,-9.904153354632594,42.25988700564971,51.97183098591549,80.38063196963621,78.50539359775046,1.7007142857142856,12.061803444782168,19.01,13.75,31.71,8.98,-55.53453169347209,57.01559020044542
2025-02-03,14.1,15.11,14.1,14.35,0,16.137999999999998,14.9778,14.5179,15.0419,-11.079439831453703,-4.191536807808894,-1.1565033510356146,-4.5998178421609,1.773049645390068,-21.153846153846157,-15.885111371629534,-2.114597544338337,44.881889763779526,44.73257698541329,77.54558722500778,77.8311426661611,1.74,12.125435540069688,19.01,13.75,31.71,8.98,-54.746136865342166,59.79955456570155
2025-02-04,14.35,15.13,13.67,14.02,0,16.1155,14.952,14.5263,15.0447,-13.003009524991475,-6.23327982878545,-3.4854023392054496,-6.811036444728051,-2.2996515679442497,-24.785407725321896,-16.398330351818725,-3.1098825155494225,41.953385127635954,47.26027397260274,77.85102307038734,78.0002064750448,1.7292857142857143,12.334420216017934,19.01,13.67,31.71,8.98,-55.786818038473676,56.124721603563465
2025-02-05,14.02,14.3,13.5,14.08,0,16.0865,14.941,14.5416,15.051599999999999,-12.47319180679452,-5.7626664881868725,-3.1743412004181155,-6.455127694065739,0.42796005706133844,-19.03392754456584,-15.68862275449101,-3.9563437926330103,40.500568828213886,48.311688311688314,77.71025255978526,77.35615137061117,1.6199999999999999,11.505681818181818,19.01,13.5,31.71,8.98,-55.5976032797225,56.79287305122494
2025-02-06,14.08,14.64,13.15,14.18,0,16.049500000000002,14.920399999999999,14.558800000000002,15.0715,-11.648337954453423,-4.962333449505371,-2.6018627908893714,-5.915137842948616,0.7102272727272707,-12.738461538461543,-15.343283582089551,-4.9597855227882075,36.37469586374695,47.90575916230367,77.46436162227188,76.85034346083836,1.5950000000000002,11.248236953455573,19.01,13.15,31.71,8.98,-55.28224534847052,57.90645879732739
2025-02-07,14.18,14.51,13.55,13.69,0,15.934000000000001,14.905600000000002,14.5698,15.08855,-14.083092757625213,-8.155324173465019,-6.038518030446548,-9.268948971239782,-3.4555712270804007,-2.907801418439715,-24.489795918367342,-14.437500000000004,29.120198265179695,44.73909324208726,73.13893314207672,76.36941155392087,1.502857142857143,10.977773139935303,19.01,13.15,31.71,8.98,-56.82749921160518,52.44988864142538
2025-02-10,13.69,14.72,13.69,14.45,0,15.883000000000001,14.900599999999999,14.580599999999999,15.107149999999999,-9.02222502046214,-3.024039300430853,-0.8957107389270633,-4.3499270213111,5.551497443389342,0.6968641114982521,-20.60439560439561,-6.593406593406604,36.416861826697904,43.18381706244503,75.620619440799,77.2727933512821,1.477142857142857,10.222441917943648,19.01,13.15,31.71,8.98,-54.4307789340902,60.91314031180399
2025-02-11,14.45,15.43,13.85,14.87,0,15.863499999999998,14.910599999999999,14.6046,15.12685,-6.262804551328517,-0.27228951215913194,1.8172356654752586,-1.6979741320896289,2.906574394463668,6.062767475035669,-20.22532188841203,-2.5557011795543927,39.70753655793026,47.335701598579035,76.28847289314861,77.34055622701891,1.4892857142857145,10.01537131328658,19.01,13.15,31.71,8.98,-53.10627562283192,65.59020044543428
2025-02-12,14.87,15.62,14.61,14.9,0,15.834999999999999,14.919599999999997,14.6257,15.140149999999998,-5.904641616671921,-0.13137081423092412,1.875465789671607,-1.5861797934630641,0.20174848688636615,5.8238636363636465,-14.318573893041975,-3.684550743374271,39.57158962795942,48.37545126353791,76.11797982855889,77.33587875035067,1.4764285714285716,9.908916586768937,19.01,13.15,31.71,8.98,-53.011668243456334,65.92427616926503
2025-02-13,14.9,15.47,12.2,14.96,0,15.7955,14.928199999999999,14.6374,15.150599999999999,-5.2894811813491165,0.21301965407753296,2.2039433232678025,-1.2580359853735041,0.402684563758382,5.500705218617785,-7.938461538461539,-5.015873015873007,29.006622516556305,47.66697163769442,75.81921565168511,77.33284572136628,1.5835714285714293,10.585370511841104,19.01,12.2,31.71,8.98,-52.822453484705136,66.59242761692651
2025-02-14,14.96,15.68,14.36,15.02,0,15.7255,14.945799999999998,14.653699999999999,15.15845,-4.4863438364439965,0.49646054409935336,2.499709970860607,-0.9133519588084575,0.40106951871656804,9.715120525931331,6.52482269503547,-8.526187576126688,28.912466843501335,46.59197012138189,74.06768797761987,77.05600865802063,1.5585714285714292,10.376640669583418,19.01,12.2,31.71,8.98,-52.63323872595396,67.26057906458796
2025-02-17,15.02,16.31,14.5,15.72,0,15.658499999999998,14.978,14.683499999999999,15.16395,0.3927579270045172,4.9539324342368865,7.058943712330181,3.666920558297811,4.660452729693754,8.788927335640139,9.547038327526147,-7.854630715123079,31.282051282051285,46.741154562383606,74.69301074868183,77.6840941210941,1.565,9.955470737913485,19.01,12.2,31.71,8.98,-50.42573320719016,75.05567928730513
2025-02-18,15.72,16.32,14.78,15.67,0,15.6035,15.015799999999999,14.7202,15.159299999999998,0.42618643253116,4.356744229411695,6.4523579842665155,3.368889064798518,-0.31806615776082126,5.379959650302624,11.768901569186884,-6.559332140727491,36.969696969696976,43.15270935960592,74.51019955192037,77.45872001566858,1.5485714285714285,9.882395842829792,19.01,12.2,31.71,8.98,-50.583412172816146,74.49888641425389
2025-02-19,15.67,16.02,14.75,15.42,0,15.5395,15.058800000000002,14.7548,15.15135,-0.7690080118407953,2.39859749780858,4.508363380052597,1.7731093268916576,-1.595405232929159,3.489932885906044,9.517045454545459,-7.664670658682626,42.73204903677759,43.32344213649852,74.66660286692057,77.03208104525898,1.508571428571429,9.783212896053366,19.01,12.2,31.71,8.98,-51.37180700094607,71.71492204899776
2025-02-20,15.42,15.9,14.64,14.68,0,15.436000000000002,15.0886,14.773699999999998,15.139350000000002,-4.897641876133726,-2.7080047187943204,-0.6342351611309175,-3.0341461159164846,-4.79896238651103,-1.8716577540107027,3.5260930888575404,-12.358208955223882,56.74418604651162,40.630797773654926,76.30868688827871,77.88879312968187,1.4150000000000003,9.638964577656678,19.01,12.2,31.71,8.98,-53.705455692210656,63.47438752783964
2025-02-21,14.68,15.24,12.08,14.53,0,15.256,15.1182,14.7991,15.120999999999999,-4.758783429470378,-3.890674815784952,-1.8183538188133057,-3.9084716619271167,-1.021798365122617,-3.262316910785623,6.135865595325063,-19.856591285162718,52.14285714285714,39.797794117647065,68.89162508435614,77.88519866307031,1.568571428571429,10.795398682528761,19.01,12.08,31.71,8.98,-54.17849258908861,61.80400890868596
2025-02-24,14.53,15.58,14.37,14.44,0,15.067999999999998,15.126600000000002,14.8118,15.100850000000001,-4.167772763472248,-4.539023971017955,-2.5101608177264096,-4.376243721379933,-0.619408121128695,-8.14249363867685,-0.06920415224913601,-20.659340659340664,55.3030303030303,30.7612095933264,68.7141478749966,76.18961056617304,1.5507142857142857,10.739018599129404,19.01,12.08,31.71,8.98,-54.4623147272154,60.80178173719375
2025-02-25,14.44,15.08,13.61,13.72,0,14.822,15.111200000000002,14.8077,15.06645,-7.43489407637295,-9.20641643284452,-7.345502677660945,-8.936743559365338,-4.986149584487531,-12.444160816847472,-7.733691997310011,-26.394849785407725,46.10389610389611,28.125000000000014,68.77382248698062,76.69759524714276,1.5985714285714288,11.651395251978343,18.99,12.08,31.71,8.98,-56.73289183222958,52.78396436525612
2025-02-27,13.72,14.01,12.91,13.31,0,14.618,15.09,14.79,15.032,-8.947872485976193,-11.795891318754139,-10.006761325219735,-11.455561468866415,-2.988338192419826,-13.683527885862512,-10.671140939597311,-23.461759631972402,41.1764705882353,23.898139079334,66.2076144216437,76.97114345270897,1.570714285714286,11.801008908446926,17.94,12.08,31.71,8.98,-58.02585935036265,48.218262806236076
2025-02-28,13.31,14.12,13.23,13.91,0,14.501,15.078,14.7832,15.0002,-4.075580994414174,-7.746385462262895,-5.9067049082742615,-7.267903094625401,4.507888805409466,-5.24523160762943,-7.018716577540108,-14.400000000000002,52.1825396825397,31.79916317991632,66.07745987011204,77.61623104117218,1.5657142857142858,11.256033685940228,16.58,12.08,31.71,8.98,-56.13371176285084,54.89977728285077
2025-03-03,13.91,14.36,13.57,13.76,0,14.483999999999998,15.051799999999998,14.7796,14.969,-4.99861916597624,-8.582362242389605,-6.898698205634797,-8.076691829781545,-1.0783608914450071,-5.299380591878866,-8.388814913448739,-2.4113475177305,42.212189616252836,35.47257876312719,46.73241523442148,77.15445659526286,1.5485714285714285,11.254152823920267,16.32,12.08,31.71,8.98,-56.6067486597288,53.22939866369709
2025-03-04,13.76,14.2,13.37,13.83,0,14.458000000000002,15.058,14.7829,14.939150000000001,-4.343615991146783,-8.155133483862398,-6.445961211940821,-7.424451859710903,0.5087209302325535,-4.224376731301938,-12.022900763358779,-3.6236933797909376,37.25490196078433,47.91987673343606,46.28046463455401,73.52167510803224,1.4949999999999999,10.809833694866231,16.32,12.08,31.71,8.98,-56.38599810785242,54.00890868596881
2025-03-05,13.83,14.13,13.1,13.67,0,14.440499999999997,15.067800000000002,14.7874,14.90425,-5.335687822443799,-9.276735820756857,-7.556433179598847,-8.28119496116879,-1.156905278380338,-0.36443148688046767,-12.763241863433317,-2.4964336661911557,35.39192399049881,44.68750000000001,45.74927095950878,73.33153022971747,1.4964285714285717,10.946807398892258,16.32,12.08,31.71,8.98,-56.89057079785557,52.227171492204896
2025-03-06,13.67,14.18,13.28,13.73,0,14.422999999999998,15.061599999999999,14.7947,14.86385,-4.804825625736656,-8.841026185796983,-7.196496042501707,-7.628238982497798,0.4389173372348232,3.155522163786628,-10.9597924773022,-2.4857954545454475,35.39192399049881,47.634584013050585,45.75092331889748,71.88053276410203,1.327142857142857,9.666007699510976,16.32,12.08,31.71,8.98,-56.701356039104375,52.89532293986636
2025-03-07,13.73,13.86,13.33,13.47,0,14.3875,15.066199999999998,14.7994,14.82385,-6.37706342311033,-10.594575938192763,-8.982796599862155,-9.132917561901932,-1.8936635105608168,-3.163191948238675,-8.242506811989092,-5.007052186177708,32.4263038548753,45.181674565560826,46.08198853042553,70.81403233491172,1.2707142857142857,9.433662106267898,16.32,12.08,31.71,8.98,-57.521286660359515,50.0
2025-03-10,13.47,14.21,13.47,13.99,0,14.4025,15.066600000000001,14.808800000000002,14.786900000000001,-2.8640860961638577,-7.14560683896832,-5.5291448328021255,-5.3892296559792845,3.8604305864884836,1.6715116279069742,-3.7164487267721924,2.1913805697589606,29.550827423167846,48.592592592592595,46.57665686495469,70.26294748207529,1.1942857142857142,8.536709894822831,16.32,12.08,31.71,8.98,-55.88142541784925,55.790645879732736
2025-03-11,13.99,14.5,13.68,14.07,0,14.383500000000002,15.059000000000001,14.8156,14.748700000000001,-2.179580769631878,-6.567501162095761,-5.032533275736383,-4.601761511184043,0.5718370264474526,1.7353579175704903,-2.5623268698060864,-2.629757785467124,31.22065727699531,52.99684542586751,42.050205564307724,69.85628574901163,1.1428571428571428,8.122652045892984,16.32,12.08,31.71,8.98,-55.62913907284768,56.681514476614694
2025-03-12,14.07,14.37,13.64,13.69,0,14.3245,15.0426,14.8221,14.701200000000002,-4.429473978149331,-8.991796630901577,-7.637919053305545,-6.87835006666124,-2.7007818052594224,0.1463057790782596,-0.21865889212828726,-7.9354404841963655,30.296127562642354,43.624161073825505,41.43927455344028,70.12020285439556,1.1042857142857143,8.066367525826985,16.32,12.08,31.71,8.98,-56.82749921160518,52.44988864142538
2025-03-13,13.69,13.93,13.22,13.28,0,14.243500000000001,15.033399999999999,14.8173,14.6466,-6.7644890651876395,-11.66336291191613,-10.375034587947873,-9.33049308371909,-2.994886778670569,-3.277494537509107,-0.22539444027047661,-10.872483221476514,32.758620689655174,36.63865546218487,42.38654986793551,69.41253764128308,1.065,8.019578313253012,16.32,12.08,31.71,8.98,-58.120466729738254,47.88418708240533
2025-03-17,13.28,14.1,13.28,13.42,0,14.1665,15.031,14.8075,14.5928,-5.269473758514801,-10.717849777127274,-9.37025156170859,-8.03684008552163,1.0542168674698926,-0.37119524870081744,-3.5226455787203514,-10.294117647058831,36.296296296296305,37.788778877887786,42.64107231232082,69.36589938249924,0.8978571428571428,6.690440706834148,16.32,12.08,31.71,8.98,-57.67896562598549,49.44320712694877
2025-03-18,13.42,13.65,11.34,13.21,0,14.075999999999999,14.9822,14.793399999999998,14.53795,-6.1523159988632985,-11.828703394695037,-10.703421796206399,-9.134369013512906,-1.5648286140089396,-5.575411007862751,-3.9970930232558044,-12.050599201065237,35.25179856115109,35.90982286634461,42.65652303626879,59.65159329033366,0.9764285714285713,7.3915864604736665,16.32,11.34,31.71,8.98,-58.34121728161463,47.10467706013363
2025-03-19,13.21,13.57,12.59,13.3,0,13.955000000000002,14.955,14.786699999999998,14.48145,-4.693658187029746,-11.066532932129718,-10.054305558373386,-8.15836811921458,0.681302043906129,-5.472636815920396,-3.8322487346348466,-15.394402035623411,44.067796610169495,36.21794871794873,38.25209826065986,58.04440929616844,0.9414285714285713,7.078410311493016,16.32,11.34,31.71,8.98,-58.05739514348785,48.10690423162583
2025-03-20,13.3,13.3,12.51,12.6,0,13.8015,14.9176,14.7664,14.439750000000002,-8.705575480925994,-15.536011154609325,-14.67114530284972,-12.740871552485341,-5.263157894736848,-7.962016070124179,-7.827359180687643,-19.591576260370136,40.73107049608355,25.000000000000014,41.321988813397034,59.128223430514545,0.9192857142857143,7.295918367346939,16.02,11.34,31.71,8.98,-60.264900662251655,40.31180400890867
2025-03-21,12.6,12.84,10.7,12.58,0,13.6595,14.876,14.7493,14.368900000000002,-7.902924704418167,-15.434256520570042,-14.707816642145726,-12.449804786726899,-0.15873015873015817,-5.2710843373493965,-8.375819373634375,-18.417639429312583,29.538461538461547,25.120772946859915,41.38602813051593,59.02586166810294,1.0085714285714287,8.017260958437431,15.9,10.7,31.71,8.98,-60.32797224850206,40.08908685968819
2025-03-24,12.58,13.95,12.58,13.7,0,13.610499999999998,14.851600000000001,14.741100000000001,14.342949999999998,0.6575805444326147,-7.75404670203885,-7.062566565588741,-4.482690102105907,8.903020667726548,2.086438152011927,1.7074981440237558,-6.675749318801094,49.289099526066344,37.85310734463276,51.868856622913995,62.35087222785831,1.05,7.664233576642336,15.58,10.7,31.71,8.98,-56.79596341847998,52.561247216035625
2025-03-25,13.7,14.48,13.49,13.64,0,13.565999999999999,14.804400000000001,14.722399999999999,14.327150000000001,0.5454813504349227,-7.865229256167089,-7.352062163777632,-4.79613879941231,-0.4379562043795526,3.2551097653293004,-2.501786990707644,-6.125258086717134,47.743467933491694,41.87500000000001,51.80171555863281,60.04723751475903,1.0614285714285716,7.781734394637621,15.58,10.7,31.71,8.98,-56.985178177231155,51.89309576837417
2025-03-26,13.64,13.92,13.31,13.47,0,13.517500000000002,14.7644,14.7016,14.3101,-0.3513963380802752,-8.767034217441951,-8.377319475431236,-5.870678751371406,-1.2463343108504388,1.2781954887218117,-4.264392324093813,-6.717451523545703,47.63033175355451,41.74454828660437,51.906163598756386,59.68289210312043,1.0314285714285714,7.657227701771132,15.08,10.7,31.71,8.98,-57.521286660359515,50.0
2025-03-27,13.47,13.85,12.98,13.3,0,13.496500000000001,14.7252,14.675600000000001,14.2946,-1.455933019671769,-9.67864613044304,-9.37338166752978,-6.957872203489431,-1.2620638455827726,5.555555555555558,-2.848794740686622,-3.0612244897959218,45.03464203233257,41.23076923076924,49.048871881012985,59.673810539340586,1.0292857142857141,7.738990332975295,14.5,10.7,31.71,8.98,-58.05739514348785,48.10690423162583
2025-03-28,13.3,13.61,12.57,12.72,0,13.466999999999999,14.6702,14.6359,14.28435,-5.546892403653361,-13.293615628962105,-13.090414665309266,-10.951495867855375,-4.360902255639099,1.1128775834658322,-4.216867469879504,-4.432757325319303,41.93548387096774,42.13836477987421,50.34174384667358,60.27929946432368,1.0657142857142856,8.378256963162622,14.5,10.7,31.71,8.98,-59.8864711447493,41.648106904231625
2025-04-01,12.72,14.05,12.72,13.78,0,13.4605,14.630799999999999,14.6125,14.281300000000002,2.3736116786152053,-5.815129726330752,-5.6971770744225925,-3.510184647055956,8.333333333333325,0.5839416058394109,2.682563338301036,-0.9345794392523366,47.97687861271675,53.35235378031383,56.518526105828,63.17366057280343,1.1078571428571427,8.039601907526436,14.5,10.7,31.71,8.98,-56.54367707347839,53.452115812917576
2025-04-02,13.78,14.14,13.51,13.72,0,13.4585,14.5768,14.600999999999999,14.282449999999999,1.9430099936842873,-5.877833269304647,-6.0338332990890935,-3.9380498443894316,-0.4354136429608024,0.5865102639296182,3.860711582134746,-0.29069767441859407,46.61508704061896,48.53168469860896,56.40001825936919,62.34956302091268,1.094285714285714,7.975843398583922,14.5,10.7,31.71,8.98,-56.73289183222958,52.78396436525612
2025-04-03,13.72,14.11,13.41,13.6,0,13.447,14.5076,14.5876,14.28635,1.1378002528445041,-6.256031321514244,-6.770133538073435,-4.804236211488595,-0.8746355685131268,0.9651076466221209,2.2556390977443552,-1.6630513376717282,49.08350305498982,48.757763975155285,56.46250272341068,61.62041039703321,1.092142857142857,8.030462184873949,14.5,10.7,31.71,8.98,-57.111321349731945,51.44766146993317
2025-04-04,13.6,14.25,13.4,13.76,0,13.451500000000001,14.4474,14.580499999999999,14.2903,2.293424525145884,-4.757949527250579,-5.627379033640816,-3.710908798275756,1.17647058823529,3.4586466165413388,9.206349206349218,0.6583760058522348,55.150214592274686,49.46401225114855,56.44978961059456,61.64134610409854,1.102142857142857,8.009759136212624,14.5,10.7,31.71,8.98,-56.6067486597288,53.22939866369709
2025-04-07,13.76,23.19,13.76,22.79,0,13.904500000000002,14.5692,14.6657,14.3357,63.90377216009202,56.425884743156786,55.39660568537472,58.97375084579058,65.625,79.16666666666666,81.16057233704292,65.98689002184994,84.57564575645758,79.6103896103896,239.43242210664351,160.36228587991909,1.717142857142857,7.534632984391651,23.19,10.7,31.71,8.98,-28.12992746767582,153.7861915367483
2025-04-08,22.79,22.79,19.38,20.44,0,14.253,14.643000000000002,14.724200000000002,14.37115,43.40840524801797,39.58888205968721,38.81908694530093,42.22939709069908,-10.311540149188236,48.33091436865023,49.19708029197083,51.744617668893845,73.04015296367115,68.96551724137932,243.7042283711491,162.3578309056183,1.7957142857142858,8.785294939893767,23.19,10.7,31.71,8.98,-35.54083885209713,127.61692650334075
2025-04-09,20.44,21.75,19.7,21.43,0,14.625,14.709000000000001,14.7841,14.4124,46.52991452991453,45.69311306003126,44.95302385671092,48.691404623796174,4.843444227005866,56.19533527696792,57.11143695014662,53.180843459614,74.50271247739603,71.60694896851248,243.77898902428018,161.73427304306745,1.872142857142857,8.736084261049264,23.19,10.7,31.71,8.98,-32.41879533270262,138.641425389755
2025-04-11,21.43,21.43,18.86,20.11,0,14.926999999999998,14.7472,14.8374,14.44265,34.72231526763584,36.364869263317786,35.53587555771226,39.240374861953995,-6.159589360709283,47.867647058823536,49.294729027468435,42.92821606254442,71.81871005229519,65.92091571279917,245.8229598214558,162.46980348701567,1.9992857142857143,9.941748952191519,23.19,10.7,31.71,8.98,-36.581520025228635,123.94209354120265
2025-04-15,20.11,20.11,15.97,16.13,0,15.048999999999998,14.697000000000001,14.846999999999998,14.451749999999999,7.183201541630682,9.750289174661482,8.641476392537223,11.612780459113951,-19.791148682247638,17.223837209302317,21.278195488721785,17.823228634039445,58.38450637694851,54.45501730103806,257.9368129538687,168.71497667001597,2.142142857142857,13.280488884952616,23.19,10.7,31.71,8.98,-49.13276568905708,79.62138084632515
2025-04-16,16.13,16.13,15.12,15.87,0,15.1785,14.6666,14.8491,14.46085,4.555786144875973,8.20503729562406,6.8751641513627035,9.744586244930268,-1.6119032858028515,-30.36419482229048,24.764150943396213,19.50301204819278,55.34219596258002,54.73913043478261,257.64325038048594,168.0373098354425,2.116428571428571,13.33603384643082,23.19,10.7,31.71,8.98,-49.952696310312206,76.72605790645878
2025-04-17,15.87,16.46,15.09,15.47,0,15.281,14.651000000000002,14.843900000000001,14.46745,1.2368300503893728,5.5900621118012355,4.217894219174201,6.929693899063078,-2.520478890989275,-24.315068493150683,12.264150943396235,15.27570789865873,54.430992736077485,54.76294040887343,258.10301999825936,167.4403093250743,2.1435714285714282,13.856311755471417,23.19,10.7,31.71,8.98,-51.214128035320094,72.271714922049
2025-04-21,15.47,16.33,14.22,15.52,0,15.3965,14.679400000000001,14.838099999999999,14.476049999999997,0.8021303543013019,5.726392086870025,4.595601862772193,7.211566691189948,0.3232062055591456,-27.57816145590294,13.119533527696792,17.48675246025737,54.992693619094005,54.58515283842795,257.8752892260808,164.53537787102655,2.2507142857142854,14.50202503681885,23.19,10.7,31.71,8.98,-51.05644906969411,72.82850779510021
2025-04-22,15.52,16.01,14.54,15.23,0,15.493,14.697000000000001,14.8374,14.483049999999999,-1.6975408248886585,3.6265904606382215,2.6460161483817908,5.157408142621906,-1.8685567010309212,-24.26653406265539,11.985294117647062,14.51127819548872,54.67312348668281,54.39512619669278,258.1770720992782,164.60484956425572,2.2935714285714286,15.059562892786793,23.19,10.7,31.71,8.98,-51.97098707032482,69.59910913140311
2025-04-23,15.23,16.52,12.84,15.96,0,15.660999999999998,14.7358,14.843900000000001,14.49465,1.9092012004342191,8.30765889873642,7.518913493084697,10.109592159865887,4.793171372291538,-1.053936763794161,15.988372093023262,26.666666666666682,57.78846153846155,55.630821337849284,257.07354196747826,164.74872743608887,2.482142857142857,15.552273540995346,23.19,10.7,31.71,8.98,-49.668874172185426,77.728285077951
2025-04-24,15.96,16.76,15.55,16.25,0,15.8445,14.779199999999998,14.8601,14.509849999999998,2.5592476884723405,9.951824185341579,9.353234500440784,11.992887590154288,1.8170426065162948,2.394454946439839,-28.696796840719607,29.17329093799681,56.16575137294059,57.86299009047824,256.934039919376,164.76782550873216,2.473571428571429,15.221978021978025,23.19,12.57,31.71,8.98,-48.75433617155472,80.9576837416481
2025-04-25,16.25,17.58,15.92,17.16,0,16.017500000000002,14.8388,14.8796,14.53135,7.132823474324946,15.642774348330049,15.32568079787091,18.089509921652155,5.600000000000005,10.924369747899165,-16.046966731898237,25.25547445255476,58.23754789272031,59.50207468879668,256.065148482025,165.13528079102457,2.5471428571428576,14.843489843489847,23.19,12.57,31.71,8.98,-45.88457899716178,91.09131403118039
2025-04-28,17.16,18.07,16.62,16.94,0,16.1825,14.903799999999999,14.9047,14.552550000000002,4.680982542870386,13.662287470309606,13.655424127959645,16.405715836743383,-1.2820512820512775,9.149484536082486,-20.95193653756415,24.193548387096776,57.95996186844614,56.982758620689665,256.1928013733328,164.91959443184948,2.6007142857142855,15.352504638218923,23.19,12.57,31.71,8.98,-46.57836644591612,88.64142538975501
2025-04-29,16.94,17.59,16.07,17.37,0,16.3775,14.962200000000001,14.931400000000002,14.5714,6.060143489543579,16.092553234150056,16.332025128253207,19.20611609042371,2.5383707201888983,14.05121470781352,-13.625062158130275,28.953229398663694,58.49411764705883,57.912600763682654,255.9010934144338,164.61507887349472,2.648571428571429,15.247964470762401,23.19,12.57,31.71,8.98,-45.22232734153263,93.42984409799556
2025-04-30,17.37,18.56,15.99,18.22,0,16.6235,15.029200000000001,14.9699,14.591099999999999,9.603874033747399,21.23067096053015,21.71089987241062,24.870640321840025,4.893494530800213,14.160401002506262,12.957222566646,36.99248120300751,32.51721499617443,59.79381443298969,255.72021113472476,164.80759849374397,2.1585714285714284,11.84726360357535,23.19,12.57,31.71,8.98,-42.541784925890894,102.89532293986635
2025-05-02,18.22,18.86,17.35,18.26,0,16.9005,15.096400000000001,15.008,14.61025,8.044140705896279,20.95598950743224,21.66844349680172,24.980749816053805,0.2195389681668658,12.369230769230777,15.059861373661022,43.553459119496864,39.869888475836426,60.28192371475954,254.59604574889082,164.80726195220274,2.0228571428571422,11.078078547958063,23.19,12.72,31.71,8.98,-42.41564175339009,103.34075723830736
2025-05-05,18.26,18.8,18.07,18.34,0,17.1285,15.164000000000001,15.046100000000001,14.63195,7.073006976676305,20.94434186230545,21.892051760921426,25.342145100277136,0.4381161007666945,6.876456876456882,18.552036199095024,33.091436865021784,34.31472081218273,61.89669771380187,253.84731649572308,164.8068230237007,1.9285714285714284,10.515656644337124,23.19,12.84,31.71,8.98,-42.163355408388526,104.2316258351893
2025-05-06,18.34,19.3,17.99,19.0,0,17.392500000000002,15.2436,15.0947,14.658299999999999,9.242489578841443,24.642472906662462,25.87199480612401,29.61939651937811,3.598691384950925,12.160566706021235,22.422680412371143,38.48396501457725,43.96082698585419,61.24031007751939,253.65968992894193,164.92154982592297,1.8385714285714283,9.676691729323307,23.19,12.84,31.71,8.98,-40.08199306212551,111.58129175946547
2025-05-07,19.0,19.73,18.37,19.06,0,17.6655,15.3104,15.144200000000001,14.68265,7.893917522855267,24.490542376423864,25.856763645488023,29.81307870173298,0.3157894736842026,9.729418537708678,25.147734734077474,40.147058823529406,77.79886148007594,61.49870801033592,253.48026938645,164.6978689984562,1.64,8.604407135362015,23.19,12.84,31.71,8.98,-39.892778303374335,112.24944320712693
2025-05-08,19.06,21.89,18.15,21.01,0,18.028,15.417200000000001,15.216499999999998,14.716600000000001,16.54093632127803,36.276366655423814,38.073801465514435,42.76395363059402,10.230849947534114,15.31284302963778,31.64160401002507,52.68895348837211,86.92528735632189,64.79041916167665,254.82477235467397,166.02857571096226,1.8349999999999997,8.733936220847212,23.19,12.84,31.71,8.98,-33.7432986439609,133.96436525612472
2025-05-09,21.01,22.75,21.0,21.63,0,17.97,15.5414,15.3001,14.7522,20.36727879799666,39.176650752184486,41.371625022058666,46.62219872290233,2.9509757258448177,18.455640744797353,33.107692307692304,-5.089951733216324,92.89693593314766,65.42532340258722,102.24841340984182,165.9759744198203,1.862142857142857,8.6090746978403,22.79,12.84,31.71,8.98,-31.78807947019868,140.8685968819599
2025-05-12,21.63,21.63,17.21,18.39,0,17.8675,15.615599999999999,15.3521,14.77,2.924303903735838,17.76684853607932,19.78817230216062,24.509140148950586,-14.979195561719827,0.27262813522355156,7.167832167832167,-10.029354207436402,63.83799421407909,38.84381338742393,109.54406413351427,169.37442672446258,2.027142857142857,11.023071545094384,22.75,12.84,31.71,8.98,-42.005676442762535,104.78841870824054
2025-05-13,18.39,18.9,17.89,18.2,0,17.706,15.689,15.403599999999999,14.783800000000001,2.7900146842878106,16.004844158327487,18.154197720013507,23.107726024432136,-1.0331702011963095,-4.210526315789476,7.438016528925617,-15.072328511432575,64.45959104186953,43.62186788154897,107.87019347878784,169.37508984769943,1.994285714285714,10.957613814756671,22.75,12.84,31.71,8.98,-42.60485651214128,102.67260579064586
2025-05-14,18.2,19.24,17.08,17.23,0,17.562,15.7448,15.435699999999999,14.806199999999999,-1.8904452795809175,9.432955642497845,11.62435134137099,16.370169253420876,-5.329670329670321,-9.601259181531995,-0.8059873344847479,-14.321233217304819,56.0418648905804,38.02736602052451,107.3393851830896,169.92059621956298,1.8857142857142855,10.944366138794459,22.75,12.84,31.71,8.98,-45.6638284452854,91.87082405345211
2025-05-15,17.23,17.67,16.72,16.89,0,17.6,15.8082,15.459699999999998,14.831850000000001,-4.034090909090914,6.84328386533572,9.251796606661209,13.876556194945334,-1.9733023795705185,-19.60970966206569,-7.299670691547744,4.711717296962181,53.03030303030303,40.27777777777777,80.12866557279828,169.52725732706185,1.867142857142857,11.05472384335617,22.75,12.84,31.71,8.98,-46.7360454115421,88.08463251670379
2025-05-16,16.89,17.06,16.22,16.55,0,17.634,15.873,15.4815,14.851499999999998,-6.147215606215264,4.265104265104274,6.901786002648323,11.436555230111457,-2.013025458851392,-23.48589921405455,-9.364731653888281,4.284814114681801,46.946946946946944,51.62538699690404,80.27185017713666,169.42753692642566,1.8085714285714283,10.927924039706514,22.75,12.84,31.71,8.98,-47.8082623777988,84.29844097995546
2025-05-19,16.55,17.45,15.83,17.36,0,17.7285,15.942,15.51,14.877049999999999,-2.0785740474377468,8.894743444988078,11.927788523533202,16.689800733344317,4.894259818731106,-5.600870038064176,-5.343511450381677,12.217194570135748,51.98487712665406,55.53080920564217,81.08310918307491,169.47231775703736,1.8207142857142853,10.487985516787358,22.75,12.84,31.71,8.98,-45.25386313465784,93.31848552338529
2025-05-20,17.36,17.66,15.97,17.39,0,17.822,16.014599999999998,15.5332,14.89925,-2.423970373695425,8.58841307307084,11.953750675971465,16.717284427068478,0.1728110599078514,-4.450549450549445,-8.473684210526311,12.048969072164951,50.09823182711198,57.328244274809165,81.09430077651137,169.42099771339406,1.832857142857143,10.539719050357348,22.75,12.84,31.71,8.98,-45.159255755282246,93.65256124721604
2025-05-21,17.39,18.0,17.04,17.55,0,17.938,16.089000000000002,15.573500000000001,14.9226,-2.163005909242938,9.080738392690648,12.691430956432399,17.606851352981394,0.9200690051753835,1.8572257690075533,-7.922350472193063,15.23309258043335,46.46996838777661,57.683573050719154,80.52531371990136,169.41848911122386,1.717857142857143,9.78835978835979,22.75,12.84,31.71,8.98,-44.65468306527909,95.43429844097996
2025-05-22,17.55,18.2,16.71,17.26,0,18.003,16.1608,15.6143,14.942649999999999,-4.127089929456194,6.801643482995913,10.539697584906154,15.508293375003785,-1.6524216524216429,2.1906453522794633,-17.848643503093765,8.1453634085213,44.86652977412731,57.683573050719154,79.5717542422447,169.45336937361319,1.7164285714285714,9.944545605032278,22.75,15.55,31.71,8.98,-45.5692210659098,92.20489977728286
2025-05-23,17.26,17.52,15.49,17.28,0,18.0545,16.2318,15.646700000000001,14.964400000000001,-4.2897892492176455,6.457694155916173,10.438622840598978,15.474058432011972,0.11587485515642815,4.410876132930519,-20.11095700416088,6.338461538461537,44.52479338842976,55.28,79.43194461143393,169.45953487775685,1.8092857142857142,10.470403439153438,22.75,15.49,31.71,8.98,-45.50614947965941,92.42761692650335
2025-05-26,17.28,18.41,16.06,18.02,0,18.0975,16.3228,15.6945,14.982899999999999,-0.4282359441911898,10.397725880363655,14.817292682149796,20.270441636799287,4.282407407407396,3.801843317972353,-2.0119630233822794,5.011655011655014,44.979508196721305,56.83397683397683,78.42612745182002,169.5025594472429,1.8835714285714285,10.452671634691612,22.75,15.49,31.71,8.98,-43.17250078839483,100.66815144766146
2025-05-27,18.02,19.19,17.42,18.54,0,18.177500000000002,16.413800000000002,15.7402,14.97375,1.9942236281116608,12.953734053052901,17.78757576142615,23.816679188580004,2.885682574916748,6.612995974698088,1.8681318681318615,9.445100354191261,47.455968688845395,55.49363057324841,78.65992563262304,169.43285985986975,1.912857142857143,10.317460317460318,22.75,15.49,31.71,8.98,-41.53263954588458,106.45879732739418
2025-05-28,18.54,19.04,17.88,18.02,0,18.21,16.4928,15.7759,14.970149999999999,-1.04338275672708,9.25979821497866,14.224861973009462,20.372875355290372,-2.8047464940668787,2.678062678062676,4.585026117237367,3.742084052964878,32.99203640500566,54.19906687402799,79.17484557293038,169.64690488926945,1.7285714285714282,9.592516251783731,22.75,15.49,31.71,8.98,-43.17250078839483,100.66815144766146
2025-05-29,18.02,18.02,16.21,16.42,0,18.12,16.5474,15.795,14.971400000000001,-9.381898454746132,-0.7699094721829288,3.956948401392857,9.67578182401112,-8.879023307436174,-4.866743916570105,-2.7827116637063276,-9.879253567508217,23.336745138178088,46.6143977191732,83.5638799673368,170.89115211129013,1.7328571428571427,10.55333217330781,22.75,15.49,31.71,8.98,-48.21822768842636,82.85077951002228
2025-05-30,16.42,16.55,15.29,16.08,0,18.011000000000003,16.6034,15.818399999999999,14.968799999999998,-10.721225917494888,-3.152366382789081,1.6537702928235447,7.4234407567740925,-2.0706455542022106,-6.944444444444464,-2.8398791540785617,-11.938663745892676,33.18777292576418,42.08579881656804,83.7404699577479,170.79772635369645,1.5071428571428573,9.372778962331203,22.75,15.29,31.71,8.98,-49.29044465468307,79.06458797327392
2025-06-02,16.08,17.73,16.08,17.16,0,17.952,16.6782,15.8546,14.977900000000002,-4.411764705882361,2.8888009497427767,8.233572590919989,14.56879802909619,6.7164179104477695,-4.772475027746948,-1.1520737327188946,-6.434023991275895,43.29896907216495,46.22252747252747,87.5486715256681,171.307464385302,1.552857142857143,9.049284049284049,22.75,15.29,31.71,8.98,-45.88457899716178,91.09131403118039
2025-06-03,17.16,17.73,16.26,16.56,0,17.830000000000002,16.7452,15.8637,14.981349999999999,-7.122826696578817,-1.1059885818025572,4.389266060250755,10.537434877364188,-3.4965034965035002,-10.679611650485443,-4.772857964347333,-12.8421052631579,45.466847090663045,44.09814323607427,87.10572799592249,171.50794137457473,1.5035714285714288,9.07953761214631,22.75,15.29,31.71,8.98,-47.77672658467361,84.40979955456568
2025-06-04,16.56,17.06,15.63,15.75,0,17.664499999999997,16.7942,15.874600000000001,14.979250000000002,-10.838121656429546,-6.217622750711556,-0.7849016668136578,5.145451207503698,-4.891304347826075,-12.597114317425085,-10.256410256410264,-17.366211962224554,42.74809160305343,39.33026920551542,88.38102255722927,172.00157181276455,1.5378571428571426,9.764172335600906,22.75,15.29,31.71,8.98,-50.331125827814574,75.38975501113585
2025-06-05,15.75,15.93,14.98,15.08,0,17.368000000000002,16.843799999999998,15.880700000000001,14.977450000000001,-13.173652694610787,-10.471508804426543,-5.041969182718651,0.684695992976101,-4.253968253968255,-8.160779537149832,-12.63035921205099,-28.22465492622561,41.02564102564102,37.436868686868685,78.85004725842164,171.83352858601847,1.5457142857142856,10.250094732853352,22.75,14.98,31.71,8.98,-52.44402396720278,67.92873051224943
2025-06-06,15.08,15.61,14.37,14.63,0,17.018,16.8848,15.8804,14.978600000000002,-14.032201198730753,-13.354022552828567,-7.8738570816855935,-2.327320310309382,-2.984084880636595,-9.017412935323366,-15.33564814814815,-32.36245954692556,32.56704980842913,27.75453277545327,77.18142256167825,172.03305669582247,1.5185714285714285,10.37984571819158,21.63,14.37,31.71,8.98,-53.86313465783664,62.917594654788424
2025-06-09,14.63,15.52,14.63,14.69,0,16.833000000000002,16.904600000000002,15.8781,14.980449999999998,-12.730945167231047,-13.100576174532389,-7.482633312549993,-1.9388603146100292,0.41011619958988277,-14.393939393939393,-18.479467258601556,-20.11963023382274,32.824427480916015,24.818577648766322,59.73802548084725,171.01952829337762,1.4614285714285713,9.948458621024994,19.24,14.37,31.71,8.98,-53.67391989908546,63.58574610244988
2025-06-10,14.69,14.74,13.93,14.02,0,16.624000000000002,16.9122,15.8583,14.98145,-15.664100096246406,-17.101264176156853,-11.592036977481825,-6.417603102503436,-4.560925799863858,-15.338164251207731,-24.379719525350595,-22.967032967032964,28.91278375149342,30.50847457627117,61.02407993585175,171.3972207788525,1.4507142857142854,10.347462808233136,19.24,13.93,26.93,8.98,-47.93910137393242,56.124721603563465
2025-06-11,14.02,14.16,13.56,13.67,0,16.446,16.9162,15.840300000000003,14.983149999999998,-16.87948437309985,-19.189888982159115,-13.701129397801825,-8.764178427099766,-2.4964336661911557,-13.206349206349211,-24.13984461709212,-20.66163668020894,28.706998813760364,30.07915567282322,59.30125297755118,171.486015587349,1.387142857142857,10.147350820357403,19.19,13.56,23.19,8.98,-41.05217766278569,52.227171492204896
2025-06-12,13.67,14.27,13.13,14.02,0,16.302500000000002,16.9306,15.8279,14.988249999999999,-14.000920104278498,-17.191357660094734,-11.422235419733509,-6.460060380631491,2.560351133869787,-7.029177718832891,-14.616321559074308,-16.99230313795146,31.39269406392694,35.06976744186046,60.56949018552847,171.50056786572824,1.3235714285714286,9.440595068269818,19.19,13.13,23.19,8.98,-39.54290642518327,56.124721603563465
2025-06-13,14.02,15.98,14.02,15.08,0,16.229000000000003,16.9778,15.824000000000002,14.9959,-7.079918664119801,-11.178126730200606,-4.701718907987876,0.5608199574550337,7.560627674750364,3.0758714969241208,-6.218905472636804,-8.882175226586108,33.81057268722466,42.10985178727114,67.30528750679885,171.82923145090055,1.2957142857142858,8.592269799166353,19.19,13.13,23.19,8.98,-34.97197067701595,67.92873051224943
2025-06-16,15.08,15.47,14.55,14.84,0,16.103,16.999000000000002,15.8149,15.0011,-7.843259020058384,-12.700747102770766,-6.164439863672865,-1.0739212457753056,-1.5915119363395291,1.0211027910143056,-13.519813519813518,-14.516129032258062,28.977272727272734,42.480211081794195,64.44273866991345,171.03387463349856,1.2349999999999997,8.32210242587601,19.19,13.13,23.19,8.98,-36.006899525657616,65.25612472160356
2025-06-17,14.84,15.02,14.3,14.4,0,15.9535,17.0126,15.7947,15.004950000000001,-9.737675118312595,-15.35685315589621,-8.830177211343047,-4.031669549048817,-2.96495956873315,2.710413694721825,-13.043478260869556,-17.193789534215064,29.243119266055047,36.54545454545455,64.83853771987515,171.20684547030726,1.203571428571428,8.358134920634917,19.19,13.13,23.19,8.98,-37.904269081500644,60.35634743875278
2025-06-18,14.4,14.82,14.11,14.28,0,15.790000000000001,17.0262,15.7669,15.0066,-9.563014566181137,-16.12925961165733,-9.43051582746133,-4.841869577385959,-0.8333333333333415,4.462326261887339,-9.333333333333337,-18.632478632478644,35.22099447513811,35.978358881875565,64.4979999765856,171.20510336337523,1.1249999999999998,7.8781512605042,19.19,13.13,23.19,8.98,-38.42173350582148,59.020044543429826
2025-06-19,14.28,14.37,13.74,14.26,0,15.64,17.036199999999997,15.741800000000001,15.00895,-8.82352941176471,-16.29588758056373,-9.41315478534857,-4.990022619836835,-0.1400560224089631,1.711840228245376,-5.437665782493372,-17.381228273464664,36.84971098265897,34.97716894977168,64.50215827310683,171.20586319084543,1.0799999999999996,7.573632538569422,19.19,13.13,23.19,8.98,-38.50797757654162,58.79732739420934
2025-06-20,14.26,14.26,13.32,13.67,0,15.4595,16.8538,15.711500000000001,15.01035,-11.575406707849545,-18.890695273469483,-12.993667059160494,-8.929505308004149,-4.137447405329597,-9.3501326259947,-6.5618591934381465,-20.89120370370371,22.861586314152404,34.04444444444444,65.39906255492298,84.41946250999455,1.0292857142857137,7.529522416135433,19.19,13.13,23.19,8.98,-41.05217766278569,52.227171492204896
2025-06-23,13.67,14.52,13.66,14.05,0,15.261000000000001,16.726,15.6845,15.010300000000003,-7.935259812594196,-15.999043405476495,-10.421116388791477,-6.397606976542786,2.7798098024871987,-5.32345013477088,-4.356705241660985,-22.031076581576027,29.790660225442835,36.08957795004306,63.96538707255862,81.9707994293509,0.9857142857142852,7.015760040671069,19.19,13.13,23.19,8.98,-39.41354031910306,56.45879732739421
2025-06-24,14.05,14.34,13.31,13.64,0,15.016,16.5702,15.6396,15.009300000000001,-9.16355887053809,-17.683552401298712,-12.785493235121098,-9.123010400218536,-2.918149466192177,-5.277777777777781,-2.710413694721814,-26.42934196332254,31.841652323580035,30.585106382978736,62.39556809973435,81.16361329580617,0.9571428571428567,7.017176372015078,19.04,13.13,23.19,8.98,-41.18154376886589,51.89309576837417
2025-06-25,13.64,13.64,12.9,12.96,0,14.763,16.4272,15.587199999999998,15.0022,-12.212964844543786,-21.106457582546014,-16.854855265859147,-13.612670141712544,-4.985337243401755,-9.243697478991585,-5.193855157278704,-28.079911209766916,31.78694158075602,25.61188811188812,63.494050916597544,80.80419783222473,0.9421428571428568,7.269620811287475,18.02,12.9,23.19,8.98,-44.113842173350584,44.32071269487751
2025-06-26,12.96,13.33,12.52,12.59,0,14.5715,16.3564,15.5267,14.994099999999998,-13.59846275263357,-23.027071971827546,-18.913870944888483,-16.03363989836001,-2.8549382716049454,-11.711079943899016,-10.199714693295292,-23.32521315468942,32.22996515679441,25.952170062001784,57.610747513649954,68.23780114803142,0.9114285714285711,7.239305571315101,17.73,12.52,23.19,8.98,-45.70935748167314,40.20044543429843
2025-06-27,12.59,12.92,12.32,12.39,0,14.387,16.2868,15.4767,14.97995,-13.880586640717313,-23.92612422329739,-19.944174145651196,-17.289443556220146,-1.5885623510722757,-9.363569861009502,-17.83819628647214,-22.947761194029837,30.442176870748312,29.62588473205257,57.54589091186958,68.23569319200091,0.8907142857142855,7.188977285829584,17.73,12.32,23.19,8.98,-46.57179818887451,37.97327394209354
2025-06-30,12.39,13.03,12.39,12.79,0,14.168499999999998,16.2332,15.442099999999998,14.9727,-9.72932914563997,-21.210851834511992,-17.17447756457994,-14.577865047720188,3.2284100080710143,-8.96797153024912,-13.814016172506749,-25.466200466200473,39.037433155080215,33.46733668341709,52.24236382425171,68.53754697219772,0.8785714285714282,6.869205852786774,17.73,12.32,23.19,8.98,-44.846916774471765,42.427616926503326
2025-07-01,12.79,12.99,12.44,12.53,0,13.966999999999999,16.1734,15.426400000000001,14.96855,-10.288537266413686,-22.52711241915739,-18.775605455582646,-16.29115712610775,-2.0328381548084473,-8.137829912023465,-12.986111111111121,-24.33574879227053,39.67391304347826,24.644030668127044,51.72201433354735,68.63374388385444,0.8749999999999998,6.983240223463685,17.06,12.32,23.19,8.98,-45.968089693833555,39.53229398663696
2025-07-02,12.53,12.66,12.34,12.45,0,13.802000000000001,16.1178,15.4074,14.962650000000002,-9.79568178524853,-22.756207422849272,-19.194672689746493,-16.79281410712676,-0.6384676775738285,-3.935185185185197,-12.815126050420167,-20.952380952380956,35.04761904761905,26.13240418118467,50.01832897740438,68.54778975585702,0.8164285714285713,6.557659208261617,15.98,12.32,23.19,8.98,-46.31306597671411,38.641425389755
2025-07-03,12.45,12.66,12.19,12.39,0,13.667499999999999,16.046400000000002,15.3911,14.9587,-9.346991037131868,-22.786419383787024,-19.498931200498983,-17.17194676007942,-0.48192771084336616,-1.5885623510722757,-13.113604488078535,-17.83819628647214,18.35294117647058,28.62595419847328,48.6594147811057,67.54403851146172,0.7099999999999999,5.730427764326068,15.98,12.19,23.19,8.98,-46.57179818887451,37.97327394209354
2025-07-04,12.39,12.7,12.24,12.32,0,13.551999999999998,15.967800000000002,15.3735,14.957550000000001,-9.090909090909074,-22.844725009080786,-19.862100367515527,-17.63356966882946,-0.5649717514124353,-0.5649717514124353,-9.875640087783466,-15.789473684210531,19.117647058823522,30.991735537190067,48.06129169347844,67.35067295034693,0.6771428571428569,5.496289424860851,15.98,12.19,23.19,8.98,-46.873652436395,37.19376391982182
2025-07-07,12.32,12.79,11.94,12.56,0,13.4455,15.8758,15.357299999999999,14.95805,-6.585846565765488,-20.885876617241333,-18.214790360284674,-16.031835700509088,1.9480519480519431,-1.7982799061766919,-10.6049822064057,-14.499659632402984,26.288659793814432,35.31914893617021,48.88321332220101,66.14838407923382,0.6864285714285713,5.465195632393083,15.98,11.94,23.19,8.98,-45.83872358775334,39.8663697104677
2025-07-08,12.56,12.71,12.06,12.2,0,13.354500000000002,15.781,15.3424,14.9561,-8.645026021191375,-22.691844623281167,-20.481802064865995,-18.427932415536137,-2.866242038216571,-2.6336791699920203,-10.55718475073315,-12.981455064194014,24.75728155339806,33.06122448979592,47.474139400046425,66.33568423672038,0.6821428571428569,5.591334894613582,15.98,11.94,23.19,8.98,-47.39111686071583,35.857461024498875
2025-07-09,12.2,12.36,11.75,11.94,0,13.268,15.6724,15.3173,14.94895,-10.009044317154062,-23.81511446874761,-22.04892507165101,-20.128169536990896,-2.1311475409836023,-4.096385542168668,-7.870370370370383,-12.655449890270665,23.394495412844023,35.014409221902014,47.303197409973826,66.03909532991935,0.6807142857142855,5.701124670973916,15.98,11.75,23.19,8.98,-48.51228978007762,32.9621380846325
2025-07-10,11.94,12.19,11.61,11.67,0,13.1505,15.5414,15.2853,14.94495,-11.25812706741188,-24.910239746740963,-23.652136366312728,-21.91342225969308,-2.2613065326633097,-5.811138014527851,-7.307386814932482,-16.761768901569184,25.247524752475243,35.42274052478135,46.06665785231574,64.88785196308942,0.6549999999999999,5.612682090831191,15.98,11.61,23.19,8.98,-49.676584734799484,29.955456570155896
2025-07-11,11.67,12.12,11.54,11.82,0,12.9875,15.4126,15.2545,14.940100000000003,-8.989412897016365,-23.309500019464586,-22.514667802943393,-20.884063694352793,1.285347043701801,-4.058441558441562,-4.600484261501214,-21.618037135278513,20.734908136482915,33.48348348348348,34.84727992350681,65.01826615127797,0.6349999999999999,5.3722504230118435,15.47,11.54,23.19,8.98,-49.02975420439845,31.625835189309576
2025-07-14,11.82,12.42,11.82,11.98,0,12.8445,15.2854,15.2247,14.931049999999997,-6.7305072209895265,-21.62455676658772,-21.312078398917546,-19.76451756574385,1.3536379018612488,-4.617834394904463,-6.333072713057064,-19.272237196765495,26.68539325842697,23.09027777777777,35.94522899555423,65.13901874264961,0.6042857142857142,5.044121154304793,15.02,11.54,23.19,8.98,-48.33980163863734,33.4075723830735
2025-07-15,11.98,12.03,11.41,11.48,0,12.6985,15.135,15.189300000000001,14.921499999999998,-9.595621530101972,-24.149322761810367,-24.42048020646113,-23.06403511711288,-4.1736227045075065,-5.901639344262288,-8.37988826815642,-20.27777777777777,28.10650887573962,22.09302325581396,37.04289631879963,64.79801857881229,0.5957142857142855,5.189148830263811,14.82,11.41,23.19,8.98,-50.4959034066408,27.839643652561247
2025-07-16,11.48,11.67,11.2,11.24,0,12.5465,14.978600000000002,15.1445,14.914000000000001,-10.413262662894033,-24.959609042233595,-25.781636897883725,-24.634571543516167,-2.0905923344947785,-5.862646566164154,-9.718875502008029,-21.288515406162457,29.23076923076924,22.852233676975942,37.191097142182485,64.78730372957617,0.5714285714285713,5.083884087442804,14.52,11.2,23.19,8.98,-51.530832255282455,25.167037861915365
2025-07-17,11.24,11.54,10.73,11.24,0,12.3955,14.7832,15.1002,14.9102,-9.321931346053002,-23.967747172466044,-25.563899815896473,-24.615363979021073,0.0,-3.6846615252784876,-9.281678773204193,-21.178120617110796,31.147540983606547,23.33333333333333,37.24549903118314,59.55254921871354,0.5864285714285712,5.217336044738178,14.52,10.73,23.19,8.98,-51.530832255282455,25.167037861915365
2025-07-18,11.24,11.86,9.9,11.39,0,12.281500000000001,14.578400000000002,15.0599,14.907350000000001,-7.258885315311652,-21.870712835427764,-24.36868770708969,-23.59473682445237,1.3345195729537407,-3.637901861252113,-7.5487012987013,-16.67885881492318,25.00000000000003,25.385934819897088,36.494054221876034,59.0857176649241,0.6807142857142855,5.976420418913832,14.52,9.9,23.19,8.98,-50.884001724881415,26.83741648106904
2025-07-21,11.39,11.94,11.09,11.2,0,12.139,14.4346,15.0251,14.8994,-7.735398302990363,-22.408656976985856,-25.458066834829722,-24.829187752526952,-1.6681299385425952,-6.510851419031727,-10.828025477707016,-20.28469750889681,25.64102564102565,27.255985267034987,33.89602886085265,49.98186466518225,0.7021428571428568,6.269132653061223,14.34,9.9,23.19,8.98,-51.70332039672273,24.721603563474375
2025-07-22,11.2,11.23,10.69,10.75,0,11.994499999999999,14.285599999999999,14.9873,14.8932,-10.375588811538611,-24.749397995183955,-28.272604138170315,-27.81940751483899,-4.01785714285714,-6.358885017421612,-11.88524590163934,-21.18768328445748,22.580645161290334,20.0,34.8864051239804,50.45788120334444,0.7178571428571426,6.677740863787374,13.64,9.9,23.19,8.98,-53.64381198792584,19.710467706013358
2025-07-23,10.75,10.75,10.22,10.52,0,11.8725,14.151399999999999,14.9481,14.87995,-11.391871973046964,-25.66106533629181,-29.623162809989235,-29.300837704427767,-2.1395348837209394,-6.4056939501779375,-11.892797319933003,-18.827160493827165,21.406727828746185,20.67669172932331,32.09916680663772,49.549517982101214,0.7221428571428569,6.864475828354152,13.33,9.9,23.19,8.98,-54.63561880120742,17.14922048997772
2025-07-24,10.52,11.11,9.87,10.72,0,11.779,14.027999999999999,14.918099999999999,14.862900000000002,-8.990576449613712,-23.58140861134872,-28.140983101065142,-27.87410263138419,1.9011406844106515,-4.62633451957295,-8.140531276778063,-14.853057982525808,26.470588235294144,26.859504132231407,32.91842617876403,49.893899165104685,0.7778571428571427,7.256130063965884,13.03,9.87,23.19,8.98,-53.773178094006035,19.376391982182632
2025-07-25,10.72,11.58,10.61,11.28,0,11.7235,13.9226,14.8978,14.843899999999998,-3.7829999573506226,-18.980650165917286,-24.284122487884122,-24.009188959774715,5.223880597014907,-0.9657594381036083,-4.5685279187817285,-8.9588377723971,32.795698924731184,36.97813121272365,39.016707186455434,51.64577674017528,0.7864285714285713,6.971884498480242,13.03,9.87,23.19,8.98,-51.35834411384218,25.612472160356337
2025-07-28,11.28,12.23,10.33,12.06,0,11.687000000000001,13.816600000000001,14.879299999999999,14.83125,3.191580388465811,-12.713692225294215,-18.94779996370796,-18.68520859671302,6.914893617021289,7.678571428571446,0.6677796327211993,-5.707584050039083,48.30917874396137,47.05882352941176,45.30152498882784,52.95641584853777,0.8757142857142856,7.261312485193081,12.99,9.87,23.19,8.98,-47.994825355756795,34.29844097995546
2025-07-29,12.06,12.3,11.4,11.53,0,11.637,13.6994,14.857000000000001,14.8183,-0.9194809658846876,-15.835730031972211,-22.393484552736094,-22.19080461321475,-4.394693200663358,7.255813953488377,0.435540069686402,-7.98084596967279,45.3514739229025,39.024390243902445,47.263973607668035,53.57106815665402,0.8964285714285714,7.7747491017222154,12.79,9.87,23.19,8.98,-50.28029322984045,28.396436525612458
2025-07-30,11.53,11.78,10.61,11.21,0,11.575,13.5726,14.8308,14.806850000000003,-3.153347732181412,-17.407129068859312,-24.4140572322464,-24.291797377565118,-2.7753686036426584,6.5589353612167445,-0.2669039145907437,-9.959839357429711,44.84304932735427,38.62068965517243,48.025483360433356,53.616390176957374,0.9385714285714285,8.37262648145788,12.79,9.87,23.19,8.98,-51.66019836136265,24.832962138084635
2025-07-31,11.21,12.12,11.21,11.54,0,11.5325,13.4582,14.8095,14.79845,0.0650336006936788,-14.253020463360633,-22.07704513994396,-22.018860083319545,2.943800178412115,7.649253731343264,2.669039145907459,-6.860371267150944,46.982758620689644,42.4793388429752,49.53946313382507,54.24601010354804,0.962142857142857,8.337459767269124,12.79,9.87,23.19,8.98,-50.23717119448039,28.5077951002227
2025-08-01,11.54,12.11,11.4,11.98,0,11.5155,13.3522,14.791999999999998,14.79335,4.033693717163832,-10.276958104282437,-19.010275824770133,-19.017666721871652,3.812824956672456,6.205673758865249,5.179982440737496,-2.759740259740262,50.0,46.81181959564541,51.63238376766155,55.17466920270435,0.9699999999999998,8.096828046744573,12.79,9.87,23.19,8.98,-48.33980163863734,33.4075723830735
2025-08-04,11.98,12.63,11.8,11.97,0,11.486,13.231200000000001,14.776999999999997,14.7882,4.213825526728191,-9.532015236713226,-18.995736617716705,-19.057086055097976,-0.08347245409014992,-0.7462686567164201,6.875000000000009,-4.697452229299359,55.53047404063205,47.252747252747255,51.06931603161999,54.017361811224305,0.9849999999999998,8.228905597326648,12.71,9.87,23.19,8.98,-48.38292367399741,33.29621380846326
2025-08-05,11.97,12.18,11.64,11.71,0,11.461500000000001,13.094599999999998,14.754199999999999,14.781500000000001,2.168128080966714,-10.573824324530703,-20.632768974258166,-20.779352569089742,-2.172096908939014,1.5611448395490113,8.93023255813954,-4.016393442622935,55.2808988764045,43.34898278560251,50.644818442374614,53.45312287592968,0.9899999999999997,8.454312553373182,12.63,9.87,23.19,8.98,-49.5040965933592,30.400890868596885
2025-08-06,11.71,12.05,10.66,11.96,0,11.4625,12.9734,14.7331,14.77435,4.340239912759001,-7.811367875807414,-18.82224379119126,-19.04889216784494,2.1349274124679685,6.690454950936653,13.688212927756659,0.16750418760469454,57.65957446808512,48.0891719745223,50.703022491948765,53.678443718652304,1.0314285714285714,8.623984710941231,12.63,9.87,23.19,8.98,-48.42604570935748,33.184855233853014
2025-08-07,11.96,12.31,11.56,11.69,0,11.4635,12.878800000000002,14.713099999999999,14.7676,1.9758363501548366,-9.230673665248332,-20.54699553459162,-20.840217774045886,-2.2575250836120553,1.299826689774708,9.048507462686551,0.1713796058268935,53.112033195020736,48.012718600953896,50.70073159430654,50.49189128656179,0.945,8.08383233532934,12.63,9.87,23.19,8.98,-49.59034066407935,30.178173719376378
2025-08-08,11.69,12.2,10.9,12.03,0,11.474,12.7978,14.7006,14.75895,4.845738190691992,-5.999468658675719,-18.166605444675728,-18.490136493449743,2.9084687767322537,0.4173622704507496,6.64893617021276,1.7766497461928932,58.35010060362173,52.83018867924528,51.54282940783237,50.99516432377429,0.977142857142857,8.122550765942286,12.63,9.87,23.19,8.98,-48.12419146183701,33.96436525612471
2025-08-11,12.03,12.73,12.03,12.22,0,11.486,12.699000000000002,14.688600000000001,14.748050000000001,6.390388298798537,-3.771950547287195,-16.806230682297837,-17.141588209966745,1.5793848711554537,2.088554720133673,1.3266998341625147,2.003338898163598,65.60509554140128,53.125,51.619631378651064,48.48396799367635,0.9885714285714284,8.089782557867663,12.73,9.87,23.19,8.98,-47.30487278999569,36.08017817371938
2025-08-12,12.22,12.42,11.6,12.23,0,11.5235,12.612400000000001,14.6788,14.7361,6.130949798238383,-3.0319368240778957,-16.6825626072976,-17.006534971939658,0.08183306055646877,4.440649017933396,6.0711188204683575,6.5331010452961635,69.04231625835189,52.0,49.03884964785452,48.06012273968478,1.0092857142857141,8.252540591052446,12.73,9.87,23.19,8.98,-47.26175075463562,36.191536748329625
2025-08-13,12.23,12.35,10.78,12.14,0,11.5685,12.5402,14.667200000000001,14.726949999999999,4.940139171024768,-3.1913366612972673,-17.230282535180542,-17.5660948125715,-0.7358953393295176,1.5050167224080147,8.296164139161455,8.007117437722421,66.21004566210044,55.650684931506845,48.371526816744165,47.02837261674294,1.0328571428571427,8.507884208048951,12.73,9.87,23.19,8.98,-47.649849072876236,35.18930957683742
2025-08-14,12.14,12.47,11.47,12.36,0,11.624500000000001,12.4858,14.6648,14.7156,6.327153856079816,-1.0075445706322377,-15.71654574218537,-16.00750224251815,1.812191103789118,5.731394354148844,7.105719237435015,9.964412811387891,63.36633663366336,59.62199312714775,48.585331477432796,46.49136854906378,1.035,8.373786407766989,12.73,9.87,23.19,8.98,-46.70116429495473,37.63919821826279
2025-08-18,12.36,13.47,11.75,12.34,0,11.672,12.44,14.6624,14.70585,5.723098012337211,-0.8038585209003187,-15.839153208206024,-16.087815393193868,-0.16181229773462036,2.5768911055694232,3.005008347245397,8.340649692712908,54.26829268292682,59.41780821917808,48.54299568576427,46.10078225812984,1.022142857142857,8.283167399861078,13.47,9.87,23.19,8.98,-46.787408365674864,37.416481069042305
2025-08-19,12.34,12.34,11.76,11.79,0,11.7015,12.382,14.6433,14.6922,0.7563132931675409,-4.781133904054276,-19.485361906127725,-19.75333850614612,-4.457050243111837,-3.518821603928002,-1.5037593984962516,5.267857142857135,53.93939393939393,53.2051282051282,51.09580047166153,47.00192902861669,0.9992857142857142,8.47570580395008,13.47,9.87,23.19,8.98,-49.15912031047866,31.291759465478826
2025-08-20,11.79,11.99,10.19,11.79,0,11.753499999999999,12.3374,14.6248,14.6736,0.31054579486961503,-4.43691539546421,-19.38351293692906,-19.65161923454368,0.0,-3.5977105478332105,0.6831767719897464,9.674418604651148,59.73154362416105,54.876033057851245,48.511474419666015,46.028778108754516,1.0442857142857143,8.857385193263056,13.47,9.87,23.19,8.98,-49.15912031047866,31.291759465478826
2025-08-21,11.79,11.89,10.09,11.37,0,11.796,12.291400000000001,14.603800000000001,14.6527,-3.6113936927772143,-7.496298224775061,-22.14355167833031,-22.403379581920056,-3.562340966921118,-6.342668863261958,-4.93311036789299,8.079847908745252,47.23127035830619,55.14950166112956,49.78702198127906,46.35084071304751,1.1078571428571429,9.74368639276291,13.47,9.87,23.19,8.98,-50.970245795601556,26.61469933184854
2025-08-22,11.37,11.79,10.7,11.73,0,11.8465,12.245600000000001,14.588099999999999,14.63185,-0.9834128223525958,-4.210491931795918,-19.591996216093932,-19.832420370629823,3.16622691292876,-5.097087378640774,0.34217279726262984,9.421641791044767,45.81939799331104,59.83739837398374,50.47862953077954,46.56436434098003,1.1350000000000002,9.67604433077579,13.47,10.09,23.19,8.98,-49.41785252263907,30.62360801781737
2025-08-25,11.73,12.35,11.55,11.76,0,11.8705,12.179200000000002,14.578500000000002,14.607199999999999,-0.930879069963355,-3.441933788754612,-19.33326473917071,-19.49175748945725,0.2557544757033181,-4.700162074554292,-2.244389027431415,4.255319148936176,46.51162790697673,58.69565217391303,47.29062498617991,42.959245006824126,1.132857142857143,9.633138969873665,13.47,10.09,23.19,8.98,-49.28848641655886,30.9576837416481
2025-08-26,11.76,12.55,10.93,12.19,0,11.876999999999999,12.126199999999999,14.5626,14.587549999999998,2.635345625999837,0.526133496066373,-16.292420309560107,-16.43559062351114,3.656462585034004,3.3927056827820268,-0.24549918166940632,1.0779436152570376,57.547169811320735,57.77777777777777,42.35741955774121,43.854804287156135,1.2100000000000004,9.926168990976214,13.47,10.09,23.19,8.98,-47.4342388960759,35.746102449888625
2025-08-28,12.19,13.15,11.58,12.18,0,11.9095,12.081800000000001,14.5472,14.574100000000001,2.271296024182377,0.8127927957754515,-16.27254729432468,-16.4270864067078,-0.08203445447088065,3.30788804071247,-0.40883074407196407,5.637467476149172,53.741496598639436,51.18110236220471,38.932393510995894,43.448249121096815,1.222857142857143,10.039878020173589,13.47,10.09,23.19,8.98,-47.47736093143597,35.63474387527839
2025-08-29,12.18,12.2,11.59,11.75,0,11.9365,12.031200000000002,14.528699999999999,14.558150000000001,-1.5624345494910614,-2.3372564665203956,-19.12559279219751,-19.289195399140695,-3.530377668308704,3.3421284080914715,-3.2125205930807255,4.817127564674384,50.96774193548388,52.20883534136547,39.80666273639322,44.03714874783718,1.212857142857143,10.322188449848026,13.47,10.09,23.19,8.98,-49.33160845191893,30.846325167037858
2025-09-01,11.75,12.2,11.24,11.29,0,11.924,11.9718,14.503999999999998,14.542250000000001,-5.317007715531704,-5.695050034247155,-22.15940430226144,-22.36414585088278,-3.9148936170212867,-3.7510656436487766,-8.656957928802589,-2.166377816291165,38.50931677018634,50.78124999999998,41.109731570212546,44.75345920359495,1.1885714285714286,10.527647728710617,13.47,10.09,23.19,8.98,-51.315222078482115,25.72383073496658
2025-09-02,11.29,11.78,10.78,11.4,0,11.895,11.9264,14.3901,14.527900000000002,-4.1614123581336635,-4.413737590555397,-20.778868805637206,-21.530296877043494,0.9743135518157864,-3.0612244897959107,-7.617504051863855,-4.841402337228717,36.94267515923566,48.57142857142859,38.7118748876871,44.03960633563021,1.2100000000000002,10.6140350877193,13.47,10.09,23.19,8.98,-50.840879689521344,26.948775055679285
2025-09-03,11.4,11.58,10.85,10.93,0,11.843,11.864,14.295,14.5096,-7.709195305243606,-7.872555630478767,-23.53969919552291,-24.67056293764129,-4.122807017543861,-10.336341263330596,-7.294317217981339,-8.688387635756067,31.944444444444443,39.350912778904664,41.10510385000305,44.26277977242471,1.2035714285714287,11.01163246634427,13.47,10.09,23.19,8.98,-52.8676153514446,21.714922048997764
2025-09-04,10.93,11.24,10.49,10.85,0,11.8,11.8082,14.189199999999998,14.48665,-8.050847457627128,-8.114699954269065,-23.533391593606396,-25.103457321050758,-0.7319304666056681,-10.919540229885062,-7.972858354537737,-7.344150298889851,32.033426183844014,38.8,40.60641456977178,43.909830055056375,1.145,10.55299539170507,13.47,10.09,23.19,8.98,-53.21259163432514,20.824053452115805
2025-09-05,10.85,11.44,9.95,10.78,0,11.741000000000001,11.7646,14.095899999999999,14.46665,-8.184992760412248,-8.369175322577908,-23.5238615483935,-25.483785119568115,-0.6451612903225823,-8.25531914893618,-5.1890941072999075,-9.86622073578597,27.034883720930253,40.332640332640324,39.5355569914348,42.65176654382918,1.1800000000000002,10.946196660482377,13.47,9.95,23.19,8.98,-53.51444588184563,20.044543429844087
2025-09-08,10.78,11.08,10.42,10.84,0,11.6985,11.729599999999998,14.043000000000001,14.445,-7.33854767705261,-7.5842313463374555,-22.80851669871111,-24.95673243336795,0.5565862708719838,-3.9858281665190343,-7.587382779198637,-7.271171941830623,28.448275862068996,37.87878787878788,39.1251555974953,42.300313440125805,1.1042857142857143,10.18713758566157,13.47,9.95,23.19,8.98,-53.255713669685214,20.712694877505562
2025-09-09,10.84,11.45,9.85,10.69,0,11.631499999999999,11.695599999999999,13.9912,14.42015,-8.09439883076129,-8.59810527035808,-23.59483103665161,-25.86762273624061,-1.3837638376383743,-6.228070175438605,-9.09863945578232,-11.138819617622609,32.14285714285717,38.8888888888889,37.31190322623095,42.26982539859602,1.1771428571428573,11.011626353066953,13.47,9.85,23.19,8.98,-53.90254420008625,19.04231625835188
2025-09-10,10.69,10.84,10.25,10.54,0,11.5475,11.650599999999999,13.9419,14.3929,-8.724832214765103,-9.532556263196744,-24.40054798843774,-26.769448825462554,-1.4031805425631427,-3.568161024702654,-13.53568498769484,-13.747954173486098,30.650154798761633,32.71461716937357,36.53524406159426,41.57720862949243,1.0907142857142857,10.348332881539713,13.47,9.85,23.19,8.98,-54.54937473048729,17.371937639198205
2025-09-11,10.54,10.78,10.18,10.36,0,11.453999999999999,11.6072,13.8903,14.3642,-9.551248472149464,-10.745054793576411,-25.41557777729783,-27.876247894069984,-1.7077798861480087,-4.516129032258065,-14.942528735632187,-15.290269828291091,33.11036789297661,28.372093023255815,36.57215218169323,41.516014617066475,1.005,9.700772200772201,13.47,9.85,23.19,8.98,-55.32557136696853,15.367483296213797
2025-09-12,10.36,10.36,9.85,10.12,0,11.353,11.560599999999999,13.8392,14.338299999999998,-10.860565489297988,-12.461290936456585,-26.874385802647556,-29.419805695235834,-2.316602316602323,-6.1224489795918435,-13.872340425531926,-16.63920922570018,21.951219512195124,26.71081677704194,36.9632318253976,41.74705944266373,0.9635714285714284,9.5214568040655,13.47,9.85,23.19,8.98,-56.36050021561019,12.694877505567915
2025-09-15,10.12,10.68,9.9,10.4,0,11.254999999999999,11.5208,13.7836,14.31375,-7.596623722789859,-9.728491077008535,-24.54801358135755,-27.34259016679766,2.7667984189723382,-4.059040590405905,-7.883082373782102,-15.857605177993516,28.205128205128247,31.567796610169495,38.02541960858383,42.33907790992208,0.9621428571428571,9.251373626373626,13.47,9.85,23.19,8.98,-55.15308322552824,15.812917594654788
2025-09-16,10.4,10.5,9.76,10.27,0,11.151499999999999,11.479800000000001,13.723799999999999,14.29195,-7.904766174954035,-10.538511123887186,-25.166499074600324,-28.14136629361284,-1.2500000000000067,-3.928905519176795,-9.912280701754394,-16.774716369529983,15.95744680851071,27.42980561555079,37.96712124339626,42.38779490651335,0.8992857142857141,8.756433439977743,13.15,9.76,23.19,8.98,-55.71366968520914,14.365256124721594
2025-09-17,10.27,10.36,9.62,10.25,0,11.0745,11.433599999999998,13.6547,14.267149999999999,-7.445031378391804,-10.351945144136568,-24.93427171596593,-28.15663955309925,-0.19474196689386325,-2.751423149905119,-6.221408966148212,-13.061916878710766,15.901060070671463,27.42980561555079,35.59103348360916,42.067690066925145,0.8399999999999999,8.19512195121951,13.15,9.62,23.19,8.98,-55.79991375592929,14.14253897550111
2025-09-18,10.25,10.25,9.49,9.89,0,10.9795,11.387399999999998,13.584200000000001,14.244449999999999,-9.923038389726301,-13.149621511495138,-27.19482928696574,-30.569449855908783,-3.5121951219512115,-4.536679536679522,-8.847926267281103,-16.115351993214578,16.304347826087024,28.603603603603645,36.87010413569863,42.289119213742225,0.8507142857142856,8.601762241802685,13.15,9.49,23.19,8.98,-57.35230702889177,10.133630289532295
2025-09-19,9.89,10.26,9.4,9.97,0,10.9095,11.347999999999999,13.5102,14.220799999999999,-8.611760392318612,-12.143108917870977,-26.203905197554434,-29.891426642664253,0.8088978766430666,-1.4822134387351693,-7.513914656771792,-12.313104661389607,22.268907563025294,29.86725663716817,35.85459494203413,42.17948744602687,0.8435714285714285,8.461097578449634,13.15,9.4,23.19,8.98,-57.007330746011206,11.024498886414255
2025-09-22,9.97,10.73,9.97,10.56,0,10.850999999999999,11.325800000000001,13.433600000000002,14.201749999999999,-2.6817804810616406,-6.7615532677603385,-21.39113863744641,-25.64296653581424,5.917753259779346,1.538461538461533,-2.583025830258301,-9.974424552429662,35.314685314685335,41.36460554371004,40.719305078604236,44.197459431677196,0.8264285714285713,7.8260281385281365,13.15,9.4,23.19,8.98,-54.463130659767145,17.59465478841871
2025-09-23,10.56,10.9,9.96,10.63,0,10.7945,11.302,13.3573,14.18265,-1.5239242206679193,-5.945850291983709,-20.4180485577175,-25.049267943578947,0.6628787878787845,3.505355404089583,-0.5612722170252438,-9.608843537414957,43.90243902439027,37.500000000000014,40.84404296403753,44.11464727689967,0.8414285714285713,7.915602741566992,13.15,9.4,23.19,8.98,-54.161276412246664,18.374164810690427
2025-09-24,10.63,10.89,10.11,10.52,0,10.711,11.2728,13.279099999999998,14.1626,-1.7832135188124425,-6.678021432119798,-20.777763553252846,-25.71985369917953,-1.0348071495766775,2.634146341463417,-0.1897533206831059,-13.69975389663659,43.37349397590362,36.1607142857143,37.8379300308038,44.01494500768751,0.8435714285714285,8.018739815317762,13.15,9.4,23.19,8.98,-54.63561880120742,17.14922048997772
2025-09-25,10.52,10.9,10.29,10.78,0,10.641,11.258799999999999,13.196900000000001,14.1458,1.3062682078751937,-4.252673464312358,-18.31414953511811,-23.79363485981705,2.471482889733845,8.99898887765418,4.054054054054057,-11.494252873563227,50.0,33.64269141531325,39.4488180478003,43.47166853107973,0.7807142857142857,7.242247548369997,12.2,9.4,23.19,8.98,-53.51444588184563,20.044543429844087
2025-09-26,10.78,11.68,10.17,11.43,0,10.625,11.262599999999999,13.1206,14.1324,7.576470588235291,1.486335304459012,-12.885081474932548,-19.12201749172116,6.029684601113172,14.643931795386145,12.944664031620556,-2.7234042553191506,59.021406727828726,42.424242424242436,44.26573216193006,45.331652671254375,0.8414285714285714,7.361579802524684,12.2,9.4,23.19,8.98,-50.711513583441146,27.282850779510014
2025-09-29,11.43,11.73,10.62,11.37,0,10.629,11.2652,13.0242,14.12035,6.971493084956249,0.9302986187550963,-12.700972036670208,-19.477916623879725,-0.5249343832021025,7.670454545454541,9.326923076923066,0.7085916740478204,60.69182389937105,45.851528384279476,41.968289703131205,45.351324365689784,0.8064285714285715,7.092599572810656,11.78,9.4,23.19,8.98,-50.970245795601556,26.61469933184854
2025-09-30,11.37,11.79,10.93,11.07,0,10.6125,11.258799999999999,12.9186,14.109350000000001,4.310954063604236,-1.6769105055600844,-14.309600111467184,-21.54138922062321,-2.638522427440626,4.139228598306666,7.789678675754641,-2.894736842105261,57.957957957957966,47.511312217194586,42.88292768341408,45.65440451799065,0.8257142857142857,7.459026971222094,11.79,9.4,23.19,9.4,-52.26390685640362,17.765957446808507
2025-10-01,11.07,11.26,10.15,10.29,0,10.5805,11.240599999999999,12.8376,14.094850000000001,-2.7456169368177448,-8.456843940714906,-19.84483080949711,-26.994611507039817,-7.0460704607046125,-2.186311787072248,0.39024390243902474,-5.855443732845389,49.109414758269715,39.09626719056975,47.51402095205669,48.18130769021572,0.8621428571428572,8.378453422185201,11.79,9.4,23.19,9.4,-55.62742561448901,9.468085106382967
2025-10-03,10.29,10.62,9.95,10.06,0,10.541,11.2268,12.7562,14.0799,-4.563134427473673,-10.392988206790895,-21.136388579671056,-28.55062891071669,-2.235179786200181,-6.679035250463816,1.7189079878665359,-7.281105990783399,49.23469387755103,41.030927835051564,48.00960652780307,47.603186445395465,0.8735714285714286,8.683612610053961,11.79,9.4,23.19,9.4,-56.61923242777059,7.021276595744682
2025-10-06,10.06,10.54,9.66,10.19,0,10.5115,11.2202,12.685799999999999,14.06075,-3.0585549160443355,-9.181654515962288,-19.673966166895266,-27.52875913447007,1.2922465208747402,-10.84864391951006,2.206619859578729,-5.473098330241188,47.21485411140583,43.26530612244898,48.3344888054096,47.46607988173888,0.8807142857142857,8.642927239590636,11.79,9.4,23.19,9.4,-56.05864596808969,8.404255319148927
2025-10-07,10.19,10.45,10.0,10.05,0,10.472,11.206800000000001,12.6174,14.03855,-4.029793735676077,-10.322304315237181,-20.34809073184649,-28.411410010293086,-1.3738959764474812,-11.609498680738772,-4.829545454545448,-7.287822878228778,47.0899470899471,42.65593561368211,48.399771357713945,47.35366393901057,0.86,8.557213930348258,11.79,9.4,23.19,9.4,-56.66235446313066,6.91489361702128
2025-10-08,10.05,10.52,9.69,10.31,0,10.453,11.1874,12.555,14.018249999999998,-1.3680283172294931,-7.842751667054005,-17.881322182397447,-26.45301660335633,2.5870646766169125,-6.865401987353204,-3.010348071495772,-3.554724041159951,50.74626865671643,44.874274661508714,49.30103916068151,46.18886767094055,0.8664285714285713,8.403768879035608,11.79,9.4,23.19,9.4,-55.54118154376887,9.680851063829788
2025-10-09,10.31,10.57,10.0,10.12,0,10.431999999999999,11.148599999999998,12.4826,13.996300000000002,-2.9907975460122644,-9.226270563120027,-18.92714658805057,-27.6951765823825,-1.8428709990300773,-1.6520894071914483,-3.802281368821292,-3.984819734345346,52.987012987012974,44.52975047984644,49.47543839435717,43.41222786834948,0.8528571428571429,8.427442123094298,11.79,9.4,23.19,9.4,-56.36050021561019,7.6595744680850935
2025-10-10,10.12,10.34,9.71,10.1,0,10.419,11.12,12.4097,13.971449999999999,-3.0617141760245783,-9.172661870503594,-18.61205347429834,-27.709722326601742,-0.19762845849802257,0.397614314115291,-6.307977736549164,-2.5096525096525046,51.7150395778364,45.66929133858268,49.13688336172754,42.39358854894476,0.8364285714285714,8.281471004243283,11.79,9.4,23.19,9.4,-56.44674428633032,7.446808510638291
2025-10-13,10.1,11.26,9.78,11.01,0,10.4635,11.116,12.3443,13.958899999999998,5.2229177617432025,-0.9535804246131692,-10.809037369474176,-21.125590125296398,9.009900990099018,8.047105004906774,-3.6745406824146953,8.79446640316206,55.474452554744516,55.59380378657488,57.959947295221816,46.78275153974183,0.8878571428571428,8.064097573634358,11.79,9.4,23.19,9.4,-52.52263906856404,17.12765957446808
2025-10-14,11.01,11.67,10.01,11.16,0,10.5015,11.1084,12.283299999999999,13.9488,6.2705327810312825,0.4645133412552711,-9.144936621266261,-19.993117687543016,1.3623978201634968,11.044776119402977,-1.846965699208436,7.307692307692304,56.32458233890214,59.09090909090909,57.438611863099645,46.405252299238335,0.9392857142857143,8.416538658474142,11.79,9.4,23.19,9.4,-51.87580853816301,18.723404255319146
2025-10-15,11.16,11.16,10.43,10.53,0,10.5145,11.0794,12.2158,13.93125,0.14741547386941276,-4.9587522790042815,-13.800160447944467,-24.41453566621804,-5.645161290322587,2.133850630455858,-4.878048780487809,2.5316455696202445,50.10615711252654,51.07084019769356,61.12824399845158,47.23239825474093,0.9357142857142857,8.88617555284222,11.79,9.4,23.19,9.4,-54.59249676584735,12.02127659574467
2025-10-16,10.53,11.06,10.38,10.87,0,10.5455,11.0574,12.144300000000001,13.919399999999998,3.0771419088710696,-1.6947926275616352,-10.49298848019237,-21.90755348650085,3.228869895536568,7.41106719367588,5.636540330417872,6.048780487804861,50.93945720250521,54.77707006369427,62.04007071977894,47.86087653566278,0.9407142857142856,8.654225259561047,11.79,9.4,23.19,9.4,-53.126347563605,15.638297872340413
2025-10-17,10.87,11.81,9.78,11.63,0,10.6325,11.055800000000001,12.0752,13.9077,9.3816129790736,5.193654009660081,-3.6868954551477393,-16.377258640896763,6.991720331186757,15.148514851485162,15.60636182902584,17.593528816986858,52.040816326530624,59.82905982905983,64.48701911814646,50.23095120429839,0.9778571428571429,8.408057978135364,11.81,9.4,23.19,9.4,-49.84907287623976,23.723404255319153
2025-10-20,11.63,11.88,10.67,11.36,0,10.702,11.043800000000001,12.008600000000001,13.89225,6.148383479723411,2.8631449319980304,-5.401129190746647,-18.227788875092234,-2.3215821152192673,3.1789282470481295,11.481844946025511,13.941825476429281,49.90215264187867,60.60606060606059,65.48960295070515,50.26912515179885,0.985,8.670774647887324,11.88,9.66,23.19,9.4,-51.013367830961634,20.851063829787222
2025-10-21,11.36,11.6,10.7,11.3,0,10.739,11.036,11.9574,13.876199999999999,5.223950088462612,2.392171076476995,-5.4978507033301485,-18.56560153356105,-0.5281690140845008,1.2544802867383575,12.43781094527363,7.007575757575757,52.361396303901444,59.62373371924747,62.65922859053853,50.028650474682735,0.9878571428571429,8.742098609355246,11.88,9.66,23.19,9.4,-51.27210004312204,20.212765957446813
2025-10-23,11.3,12.05,10.74,11.73,0,10.794,11.03,11.913900000000002,13.86615,8.67148415786548,6.3463281958295665,-1.5435751517135552,-15.40550188769052,3.8053097345132736,11.396011396011406,13.773035887487882,10.348071495766686,65.92920353982302,58.66666666666666,63.808180557443286,50.338158050958896,1.0021428571428572,8.543417366946779,12.05,9.66,23.19,9.4,-49.41785252263907,24.78723404255319
2025-10-24,11.73,11.94,11.44,11.59,0,10.8475,11.0174,11.8582,13.856399999999999,6.8448951371283675,5.19723346706119,-2.2617260629775195,-16.356340752287746,-1.1935208866155178,6.62373505059799,14.52569169960476,10.171102661596954,67.26862302483069,57.03812316715542,63.863569809953134,50.27513209664893,0.9900000000000001,8.541846419327007,12.05,9.66,23.19,9.4,-50.021561017680035,23.297872340425528
2025-10-27,11.59,12.73,11.28,11.86,0,10.9015,11.01,11.811200000000001,13.83745,8.792368022749153,7.720254314259761,0.4131671633703449,-14.29056654224587,2.329594477998276,1.9776440240756532,17.42574257425742,10.018552875695729,68.27133479212253,59.59885386819485,63.809252320081725,50.559529080697985,1.030714285714286,8.690676945314383,12.73,9.66,23.19,9.4,-48.857266062958175,26.170212765957434
2025-10-28,11.86,12.64,10.71,11.95,0,10.9275,11.0062,11.773200000000001,13.823899999999998,9.357126515671462,8.575166724209987,1.5017157612203842,-13.555508937419969,0.7588532883642474,5.193661971830976,8.537693006357848,4.549431321084851,71.01769911504422,58.590308370044056,60.466085102227865,50.56085290904365,1.1364285714285718,9.509862522414828,12.73,9.66,23.19,9.4,-48.46916774471756,27.127659574468073
2025-10-29,11.95,12.1,11.23,11.97,0,10.9575,10.998400000000002,11.742099999999999,13.8114,9.240246406570852,8.834012219959252,1.940879399766667,-13.332464485859507,0.16736401673640433,5.9292035398230025,7.258064516129026,5.277044854881274,69.39252336448595,54.36893203883496,60.392084464056914,50.39519895250001,1.1392857142857145,9.517842224609142,12.73,9.66,23.19,9.4,-48.38292367399741,27.340425531914896
2025-10-30,11.97,12.27,11.71,12.07,0,11.007499999999999,10.993,11.716500000000002,13.79845,9.65250965250967,9.797143636859818,3.0171126189561606,-12.526406951505425,0.8354218880534559,2.898550724637672,14.624881291547975,9.033423667570005,73.26968973747016,55.62700964630226,59.38117146961264,50.42999266346491,1.1385714285714286,9.433069002248788,12.73,9.66,23.19,9.4,-47.951703320396724,28.404255319148934
2025-10-31,12.07,12.29,11.77,12.15,0,11.1005,11.0002,11.691099999999999,13.784600000000001,9.45452907526688,10.452537226595888,3.9252080642540195,-11.858160555982767,0.6628003314001596,4.831751509922344,11.775528978840866,18.075801749271147,74.11764705882352,59.0,52.26830960101799,49.399714627674506,1.1307142857142858,9.306290417401529,12.73,9.66,23.19,9.4,-47.60672703751617,29.25531914893617
2025-11-03,12.15,12.94,11.79,12.67,0,11.231,11.0178,11.6776,13.76795,12.812750422936517,14.995734175606751,8.498321572925944,-7.974680326410256,4.279835390946496,6.8296795952782485,8.942390369733433,25.94433399602385,71.50259067357511,70.73170731707317,52.22659220068437,50.27854341611969,1.1071428571428572,8.7383019506145,12.94,9.66,23.19,9.4,-45.364381198792586,34.78723404255318
2025-11-04,12.67,12.94,10.98,12.65,0,11.354,11.043399999999998,11.6674,13.75385,11.414479478597862,14.548055852364328,8.421756346743916,-8.025752789219014,-0.15785319652722452,5.857740585774063,11.3556338028169,24.14131501472032,69.97319034852546,73.41772151898734,52.44964102404778,49.54647926091818,1.1285714285714286,8.921513269339355,12.94,9.69,23.19,9.4,-45.45062526951272,34.57446808510638
2025-11-06,12.65,12.87,12.06,12.41,0,11.472,11.056999999999999,11.651299999999999,13.739600000000001,8.176429567642963,12.23659220403366,6.511719722262761,-9.677137616815635,-1.8972332015810278,3.6758563074352546,9.823008849557514,23.482587064676608,78.1437125748503,69.68085106382978,52.81368518958587,49.322981788838,1.1342857142857141,9.14009439392195,12.94,9.69,23.19,9.4,-46.48555411815438,32.02127659574468
2025-11-07,12.41,12.67,11.96,12.56,0,11.5845,11.073,11.6261,13.72505,8.420734602270278,13.429061681567777,8.032788295301103,-8.488493666689733,1.208702659145855,4.059652029826011,7.075873827791979,21.823472356935003,76.82539682539684,72.21238938053095,52.52887138903638,49.378903066487744,1.1364285714285713,9.047998180163784,12.94,9.71,23.19,9.4,-45.83872358775334,33.61702127659574
2025-11-10,12.56,12.93,11.41,12.3,0,11.6935,11.0752,11.600700000000002,13.707799999999999,5.1866421516227,11.058942502167005,6.0280845121415005,-10.270065218342829,-2.07006369426751,1.2345679012345734,6.125970664365843,21.541501976284593,62.64150943396226,67.61061946902655,52.70031941212001,48.97657290667293,1.0999999999999999,8.943089430894307,12.94,9.71,23.19,9.4,-46.95989650711513,30.851063829787233
2025-11-11,12.3,13.01,11.99,12.49,0,11.813,11.081399999999999,11.581600000000002,13.688149999999998,5.730974350292048,12.711390257548702,7.843475858257913,-8.75319162925595,1.5447154471544655,-1.420678768745065,5.311973018549754,23.66336633663366,71.9844357976654,70.97345132743362,52.52397047509197,49.0876439277629,1.086428571428571,8.69838728125357,13.01,9.78,23.19,9.4,-46.140577835273824,32.87234042553191
2025-11-12,12.49,12.71,11.44,12.11,0,11.867999999999999,11.0886,11.5599,13.6634,2.039096730704423,9.21126201684613,4.758691684184107,-11.3690589457968,-3.04243394715773,-4.268774703557321,1.3389121338912124,9.990917347865569,64.0138408304498,66.72212978369384,45.454875317471846,48.91414184091051,1.1128571428571425,9.189571782470212,13.01,9.78,23.19,9.4,-47.779215178956456,28.82978723404254
2025-11-13,12.11,12.27,11.23,12.16,0,11.918,11.106,11.538900000000002,13.640349999999998,2.0305420372545804,9.490365568161357,5.382662125505884,-10.852727386027471,0.41288191577208977,-2.014504431909747,1.5873015873015817,8.960573476702516,58.565737051792816,61.165048543689316,45.34519493247574,48.04149826771661,1.0935714285714282,8.99318609022556,13.01,9.78,23.19,9.4,-47.56360500215611,29.361702127659573
2025-11-14,12.16,12.45,11.8,11.94,0,11.988499999999998,11.116800000000001,11.5216,13.61655,-0.4045543645993984,7.405008635578566,3.6314400777669777,-12.312590193551234,-1.8092105263157965,-4.936305732484081,-1.0770505385252704,13.390313390313402,56.75675675675675,57.47126436781608,40.24303754428811,48.21477916928147,1.1042857142857139,9.248624072744672,13.01,9.78,23.19,9.4,-48.51228978007762,27.02127659574467
2025-11-17,11.94,12.28,10.9,11.79,0,12.0345,11.133999999999999,11.499,13.59175,-2.0316589804312635,5.891862762708826,2.530654839551253,-13.256203211506982,-1.2562814070351758,-4.1463414634146485,-2.9629629629629783,8.46366145354185,48.582995951417,63.29113924050632,39.590107374443726,47.333631325930575,1.0992857142857138,9.32388222464558,13.01,9.78,23.19,9.4,-49.15912031047866,25.4255319148936
2025-11-18,11.79,12.29,10.94,12.1,0,12.058,11.159,11.4836,13.561599999999999,0.3483164703930985,8.432655255847287,5.367654742415275,-10.777489381783854,2.62934690415606,-3.122497998398721,-4.498816101026049,4.041272570937227,52.788104089219324,63.05732484076432,32.38132928329228,47.59602673398338,1.0578571428571422,8.742621015348282,13.01,10.67,23.19,9.4,-47.82233721431652,28.72340425531914
2025-11-19,12.1,12.38,10.77,11.97,0,12.0885,11.1828,11.473700000000001,13.53045,-0.9802705050254304,7.039381907930038,4.325544506131411,-11.532875846701325,-1.074380165289246,-1.156069364161838,-5.375494071146248,5.369718309859173,50.0,54.166666666666664,31.37090626824551,47.6478178669539,1.1107142857142853,9.279150256593862,13.01,10.7,23.19,9.4,-48.38292367399741,27.340425531914896
2025-11-20,11.97,12.38,11.06,12.14,0,12.1305,11.208800000000002,11.469199999999999,13.497949999999998,0.07831499113804832,8.307758189993564,5.84870784361596,-10.060416581777213,1.4202172096908994,-0.1644736842105199,-2.175664786462528,7.4336283185840735,51.21951219512196,59.79899497487438,31.467162310525183,47.71549152524574,1.1649999999999996,9.596375617792416,13.01,10.71,23.19,9.4,-47.649849072876236,29.14893617021277
2025-11-21,12.14,13.85,12.14,13.63,0,12.2255,11.2676,11.4816,13.479149999999999,11.488282687824633,20.96631048315525,18.71167781493869,1.1191358505543891,12.27347611202636,14.154103852596322,8.519108280254773,16.19778346121057,67.28971962616822,71.53419593345656,51.610725526056115,54.63005959998717,1.2499999999999996,9.170946441672777,13.85,10.71,23.19,9.4,-41.22466580422596,45.0
2025-11-24,13.63,13.63,11.94,13.24,0,12.308,11.3216,11.4861,13.464099999999998,7.572310692232698,16.944601469756925,15.269760841364777,-1.664426140625799,-2.861335289801914,12.298558100084822,7.642276422764227,14.236410698878355,56.867469879518076,64.05959031657355,52.791663085085816,54.994170998227546,1.2885714285714285,9.732412602503237,13.85,10.71,23.19,9.4,-42.90642518326865,40.85106382978723
2025-11-25,13.24,13.24,10.86,12.24,0,12.327,11.359200000000001,11.4832,13.4548,-0.7057678267218281,7.754067187830119,6.590497422321305,-9.028748104765588,-7.552870090634444,1.1570247933884392,-2.001601281024823,3.204047217537953,46.00389863547758,55.216693418940615,59.95806554594194,57.70751501369885,1.3185714285714283,10.772642390289446,13.85,10.71,23.19,9.4,-47.21862871927555,30.21276595744681
2025-11-26,12.24,12.57,11.59,11.97,0,12.328,11.3962,11.4784,13.4429,-2.9039584685269206,5.035011670556855,4.282826874825759,-10.956713209203366,-2.2058823529411686,0.0,-1.156069364161838,0.16736401673640433,45.736434108527135,50.88282504012842,60.52788552282158,57.68126240839593,1.3307142857142857,11.117078410311493,13.85,10.77,23.19,9.4,-48.38292367399741,27.340425531914896
2025-11-27,11.97,12.24,11.51,11.79,0,12.318999999999999,11.424000000000001,11.4724,13.43175,-4.294179722380063,3.203781512605023,2.7683832502353365,-12.222904684795354,-1.5037593984962516,-2.883031301482708,-3.0427631578947456,-1.5037593984962516,42.58188824662812,48.73417721518987,60.78432344490764,57.57668739256188,1.3321428571428573,11.298921604265118,13.85,10.77,23.19,9.4,-49.15912031047866,25.4255319148936
2025-11-28,11.79,11.79,10.82,11.62,0,12.2965,11.451,11.465399999999999,13.419450000000001,-5.501565486113941,1.4758536372369113,1.3484047656427192,-13.40926789100896,-1.4418999151823542,-14.74688187820984,-2.680067001675046,-3.728251864125942,43.333333333333314,47.295208655332296,60.90252864732967,57.605107594516646,1.292857142857143,11.126137201868701,13.85,10.77,23.19,9.4,-49.89219491159984,23.617021276595732
2025-12-01,11.62,12.01,10.9,11.63,0,12.2705,11.478600000000002,11.456100000000001,13.406699999999999,-5.2198361924941885,1.3189761817643166,1.5179685931512443,-13.25232905935091,0.0860585197934638,-12.16012084592144,-1.3570822731127974,-4.279835390946496,41.26016260162603,46.551724137931046,60.838324088174275,57.59588818180178,1.2992857142857142,11.171846210539243,13.85,10.77,23.19,9.4,-49.84907287623976,23.723404255319153
2025-12-02,11.63,11.94,11.03,11.23,0,12.1985,11.5054,11.4464,13.394399999999997,-7.939500758289944,-2.3936586298607563,-1.890550740844284,-16.15899181747594,-3.439380911435941,-8.251633986928098,-7.190082644628093,-11.365430149960531,41.093117408906906,43.134328358208954,59.53857155420539,57.571223707746974,1.2735714285714284,11.340796336343974,13.85,10.77,23.19,9.4,-51.57395429064252,19.46808510638298
2025-12-03,11.23,11.37,10.92,11.21,0,12.1265,11.5302,11.439100000000002,13.3782,-7.557827897579675,-2.7770550380739256,-2.0027799389812198,-16.206963567595032,-0.17809439002670624,-6.349206349206349,-6.349206349206349,-11.383399209486168,40.32586558044808,38.225806451612925,59.53690592770575,57.57055179958205,1.2314285714285713,10.985089843252197,13.85,10.77,23.19,9.4,-51.66019836136265,19.255319148936177
2025-12-04,11.21,11.27,10.58,10.82,0,12.047,11.5354,11.4306,13.35795,-10.185108325724249,-6.201778871994027,-5.341801830175142,-18.99954708619212,-3.479036574487071,-8.227311280746385,-10.873146622734764,-12.812248186946007,38.97637795275592,36.0730593607306,60.27609544134444,56.7117785519887,1.2342857142857144,11.407446527594404,13.85,10.58,23.19,9.4,-53.34195774040534,15.106382978723405
2025-12-05,10.82,10.87,10.16,10.32,0,11.935,11.529199999999998,11.4156,13.33505,-13.53162966066192,-10.488151823196732,-9.597393041101645,-22.609963967139233,-4.621072088724587,-11.187607573149737,-24.28466617754953,-17.834394904458595,36.464088397790086,34.69985358711568,61.47446265661123,57.67922893581212,1.1864285714285714,11.496400885935769,13.85,10.16,23.19,9.4,-55.4980595084088,9.787234042553191
2025-12-08,10.32,11.61,10.14,11.13,0,11.8765,11.541400000000001,11.4071,13.3159,-6.285521828821617,-3.564558892335422,-2.4291888385303806,-16.41571354546068,7.8488372093023395,-4.299226139294932,-15.936555891238669,-9.512195121951217,41.82124789207421,40.45393858477971,68.65217502209372,60.24697676891101,1.1949999999999998,10.736747529200358,13.85,10.14,23.19,9.4,-52.00517464424321,18.40425531914894
2025-12-09,11.13,11.88,10.46,10.95,0,11.7995,11.5448,11.401800000000001,13.29555,-7.199457604135776,-5.152103111357504,-3.9625322317529,-17.64161693198101,-1.6172506738544645,-2.4933214603740095,-10.539215686274517,-12.329863891112902,41.47157190635451,40.89068825910932,68.37348769141845,60.14706047371161,1.1814285714285713,10.789302022178735,13.85,10.14,23.19,9.4,-52.78137128072446,16.489361702127646
2025-12-10,10.95,11.42,10.49,10.91,0,11.739500000000001,11.534399999999998,11.398499999999999,13.271500000000001,-7.0658886664679175,-5.413372173671782,-4.285651620827288,-17.793768601891276,-0.36529680365295913,-2.67618198037467,-8.85547201336675,-9.909165978530133,39.48717948717949,39.118457300275495,67.74734534945398,58.59829237564382,1.1535714285714285,10.573523634935183,13.85,10.14,23.19,9.4,-52.953859422164726,16.06382978723404
2025-12-11,10.91,11.19,10.32,10.4,0,11.6515,11.515,11.3901,13.24515,-10.741106295326782,-9.683022145028225,-8.692636587914066,-21.480692932884867,-4.674610449129235,-3.8817005545286554,-11.789652247667505,-14.473684210526317,16.837782340862447,38.430311231393794,69.29043119334958,59.51277719439232,1.0935714285714284,10.515109890109889,13.85,10.14,23.19,9.4,-55.15308322552824,10.638297872340425
2025-12-12,10.4,10.4,9.96,10.11,0,11.56,11.4958,11.3773,13.218600000000002,-12.543252595155717,-12.054837418883418,-11.138846650787098,-23.516862602696218,-2.7884615384615508,-2.034883720930236,-12.994836488812389,-15.32663316582915,17.190775681341748,36.566186107470514,69.58656338895523,59.54647298719015,1.004285714285714,9.933587678394797,13.85,9.96,23.19,9.4,-56.40362225097025,7.5531914893616925
2025-12-15,10.11,10.84,10.05,10.25,0,11.483,11.495,11.367799999999999,13.19645,-10.737612122267706,-10.830795998260106,-9.833037175179006,-22.327595679140984,1.3847675568743778,-7.906558849955081,-11.865864144454008,-13.061916878710766,24.55242966751922,38.80794701986757,69.95722374378202,57.47055625447276,0.8907142857142852,8.68989547038327,13.85,9.96,23.19,9.4,-55.79991375592929,9.042553191489358
2025-12-16,10.25,10.43,9.66,10.06,0,11.381,11.495,11.360899999999999,13.174100000000001,-11.60706440558826,-12.483688560243573,-11.450677323099391,-23.63804738084575,-1.8536585365853564,-8.127853881278524,-10.418521816562777,-16.859504132231397,25.065274151436057,38.60342555994731,69.00911750370821,57.39870731371033,0.8757142857142852,8.704913376881562,13.85,9.66,23.19,9.4,-56.61923242777059,7.021276595744682
2025-12-17,10.06,10.18,9.48,9.84,0,11.2745,11.488000000000001,11.3541,13.1511,-12.72340236817597,-14.34540389972146,-13.335270959389126,-25.17736158952483,-2.1868787276342005,-9.807516040329977,-12.22123104371098,-17.794486215538853,24.806201550387627,34.93333333333335,69.17369531940324,57.5466096647299,0.873571428571428,8.87775842044134,13.85,9.48,23.19,9.4,-57.56791720569211,4.680851063829781
2025-12-18,9.84,9.95,9.61,9.71,0,11.153,11.4812,11.344000000000001,13.13105,-12.938222899668247,-15.426958854475131,-14.404090267983078,-26.053133603177198,-1.3211382113821002,-6.634615384615383,-10.258780036968574,-20.016474464579904,25.06527415143607,34.93333333333335,68.64294928560135,57.540286600185865,0.8285714285714281,8.533176401353533,13.85,9.48,23.19,9.4,-58.128503665372996,3.2978723404255375
2025-12-19,9.71,10.31,9.44,9.52,0,10.9475,11.465400000000002,11.326400000000001,13.112099999999998,-13.039506736697879,-16.967571999232494,-15.948580307953113,-27.39530662517826,-1.9567456230690117,-5.835806132542032,-7.751937984496127,-30.154071900220114,23.69077306733169,32.57978723404257,47.366074154021575,57.39122059070847,0.811428571428571,8.523409363745495,13.63,9.44,23.19,9.4,-58.94782233721432,1.2765957446808427
2025-12-22,9.52,9.9,8.86,9.68,0,10.7695,11.456600000000002,11.3026,13.09095,-10.1165328009657,-15.507218546514686,-14.355988887512611,-26.055786631222333,1.680672268907557,-5.5609756097561025,-13.027852650494165,-26.888217522658607,29.44297082228117,18.093699515347367,48.66152323763803,57.38506919558443,0.8207142857142854,8.478453364816998,13.24,8.86,23.19,8.86,-58.257869771453215,9.255079006772013
2025-12-23,9.68,9.79,9.32,9.38,0,10.6265,11.4422,11.281099999999999,13.069050000000002,-11.730108690537799,-18.022757861250447,-16.85208002765686,-28.227376894265465,-3.0991735537189924,-6.759443339960236,-14.337899543378985,-23.36601307189542,27.40740740740742,18.36065573770496,43.63347265251983,57.79782414944873,0.8221428571428567,8.764849223271392,12.57,8.86,23.19,8.86,-59.55153083225528,5.8690744920993385
2025-12-24,9.38,9.68,8.88,9.19,0,10.4875,11.405800000000001,11.260900000000001,13.045849999999998,-12.371871275327782,-19.42695821424189,-18.390181957037193,-29.556142374778176,-2.025586353944575,-6.605691056910567,-15.765352887259398,-23.22472848788639,28.83116883116884,21.17202268431005,43.58776171324429,54.056390552253376,0.8299999999999995,9.03155603917301,12.24,8.86,23.19,8.86,-60.370849504096604,3.724604966139956
2025-12-26,9.19,9.4,9.02,9.15,0,10.355500000000001,11.365600000000002,11.236999999999998,13.02325,-11.641156873159195,-19.49391145210109,-18.572572750734167,-29.741040062964313,-0.43525571273121955,-5.7672502574665385,-12.01923076923077,-22.391857506361312,32.74336283185842,22.134387351778685,43.67914648846723,53.92168108951023,0.8064285714285712,8.813427010148319,12.01,8.86,23.19,8.86,-60.543337645536866,3.273137697516941
2025-12-29,9.15,9.77,9.05,9.72,0,10.2605,11.349400000000001,11.214400000000001,13.003200000000001,-5.26777447492812,-14.356706081378753,-13.325724069054075,-25.24916943521595,6.229508196721323,2.1008403361344685,-3.857566765578624,-16.3511187607573,27.619047619047635,31.009174311926643,51.03993931966655,54.50127389566967,0.7528571428571426,7.745443856554964,12.01,8.86,23.19,8.86,-58.08538163001293,9.706546275395048
2025-12-30,9.72,9.99,9.59,9.68,0,10.163,11.3256,11.191500000000001,12.98425,-4.7525337006789385,-14.529914529914532,-13.505785640888188,-25.448139091591738,-0.4115226337448652,0.0,-5.5609756097561025,-16.766981943250226,28.903654485049856,31.766917293233107,50.9506052504252,53.966663259955375,0.6799999999999997,7.0247933884297495,11.94,8.86,23.19,8.86,-58.257869771453215,9.255079006772013
2025-12-31,9.68,9.73,9.31,9.48,0,10.0755,11.2826,11.1692,12.9617,-5.910376656245343,-15.976813854962508,-15.123733123231741,-26.86144564370414,-2.066115702479332,1.0660980810234477,-5.765407554671964,-15.58325912733749,27.444794952681406,30.49001814882034,50.258973013560514,51.55655119753374,0.6435714285714284,6.788728149487641,11.88,8.86,23.19,8.86,-59.120310478654595,6.997742663656896
2026-01-01,9.48,9.48,8.72,9.19,0,9.9745,11.239199999999999,11.1415,12.9373,-7.8650558925259535,-18.23261442095522,-17.515594848090483,-28.965085450596344,-3.0590717299578185,0.0,-6.605691056910567,-18.01962533452276,29.491525423728817,31.111111111111114,50.82579836027035,51.72733875776376,0.6357142857142855,6.917456863049896,11.88,8.72,23.19,8.72,-60.370849504096604,5.38990825688072
2026-01-02,9.19,9.56,8.97,9.45,0,9.906,11.2022,11.119099999999998,12.916099999999998,-4.603270745003042,-15.641570405813146,-15.011107014056883,-26.835499879994735,2.8291621327529937,3.2786885245901454,-2.6776519052523318,-12.661737523105366,38.6986301369863,34.39716312056737,51.57456680545774,52.22206590024911,0.6464285714285712,6.840513983371125,11.88,8.72,23.19,8.72,-59.2496765847348,8.371559633027507
2026-01-06,10.02,10.29,9.65,10.02,0,9.891,11.168,11.099,12.8998,1.304215953897478,-10.27936962750716,-9.721596540228855,-22.32437712212593,6.0317460317460325,3.0864197530864113,5.252100840336138,-2.9069767441860517,46.56716417910447,43.12714776632303,54.41260302712203,53.35034297279271,0.6499999999999998,6.48702594810379,11.88,8.72,23.19,8.72,-56.79172056921087,14.90825688073393
2026-01-07,10.02,10.24,9.75,9.95,0,9.832,11.1352,11.076299999999998,12.88245,1.2001627339300096,-10.643724405488902,-10.168558092503805,-22.763138999181066,-0.698602794411185,2.789256198347112,2.789256198347112,-10.601976639712497,48.297213622291004,46.567717996289424,45.614104440147834,53.31739502132995,0.6299999999999999,6.331658291457286,11.88,8.72,23.19,8.72,-57.093574816731355,14.105504587155949
2026-01-08,9.95,10.99,9.48,10.6,0,9.814499999999999,11.11,11.06,12.8694,8.003464262061243,-4.590459045904589,-4.159132007233281,-17.634077734781737,6.5326633165829096,11.81434599156117,13.006396588486124,-3.1963470319634646,60.382513661202175,44.93307839388145,51.772374764774895,55.16639723191806,0.6878571428571428,6.489218328840971,11.42,8.72,23.19,8.72,-54.29064251832687,21.559633027522924
2026-01-09,10.6,11.04,10.22,10.93,0,9.8155,11.0896,11.0479,12.857549999999998,11.354490346900306,-1.4391862646082914,-1.0671711365961,-14.991580822162842,3.113207547169816,18.933623503808494,18.933623503808494,0.18331805682858526,65.80310880829013,49.81412639405205,53.00499274233586,55.62086400540998,0.722142857142857,6.60697947980656,11.19,8.72,23.19,8.72,-52.8676153514446,25.344036697247695
2026-01-12,10.93,11.95,10.52,11.37,0,9.864,11.0776,11.038,12.851399999999998,15.267639902676382,2.6395609157218067,3.0077912665337827,-11.52714879312759,4.025617566331197,20.317460317460313,24.2622950819672,9.326923076923066,72.50608272506082,53.97923875432525,51.67503075247419,56.39231970092508,0.7621428571428569,6.70310340495037,11.95,8.72,23.19,8.72,-50.970245795601556,30.389908256880716
2026-01-13,11.37,11.68,10.64,11.2,0,9.9185,11.0602,11.0266,12.8445,12.920300448656546,1.2639916095549744,1.5725608981916377,-12.803145315115424,-1.4951627088830244,11.776447105788424,15.226337448559658,10.781404549950535,68.44660194174756,57.35294117647058,50.78087048479919,56.44843623879794,0.7621428571428568,6.8048469387755075,11.95,8.72,23.19,8.72,-51.70332039672273,28.44036697247705
2026-01-14,11.2,11.47,11.01,11.32,0,9.972,11.0436,11.0219,12.8326,13.517849979943852,2.5028070556702584,2.704615356698934,-11.787167058896864,1.0714285714285898,13.768844221105535,16.94214876033058,10.439024390243912,74.6192893401015,61.48007590132828,50.72559815053882,56.48386895930114,0.7614285714285712,6.72640080767289,11.95,8.72,23.19,8.72,-51.185855972401896,29.816513761467885
2026-01-16,11.32,11.58,10.88,11.37,0,10.0375,11.0176,11.0177,12.82125,13.275217932752176,3.1985187336624983,3.197582072483364,-11.31909915179877,0.4416961130741859,7.26415094339623,19.936708860759488,13.021868787276336,78.68421052631578,60.8108108108108,49.93403630520803,55.61044987825285,0.7542857142857141,6.633999246136449,11.95,8.72,23.19,8.72,-50.970245795601556,30.389908256880716
2026-01-19,11.37,12.13,10.39,11.83,0,10.136999999999999,11.0012,11.0223,12.81305,16.701193647035627,7.533723593789762,7.327871678324856,-7.672256020229379,4.045734388742317,8.23421774931381,28.726877040261158,20.22357723577235,81.75355450236964,66.23853211009173,50.12172818484569,56.405401051069184,0.8514285714285712,7.197198405989614,12.13,8.72,23.19,8.72,-48.98663216903838,35.66513761467889
2026-01-20,11.83,12.9,11.0,12.73,0,10.288,11.0076,11.0323,12.8102,23.736391912908246,15.647370907373089,15.388450277820592,-0.6260636055643128,7.6077768385460764,11.961301671064216,34.70899470899474,31.10195674562306,83.07692307692305,73.5725938009788,54.53144807231515,58.80998511965171,0.9357142857142856,7.35046571653013,12.9,8.72,23.19,8.72,-45.10564898663217,45.986238532110086
2026-01-21,12.73,14.43,12.43,13.78,0,10.501000000000001,11.032,11.0525,12.8155,31.22559756213692,24.90935460478607,24.677674734223018,7.526042682688925,8.248232521602494,23.035714285714292,37.52495009980039,44.74789915966386,86.8705035971223,78.86524822695034,58.0714279143672,61.54226031330293,1.0499999999999998,7.619738751814223,14.43,8.72,23.19,8.72,-40.57783527382493,58.0275229357798
2026-01-22,13.78,14.33,12.91,13.35,0,10.6845,11.052999999999999,11.064099999999998,12.81335,24.947353643127894,20.78168822943998,20.66051463743099,4.188209952900684,-3.1204644412191618,17.932862190812713,34.1708542713568,37.91322314049588,83.41968911917098,76.26886145404664,60.7805505316347,61.79123166926996,1.1214285714285712,8.400214018191544,14.43,8.72,23.19,8.72,-42.432082794307895,53.09633027522934
2026-01-23,13.35,14.43,12.28,14.19,0,10.925,11.087,11.084200000000001,12.8157,29.88558352402745,27.987733381437717,28.020064596452592,10.723565626536201,6.292134831460672,24.802110817941948,33.8679245283019,51.27931769722813,89.43217665615143,78.29360100376411,60.1075330414224,63.211046753873,1.2207142857142854,8.602637672405113,14.43,8.72,23.19,8.72,-38.8098318240621,62.72935779816512
2026-01-27,14.19,16.06,13.92,14.45,0,11.187999999999999,11.1338,11.111200000000002,12.81995,29.15623882731499,29.784979072733464,30.048959608323106,12.714948186225367,1.8322762508808932,22.147083685545212,32.204940530649594,57.236126224156706,89.43217665615143,81.96721311475409,58.071770492090934,62.819127717810964,1.3314285714285712,9.214038556599109,16.06,8.72,23.19,8.72,-37.688658904700304,65.71100917431191
2026-01-28,14.45,14.51,13.44,13.53,0,11.407,11.161200000000001,11.133600000000001,12.8188,18.61137897782063,21.223524352220178,21.524035352446628,5.548101226323836,-6.366782006920413,6.28436763550666,18.99736147757256,47.868852459016374,76.23318385650224,75.05773672055427,65.22262428851079,64.64525926907282,1.3478571428571426,9.961989230281912,16.06,8.72,23.19,8.72,-41.65588615782666,55.160550458715576
2026-01-29,13.53,14.19,13.07,13.37,0,11.5895,11.1898,11.1533,12.771700000000001,15.363044134777171,19.483815617794768,19.874835250553645,4.684576054871304,-1.1825572801182571,-2.9753265602322165,19.375000000000007,37.55144032921809,75.2212389380531,74.03189066059224,64.22838854591407,64.55569325895107,1.3928571428571423,10.41777967731595,16.06,8.72,23.19,8.72,-42.34583872358776,53.325688073394474
2026-01-30,13.37,14.23,12.88,13.63,0,11.786999999999999,11.226600000000001,11.180299999999999,12.737649999999999,15.635870026300177,21.408084371047327,21.910861068128778,7.005609354943826,1.944652206432318,2.097378277153572,20.40636042402828,40.805785123966956,73.70892018779344,73.0814639905549,63.75179161109974,64.55733837512278,1.3814285714285712,10.135205953254374,16.06,8.72,23.19,8.72,-41.22466580422596,56.30733944954128
2026-02-01,13.63,16.11,13.35,15.1,0,12.068,11.2866,11.2228,12.706000000000001,25.12429565793835,33.78696861765279,34.5475282460705,18.841492208405462,10.785033015407187,6.412966878083148,32.80562884784521,59.28270042194092,77.68924302788845,77.37373737373738,69.47519172707675,68.5013731398401,1.5199999999999996,10.066225165562912,16.11,8.72,23.19,8.72,-34.885726606295826,73.16513761467888
2026-02-02,15.1,15.55,13.58,13.87,0,12.302,11.3246,11.253700000000002,12.6748,12.745894976426595,22.47673207000688,23.248353874725616,9.429734591472842,-8.145695364238414,-4.013840830449833,17.244294167371077,50.924918389553866,65.02403846153845,70.08234217749313,76.78104479404877,71.14320618810976,1.5585714285714283,11.236996601091768,16.11,8.97,23.19,8.72,-40.18973695558431,59.05963302752292
2026-02-03,13.87,15.47,11.85,12.9,0,12.474499999999999,11.3398,11.274299999999998,12.65865,3.410958355044301,13.75862008148292,14.419520502381541,1.9066014148428199,-6.993511175198264,-4.6563192904656265,1.335428122545168,36.50793650793651,59.32017543859649,65.97760551248925,83.33304323056498,73.0007474179037,1.742857142857143,13.510520487264674,16.11,9.48,23.19,8.72,-44.372574385511,47.93577981651376
2026-02-04,12.9,13.15,12.06,12.25,0,12.586,11.3122,11.2899,12.640550000000001,-2.6696329254727496,8.290164601050186,8.504061152003125,-3.0896598644837527,-5.038759689922479,-8.376963350785338,-11.103047895500717,22.255489021956087,54.818652849740936,61.666666666666664,84.94759906437062,68.5118987076888,1.7878571428571426,14.594752186588918,16.11,9.48,23.19,8.72,-47.175506683915486,40.48165137614678
2026-02-05,12.25,12.55,10.94,12.17,0,12.697,11.290799999999999,11.306199999999999,12.624050000000002,-4.15058675277624,7.786870726609283,7.64005589853356,-3.596706286809718,-0.6530612244897926,-10.711665443873809,-8.83895131086142,22.311557788944736,54.132231404958674,59.339704604691576,84.93464322956791,68.23680858434619,1.8528571428571428,15.224791642211526,16.11,9.48,23.19,8.72,-47.52048296679604,39.56422018348623
2026-02-06,12.17,12.35,11.16,11.94,0,12.764,11.2848,11.322000000000001,12.60615,-6.4556565340018786,5.806039982985953,5.458399576046621,-5.284325507787866,-1.8898931799506968,-20.927152317880793,-15.856236786469346,12.641509433962273,50.582010582010575,58.5261353898886,83.09343520302417,66.20083582967607,1.8135714285714286,15.189040440296722,16.11,10.22,23.19,8.72,-48.51228978007762,36.92660550458714
2026-02-09,11.94,12.28,10.67,12.19,0,12.826999999999998,11.2892,11.3427,12.59095,-4.966087159897083,7.9793076568756005,7.470002733035333,-3.1844300866892485,2.0938023450586263,-12.112472963229992,-15.640138408304495,11.527904849039338,46.93181818181817,57.05412599822538,82.78322698150184,66.15627094830033,1.792857142857143,14.707605765850229,16.11,10.39,23.19,8.72,-47.4342388960759,39.79357798165136
2026-02-10,12.19,12.19,10.36,11.67,0,12.842000000000002,11.286799999999998,11.3554,12.5695,-9.126304313969804,3.395116419179947,2.7704880497384545,-7.15621146425872,-4.265791632485638,-9.534883720930232,-13.747228381374722,2.6385224274406482,37.243047158403876,53.22862129144851,83.56058628717106,66.7925218848749,1.7807142857142857,15.25890561880279,16.11,10.36,23.19,8.72,-49.676584734799484,33.83027522935779
2026-02-11,11.67,11.71,10.56,11.55,0,12.8595,11.2854,11.3682,12.546000000000001,-10.183133092266416,2.344622255303326,1.5991977621787163,-7.9387852702056465,-1.0282776349614275,-5.714285714285705,-13.61256544502617,3.125000000000022,38.693467336683426,50.807899461400375,83.4468336606586,66.75096930603705,1.7614285714285713,15.25046382189239,16.11,10.36,23.19,8.72,-50.19404915912031,32.45412844036697
2026-02-12,11.55,12.11,10.85,11.73,0,12.88,11.2874,11.383,12.51885,-8.92857142857143,3.921186455693965,3.0484055169990456,-6.301297643154123,1.558441558441559,-3.6154478225143727,-13.939838591342625,3.621908127208484,33.150684931506845,52.37668161434978,83.52566293063303,66.83420128944945,1.6978571428571425,14.47448544635245,16.11,10.36,23.19,8.72,-49.41785252263907,34.51834862385321
2026-02-13,11.73,13.58,10.96,13.29,0,12.975999999999999,11.3286,11.417,12.500599999999999,2.419852034525278,17.313701604787877,16.40536042743277,6.314896884949528,13.299232736572876,11.306532663316581,-11.986754966887425,16.886543535620046,43.255813953488364,57.82366957903098,95.42030636219695,72.58835765736215,1.7321428571428572,13.033430076319469,16.11,10.36,23.19,8.72,-42.69081500646831,52.40825688073393
2026-02-16,13.29,13.83,13.24,13.33,0,13.050999999999998,11.371000000000002,11.4506,12.4804,2.137767220902626,17.228036232521305,16.41311372329835,6.807474119419254,0.3009781790820343,9.35192780968006,-3.8932948810382006,12.679628064243452,48.704663212435236,57.790143084260734,94.73291691555127,72.57542691425242,1.6978571428571427,12.73711284964098,16.11,10.36,23.19,8.72,-42.51832686502803,52.86697247706421
2026-02-17,13.33,13.48,11.63,12.67,0,13.047999999999998,11.408,11.4717,12.45265,-2.896995708154494,11.062412342215994,10.445705518798432,1.7454116192135785,-4.951237809452369,8.56898029134534,-1.7829457364341161,-0.47132757266300507,45.74209245742093,53.286384976525824,93.17567276669045,73.0586696169798,1.75,13.812154696132598,16.11,10.36,23.19,8.72,-45.364381198792586,45.29816513761467
2026-02-18,12.67,12.77,11.35,12.22,0,12.969999999999999,11.446000000000002,11.4876,12.42245,-5.782575173477242,6.762187663812677,6.375570180020198,-1.6297107253400007,-3.551696921862657,5.8008658008658065,-0.2448979591836653,-11.320754716981119,41.617122473246134,47.93187347931874,88.86445013666616,72.71801461770472,1.7550000000000001,14.361702127659576,16.11,10.36,23.19,8.72,-47.30487278999569,40.137614678899084
2026-02-19,12.22,13.68,9.73,13.46,0,12.9755,11.4926,11.517000000000001,12.398050000000001,3.733960155678013,17.11884168943495,16.870712859251537,8.565459890869931,10.14729950900164,14.748508098891744,10.599835661462631,0.8239700374532033,39.97555012224939,48.72204472843451,95.79397435023947,74.09258712705689,1.84,13.670133729569093,16.11,9.73,23.19,8.72,-41.95774040534713,54.357798165137616
2026-02-20,13.46,14.78,13.1,14.36,0,12.984,11.560799999999999,11.5528,12.374850000000002,10.597658656808376,24.212857241713387,24.29887126930268,16.041810607805324,6.686478454680533,8.051166290443955,20.268006700167508,1.1980267794221344,53.12101910828025,53.887605850654346,96.13570614014309,75.21748370619883,1.8192857142857142,12.669120573020296,16.11,9.73,23.19,8.72,-38.07675722294093,64.67889908256879
2026-02-23,14.36,14.48,12.77,14.17,0,12.969999999999999,11.626000000000001,11.5802,12.3504,9.252120277563618,21.881988646137955,22.36403516346868,14.73312605259748,-1.3231197771587655,6.3015753938484576,16.242821985233814,-1.937716262975775,58.981612446958984,49.91896272285251,96.09023996328794,75.31472371568826,1.6828571428571428,11.876197197298115,16.11,9.73,23.19,8.72,-38.89607589478224,62.499999999999986
2026-02-24,14.17,14.95,12.35,14.15,0,13.001,11.700999999999999,11.607999999999999,12.316099999999999,8.837781709099307,20.929835056832765,21.898690558235714,14.890265587320675,-0.14114326040931546,11.681136543014992,21.251071122536413,4.582409460458248,64.75155279503107,48.760330578512395,93.0510091026301,74.35351118357022,1.7907142857142857,12.65522463402322,16.11,9.73,23.19,8.72,-38.98231996550237,62.27064220183486
2026-02-25,14.15,14.15,12.84,13.49,0,13.007,11.768600000000001,11.632200000000001,12.2754,3.7133851003305955,14.627058443655141,15.971183439074284,9.894585919807101,-4.6643109540636,10.392798690671023,16.796536796536788,0.8975317875841604,59.40170940170941,49.83108108108109,94.63501621394306,74.92612804707746,1.7692857142857144,13.115535317166154,16.11,9.73,23.19,8.72,-41.828374299266926,54.70183486238531
2026-02-26,13.49,13.61,11.81,13.06,0,12.9785,11.8248,11.6599,12.24875,0.6279616288477107,10.445842635816257,12.007821679431213,6.623124808653954,-3.187546330615265,-2.9717682020802383,11.338448422847392,-4.181951577402787,57.756232686980624,48.72006606110653,95.13833463698363,75.40814506136938,1.8128571428571425,13.880988842704001,16.11,9.73,23.19,8.72,-43.6826218197499,49.77064220183486
2026-02-27,13.06,14.04,11.2,13.7,0,12.9085,11.8976,11.6963,12.22625,6.131618700856019,15.149273803119945,17.13105853988012,12.053982210407925,4.900459418070424,-4.596100278551529,3.085026335590668,-9.27152317880795,59.92115637319317,50.28022417934346,88.2983730476519,75.80424345803391,1.9007142857142856,13.873826903023984,15.55,9.73,23.19,8.72,-40.92281155670548,57.11009174311925
2026-03-02,13.7,17.81,12.83,17.13,0,13.0715,12.043399999999998,11.765700000000002,12.22575,31.048464216042525,42.235581314246815,45.592697417068216,40.11410342923746,25.036496350364956,20.889202540578687,28.507126781695426,23.5039653929344,75.95057034220534,57.02422145328719,121.66113749586376,93.08635136909676,2.1257142857142854,12.409306980235176,17.81,9.73,23.19,8.72,-26.13195342820182,96.44495412844034
2026-03-04,17.13,21.37,16.97,21.14,0,13.483500000000001,12.272,11.876600000000002,12.247,56.78421774761745,72.26205997392438,77.99706986848086,72.61370131460767,23.409223584354933,49.399293286219084,66.85082872928176,63.875968992248055,83.27550312283137,71.0969239698201,140.52029229103803,105.29745161613981,2.3578571428571427,11.153534261386673,21.37,9.73,23.19,8.72,-8.840017248814148,142.43119266055044
2026-03-05,21.14,21.14,17.3,17.86,0,13.764,12.438799999999999,11.9521,12.25355,29.758791049113633,43.582982281249,49.42980731419583,45.7536795459275,-15.515610217596976,32.3943661971831,46.153846153846146,45.795918367346935,67.50428326670473,62.69191402251791,152.70140894536445,111.95340065813326,2.5421428571428573,14.233722604383301,21.37,9.73,23.19,8.72,-22.98404484691678,104.81651376146787
2026-03-06,17.86,20.14,17.2,19.88,0,14.1495,12.6428,12.0497,12.26615,40.49966429909183,57.24364855886355,64.98336058159124,62.0720437953229,11.310190369540862,52.220520673813155,47.6968796433878,63.35250616269514,68.33611574846967,68.24485891917743,155.4984254333933,114.10142372207683,2.565,12.90241448692153,21.37,9.73,23.19,8.72,-14.273393704182846,127.98165137614677
2026-03-09,19.88,24.49,19.22,23.36,0,14.720499999999998,12.9224,12.182299999999998,12.296000000000001,58.690261879691604,80.7713737386244,91.75360974528623,89.9804814573845,17.50503018108651,70.5109489051095,62.6740947075209,95.64489112227805,73.42363381597384,73.01522007404361,162.63261932049687,118.92843377921636,2.8992857142857145,12.411325831702545,24.49,9.73,24.49,8.72,-4.6141282155982,167.88990825688072
2026-03-10,23.36,23.36,18.78,18.91,0,15.0565,13.116799999999998,12.261299999999999,12.3028,25.593597449606488,44.16626006343013,54.22508216910118,53.704847676951594,-19.049657534246577,10.3911266783421,33.45095271700775,55.12715340442986,62.38095238095238,62.21521205748336,181.89139760590265,127.77835103836495,3.094285714285714,16.36322429553524,24.49,9.73,24.49,8.72,-22.784810126582272,116.8577981651376
2026-03-11,18.91,21.39,17.24,21.06,0,15.526000000000002,13.355,12.3603,12.321800000000001,35.643436815664025,57.693747660052395,70.38421397538893,70.91658686230905,11.369645690111053,-0.37842951750237663,48.83392226148408,80.46272493573264,66.43122676579925,64.57443312520539,182.27551426672383,129.47201126472606,3.289285714285714,15.618640618640619,24.49,9.73,24.49,8.72,-14.005716619028174,141.51376146788988
2026-03-12,21.06,22.36,20.82,21.52,0,16.0245,13.591,12.4702,12.343,34.29436175855721,58.340077992789354,72.57141024201697,74.34983391395933,2.1842355175688555,20.49272116461367,59.52557449962934,86.3203463203463,65.42879019908116,66.21666117879487,181.5475743928049,129.10990599494062,3.117142857142857,14.484864577801378,24.49,9.73,24.49,8.72,-12.127398938342177,146.78899082568805
2026-03-13,21.52,22.88,21.25,22.65,0,16.5705,13.8504,12.588,12.36615,36.68869376301258,63.53318315716512,79.93326978074357,83.16129110515399,5.250929368029733,13.933601609657952,73.43032159264928,93.09462915601021,65.73055028462997,67.68642447418738,181.42511760063138,129.21069201221,3.113571428571429,13.746452223273417,24.49,9.73,24.49,8.72,-7.513270722743977,159.74770642201833
2026-03-16,22.65,22.88,19.82,21.6,0,16.985999999999997,14.0928,12.6877,12.38145,27.16354645001769,53.269754768392374,70.24362177542031,74.45452673152178,-4.635761589403964,-7.534246575342463,57.66423357664237,62.528216704288965,63.653068724733565,65.30232558139535,180.3344850085947,129.7571859824509,3.21,14.86111111111111,24.49,9.73,24.49,8.72,-11.80073499387504,147.70642201834863
2026-03-17,21.6,21.6,19.63,19.79,0,17.309,14.3048,12.772,12.3903,14.333583684788248,38.34517085174207,54.9483244597557,59.72171779537218,-8.379629629629637,4.6536224219989375,15.528312901342666,48.46211552888222,59.72413793103448,60.0,184.6724320223609,131.35925745396673,3.165,15.992925720060638,24.49,9.73,24.49,8.72,-19.191506737443852,126.94954128440364
2026-03-18,19.79,19.79,18.59,18.72,0,17.6115,14.4902,12.8462,12.401800000000001,6.294182778298267,29.19076341251328,45.72402733882393,50.945830443967786,-5.406771096513396,-11.111111111111116,-11.447492904446555,47.75059194948697,58.891533492009515,58.03757828810022,184.92703941663123,132.3480098547834,3.157142857142857,16.865079365079367,24.49,9.73,24.49,8.72,-23.560636994691713,114.67889908256879
2026-03-19,18.72,23.2,18.72,22.8,0,18.1405,14.7458,12.956900000000001,12.4354,25.68562057275159,54.62029866131375,75.96801704111323,83.34754008717051,21.794871794871806,5.947955390334569,27.65957446808511,86.57937806873977,64.7307924984876,63.70771312584574,195.34231273710944,139.53330028596235,3.3485714285714283,14.686716791979947,24.49,9.73,24.49,8.72,-6.900775826868101,161.46788990825686
2026-03-20,22.8,23.14,21.69,22.81,0,18.607999999999997,15.003,13.0691,12.463649999999998,22.58168529664662,52.0362594147837,74.53382405827485,83.01219947607646,0.0438596491227905,0.7064017660044053,14.738430583500994,69.46508172362553,64.04563675609003,64.50287592440426,194.32190788525722,139.46878931797974,3.2492857142857146,14.24500532347968,24.49,11.2,24.49,8.72,-6.859942833809718,161.5825688073394
2026-03-23,22.81,27.17,22.81,26.73,0,19.2265,15.325600000000001,13.2178,12.514499999999998,39.026863963799954,74.41405230464059,102.22729955060599,113.59223300970878,17.185444980271814,23.750000000000004,14.426369863013711,86.14206128133705,64.58080194410692,66.93033937228884,200.19108358167634,143.23441705915954,3.2050000000000005,11.990273101384215,27.17,11.2,27.17,8.72,-1.6194331983805714,206.53669724770637
2026-03-24,26.73,26.73,24.63,24.74,0,19.755000000000003,15.601799999999999,13.345699999999999,12.55945,25.23411794482407,58.57144688433385,85.37806184763632,96.9831481474109,-7.444818555929677,25.012632642748866,30.83024854574299,74.59421312632321,55.8252427184466,62.884806355511415,203.45583519030765,144.85914074656026,3.0407142857142864,12.290680217115144,27.17,11.2,27.17,8.72,-8.943687891056323,183.71559633027516
2026-03-25,24.74,25.23,24.14,24.64,0,20.279500000000002,15.8672,13.4724,12.607249999999999,21.502009418378154,55.28889785217304,82.8924319349188,95.44309821729563,-0.4042037186742009,31.623931623931647,16.999050332383668,74.13427561837456,62.22943722943723,63.025628265737744,203.52175035987426,144.88804302401988,2.8442857142857143,11.543367346938775,27.17,11.2,27.17,8.72,-9.311740890688263,182.56880733944953
2026-03-27,24.64,27.09,23.39,26.8,0,20.945,16.1792,13.6197,12.668099999999999,27.954165671998094,65.64477848101265,96.77379090582025,111.55500824906656,8.766233766233778,17.543859649122815,24.535315985130126,98.66567828020756,62.41923905240488,64.942121426884,201.8961367161038,145.46337806486994,2.8985714285714286,10.815565031982942,27.17,11.2,27.17,8.72,-1.3617960986382076,207.33944954128435
2026-03-30,26.8,28.91,26.8,27.89,0,21.686500000000002,16.5106,13.7771,12.734100000000002,28.605353560971096,68.92178358145676,102.43737796778711,119.0182266512749,4.067164179104488,22.2709338009645,23.134657836644614,113.55283307810109,58.89281507656066,66.83816651075772,199.99121030076643,145.50403377148598,2.672857142857143,9.583568099165088,28.91,11.2,28.91,8.72,-3.528190937391904,219.8394495412844
2026-04-01,27.89,27.89,23.65,25.01,0,22.252000000000002,16.7834,13.9005,12.789050000000001,12.394391515369401,49.01628990550187,79.92158555447648,95.55791868825283,-10.326281821441373,-6.43471754582865,15.787037037037033,82.55474452554748,62.76150627615063,63.216102632161025,206.872487245073,148.1629219303752,2.6485714285714295,10.590049694407954,28.91,12.83,28.91,8.72,-13.490141819439636,186.81192660550457
2026-04-02,25.01,26.6,25.01,25.52,0,22.671499999999998,17.057199999999998,14.029199999999998,12.848300000000002,12.564232626866337,49.61423914827757,81.90630969691789,98.62549909326522,2.039184326269483,3.1527890056588515,28.954017180394143,48.97840046701694,60.01796945193172,63.11002661934339,191.12373860064332,148.0888986281291,2.4657142857142857,9.661889834303627,28.91,16.97,28.91,8.72,-11.726046350743689,192.66055045871556
2026-04-06,25.52,26.56,25.08,25.47,0,22.887999999999998,17.312,14.1598,12.90555,11.281020622160089,47.12338262476893,79.87542196923684,97.35695107918686,-0.19592476489028732,3.3685064935064846,36.057692307692314,20.48249763481551,59.03890160183066,60.0,174.85534665280105,147.59372216582085,2.461428571428572,9.664030512087054,28.91,17.2,28.91,8.72,-11.898996886890354,192.08715596330273
2026-04-07,25.47,26.26,24.55,24.7,0,23.229999999999997,17.5304,14.281200000000002,12.953649999999998,6.328024106758513,40.89809702003377,72.95465367055986,90.67984699293253,-3.0231645072634428,-7.835820895522394,8.333333333333325,38.29787234042554,54.769660307119594,54.6281851274051,164.01077678565798,147.23137256564962,2.4671428571428575,9.98843262001157,28.91,17.2,28.91,8.72,-14.56243514354895,183.25688073394494
2026-04-08,24.7,24.7,19.31,19.7,0,23.220999999999997,17.6574,14.3552,12.97795,-15.16299900951724,11.56795451198931,37.23250111457869,51.795930790302,-20.24291497975709,-29.36536392972392,-13.634370889960545,-0.905432595573441,46.26572327044025,52.289696366351414,178.2203305482329,154.86198884911474,2.633571428571429,13.368382886149385,28.91,17.24,28.91,8.72,-31.85748875821515,125.91743119266053
2026-04-09,19.7,20.94,19.17,20.43,0,23.0745,17.7822,14.434599999999998,13.008099999999999,-11.460703373854257,14.890171069946351,41.53492303215886,57.05598819197271,3.7055837563451766,-18.312674930027995,-23.56902356902357,-12.542808219178081,51.3136288998358,50.70712265363848,167.20424263792145,154.536195754268,2.619285714285715,12.820781763513045,28.91,17.24,28.91,8.72,-29.332410930473884,134.28899082568805
2026-04-10,20.43,20.43,18.37,18.85,0,23.0715,17.8702,14.502,13.030949999999997,-18.29746657131092,5.482870924779806,29.98207143842229,44.65560837851427,-7.733724914341645,-26.136363636363626,-23.807599029911064,-0.3172924378635589,50.261359067149186,43.90375777237092,154.57396216532,155.8167803901704,2.6807142857142856,14.221295945433877,28.91,17.24,28.91,8.72,-34.797647872708396,116.1697247706422
2026-04-13,18.85,21.51,18.18,20.5,0,23.0435,18.0096,14.5854,13.062149999999999,-11.037819775641728,13.828180525941727,40.55151041452411,56.942004187672026,8.753315649867366,-19.513152728700433,-16.801948051948056,-2.6590693257359854,44.875222816399294,52.32524129862533,152.38168734231175,155.84133843457187,2.5985714285714288,12.675958188153311,28.91,18.18,28.91,8.72,-29.09028017986856,135.09174311926603
2026-04-15,20.5,20.5,17.34,18.67,0,22.901,18.1156,14.6527,13.08715,-18.475175756517174,3.0603457793283195,27.416790079644045,42.659020489564206,-8.92682926829268,-24.41295546558704,-30.33582089552238,-13.243494423791812,41.46743610882111,46.47180395630352,155.62883713069292,157.43621395196809,2.720714285714286,14.572652842604638,28.91,17.34,28.91,8.72,-35.42026980283639,114.10550458715596
2026-04-16,18.67,18.67,16.83,18.09,0,22.673000000000002,18.2048,14.7157,13.107349999999999,-20.21346976580074,-0.6306029179117535,22.92993197741188,38.01416762350896,-3.1065881092662173,-8.172588832487303,-35.13804230907135,-20.132450331125828,29.349904397705544,44.9543983524566,154.53038444818634,157.7116678592467,2.5407142857142864,14.044855089631215,28.91,16.83,28.91,8.72,-37.42649602213767,107.45412844036694
2026-04-17,18.09,18.47,16.59,17.21,0,22.4535,18.247,14.7668,13.1252,-23.352706704968035,-5.683125993313965,16.545223067963274,31.121811477158456,-4.864566058595909,-15.761135584924125,-31.187524990004,-20.324074074074073,30.994447248864205,41.93835210432721,154.61030809048813,156.64794625877252,2.525,14.671702498547354,28.91,16.59,28.91,8.72,-40.47042545831892,97.3623853211009
2026-04-20,17.21,19.01,16.48,18.79,0,22.4035,18.345399999999998,14.835,13.154349999999999,-16.12917624478319,2.4234958082135103,26.65992585102796,42.84248176458738,9.180708890180123,-0.31830238726792137,-26.371473354231977,-5.053057099545222,36.26115547205259,45.90020426028596,155.58117863933904,156.4304370639065,2.627857142857143,13.98540256975595,28.91,16.48,28.91,8.72,-35.0051885160844,115.48165137614677
2026-04-21,18.79,18.79,17.45,17.53,0,22.344,18.438,14.888900000000001,13.17905,-21.544933762978875,-4.924612213906052,17.738718105434245,33.014139865923575,-6.705694518360817,-14.48780487804877,-31.173930113859438,-6.356837606837596,27.268268759195664,46.648873072360615,156.26806026702064,156.35542651676437,2.459285714285715,14.029011490506074,28.91,16.48,28.91,8.72,-39.363542026980284,101.0321100917431
2026-04-22,17.53,18.73,17.25,18.3,0,22.119,18.558999999999997,14.935599999999999,13.208599999999999,-17.265699172656987,-1.3955493291664252,22.52604515386059,38.54609875384221,4.392470051340558,-1.9817889662560262,-25.910931174089068,-19.736842105263154,26.1086198305929,49.37163375224417,135.0321367347526,155.89062811794892,2.4142857142857146,13.192818110850899,28.91,16.48,28.91,8.72,-36.70010377032168,109.8623853211009
2026-04-23,18.3,19.12,17.49,18.59,0,21.908,18.6874,14.9891,13.2376,-15.145152455723942,-0.5212068024444299,24.02345704545302,40.43331117423097,1.5846994535519077,2.7639579878385945,-5.63451776649746,-18.50065760631302,31.636155606407314,42.89571380357745,135.26165207651252,155.82979851178425,2.2278571428571436,11.984169676477373,28.91,16.48,28.91,8.72,-35.69699066067105,113.18807339449539
2026-04-24,18.59,19.9,18.06,19.71,0,21.557,18.8428,15.063799999999999,13.273500000000002,-8.567982557869822,4.602288407243087,30.843479069026426,48.49135495536217,6.024744486282962,14.526438117373619,-3.524229074889862,-26.262626262626267,33.94140409065783,44.957709824333115,120.74983560322741,156.00634316964604,2.2457142857142864,11.39378125679496,28.91,16.48,28.91,8.72,-31.822898650985813,126.0321100917431
2026-04-27,19.71,19.71,18.27,18.38,0,21.238999999999997,18.9666,15.1279,13.303149999999999,-13.461085738499923,-3.0928052471186227,21.497365794327028,38.162765961445224,-6.747843734145109,-2.1820117083555135,-2.493368700265264,-25.70735650767987,31.698502839442426,35.16873889875666,120.29802178234988,157.08366403246853,2.2428571428571433,12.20270480335769,28.91,16.48,28.91,8.72,-36.423382912487035,110.77981651376143
2026-04-28,18.38,18.41,17.27,18.05,0,20.9095,19.0942,15.1905,13.33145,-13.675601999091324,-5.468676351981229,18.824265165728583,35.39412442007434,-1.795429815016314,2.966343411294914,-11.951219512195122,-26.74512987012987,32.435287902799786,37.37259343148357,120.27913148753278,156.73154497522543,2.202142857142858,12.200237435694502,28.91,16.48,28.91,8.72,-37.56485645105499,106.99541284403668
2026-04-29,18.05,18.05,16.75,17.44,0,20.441499999999998,19.212,15.248700000000001,13.35705,-14.683364723723782,-9.223402040391413,14.370405346029496,30.567752610044902,-3.37950138504155,-4.699453551912569,-6.588109266202469,-34.92537313432835,42.2283356258597,36.666666666666664,114.43892033861806,157.00313303851956,1.9100000000000006,10.951834862385324,28.91,16.48,28.91,8.72,-39.67485299204427,100.0
2026-04-30,17.44,19.48,17.19,18.46,0,19.97,19.3466,15.317,13.38655,-7.56134201301952,-4.58271737669667,20.51968401122936,37.899608188816394,5.84862385321101,-0.6993006993006978,2.0453289110005546,-33.811401936177845,43.35805799055967,33.87470997679813,115.82997445842054,157.33510563708927,1.9471428571428577,10.54790280142393,27.89,16.48,28.91,8.72,-36.14666205465237,111.69724770642202
2026-05-04,18.46,18.88,16.75,18.3,0,19.6345,19.4468,15.3877,13.41705,-6.796709872927748,-5.897114178168125,18.926155305861176,36.39361856741982,-0.8667388949079147,-7.153729071537295,6.333527019174889,-26.82926829268293,47.94929157345264,30.766145206578415,111.34883141809084,155.01374520917983,1.9521428571428578,10.667447306791573,26.6,16.48,28.91,8.72,-36.70010377032168,109.8623853211009
2026-05-05,18.3,18.84,17.71,17.91,0,19.254,19.5384,15.4547,13.446900000000001,-6.98036771579932,-8.33435695860459,15.887076423353408,33.19054949467906,-2.1311475409836134,-2.5571273122959703,-4.683342203299623,-29.819749216300938,39.34156378600823,34.18003565062388,110.67057096136867,155.17416342488428,1.7950000000000004,10.022333891680628,26.56,16.48,28.91,8.72,-38.049117952265654,105.38990825688073
2026-05-06,17.91,18.08,16.58,16.68,0,18.814500000000002,19.6186,15.5133,13.47195,-11.34497329187596,-14.978642716605675,7.520643576801844,23.812811062986427,-6.867671691792299,-7.590027700831026,-4.848830576155172,-34.51118963486455,41.385281385281374,30.915371329879093,112.14278127030998,155.61433528335874,1.6764285714285718,10.050531003768416,26.26,16.48,28.91,8.72,-42.30370114147354,91.28440366972475
2026-05-07,16.68,17.2,15.17,16.62,0,18.410500000000003,19.706599999999998,15.576300000000002,13.495949999999999,-9.725428423997183,-15.662772878122036,6.700564318869047,23.148055527769458,-0.3597122302158251,-4.701834862385324,-9.180327868852455,-32.71255060728744,43.33635539437897,30.90202848511005,112.17020206653388,155.29764572017152,1.6900000000000002,10.168471720818292,24.7,15.17,28.91,8.72,-42.51124178484953,90.59633027522935
2026-05-08,16.62,17.43,16.16,16.84,0,18.267500000000002,19.774199999999997,15.6334,13.52025,-7.81442452442864,-14.83852696948548,7.7180907544104285,24.553909875926845,1.3237063778579916,-8.77573131094258,-9.413663259817106,-14.517766497461926,48.21600771456123,32.6259946949602,88.55158390091056,153.90385598727826,1.6464285714285718,9.776891754326437,21.51,15.17,28.91,8.72,-41.750259425804224,93.11926605504586
2026-05-11,16.84,18.97,16.84,18.55,0,18.1735,19.858,15.709399999999999,13.555600000000002,2.071697801744298,-6.586766038876019,18.082167364762512,36.84381362684056,10.154394299287418,1.3661202185792254,-5.885337392186707,-9.202153695545757,48.85714285714286,47.02534919813761,95.43402081884396,154.7690496625455,1.6178571428571427,8.721601848286483,21.51,15.17,28.91,8.72,-35.83535108958837,112.72935779816513
2026-05-12,18.55,19.46,17.63,19.28,0,18.195,19.9602,15.793099999999999,13.595799999999999,5.963176696894756,-3.4077814851554553,22.0786292748099,41.80849968372588,3.9353099730458307,7.649357900614184,4.896626768226353,2.2811671087533236,58.776328986960884,47.02534919813761,92.33519068447177,154.81891280407737,1.6528571428571428,8.572910491997627,21.51,15.17,28.91,8.72,-33.31027326184711,121.10091743119267
2026-05-13,19.28,20.13,18.36,19.43,0,18.1415,20.0658,15.8834,13.636750000000001,7.10249979329162,-3.168575386976845,22.328972386264905,42.48262965882632,0.778008298755184,16.48681055155876,7.6454293628808845,-5.219512195121956,56.0427807486631,51.62011173184357,86.79293772194363,154.79558314953832,1.6735714285714285,8.613337254613631,20.5,15.17,28.91,8.72,-32.79142165340713,122.82110091743117
2026-05-14,19.43,19.43,18.39,18.61,0,18.1385,20.1682,15.9684,13.672849999999999,2.5994431733605254,-7.726024137007761,16.54267177675909,36.1091506160018,-4.220277920741122,11.973525872442824,6.708715596330261,-0.32137118371720064,50.10121457489879,44.46397188049209,81.93546129114021,154.71385739377544,1.6314285714285712,8.766408229062716,20.13,15.17,28.91,8.72,-35.627810446212386,113.41743119266053
2026-05-15,18.61,19.01,17.42,18.79,0,18.1735,20.2828,16.053800000000003,13.710799999999999,3.3923019781549977,-7.35993058157652,17.04393975258192,37.045249000787706,0.967221923696937,11.579572446555808,1.7876489707475463,3.8695411829740234,44.854586129753905,50.38910505836576,81.08671533977147,154.402489359692,1.6135714285714282,8.587394510758001,20.13,15.17,28.91,8.72,-35.0051885160844,115.48165137614677
2026-05-18,18.79,20.06,17.72,19.63,0,18.294500000000003,20.401400000000002,16.1495,13.7552,7.300008199185526,-3.781113060868388,21.551750828199012,42.70966616261486,4.470463012240544,5.822102425875997,7.267759562841514,14.061592097617659,57.396449704142015,54.91071428571429,79.94418488641172,154.35226501198667,1.6778571428571425,8.547412852048613,20.13,15.17,28.91,8.72,-32.09961950882048,125.11467889908255
2026-05-19,19.63,19.63,18.27,18.68,0,18.288999999999998,20.4324,16.2379,13.796,2.137897096615462,-8.576574460171107,15.039506340105554,35.40156567120905,-4.839531329597547,-3.112033195020758,4.299274148520382,-0.5854177754124557,53.47298787210584,54.66666666666667,75.78453761132684,144.88156794389337,1.693571428571428,9.066228204343833,20.13,15.17,28.91,8.72,-35.38567969560706,114.2201834862385
2026-05-20,18.68,19.46,18.06,18.44,0,18.334500000000002,20.378400000000003,16.3252,13.834599999999998,0.5754179279500354,-9.512032347976294,12.954205767770087,33.28900004336955,-1.2847965738757905,-5.095213587236225,10.551558752997604,5.191100969766116,55.74712643678161,48.78556557945872,71.68016766258272,135.14761145365907,1.7007142857142854,9.222962503873564,20.13,15.17,28.91,8.72,-36.21584226911103,111.4678899082569
2026-05-21,18.44,18.44,17.43,17.82,0,18.3105,20.3776,16.4082,13.8673,-2.6787908577046,-12.551036432160807,8.604234468131784,28.503746223129234,-3.3622559652928485,-4.245029554003221,7.2202166064981865,-2.622950819672132,46.14457831325301,51.053013798111834,71.16227853919084,130.6112868384049,1.6092857142857144,9.03078403078403,20.13,15.17,28.91,8.72,-38.36042891732964,104.3577981651376
2026-05-22,17.82,19.03,16.47,17.91,0,18.2765,20.3382,16.4905,13.89655,-2.005307361912831,-11.939109655721747,8.607986416421571,28.8809092904354,0.5050505050504972,-4.683342203299623,6.3539192399049815,-3.6578805809575066,47.63061968408262,48.51031321619556,70.93851725986538,128.1680268414167,1.6400000000000001,9.156895589056393,20.13,15.17,28.91,8.72,-38.049117952265654,105.38990825688073
2026-05-25,17.91,17.91,16.39,16.7,0,18.125999999999998,20.205,16.563699999999997,13.9224,-7.867152157122358,-17.347191289284826,0.8228837759679426,19.950583232775955,-6.756002233389169,-14.926133469179826,-9.973045822102433,-15.27143581938103,43.314917127071816,43.25481798715203,70.8278915223106,122.69038702987845,1.667857142857143,9.987168520102653,20.13,15.17,28.91,8.72,-42.23452092701488,91.51376146788989
2026-05-26,16.7,16.96,15.36,16.13,0,18.0135,20.1494,16.6331,13.946999999999997,-10.456046853748585,-19.94798852571293,-3.0246917291424924,15.652111565211172,-3.413173652694612,-13.65096359743041,-16.33817427385893,-12.241566920565838,46.72228843861739,36.70133729569093,68.00374608353982,115.24608374640492,1.6750000000000003,10.38437693738376,20.13,15.17,28.91,8.72,-44.206157039086825,84.97706422018346
2026-05-27,16.13,16.33,14.7,14.98,0,17.86,20.0278,16.6914,13.964199999999998,-16.125419932810743,-25.203966486583646,-10.253184274536594,7.274315750275723,-7.129572225666447,-18.76355748373102,-22.90272774060731,-17.008310249307478,41.35021097046412,37.19879518072289,71.8133994315895,113.27526548483142,1.6464285714285718,10.990844936105287,20.13,14.7,28.91,8.72,-48.18401937046005,71.78899082568807
2026-05-29,14.98,16.55,14.59,16.19,0,17.7975,19.9212,16.7561,13.985249999999999,-9.032167439247075,-18.729795393851763,-3.3784711239488825,15.76482365349209,8.077436582109488,-9.147025813692478,-13.003761418592141,-7.167431192660545,46.895893027698186,43.43220338983051,77.69593234989797,114.73840819674466,1.6957142857142864,10.47383746580782,20.13,14.59,28.91,8.72,-43.99861639571082,85.6651376146789
2026-06-01,16.19,16.92,13.91,16.54,0,17.701500000000003,19.799,16.8247,14.008099999999999,-6.561590825636266,-16.460427294307795,-1.6921549864187824,18.074542586075204,2.1618282890673024,-7.649357900614184,-11.974454497072918,-10.400866738894921,38.9681668496158,46.762589928057544,74.90434328050193,114.17608393144465,1.758571428571429,10.63223354638107,20.13,13.91,28.91,8.72,-42.7879626426842,89.67889908256879
2026-06-02,16.54,16.54,15.12,15.36,0,17.5545,19.6742,16.883499999999998,14.02635,-12.501068102196026,-21.928210549857173,-9.023602925933597,9.508175683624026,-7.13422007255139,-8.023952095808385,-21.752419765664797,-16.065573770491813,29.497907949790786,38.97581792318634,78.58800369603546,114.79160913449371,1.7292857142857148,11.258370535714288,20.13,13.91,28.91,8.72,-46.86959529574542,76.14678899082567
2026-06-03,15.36,16.98,14.85,16.28,0,17.473,19.604,16.9544,14.04795,-6.827676987351902,-16.955723321771057,-3.9777284952578595,15.888795162283472,5.989583333333348,0.9299442033478211,-12.847965738758027,-9.101060859854826,34.753146176185865,43.18488529014844,81.91963013113681,114.2023768205317,1.7550000000000006,10.780098280098283,20.13,13.91,28.91,8.72,-43.68730543064683,86.69724770642202
2026-06-04,16.28,16.41,15.53,15.89,0,17.4335,19.5474,17.018800000000002,14.06895,-8.853643846617135,-18.710416730613787,-6.632665052765187,12.943752021295133,-2.3955773955773974,6.074766355140193,-13.828633405639913,-4.736211031175053,36.26262626262626,43.18488529014844,78.67443370109416,113.68688669023459,1.743571428571429,10.972759147711951,20.13,13.91,28.91,8.72,-45.036319612590795,82.22477064220183
2026-06-05,15.89,16.37,13.46,15.79,0,17.392,19.4072,17.0765,14.087750000000002,-9.211131554737813,-18.638443464281302,-7.533745205399233,12.083192844847455,-0.6293266205160575,-2.470660901791244,-11.391694725028067,-4.99398315282793,34.725050916496954,46.74945215485756,78.69084816167737,102.04926997808863,1.8378571428571433,11.639373925631054,20.13,13.46,28.91,8.72,-45.382220684884125,81.07798165137612
2026-06-08,15.79,18.44,15.79,17.03,0,17.4015,19.2916,17.1473,14.1118,-2.1348734304513837,-11.723237056542732,-0.6840727111556931,20.6791479471081,7.853071564281211,2.9625151148730433,-4.913456169737573,1.128266033254155,37.27984344422702,51.37861466039004,83.56404376156952,103.76529750559934,1.8600000000000008,10.921902524955964,20.13,13.46,28.91,8.72,-41.093047388446905,95.29816513761467
2026-06-09,17.03,17.03,15.52,15.58,0,17.253,19.0686,17.1971,14.12855,-9.696864313452732,-18.29499805963731,-9.403329631158735,10.273170282866957,-8.514386376981797,1.432291666666674,-6.706586826347305,-16.010781671159037,35.541044776119406,46.08695652173913,80.23742756690253,97.23843871992086,1.8707142857142869,12.007152026407491,20.13,13.46,28.91,8.72,-46.108612936700105,78.66972477064219
2026-06-10,15.58,15.85,14.9,15.63,0,17.070500000000003,18.886400000000002,17.2441,14.146,-8.43853431358192,-17.242036597763473,-9.3603029441954,10.490598048918422,0.3209242618742003,-3.9926289926289993,-3.0998140111593186,-18.931535269709542,36.65716999050332,39.88919667590029,78.44565147972624,96.10017467024522,1.8385714285714294,11.763092953112151,20.13,13.46,28.91,8.72,-45.93566240055344,79.24311926605505
2026-06-11,15.63,15.95,15.12,15.61,0,16.8795,18.7058,17.2865,14.162249999999998,-7.5209573743298135,-16.5499470752387,-9.698319497874069,10.222598810217312,-0.1279590531030106,-1.7621145374449365,4.205607476635498,-19.660319094184253,38.872104733131934,36.63510560815732,78.25003924415046,96.10697926745493,1.8257142857142863,11.695799395991585,20.06,13.46,28.91,8.72,-46.00484261501211,79.01376146788989
2026-06-12,15.61,15.61,14.4,14.72,0,16.685,18.4642,17.3217,14.17415,-11.777045250224742,-20.27815989861462,-15.019888348141345,3.851024576429638,-5.701473414477887,-6.776440785307147,-9.07967881408277,-20.90274046211713,35.135135135135144,33.72494816862475,79.23570553076493,94.23006281426349,1.7292857142857148,11.7478649068323,20.06,13.46,28.91,8.72,-49.08336215842269,68.80733944954129
2026-06-15,14.72,14.72,13.56,14.35,0,16.463,18.1934,17.352,14.18695,-12.834841766385235,-21.12524322006882,-17.300599354541266,1.1492956555143998,-2.5135869565217406,-15.736934820904292,-13.240628778718255,-23.629590207557204,38.11931243680486,34.807417974322405,79.02510579770798,93.56123817452978,1.703571428571429,11.871577899452467,20.06,13.46,28.91,8.72,-50.363196125908,64.56422018348621
2026-06-16,14.35,14.35,13.01,13.36,0,16.149499999999996,17.9604,17.3719,14.1948,-17.272980587634276,-25.61412886127258,-23.09419234510906,-5.881026854904622,-6.898954703832749,-14.249037227214378,-13.020833333333337,-31.94090677534386,36.56644034917557,31.692515171948756,78.46754303533322,92.13701959322253,1.6850000000000005,12.612275449101801,19.63,13.01,28.91,8.72,-53.7876167416119,53.211009174311904
2026-06-17,13.36,13.53,12.35,13.19,0,15.875,17.713800000000003,17.3855,14.203899999999999,-16.913385826771655,-25.538280888346954,-24.13217911477956,-7.138180358915506,-1.2724550898203568,-15.61100447856687,-18.980343980343996,-29.389721627408992,40.40728831725616,27.259887005649716,77.6459512310838,91.86071586542836,1.6528571428571435,12.531138308242179,19.46,12.35,28.91,8.72,-54.37564856451055,51.26146788990824
2026-06-18,13.19,13.23,11.99,12.67,0,15.586499999999997,17.4578,17.384900000000002,14.208599999999999,-18.711705642703606,-27.42499054863728,-27.12066218384921,-10.8286530692679,-3.9423805913570864,-18.83408071748879,-20.264317180616743,-31.290672451193068,29.629629629629633,28.113619810633665,78.06963439410575,92.04707789032912,1.601428571428572,12.639530950501754,19.03,11.99,28.91,8.72,-56.174334140435846,45.29816513761467
2026-06-19,12.67,13.64,12.07,12.97,0,15.344,17.2232,17.3768,14.21465,-15.471845672575594,-24.69459798411444,-25.360250448874353,-8.756107255542696,2.3677979479084454,-11.88858695652174,-17.859404686510437,-27.216610549943876,29.220023282887112,30.166787527193634,79.13675377552912,92.29842482442699,1.4985714285714289,11.554135918052651,19.03,11.99,28.91,8.72,-55.13663092355586,48.73853211009174
2026-06-22,12.97,13.51,12.65,12.84,0,15.0905,17.086000000000002,17.3717,14.2179,-14.913356084954113,-24.850755004096932,-26.08668121139555,-9.6913046230456,-1.0023130300694016,-10.522648083623686,-24.603640634174994,-28.308207705192633,33.28912466843505,31.27819548872182,78.82116392208994,81.22944103499984,1.4585714285714286,11.359590565198042,18.44,11.99,28.91,8.72,-55.58630231753718,47.24770642201834
2026-06-23,12.84,14.24,12.43,13.94,0,14.9525,16.9562,17.3692,14.2267,-6.771442902524669,-17.78818367322867,-19.74299334454091,-2.0152248940372663,8.566978193146424,4.341317365269459,-10.526315789473683,-16.526946107784436,34.844559585492235,36.12858141160029,83.95378982843692,83.29978417450528,1.4357142857142857,10.299241647878663,18.44,11.99,28.91,8.72,-51.78139052231062,59.862385321100895
2026-06-24,13.94,14.3,13.3,13.39,0,14.8155,16.846999999999998,17.3586,14.2349,-9.621679997300122,-20.51997388259036,-22.862442823730017,-5.935412261413843,-3.9454806312768986,1.5163002274450443,-14.331413947536786,-16.98698078115313,34.137055837563466,37.875457875457876,84.19723854250704,82.06268013009534,1.4442857142857144,10.786301077563214,18.44,11.99,28.91,8.72,-53.683846419923896,53.55504587155963
2026-06-25,13.39,13.39,12.43,13.05,0,14.719,16.698,17.3538,14.243699999999999,-11.339085535702145,-21.846927775781527,-24.800331915776365,-8.38054718928367,-2.5392083644510843,2.9992107340173657,-16.399743754003836,-12.88384512683578,33.12807881773401,38.524590163934434,81.13668034618094,79.34866306689877,1.3050000000000002,10.0,18.44,11.99,28.91,8.72,-54.85991006572121,49.65596330275229
2026-06-29,13.05,14.07,12.92,13.61,0,14.59,16.5968,17.3562,14.25475,-6.716929403701168,-17.996240239082244,-21.584217743515293,-4.523053718935794,4.291187739463598,4.934464148033912,-7.540760869565222,-15.935762816553433,27.01612903225805,44.660950896336715,76.78468124115223,77.90258912875166,1.1978571428571432,8.80130156397607,18.44,11.99,28.91,8.72,-52.922864060878595,56.07798165137613
2026-06-30,13.61,13.97,13.15,13.6,0,14.443000000000001,16.507,17.3559,14.268099999999999,-5.836737519905848,-17.61071060762102,-21.64047960635864,-4.682473489812933,-0.07347538574576928,5.919003115264787,-5.226480836236935,-17.775090689238205,33.5,38.865004299226136,76.06571934606862,77.6805538146769,1.1485714285714284,8.445378151260503,18.44,11.99,28.91,8.72,-52.95745416810792,55.963302752293565
2026-07-01,13.6,14.07,13.15,13.24,0,14.336999999999998,16.427599999999998,17.3373,14.280050000000001,-7.651531003696714,-19.40392997151135,-23.6328609414384,-7.283237803789208,-2.6470588235294024,-5.021520803443325,-0.8982035928143617,-13.802083333333325,31.06180665610141,35.82474226804125,72.75634311332702,77.19078004032232,1.1464285714285716,8.65882606819163,18.44,11.99,28.91,8.72,-54.20269802836388,51.83486238532109
2026-07-02,13.24,13.29,12.19,12.29,0,14.1375,16.2976,17.3215,14.2876,-13.068081343943414,-24.590123699194972,-29.047715267153546,-13.981354461211124,-7.175226586102723,-8.215085884988804,-6.823351023502655,-24.508599508599517,27.071823204419886,36.546888694127965,71.84588138179522,75.45566884941435,1.1657142857142857,9.485063349994189,18.44,11.99,28.91,8.72,-57.48875821515047,40.940366972477044
2026-07-03,12.29,12.29,11.65,11.8,0,13.933000000000002,16.183,17.3105,14.2924,-15.308978683700571,-27.083977012914783,-31.833280378960747,-17.438638717080405,-3.9869812855980347,-9.578544061302685,-6.866614048934483,-25.73945877910635,28.65497076023391,29.599271402550087,72.38808141154408,74.59123053139602,1.125,9.533898305084746,18.44,11.65,28.91,8.72,-59.183673469387756,35.321100917431195
2026-07-06,11.8,12.36,11.7,11.82,0,13.7345,16.0534,17.3062,14.29805,-13.939349812515928,-26.37073766304957,-31.700777755948735,-17.33138434961411,0.16949152542371504,-13.152094048493746,-8.866615265998457,-25.142495250158326,30.508474576271183,30.819981149858634,72.55308131500875,73.71138463781686,1.0892857142857142,9.215615180082185,18.44,11.65,28.91,8.72,-59.11449325492909,35.55045871559632
2026-07-07,11.82,11.94,11.06,11.65,0,13.4655,15.9146,17.301,14.303600000000001,-13.482603690913816,-26.796777801515585,-32.66285185827408,-18.55197292989178,-1.4382402707275754,-14.338235294117641,-9.267912772585662,-31.59130945390488,34.920634920634924,30.617977528089895,63.923986565624624,73.52793306412819,1.0564285714285713,9.068056407112199,17.03,11.06,28.91,8.72,-59.70252507782774,33.600917431192656
2026-07-08,11.65,15.16,11.34,14.68,0,13.4205,15.813999999999998,17.3284,14.3252,9.384896240825597,-7.17086126217275,-15.283580711433247,2.47675425124954,26.00858369098711,10.876132930513593,5.3084648493543884,-5.776636713735561,58.73388042203987,40.57738572574177,113.83085513645446,93.9531824611841,1.2449999999999999,8.48092643051771,15.95,11.06,28.91,8.72,-49.221722587340025,68.348623853211
2026-07-09,14.68,14.68,13.07,13.36,0,13.306999999999999,15.7136,17.3401,14.3414,0.39828661606673804,-14.978108135627737,-22.953154826096736,-6.8431254968134265,-8.991825613079019,8.706265256305933,-0.22404779686333587,-14.523352527191303,53.69774919614148,41.00486223662884,118.11828553476715,94.8603833280694,1.2714285714285711,9.51668092386655,15.95,11.06,28.91,8.72,-53.7876167416119,53.211009174311904
2026-07-10,13.36,13.36,12.13,12.25,0,13.139000000000001,15.5976,17.3459,14.35065,-6.766116142781041,-21.46227624762784,-29.3781239370687,-14.638012912307108,-8.308383233532934,3.813559322033888,-6.130268199233724,-21.52466367713004,46.44970414201183,37.38805970149253,121.2647150566808,96.44174882473926,1.2471428571428567,10.180758017492709,15.61,11.06,28.91,8.72,-57.6271186440678,40.48165137614678
2026-07-13,12.25,13.52,9.48,13.28,0,13.067000000000002,15.5144,17.363200000000003,14.365699999999999,1.6300604576413666,-14.402103851905332,-23.51640250645044,-7.5575850811307435,8.408163265306111,12.351945854483915,-2.424687729610586,-9.782608695652184,51.99275362318839,41.915336571825115,124.24095280751226,98.30797681932177,1.4742857142857138,11.101549053356278,15.16,9.48,28.91,8.72,-54.06433759944657,52.29357798165136
2026-07-14,13.28,13.87,11.66,13.75,0,13.037,15.4202,17.3834,14.383199999999999,5.4690496279818905,-10.831247324937417,-20.901549754363366,-4.402358306913612,3.539156626506035,18.02575107296136,1.1029411764705843,-4.181184668989546,49.087415946205574,46.533238027162255,124.63295849985721,97.69200554066028,1.5028571428571424,10.929870129870126,15.16,9.48,28.91,8.72,-52.438602559667935,57.6834862385321
2026-07-15,13.75,13.87,13.04,13.27,0,13.032499999999999,15.319600000000001,17.3832,14.4001,1.8223671590255188,-13.378939397895518,-23.661926457729297,-7.847862167623839,-3.490909090909089,-9.60490463215259,0.22658610271901747,-0.6736526946107824,49.41972920696325,46.170212765957444,122.68223219423324,97.93221660646687,1.4907142857142854,11.233717300032295,15.16,9.48,28.91,8.72,-54.098927706675894,52.17889908256878
2026-07-16,13.27,13.27,12.78,12.88,0,13.017,15.219000000000001,17.3787,14.41465,-1.0524698471229827,-15.36894671134766,-25.886286085840705,-10.64646037191329,-2.9389600602863553,-3.59281437125748,4.800650935720108,-2.350265352539793,49.181905678537056,48.22222222222223,123.09428448175959,98.0196883395433,1.4571428571428569,11.31322094055013,15.16,9.48,28.91,8.72,-55.44794188861986,47.70642201834862
2026-07-17,12.88,13.35,12.81,13.15,0,13.041,15.148399999999999,17.383499999999998,14.4276,0.8358254735066328,-13.19215230651421,-24.35355365720366,-8.855249660373172,2.0962732919254545,7.346938775510203,11.440677966101687,3.7884767166535216,47.722772277227726,49.85294117647059,122.2995062861513,97.0768352116779,1.413571428571428,10.74959261271048,15.16,9.48,28.91,8.72,-54.51400899342788,50.80275229357798
2026-07-20,13.15,13.84,12.89,12.98,0,13.041500000000003,15.0756,17.3911,14.43935,-0.47157152168080596,-13.900607604340784,-25.36412302844559,-10.106756883100685,-1.2927756653992373,-2.259036144578308,9.81387478849407,0.07710100231301809,46.9785575048733,51.16981132075471,122.22661962247565,97.10233492571186,1.4228571428571422,10.961919436495702,15.16,9.48,28.91,8.72,-55.10204081632652,48.85321100917431
2026-07-21,12.98,13.08,12.1,12.6,0,13.029500000000002,14.990800000000002,17.3825,14.44975,-3.296365938831134,-15.948448381674108,-27.513303609952544,-12.801259537362238,-2.927580893682591,-8.363636363636362,8.154506437768227,-1.869158878504673,46.88715953307393,48.612153038259564,122.68105878998637,97.20130663214593,1.4271428571428566,11.326530612244893,15.16,9.48,28.91,8.72,-56.41646489104117,44.49541284403668
2026-07-22,12.6,13.43,11.73,13.29,0,12.997,14.8856,17.371799999999997,14.4623,2.2543663922443584,-10.719084215617784,-23.4967015507892,-8.105902933834878,5.476190476190479,0.15071590052750938,-9.468664850136243,-4.66284074605452,54.99001996007984,51.61987041036717,120.34222909638142,95.13311386565542,1.4699999999999995,11.060948081264106,15.16,9.48,28.91,8.72,-54.029747492217226,52.40825688073393
2026-07-23,13.29,13.74,12.92,13.48,0,13.001499999999998,14.7696,17.3649,14.472549999999998,3.6803445756259068,-8.731448380457156,-22.372141503838193,-6.858155611830659,1.4296463506395796,4.658385093167694,0.8982035928143839,0.6721433905899854,58.64197530864198,48.228043143297384,119.50763470342606,94.69788057619022,1.4828571428571424,11.000423908435774,15.16,9.48,28.91,8.72,-53.37253545485991,54.58715596330275
2026-07-24,13.48,14.77,13.18,14.03,0,13.0505,14.6616,17.363699999999998,14.485850000000001,7.5054595609363615,-4.307851803350252,-19.199249007987923,-3.1468640086705415,4.0801186943620005,6.692015209125457,14.530612244897956,7.5095785440612906,60.78048780487805,52.46533127889059,119.74583321385943,95.22443724460038,1.549285714285714,11.042663679869664,15.16,9.48,28.91,8.72,-51.47007955724663,60.894495412844016
2026-07-27,14.03,14.33,12.6,12.66,0,13.003,14.5426,17.3554,14.493799999999998,-2.6378528031992614,-12.945415537799294,-27.054403816679535,-12.65230650347044,-9.7647897362794,-2.4653312788906034,-4.668674698795172,-6.9801616458486375,54.41048034934498,48.608137044967876,124.32385383372002,97.13807231505275,1.6099999999999997,12.7172195892575,15.16,9.48,28.91,8.72,-56.20892424766517,45.1834862385321
2026-07-28,12.66,12.82,11.72,12.56,0,12.950999999999999,14.418,17.3504,14.505149999999999,-3.0190718863408095,-12.88666944097655,-27.609738104020654,-13.410064701157854,-0.7898894154818259,-0.31746031746030523,-8.654545454545449,-7.647058823529407,37.55868544600939,46.125461254612546,124.34848764790797,97.07298373241909,1.4157142857142853,11.271610555050042,15.16,9.48,28.91,8.72,-56.5548253199585,44.03669724770642
2026-07-29,12.56,12.56,11.56,12.01,0,12.889500000000002,14.2656,17.3335,14.5149,-6.823383374064175,-15.811462539255269,-30.712204690339522,-17.257438907605295,-4.378980891719753,-9.63130173062453,-9.495101733232858,-9.29003021148036,41.29032258064517,44.357700496806245,124.96441331583344,96.71480098322522,1.3721428571428567,11.425002973712377,15.16,9.48,28.91,8.72,-58.45728121757177,37.729357798165125
2026-07-30,12.01,12.32,11.3,12.16,0,12.883000000000001,14.1352,17.2838,14.52475,-5.612046883489876,-13.97362612485143,-29.64510119302468,-16.280830995369968,1.248959200666122,-9.792284866468847,-5.590062111801242,-1.0577705451586539,49.337260677466865,46.10951008645533,122.28932622237305,96.3739801590809,1.3571428571428572,11.160714285714286,15.16,9.48,28.91,8.72,-57.938429609131795,39.44954128440366
2026-07-31,12.16,12.21,11.65,11.76,0,12.881,14.001599999999998,17.19,14.533300000000002,-8.702740470460371,-16.009598902982507,-31.588132635253057,-19.082383216475282,-3.289473684210531,-16.179615110477542,-10.570342205323202,-0.3389830508474634,37.66233766233766,48.01200300075019,121.99673917208746,96.54323265419357,1.1085714285714283,9.426627793974731,15.16,9.48,28.91,8.72,-59.32203389830508,34.8623853211009
2026-08-03,11.76,12.06,11.7,11.93,0,12.886500000000002,13.8838,17.1307,14.541400000000001,-7.422496410972737,-14.072516169924668,-30.358946219360565,-17.958380898675514,1.4455782312925214,-5.766192733017384,-8.089368258859785,0.9306260575296044,34.47098976109214,50.49961568024597,122.07071594100789,96.47078470177397,0.9764285714285714,8.184648545084421,15.16,9.48,28.91,8.72,-58.73400207540643,36.811926605504574
2026-08-04,11.93,12.55,11.43,12.19,0,12.913499999999999,13.769400000000001,17.053800000000003,14.55175,-5.602663878886434,-11.47036181678215,-28.520329779873123,-16.230006700225065,2.1793797150041927,-2.945859872611478,-3.2539682539682535,4.635193133047211,40.42553191489361,51.39622641509434,122.06052983235315,96.64494608343647,0.9971428571428572,8.180007031524669,15.16,9.48,28.91,8.72,-57.83465928744379,39.79357798165136
2026-08-05,12.19,12.67,10.81,12.06,0,12.782499999999999,13.6766,16.940800000000003,14.56155,-5.652258947780156,-11.82018922831698,-28.81091802040046,-17.179146450755585,-1.066447908121404,0.41631973355538143,-9.255079006772004,-17.84741144414168,42.37918215613382,51.55185465556397,76.1946063733133,95.61793017072682,1.095,9.07960199004975,14.77,9.48,28.91,8.72,-58.28433068142511,38.30275229357798
2026-08-06,12.06,12.43,10.1,12.16,0,12.7225,13.5972,16.8733,14.5673,-4.421300844959717,-10.569823198893895,-27.933480706204477,-16.52536846224077,0.8291873963515828,0.0,-9.792284866468847,-8.982035928143706,40.49904030710173,37.7431906614786,70.0302129187672,95.42282137685017,1.2228571428571429,10.056390977443609,14.77,9.48,28.91,8.72,-57.938429609131795,39.44954128440366
2026-08-07,12.16,12.55,11.3,12.16,0,12.718,13.540799999999999,16.7843,14.5723,-4.387482308539077,-10.197329552168256,-27.5513426237615,-16.554010005284,0.0,3.401360544217691,-13.328581610833922,-0.7346938775510181,41.86507936507936,43.30357142857143,63.448605987712845,94.16933864877352,1.2442857142857144,10.23261278195489,14.77,9.48,28.91,8.72,-57.938429609131795,39.44954128440366
2026-08-10,12.16,12.92,10.82,12.25,0,12.666500000000001,13.462,16.6916,14.580900000000002,-3.2882011605415937,-9.003119893032236,-26.609791751539703,-15.985981660940004,0.7401315789473673,2.6823134953897654,-3.2385466034755117,-7.756024096385539,46.31578947368421,50.0,55.356963749003796,92.25248882390659,1.3242857142857143,10.810495626822156,14.77,10.1,28.91,8.72,-57.6271186440678,40.48165137614678
2026-08-11,12.25,12.46,11.19,11.86,0,12.572,13.3684,16.5837,14.58585,-5.6633789373210295,-11.283324855629694,-28.483993318740698,-18.68831778744469,-3.18367346938776,-2.7071369975389725,-5.573248407643316,-13.74545454545455,33.932584269662925,40.273972602739725,54.234867092669525,92.26975499510706,1.2935714285714288,10.907010358949654,14.77,10.1,28.91,8.72,-58.976132826011764,36.00917431192659
2026-08-12,11.86,12.09,11.26,11.69,0,12.492999999999999,13.295,16.4846,14.58615,-6.427599455695182,-12.07220759684092,-29.085328124431292,-19.855479341704292,-1.433389544688024,-3.067993366500832,-2.6644462947543746,-11.906556141672953,29.79683972911961,35.28571428571428,53.3042316177243,91.04323497149308,1.2942857142857147,11.071734082854704,14.77,10.1,28.91,8.72,-59.56416464891041,34.05963302752292
2026-08-13,11.69,12.2,10.65,11.42,0,12.42,13.197799999999999,16.4009,14.58645,-8.051529790660226,-13.470426889330033,-30.3696748349176,-21.70816065595124,-2.309666381522668,-6.08552631578948,-6.08552631578948,-11.335403726708082,18.554216867469876,36.37702503681884,52.98021731976471,89.95122224406909,1.2914285714285716,11.308481361020768,14.77,10.1,28.91,8.72,-60.49809754410239,30.96330275229357
2026-08-14,11.42,11.56,10.83,11.31,0,12.328,13.1062,16.326800000000002,14.586500000000001,-8.257624918883835,-13.70496406280996,-30.72739299801554,-22.462550988928122,-0.9632224168126036,-6.990131578947367,-3.826530612244894,-13.992395437262351,26.643598615916957,37.9416282642089,52.061907704226066,89.85819884459507,1.2200000000000002,10.786914235190098,14.77,10.1,28.91,8.72,-60.87858872362505,29.70183486238532
2026-08-17,11.31,11.78,11.09,11.33,0,12.2455,13.017000000000001,16.2121,14.5845,-7.476215752725489,-12.959975416762703,-30.113927251867427,-22.314786245671776,0.17683465959328348,-7.510204081632654,-5.029337803855826,-12.711864406779661,28.113879003558708,35.463258785942486,52.1007643610733,89.87182938741378,1.1907142857142858,10.50939351910226,14.77,10.1,28.91,8.72,-60.809408509166374,29.931192660550447
2026-08-18,11.33,11.79,10.14,11.39,0,12.185,12.904200000000001,16.0979,14.5835,-6.524415264669675,-11.734164070612673,-29.245429528075086,-21.898035451023418,0.5295675198587757,-3.9629005059021782,-6.5627563576702075,-9.60317460317459,36.63793103448277,37.073170731707314,51.516299718777084,87.84655468274536,1.237142857142857,10.861658096074251,14.77,10.1,28.91,8.72,-60.60186786579038,30.61926605504587
2026-08-19,11.39,11.73,10.06,11.32,0,12.086500000000001,12.819,15.9438,14.5808,-6.341786290489394,-11.693579842421409,-29.000614658989697,-22.363656315154174,-0.6145741878841093,-3.1650983746792094,-6.135986733001664,-14.823175319789305,31.249999999999986,39.04109589041096,46.51379788703775,85.98457369564912,1.2835714285714286,11.33897021706209,14.77,10.06,28.91,8.72,-60.84399861639571,29.816513761467885
2026-08-20,11.32,11.32,9.33,10.76,0,11.9505,12.7216,15.803999999999998,14.574850000000001,-9.961926279235179,-15.419444095082385,-31.91597064034421,-26.174197333077192,-4.946996466431097,-5.779334500875654,-11.513157894736848,-20.178041543026715,29.166666666666657,27.845884413309975,48.0213006240941,86.53679379000269,1.3857142857142857,12.87838555496548,14.77,9.33,28.91,8.72,-62.78104462123832,23.394495412844023
2026-08-21,10.76,11.35,9.57,11.2,0,11.809000000000001,12.6334,15.6696,14.571,-5.157083580320109,-11.346114268526293,-28.52402103435953,-23.134994166495098,4.089219330855021,-0.972590627763048,-7.8947368421052655,-20.171062009978623,36.329588014981255,30.872483221476486,48.03426873151345,87.1725317303025,1.487142857142857,13.278061224489795,14.33,9.33,28.91,8.72,-61.25907990314771,28.44036697247705
2026-08-24,11.2,11.76,10.32,11.53,0,11.7525,12.569600000000001,15.516899999999998,14.5683,-1.8932142097426095,-8.270748472505106,-25.69392082181363,-20.855556241977453,2.946428571428572,1.7652250661959412,-5.877551020408167,-8.925750394944709,37.95620437956203,28.222996515679426,37.59169952406658,86.69116966960705,1.5099999999999998,13.096270598438853,12.92,9.33,28.91,8.72,-60.117606364579736,32.22477064220182
